{"strategy":{"UniversalMACD":{"trades":[{"pair":"ICP/USDT","stake_amount":9.87168,"max_stake_amount":9.87168,"amount":2.24,"open_date":"2026-01-15 03:00:00+00:00","close_date":"2026-01-15 04:45:00+00:00","open_rate":4.407,"close_rate":4.548165165165164,"fee_open":0.001,"fee_close":0.001,"trade_duration":105,"profit_ratio":0.02997002997002997,"profit_abs":0.2961504,"exit_reason":"roi","initial_stop_loss_abs":4.267,"initial_stop_loss_ratio":-0.0318,"stop_loss_abs":4.267,"stop_loss_ratio":-0.0318,"min_rate":4.367,"max_rate":4.566,"is_open":false,"enter_tag":"","leverage":1.0,"is_short":false,"open_timestamp":1768446000000,"close_timestamp":1768452300000,"orders":[{"amount":2.24,"safe_price":4.407,"ft_order_side":"buy","order_filled_timestamp":1768446000000,"ft_is_entry":true,"ft_order_tag":"","cost":9.88155168},{"amount":2.24,"safe_price":4.548165165165164,"ft_order_side":"sell","order_filled_timestamp":1768452300000,"ft_is_entry":false,"ft_order_tag":"roi","cost":10.198077859939938}],"funding_fees":0.0,"weekday":3},{"pair":"ICP/USDT","stake_amount":9.91648,"max_stake_amount":9.91648,"amount":2.33,"open_date":"2026-01-15 08:30:00+00:00","close_date":"2026-01-15 11:15:00+00:00","open_rate":4.256,"close_rate":4.294,"fee_open":0.001,"fee_close":0.001,"trade_duration":165,"profit_ratio":0.006912730127015842,"profit_abs":0.0686185,"exit_reason":"roi","initial_stop_loss_abs":4.121,"initial_stop_loss_ratio":-0.0318,"stop_loss_abs":4.121,"stop_loss_ratio":-0.0318,"min_rate":4.171,"max_rate":4.3629999999999995,"is_open":false,"enter_tag":"","leverage":1.0,"is_short":false,"open_timestamp":1768465800000,"close_timestamp":1768475700000,"orders":[{"amount":2.33,"safe_price":4.256,"ft_order_side":"buy","order_filled_timestamp":1768465800000,"ft_is_entry":true,"ft_order_tag":"","cost":9.92639648},{"amount":2.33,"safe_price":4.294,"ft_order_side":"sell","order_filled_timestamp":1768475700000,"ft_is_entry":false,"ft_order_tag":"roi","cost":10.01502502}],"funding_fees":0.0,"weekday":3},{"pair":"ICP/USDT","stake_amount":9.945,"max_stake_amount":9.945,"amount":2.55,"open_date":"2026-01-18 23:55:00+00:00","close_date":"2026-01-19 00:00:00+00:00","open_rate":3.9,"close_rate":3.776,"fee_open":0.001,"fee_close":0.001,"trade_duration":5,"profit_ratio":-0.033729347575501424,"profit_abs":-0.3357738,"exit_reason":"stop_loss","initial_stop_loss_abs":3.776,"initial_stop_loss_ratio":-0.0318,"stop_loss_abs":3.776,"stop_loss_ratio":-0.0318,"min_rate":3.446,"max_rate":3.911,"is_open":false,"enter_tag":"","leverage":1.0,"is_short":false,"open_timestamp":1768780500000,"close_timestamp":1768780800000,"orders":[{"amount":2.55,"safe_price":3.9,"ft_order_side":"buy","order_filled_timestamp":1768780500000,"ft_is_entry":true,"ft_order_tag":"","cost":9.954944999999997},{"amount":2.55,"safe_price":3.776,"ft_order_side":"sell","order_filled_timestamp":1768780800000,"ft_is_entry":false,"ft_order_tag":"stop_loss","cost":9.638428799999998}],"funding_fees":0.0,"weekday":0},{"pair":"VET/USDT","stake_amount":9.972,"max_stake_amount":9.972,"amount":900.0,"open_date":"2026-01-18 23:55:00+00:00","close_date":"2026-01-19 00:00:00+00:00","open_rate":0.01108,"close_rate":0.01073,"fee_open":0.001,"fee_close":0.001,"trade_duration":5,"profit_ratio":-0.033523335869906266,"profit_abs":-0.334629,"exit_reason":"stop_loss","initial_stop_loss_abs":0.01073,"initial_stop_loss_ratio":-0.0318,"stop_loss_abs":0.01073,"stop_loss_ratio":-0.0318,"min_rate":0.01007,"max_rate":0.011090000000000001,"is_open":false,"enter_tag":"","leverage":1.0,"is_short":false,"open_timestamp":1768780500000,"close_timestamp":1768780800000,"orders":[{"amount":900.0,"safe_price":0.011080000000000001,"ft_order_side":"buy","order_filled_timestamp":1768780500000,"ft_is_entry":true,"ft_order_tag":"","cost":9.981972},{"amount":900.0,"safe_price":0.01073,"ft_order_side":"sell","order_filled_timestamp":1768780800000,"ft_is_entry":false,"ft_order_tag":"stop_loss","cost":9.666656999999999}],"funding_fees":0.0,"weekday":0},{"pair":"GALA/USDT","stake_amount":9.83784,"max_stake_amount":9.83784,"amount":1374.0,"open_date":"2026-01-19 00:00:00+00:00","close_date":"2026-01-19 00:00:00+00:00","open_rate":0.00716,"close_rate":0.00694,"fee_open":0.001,"fee_close":0.001,"trade_duration":0,"profit_ratio":-0.03266286785839858,"profit_abs":-0.3216534,"exit_reason":"stop_loss","initial_stop_loss_abs":0.00694,"initial_stop_loss_ratio":-0.0318,"stop_loss_abs":0.00694,"stop_loss_ratio":-0.0318,"min_rate":0.00634,"max_rate":0.0071600000000000006,"is_open":false,"enter_tag":"","leverage":1.0,"is_short":false,"open_timestamp":1768780800000,"close_timestamp":1768780800000,"orders":[{"amount":1374.0,"safe_price":0.0071600000000000006,"ft_order_side":"buy","order_filled_timestamp":1768780800000,"ft_is_entry":true,"ft_order_tag":"","cost":9.84767784},{"amount":1374.0,"safe_price":0.00694,"ft_order_side":"sell","order_filled_timestamp":1768780800000,"ft_is_entry":false,"ft_order_tag":"stop_loss","cost":9.54509556}],"funding_fees":0.0,"weekday":0},{"pair":"XLM/USDT","stake_amount":9.7566,"max_stake_amount":9.7566,"amount":46.0,"open_date":"2026-01-19 00:10:00+00:00","close_date":"2026-01-19 02:55:00+00:00","open_rate":0.2121,"close_rate":0.21330000000000002,"fee_open":0.001,"fee_close":0.001,"trade_duration":165,"profit_ratio":0.0036484025168607914,"profit_abs":0.0356316,"exit_reason":"roi","initial_stop_loss_abs":0.2054,"initial_stop_loss_ratio":-0.0318,"stop_loss_abs":0.2054,"stop_loss_ratio":-0.0318,"min_rate":0.2091,"max_rate":0.21380000000000002,"is_open":false,"enter_tag":"","leverage":1.0,"is_short":false,"open_timestamp":1768781400000,"close_timestamp":1768791300000,"orders":[{"amount":46.0,"safe_price":0.2121,"ft_order_side":"buy","order_filled_timestamp":1768781400000,"ft_is_entry":true,"ft_order_tag":"","cost":9.7663566},{"amount":46.0,"safe_price":0.21330000000000002,"ft_order_side":"sell","order_filled_timestamp":1768791300000,"ft_is_entry":false,"ft_order_tag":"roi","cost":9.821611800000001}],"funding_fees":0.0,"weekday":0},{"pair":"DOGE/USDT","stake_amount":9.66568,"max_stake_amount":9.66568,"amount":76.0,"open_date":"2026-01-19 00:05:00+00:00","close_date":"2026-01-19 03:50:00+00:00","open_rate":0.12718,"close_rate":0.12743461461461458,"fee_open":0.001,"fee_close":0.001,"trade_duration":225,"profit_ratio":0.0,"profit_abs":0.0,"exit_reason":"roi","initial_stop_loss_abs":0.12314,"initial_stop_loss_ratio":-0.0318,"stop_loss_abs":0.12314,"stop_loss_ratio":-0.0318,"min_rate":0.12524000000000002,"max_rate":0.12785000000000002,"is_open":false,"enter_tag":"","leverage":1.0,"is_short":false,"open_timestamp":1768781100000,"close_timestamp":1768794600000,"orders":[{"amount":76.0,"safe_price":0.12718000000000002,"ft_order_side":"buy","order_filled_timestamp":1768781100000,"ft_is_entry":true,"ft_order_tag":"","cost":9.675345680000001},{"amount":76.0,"safe_price":0.12743461461461458,"ft_order_side":"sell","order_filled_timestamp":1768794600000,"ft_is_entry":false,"ft_order_tag":"roi","cost":9.694715741421419}],"funding_fees":0.0,"weekday":0},{"pair":"ICP/USDT","stake_amount":9.77562,"max_stake_amount":9.77562,"amount":2.58,"open_date":"2026-01-19 01:40:00+00:00","close_date":"2026-01-19 04:25:00+00:00","open_rate":3.789,"close_rate":3.862,"fee_open":0.001,"fee_close":0.001,"trade_duration":165,"profit_ratio":0.017229801077782075,"profit_abs":0.16860042,"exit_reason":"roi","initial_stop_loss_abs":3.669,"initial_stop_loss_ratio":-0.0318,"stop_loss_abs":3.669,"stop_loss_ratio":-0.0318,"min_rate":3.743,"max_rate":3.896,"is_open":false,"enter_tag":"","leverage":1.0,"is_short":false,"open_timestamp":1768786800000,"close_timestamp":1768796700000,"orders":[{"amount":2.58,"safe_price":3.789,"ft_order_side":"buy","order_filled_timestamp":1768786800000,"ft_is_entry":true,"ft_order_tag":"","cost":9.78539562},{"amount":2.58,"safe_price":3.862,"ft_order_side":"sell","order_filled_timestamp":1768796700000,"ft_is_entry":false,"ft_order_tag":"roi","cost":9.973923959999999}],"funding_fees":0.0,"weekday":0},{"pair":"VET/USDT","stake_amount":9.775017,"max_stake_amount":9.775017,"amount":912.7,"open_date":"2026-01-19 01:30:00+00:00","close_date":"2026-01-19 04:30:00+00:00","open_rate":0.01071,"close_rate":0.01073144144144144,"fee_open":0.001,"fee_close":0.001,"trade_duration":180,"profit_ratio":0.0,"profit_abs":0.0,"exit_reason":"roi","initial_stop_loss_abs":0.01037,"initial_stop_loss_ratio":-0.0318,"stop_loss_abs":0.01037,"stop_loss_ratio":-0.0318,"min_rate":0.010660000000000001,"max_rate":0.01084,"is_open":false,"enter_tag":"","leverage":1.0,"is_short":false,"open_timestamp":1768786200000,"close_timestamp":1768797000000,"orders":[{"amount":912.7,"safe_price":0.01071,"ft_order_side":"buy","order_filled_timestamp":1768786200000,"ft_is_entry":true,"ft_order_tag":"","cost":9.784792017000001},{"amount":912.7,"safe_price":0.01073144144144144,"ft_order_side":"sell","order_filled_timestamp":1768797000000,"ft_is_entry":false,"ft_order_tag":"roi","cost":9.804381190207206}],"funding_fees":0.0,"weekday":0},{"pair":"GALA/USDT","stake_amount":9.77196,"max_stake_amount":9.77196,"amount":1452.0,"open_date":"2026-01-19 02:05:00+00:00","close_date":"2026-01-19 04:50:00+00:00","open_rate":0.00673,"close_rate":0.006743473473473472,"fee_open":0.001,"fee_close":0.001,"trade_duration":165,"profit_ratio":0.0,"profit_abs":0.0,"exit_reason":"roi","initial_stop_loss_abs":0.00652,"initial_stop_loss_ratio":-0.0318,"stop_loss_abs":0.00652,"stop_loss_ratio":-0.0318,"min_rate":0.006710000000000001,"max_rate":0.006860000000000001,"is_open":false,"enter_tag":"","leverage":1.0,"is_short":false,"open_timestamp":1768788300000,"close_timestamp":1768798200000,"orders":[{"amount":1452.0,"safe_price":0.006730000000000001,"ft_order_side":"buy","order_filled_timestamp":1768788300000,"ft_is_entry":true,"ft_order_tag":"","cost":9.78173196},{"amount":1452.0,"safe_price":0.006743473473473472,"ft_order_side":"sell","order_filled_timestamp":1768798200000,"ft_is_entry":false,"ft_order_tag":"roi","cost":9.801315006966963}],"funding_fees":0.0,"weekday":0},{"pair":"VET/USDT","stake_amount":9.81615,"max_stake_amount":9.81615,"amount":1055.5,"open_date":"2026-01-29 15:20:00+00:00","close_date":"2026-01-29 17:15:00+00:00","open_rate":0.0093,"close_rate":0.009597897897897896,"fee_open":0.001,"fee_close":0.001,"trade_duration":115,"profit_ratio":0.029970029970029965,"profit_abs":0.2944845,"exit_reason":"roi","initial_stop_loss_abs":0.00901,"initial_stop_loss_ratio":-0.0318,"stop_loss_abs":0.00901,"stop_loss_ratio":-0.0318,"min_rate":0.00928,"max_rate":0.00961,"is_open":false,"enter_tag":"","leverage":1.0,"is_short":false,"open_timestamp":1769700000000,"close_timestamp":1769706900000,"orders":[{"amount":1055.5,"safe_price":0.009300000000000001,"ft_order_side":"buy","order_filled_timestamp":1769700000000,"ft_is_entry":true,"ft_order_tag":"","cost":9.82596615},{"amount":1055.5,"safe_price":0.009597897897897896,"ft_order_side":"sell","order_filled_timestamp":1769706900000,"ft_is_entry":false,"ft_order_tag":"roi","cost":10.14071181246246}],"funding_fees":0.0,"weekday":3},{"pair":"VET/USDT","stake_amount":9.873726,"max_stake_amount":9.873726,"amount":1183.9,"open_date":"2026-01-31 14:40:00+00:00","close_date":"2026-01-31 15:05:00+00:00","open_rate":0.00834,"close_rate":0.008534516516516516,"fee_open":0.001,"fee_close":0.001,"trade_duration":25,"profit_ratio":0.021278720894245977,"profit_abs":0.21031036,"exit_reason":"roi","initial_stop_loss_abs":0.00808,"initial_stop_loss_ratio":-0.0318,"stop_loss_abs":0.00808,"stop_loss_ratio":-0.0318,"min_rate":0.008270000000000001,"max_rate":0.008570000000000001,"is_open":false,"enter_tag":"","leverage":1.0,"is_short":false,"open_timestamp":1769870400000,"close_timestamp":1769871900000,"orders":[{"amount":1183.9,"safe_price":0.00834,"ft_order_side":"buy","order_filled_timestamp":1769870400000,"ft_is_entry":true,"ft_order_tag":"","cost":9.883599726},{"amount":1183.9,"safe_price":0.008534516516516516,"ft_order_side":"sell","order_filled_timestamp":1769871900000,"ft_is_entry":false,"ft_order_tag":"roi","cost":10.114118118007806}],"funding_fees":0.0,"weekday":5},{"pair":"GALA/USDT","stake_amount":9.86975,"max_stake_amount":9.86975,"amount":2035.0,"open_date":"2026-01-31 14:40:00+00:00","close_date":"2026-01-31 15:05:00+00:00","open_rate":0.00485,"close_rate":0.004963118118118118,"fee_open":0.001,"fee_close":0.001,"trade_duration":25,"profit_ratio":0.02127872178481363,"profit_abs":0.21022568,"exit_reason":"roi","initial_stop_loss_abs":0.0047,"initial_stop_loss_ratio":-0.0318,"stop_loss_abs":0.0047,"stop_loss_ratio":-0.0318,"min_rate":0.00481,"max_rate":0.0050100000000000006,"is_open":false,"enter_tag":"","leverage":1.0,"is_short":false,"open_timestamp":1769870400000,"close_timestamp":1769871900000,"orders":[{"amount":2035.0,"safe_price":0.00485,"ft_order_side":"buy","order_filled_timestamp":1769870400000,"ft_is_entry":true,"ft_order_tag":"","cost":9.879619749999998},{"amount":2035.0,"safe_price":0.004963118118118118,"ft_order_side":"sell","order_filled_timestamp":1769871900000,"ft_is_entry":false,"ft_order_tag":"roi","cost":10.110045315740738}],"funding_fees":0.0,"weekday":5},{"pair":"DOGE/USDT","stake_amount":9.91825,"max_stake_amount":9.91825,"amount":97.0,"open_date":"2026-01-31 17:20:00+00:00","close_date":"2026-01-31 18:40:00+00:00","open_rate":0.10225,"close_rate":0.099,"fee_open":0.001,"fee_close":0.001,"trade_duration":80,"profit_ratio":-0.03371933689782101,"profit_abs":-0.33477125,"exit_reason":"stop_loss","initial_stop_loss_abs":0.099,"initial_stop_loss_ratio":-0.0318,"stop_loss_abs":0.099,"stop_loss_ratio":-0.0318,"min_rate":0.09461000000000001,"max_rate":0.1027,"is_open":false,"enter_tag":"","leverage":1.0,"is_short":false,"open_timestamp":1769880000000,"close_timestamp":1769884800000,"orders":[{"amount":97.0,"safe_price":0.10225000000000001,"ft_order_side":"buy","order_filled_timestamp":1769880000000,"ft_is_entry":true,"ft_order_tag":"","cost":9.928168249999999},{"amount":97.0,"safe_price":0.099,"ft_order_side":"sell","order_filled_timestamp":1769884800000,"ft_is_entry":false,"ft_order_tag":"stop_loss","cost":9.612602999999998}],"funding_fees":0.0,"weekday":5},{"pair":"VET/USDT","stake_amount":9.957324,"max_stake_amount":9.957324,"amount":1235.4,"open_date":"2026-01-31 17:20:00+00:00","close_date":"2026-01-31 18:40:00+00:00","open_rate":0.00806,"close_rate":0.00781,"fee_open":0.001,"fee_close":0.001,"trade_duration":80,"profit_ratio":-0.03295339915901826,"profit_abs":-0.3284558,"exit_reason":"stop_loss","initial_stop_loss_abs":0.00781,"initial_stop_loss_ratio":-0.0318,"stop_loss_abs":0.00781,"stop_loss_ratio":-0.0318,"min_rate":0.00759,"max_rate":0.008110000000000001,"is_open":false,"enter_tag":"","leverage":1.0,"is_short":false,"open_timestamp":1769880000000,"close_timestamp":1769884800000,"orders":[{"amount":1235.4,"safe_price":0.008060000000000001,"ft_order_side":"buy","order_filled_timestamp":1769880000000,"ft_is_entry":true,"ft_order_tag":"","cost":9.967281324},{"amount":1235.4,"safe_price":0.00781,"ft_order_side":"sell","order_filled_timestamp":1769884800000,"ft_is_entry":false,"ft_order_tag":"stop_loss","cost":9.658122473999999}],"funding_fees":0.0,"weekday":5},{"pair":"GALA/USDT","stake_amount":9.9546,"max_stake_amount":9.9546,"amount":2118.0,"open_date":"2026-01-31 17:25:00+00:00","close_date":"2026-01-31 18:40:00+00:00","open_rate":0.0047,"close_rate":0.00456,"fee_open":0.001,"fee_close":0.001,"trade_duration":75,"profit_ratio":-0.03172572108742321,"profit_abs":-0.31613268,"exit_reason":"stop_loss","initial_stop_loss_abs":0.00456,"initial_stop_loss_ratio":-0.0318,"stop_loss_abs":0.00456,"stop_loss_ratio":-0.0318,"min_rate":0.00434,"max_rate":0.004750000000000001,"is_open":false,"enter_tag":"","leverage":1.0,"is_short":false,"open_timestamp":1769880300000,"close_timestamp":1769884800000,"orders":[{"amount":2118.0,"safe_price":0.0047,"ft_order_side":"buy","order_filled_timestamp":1769880300000,"ft_is_entry":true,"ft_order_tag":"","cost":9.9645546},{"amount":2118.0,"safe_price":0.00456,"ft_order_side":"sell","order_filled_timestamp":1769884800000,"ft_is_entry":false,"ft_order_tag":"stop_loss","cost":9.66773808}],"funding_fees":0.0,"weekday":5},{"pair":"ICP/USDT","stake_amount":9.9324,"max_stake_amount":9.9324,"amount":3.72,"open_date":"2026-01-31 17:30:00+00:00","close_date":"2026-01-31 18:40:00+00:00","open_rate":2.67,"close_rate":2.586,"fee_open":0.001,"fee_close":0.001,"trade_duration":70,"profit_ratio":-0.03339581766548059,"profit_abs":-0.33203232,"exit_reason":"stop_loss","initial_stop_loss_abs":2.586,"initial_stop_loss_ratio":-0.0318,"stop_loss_abs":2.586,"stop_loss_ratio":-0.0318,"min_rate":2.472,"max_rate":2.681,"is_open":false,"enter_tag":"","leverage":1.0,"is_short":false,"open_timestamp":1769880600000,"close_timestamp":1769884800000,"orders":[{"amount":3.72,"safe_price":2.67,"ft_order_side":"buy","order_filled_timestamp":1769880600000,"ft_is_entry":true,"ft_order_tag":"","cost":9.942332399999998},{"amount":3.72,"safe_price":2.586,"ft_order_side":"sell","order_filled_timestamp":1769884800000,"ft_is_entry":false,"ft_order_tag":"stop_loss","cost":9.62953992}],"funding_fees":0.0,"weekday":5},{"pair":"XLM/USDT","stake_amount":9.7983,"max_stake_amount":9.7983,"amount":57.0,"open_date":"2026-01-31 17:45:00+00:00","close_date":"2026-01-31 18:40:00+00:00","open_rate":0.1719,"close_rate":0.1665,"fee_open":0.001,"fee_close":0.001,"trade_duration":55,"profit_ratio":-0.03334885010277681,"profit_abs":-0.3270888,"exit_reason":"stop_loss","initial_stop_loss_abs":0.1665,"initial_stop_loss_ratio":-0.0318,"stop_loss_abs":0.1665,"stop_loss_ratio":-0.0318,"min_rate":0.1655,"max_rate":0.17370000000000002,"is_open":false,"enter_tag":"","leverage":1.0,"is_short":false,"open_timestamp":1769881500000,"close_timestamp":1769884800000,"orders":[{"amount":57.0,"safe_price":0.1719,"ft_order_side":"buy","order_filled_timestamp":1769881500000,"ft_is_entry":true,"ft_order_tag":"","cost":9.808098299999997},{"amount":57.0,"safe_price":0.1665,"ft_order_side":"sell","order_filled_timestamp":1769884800000,"ft_is_entry":false,"ft_order_tag":"stop_loss","cost":9.4999905}],"funding_fees":0.0,"weekday":5},{"pair":"VET/USDT","stake_amount":9.632901,"max_stake_amount":9.632901,"amount":1220.9,"open_date":"2026-01-31 18:45:00+00:00","close_date":"2026-01-31 19:10:00+00:00","open_rate":0.00789,"close_rate":0.008074021021021019,"fee_open":0.001,"fee_close":0.001,"trade_duration":25,"profit_ratio":0.02127872114390194,"profit_abs":0.20518079,"exit_reason":"roi","initial_stop_loss_abs":0.00764,"initial_stop_loss_ratio":-0.0318,"stop_loss_abs":0.00764,"stop_loss_ratio":-0.0318,"min_rate":0.007840000000000001,"max_rate":0.008110000000000001,"is_open":false,"enter_tag":"","leverage":1.0,"is_short":false,"open_timestamp":1769885100000,"close_timestamp":1769886600000,"orders":[{"amount":1220.9,"safe_price":0.007890000000000001,"ft_order_side":"buy","order_filled_timestamp":1769885100000,"ft_is_entry":true,"ft_order_tag":"","cost":9.642533901000002},{"amount":1220.9,"safe_price":0.008074021021021019,"ft_order_side":"sell","order_filled_timestamp":1769886600000,"ft_is_entry":false,"ft_order_tag":"roi","cost":9.867429836829126}],"funding_fees":0.0,"weekday":5},{"pair":"GALA/USDT","stake_amount":9.63029,"max_stake_amount":9.63029,"amount":2089.0,"open_date":"2026-01-31 18:50:00+00:00","close_date":"2026-01-31 21:35:00+00:00","open_rate":0.00461,"close_rate":0.00472,"fee_open":0.001,"fee_close":0.001,"trade_duration":165,"profit_ratio":0.021815494700527238,"profit_abs":0.21029963,"exit_reason":"roi","initial_stop_loss_abs":0.00447,"initial_stop_loss_ratio":-0.0318,"stop_loss_abs":0.00447,"stop_loss_ratio":-0.0318,"min_rate":0.00457,"max_rate":0.004770000000000001,"is_open":false,"enter_tag":"","leverage":1.0,"is_short":false,"open_timestamp":1769885400000,"close_timestamp":1769895300000,"orders":[{"amount":2089.0,"safe_price":0.00461,"ft_order_side":"buy","order_filled_timestamp":1769885400000,"ft_is_entry":true,"ft_order_tag":"","cost":9.63992029},{"amount":2089.0,"safe_price":0.00472,"ft_order_side":"sell","order_filled_timestamp":1769895300000,"ft_is_entry":false,"ft_order_tag":"roi","cost":9.86994008}],"funding_fees":0.0,"weekday":5},{"pair":"ICP/USDT","stake_amount":9.64968,"max_stake_amount":9.64968,"amount":3.72,"open_date":"2026-01-31 19:10:00+00:00","close_date":"2026-01-31 21:35:00+00:00","open_rate":2.594,"close_rate":2.6770910910910906,"fee_open":0.001,"fee_close":0.001,"trade_duration":145,"profit_ratio":0.029970029970029965,"profit_abs":0.2894904,"exit_reason":"roi","initial_stop_loss_abs":2.512,"initial_stop_loss_ratio":-0.0318,"stop_loss_abs":2.512,"stop_loss_ratio":-0.0318,"min_rate":2.58,"max_rate":2.684,"is_open":false,"enter_tag":"","leverage":1.0,"is_short":false,"open_timestamp":1769886600000,"close_timestamp":1769895300000,"orders":[{"amount":3.72,"safe_price":2.594,"ft_order_side":"buy","order_filled_timestamp":1769886600000,"ft_is_entry":true,"ft_order_tag":"","cost":9.659329679999999},{"amount":3.72,"safe_price":2.6770910910910906,"ft_order_side":"sell","order_filled_timestamp":1769895300000,"ft_is_entry":false,"ft_order_tag":"roi","cost":9.968737637717714}],"funding_fees":0.0,"weekday":5}],"locks":[],"best_pair":{"key":"ICP/USDT","trades":6,"profit_mean":0.002826237650645973,"profit_mean_pct":0.28,"profit_total_abs":0.15505359999999993,"profit_total":0.0031010719999999986,"profit_total_pct":0.31,"duration_avg":"1:49:00","wins":4,"draws":0,"losses":2,"winrate":0.6666666666666666,"cagr":0.04624293956049397,"expectancy":0.02584226666666664,"expectancy_ratio":0.07739451883629522,"sortino":63.33953127887942,"sharpe":0.44593558227187735,"calmar":23.90922963764458,"sqn":0.2175,"profit_factor":1.232183556508886,"max_drawdown_account":0.00991180364574262,"max_drawdown_abs":0.4992057},"worst_pair":{"key":"DOGE/USDT","trades":2,"profit_mean":-0.016859668448910504,"profit_mean_pct":-1.69,"profit_total_abs":-0.33477125,"profit_total":-0.0066954250000000005,"profit_total_pct":-0.67,"duration_avg":"2:32:00","wins":0,"draws":1,"losses":1,"winrate":0.0,"cagr":-0.09342536834602,"expectancy":-0.167385625,"expectancy_ratio":-1.0,"sortino":-100,"sharpe":-1.5283978539634238,"calmar":-76.41989269817054,"sqn":-1.0,"profit_factor":0.0,"max_drawdown_account":0.006695425000000057,"max_drawdown_abs":0.33477125},"results_per_pair":[{"key":"ICP/USDT","trades":6,"profit_mean":0.002826237650645973,"profit_mean_pct":0.28,"profit_total_abs":0.15505359999999993,"profit_total":0.0031010719999999986,"profit_total_pct":0.31,"duration_avg":"1:49:00","wins":4,"draws":0,"losses":2,"winrate":0.6666666666666666,"cagr":0.04624293956049397,"expectancy":0.02584226666666664,"expectancy_ratio":0.07739451883629522,"sortino":63.33953127887942,"sharpe":0.44593558227187735,"calmar":23.90922963764458,"sqn":0.2175,"profit_factor":1.232183556508886,"max_drawdown_account":0.00991180364574262,"max_drawdown_abs":0.4992057},{"key":"VET/USDT","trades":6,"profit_mean":0.0010084561632088928,"profit_mean_pct":0.1,"profit_total_abs":0.046890849999999956,"profit_total":0.0009378169999999991,"profit_total_pct":0.09,"duration_avg":"1:12:00","wins":3,"draws":1,"losses":2,"winrate":0.5,"cagr":0.01377978989553208,"expectancy":0.007815141666666664,"expectancy_ratio":-0.14309459363266963,"sortino":11.609517674872206,"sharpe":0.1400960713174176,"calmar":10.708557015459036,"sqn":0.0683,"profit_factor":1.070716219101991,"max_drawdown_account":0.006692579999999992,"max_drawdown_abs":0.334629},{"key":"GALA/USDT","trades":5,"profit_mean":-0.004258874492096184,"profit_mean_pct":-0.43,"profit_total_abs":-0.21726076999999996,"profit_total":-0.0043452154,"profit_total_pct":-0.43,"duration_avg":"1:26:00","wins":2,"draws":1,"losses":2,"winrate":0.4,"cagr":-0.06159943162874415,"expectancy":-0.04345215399999999,"expectancy_ratio":-0.33625933635930083,"sortino":-60.148113763864906,"sharpe":-0.6986423766581298,"calmar":-38.832045088652166,"sqn":-0.3657,"profit_factor":0.6593516591017478,"max_drawdown_account":0.008551207999999946,"max_drawdown_abs":0.42756039999999995},{"key":"XLM/USDT","trades":2,"profit_mean":-0.014850223792958007,"profit_mean_pct":-1.49,"profit_total_abs":-0.2914572,"profit_total":-0.0058291440000000005,"profit_total_pct":-0.58,"duration_avg":"1:50:00","wins":1,"draws":0,"losses":1,"winrate":0.5,"cagr":-0.08181328581003511,"expectancy":-0.1457286,"expectancy_ratio":-0.4455322224423459,"sortino":-100,"sharpe":-1.228115537483385,"calmar":-68.14357597639047,"sqn":-0.8035,"profit_factor":0.10893555511530813,"max_drawdown_account":0.006537117440923951,"max_drawdown_abs":0.3270888},{"key":"DOGE/USDT","trades":2,"profit_mean":-0.016859668448910504,"profit_mean_pct":-1.69,"profit_total_abs":-0.33477125,"profit_total":-0.0066954250000000005,"profit_total_pct":-0.67,"duration_avg":"2:32:00","wins":0,"draws":1,"losses":1,"winrate":0.0,"cagr":-0.09342536834602,"expectancy":-0.167385625,"expectancy_ratio":-1.0,"sortino":-100,"sharpe":-1.5283978539634238,"calmar":-76.41989269817054,"sqn":-1.0,"profit_factor":0.0,"max_drawdown_account":0.006695425000000057,"max_drawdown_abs":0.33477125},{"key":"TOTAL","trades":21,"profit_mean":-0.0029383806695756545,"profit_mean_pct":-0.29,"profit_total_abs":-0.6415447700000001,"profit_total":-0.012830895400000002,"profit_total_pct":-1.28,"duration_avg":"1:37:00","wins":10,"draws":3,"losses":8,"winrate":0.47619047619047616,"cagr":-0.1718353284749834,"expectancy":-0.030549750952380966,"expectancy_ratio":-0.23576516999139208,"sortino":-74.84197474539955,"sharpe":-1.9606266680900353,"calmar":-28.858118964673622,"sqn":-0.5464,"profit_factor":0.756116428772596,"max_drawdown_account":0.03397780884089402,"max_drawdown_abs":1.7112844900000002}],"results_per_enter_tag":[{"key":"","trades":21,"profit_mean":-0.0029383806695756545,"profit_mean_pct":-0.29,"profit_total_abs":-0.6415447700000001,"profit_total":-0.012830895400000002,"profit_total_pct":-1.28,"duration_avg":"1:37:00","wins":10,"draws":3,"losses":8,"winrate":0.47619047619047616,"cagr":-0.1718353284749834,"expectancy":-0.030549750952380966,"expectancy_ratio":-0.23576516999139208,"sortino":-74.84197474539955,"sharpe":-1.9606266680900353,"calmar":-28.858118964673622,"sqn":-0.5464,"profit_factor":0.756116428772596,"max_drawdown_account":0.03397780884089402,"max_drawdown_abs":1.7112844900000002},{"key":"TOTAL","trades":21,"profit_mean":-0.0029383806695756545,"profit_mean_pct":-0.29,"profit_total_abs":-0.6415447700000001,"profit_total":-0.012830895400000002,"profit_total_pct":-1.28,"duration_avg":"1:37:00","wins":10,"draws":3,"losses":8,"winrate":0.47619047619047616,"cagr":-0.1718353284749834,"expectancy":-0.030549750952380966,"expectancy_ratio":-0.23576516999139208,"sortino":-74.84197474539955,"sharpe":-1.9606266680900353,"calmar":-28.858118964673622,"sqn":-0.5464,"profit_factor":0.756116428772596,"max_drawdown_account":0.03397780884089402,"max_drawdown_abs":1.7112844900000002}],"exit_reason_summary":[{"key":"roi","trades":13,"profit_mean":0.015642514011941337,"profit_mean_pct":1.56,"profit_total_abs":1.98899228,"profit_total":0.0397798456,"profit_total_pct":3.98,"duration_avg":"2:08:00","wins":10,"draws":3,"losses":0,"winrate":0.7692307692307693,"cagr":0.7674387342152398,"expectancy":0.15299940615384616,"expectancy_ratio":100.0,"sortino":-100,"sharpe":13.57135057390988,"calmar":-100,"sqn":4.7322,"profit_factor":0.0,"max_drawdown_account":0.0,"max_drawdown_abs":0.0},{"key":"stop_loss","trades":8,"profit_mean":-0.03313233452704077,"profit_mean_pct":-3.31,"profit_total_abs":-2.63053705,"profit_total":-0.052610741,"profit_total_pct":-5.26,"duration_avg":"0:46:00","wins":0,"draws":0,"losses":8,"winrate":0.0,"cagr":-0.5457285254821862,"expectancy":-0.32881713125,"expectancy_ratio":-1.0,"sortino":-306.8758357471106,"sharpe":-306.8758357471106,"calmar":-76.41989269817118,"sqn":-132.8053,"profit_factor":0.0,"max_drawdown_account":0.052610741000000016,"max_drawdown_abs":2.6305370499999996},{"key":"TOTAL","trades":21,"profit_mean":-0.0029383806695756545,"profit_mean_pct":-0.29,"profit_total_abs":-0.6415447700000001,"profit_total":-0.012830895400000002,"profit_total_pct":-1.28,"duration_avg":"1:37:00","wins":10,"draws":3,"losses":8,"winrate":0.47619047619047616,"cagr":-0.1718353284749834,"expectancy":-0.030549750952380966,"expectancy_ratio":-0.23576516999139208,"sortino":-74.84197474539955,"sharpe":-1.9606266680900353,"calmar":-28.858118964673622,"sqn":-0.5464,"profit_factor":0.756116428772596,"max_drawdown_account":0.03397780884089402,"max_drawdown_abs":1.7112844900000002}],"mix_tag_stats":[{"key":["","roi"],"trades":13,"profit_mean":0.015642514011941337,"profit_mean_pct":1.56,"profit_total_abs":1.98899228,"profit_total":0.0397798456,"profit_total_pct":3.98,"duration_avg":"2:08:00","wins":10,"draws":3,"losses":0,"winrate":0.7692307692307693,"cagr":0.7674387342152398,"expectancy":0.15299940615384616,"expectancy_ratio":100.0,"sortino":-100,"sharpe":13.57135057390988,"calmar":-100,"sqn":4.7322,"profit_factor":0.0,"max_drawdown_account":0.0,"max_drawdown_abs":0.0},{"key":["","stop_loss"],"trades":8,"profit_mean":-0.03313233452704077,"profit_mean_pct":-3.31,"profit_total_abs":-2.63053705,"profit_total":-0.052610741,"profit_total_pct":-5.26,"duration_avg":"0:46:00","wins":0,"draws":0,"losses":8,"winrate":0.0,"cagr":-0.5457285254821862,"expectancy":-0.32881713125,"expectancy_ratio":-1.0,"sortino":-306.8758357471106,"sharpe":-306.8758357471106,"calmar":-76.41989269817118,"sqn":-132.8053,"profit_factor":0.0,"max_drawdown_account":0.052610741000000016,"max_drawdown_abs":2.6305370499999996},{"key":"TOTAL","trades":21,"profit_mean":-0.0029383806695756545,"profit_mean_pct":-0.29,"profit_total_abs":-0.6415447700000001,"profit_total":-0.012830895400000002,"profit_total_pct":-1.28,"duration_avg":"1:37:00","wins":10,"draws":3,"losses":8,"winrate":0.47619047619047616,"cagr":-0.1718353284749834,"expectancy":-0.030549750952380966,"expectancy_ratio":-0.23576516999139208,"sortino":-74.84197474539955,"sharpe":-1.9606266680900353,"calmar":-28.858118964673622,"sqn":-0.5464,"profit_factor":0.756116428772596,"max_drawdown_account":0.03397780884089402,"max_drawdown_abs":1.7112844900000002}],"left_open_trades":[{"key":"TOTAL","trades":0,"profit_mean":0.0,"profit_mean_pct":0.0,"profit_total_abs":0.0,"profit_total":0.0,"profit_total_pct":0.0,"duration_avg":"0:00","wins":0,"draws":0,"losses":0,"winrate":0.0,"cagr":0.0,"expectancy":0.0,"expectancy_ratio":100.0,"sortino":0,"sharpe":0,"calmar":0,"sqn":0.0,"profit_factor":0.0,"max_drawdown_account":0.0,"max_drawdown_abs":0.0}],"total_trades":21,"trade_count_long":21,"trade_count_short":0,"total_volume":412.82577796129334,"avg_stake_amount":9.824821333333334,"profit_mean":-0.0029383806695756545,"profit_median":0.0,"profit_total":-0.012830895400000002,"profit_total_long":-0.012830895400000002,"profit_total_short":0.0,"profit_total_abs":-0.6415447700000001,"profit_total_long_abs":-0.6415447700000001,"profit_total_short_abs":0.0,"cagr":-0.1718353284749834,"expectancy":-0.030549750952380966,"expectancy_ratio":-0.23576516999139208,"sortino":-74.84197474539955,"sharpe":-1.9606266680900353,"calmar":-28.858118964673622,"sqn":-0.5464,"profit_factor":0.756116428772596,"backtest_start":"2026-01-08 00:00:00","backtest_start_ts":1767830400000,"backtest_end":"2026-02-02 08:45:00","backtest_end_ts":1770021900000,"backtest_days":25,"backtest_run_start_ts":1770444554,"backtest_run_end_ts":1770444554,"trades_per_day":0.84,"market_change":-0.27829537641672697,"pairlist":["ICP/USDT","DOGE/USDT","VET/USDT","XLM/USDT","GALA/USDT"],"stake_amount":"unlimited","stake_currency":"USDT","stake_currency_decimals":3,"starting_balance":50,"dry_run_wallet":50,"final_balance":49.35845523,"rejected_signals":0,"timedout_entry_orders":0,"timedout_exit_orders":0,"canceled_trade_entries":0,"canceled_entry_orders":0,"replaced_entry_orders":0,"max_open_trades":5,"max_open_trades_setting":5,"timeframe":"5m","timeframe_detail":"","timerange":"20260108-20260207","enable_protections":false,"strategy_name":"UniversalMACD","freqaimodel":"XGBoostRegressor","freqai_identifier":"qs_v9_scalp_5m1h_l2","stoploss":-0.0318,"trailing_stop":false,"trailing_stop_positive":null,"trailing_stop_positive_offset":0.0,"trailing_only_offset_is_reached":false,"use_custom_stoploss":false,"minimal_roi":{"0":0.0213,"27":0.099,"60":0.03,"164":0},"use_exit_signal":true,"exit_profit_only":false,"exit_profit_offset":0.0,"ignore_roi_if_entry_signal":false,"trading_mode":"spot","margin_mode":"","periodic_breakdown":{"day":[{"date":"15/01/2026","date_ts":1768435200000,"profit_abs":0.3647689,"wins":2,"draws":0,"losses":0,"trades":2,"profit_factor":0.0},{"date":"16/01/2026","date_ts":1768521600000,"profit_abs":0.0,"wins":0,"draws":0,"losses":0,"trades":0,"profit_factor":0.0},{"date":"17/01/2026","date_ts":1768608000000,"profit_abs":0.0,"wins":0,"draws":0,"losses":0,"trades":0,"profit_factor":0.0},{"date":"18/01/2026","date_ts":1768694400000,"profit_abs":0.0,"wins":0,"draws":0,"losses":0,"trades":0,"profit_factor":0.0},{"date":"19/01/2026","date_ts":1768780800000,"profit_abs":-0.78782418,"wins":2,"draws":3,"losses":3,"trades":8,"profit_factor":0.20586739},{"date":"20/01/2026","date_ts":1768867200000,"profit_abs":0.0,"wins":0,"draws":0,"losses":0,"trades":0,"profit_factor":0.0},{"date":"21/01/2026","date_ts":1768953600000,"profit_abs":0.0,"wins":0,"draws":0,"losses":0,"trades":0,"profit_factor":0.0},{"date":"22/01/2026","date_ts":1769040000000,"profit_abs":0.0,"wins":0,"draws":0,"losses":0,"trades":0,"profit_factor":0.0},{"date":"23/01/2026","date_ts":1769126400000,"profit_abs":0.0,"wins":0,"draws":0,"losses":0,"trades":0,"profit_factor":0.0},{"date":"24/01/2026","date_ts":1769212800000,"profit_abs":0.0,"wins":0,"draws":0,"losses":0,"trades":0,"profit_factor":0.0},{"date":"25/01/2026","date_ts":1769299200000,"profit_abs":0.0,"wins":0,"draws":0,"losses":0,"trades":0,"profit_factor":0.0},{"date":"26/01/2026","date_ts":1769385600000,"profit_abs":0.0,"wins":0,"draws":0,"losses":0,"trades":0,"profit_factor":0.0},{"date":"27/01/2026","date_ts":1769472000000,"profit_abs":0.0,"wins":0,"draws":0,"losses":0,"trades":0,"profit_factor":0.0},{"date":"28/01/2026","date_ts":1769558400000,"profit_abs":0.0,"wins":0,"draws":0,"losses":0,"trades":0,"profit_factor":0.0},{"date":"29/01/2026","date_ts":1769644800000,"profit_abs":0.2944845,"wins":1,"draws":0,"losses":0,"trades":1,"profit_factor":0.0},{"date":"30/01/2026","date_ts":1769731200000,"profit_abs":0.0,"wins":0,"draws":0,"losses":0,"trades":0,"profit_factor":0.0},{"date":"31/01/2026","date_ts":1769817600000,"profit_abs":-0.51297399,"wins":5,"draws":0,"losses":5,"trades":10,"profit_factor":0.68692097}],"week":[{"date":"19/01/2026","date_ts":1768780800000,"profit_abs":-0.42305528,"wins":4,"draws":3,"losses":3,"trades":10,"profit_factor":0.57355714},{"date":"26/01/2026","date_ts":1769385600000,"profit_abs":0.0,"wins":0,"draws":0,"losses":0,"trades":0,"profit_factor":0.0},{"date":"02/02/2026","date_ts":1769990400000,"profit_abs":-0.21848949,"wins":6,"draws":0,"losses":5,"trades":11,"profit_factor":0.86665118}],"month":[{"date":"31/01/2026","date_ts":1769817600000,"profit_abs":-0.64154477,"wins":10,"draws":3,"losses":8,"trades":21,"profit_factor":0.75611643}],"year":[{"date":"31/12/2026","date_ts":1798675200000,"profit_abs":-0.64154477,"wins":10,"draws":3,"losses":8,"trades":21,"profit_factor":0.75611643}],"weekday":[{"date":"Monday","date_ts":0,"profit_abs":-0.78782418,"wins":2,"draws":3,"losses":3,"trades":8,"profit_factor":0.20586739},{"date":"Thursday","date_ts":3,"profit_abs":0.6592534,"wins":3,"draws":0,"losses":0,"trades":3,"profit_factor":0.0},{"date":"Saturday","date_ts":5,"profit_abs":-0.51297399,"wins":5,"draws":0,"losses":5,"trades":10,"profit_factor":0.68692097}]},"backtest_best_day":0.03688276009704581,"backtest_worst_day":-0.0790373477091634,"backtest_best_day_abs":0.3647689,"backtest_worst_day_abs":-0.78782418,"winning_days":2,"draw_days":13,"losing_days":2,"daily_profit":[["2026-01-15",0.3647689],["2026-01-16",0.0],["2026-01-17",0.0],["2026-01-18",0.0],["2026-01-19",-0.78782418],["2026-01-20",0.0],["2026-01-21",0.0],["2026-01-22",0.0],["2026-01-23",0.0],["2026-01-24",0.0],["2026-01-25",0.0],["2026-01-26",0.0],["2026-01-27",0.0],["2026-01-28",0.0],["2026-01-29",0.2944845],["2026-01-30",0.0],["2026-01-31",-0.51297399]],"wins":10,"losses":8,"draws":3,"winrate":0.47619047619047616,"holding_avg":"1:37:00","holding_avg_s":5820.0,"winner_holding_min":"0d 00:25","winner_holding_min_s":1500.0,"winner_holding_max":"0d 02:45","winner_holding_max_s":9900.0,"winner_holding_avg":"0d 01:50","winner_holding_avg_s":6600.0,"loser_holding_min":"0d 00:00","loser_holding_min_s":0.0,"loser_holding_max":"0d 01:20","loser_holding_max_s":4800.0,"loser_holding_avg":"0d 00:46","loser_holding_avg_s":2760.0,"max_consecutive_wins":3,"max_consecutive_losses":5,"max_drawdown_account":0.03397780884089402,"max_relative_drawdown":0.03397780884089402,"max_drawdown_abs":1.7112844900000002,"drawdown_start":"2026-01-15 11:15:00","drawdown_start_ts":1768475700000.0,"drawdown_end":"2026-01-31 18:40:00","drawdown_end_ts":1769884800000.0,"drawdown_duration":"16 days 07:25:00","drawdown_duration_s":1409100.0,"max_drawdown_low":-1.3465155900000003,"max_drawdown_high":0.36476889999999995,"csum_min":48.65348441,"csum_max":50.3647689}},"strategy_comparison":[{"key":"UniversalMACD","trades":21,"profit_mean":-0.0029383806695756545,"profit_mean_pct":-0.29,"profit_total_abs":-0.6415447700000001,"profit_total":-0.012830895400000002,"profit_total_pct":-1.28,"duration_avg":"1:37:00","wins":10,"draws":3,"losses":8,"winrate":0.47619047619047616,"cagr":-0.1718353284749834,"expectancy":-0.030549750952380966,"expectancy_ratio":-0.23576516999139208,"sortino":-74.84197474539955,"sharpe":-1.9606266680900353,"calmar":-28.858118964673622,"sqn":-0.5464,"profit_factor":0.756116428772596,"max_drawdown_account":0.03397780884089402,"max_drawdown_abs":"1.711"}]}