{"strategy":{"MultiMa":{"trades":[{"pair":"DOGE/USDT","stake_amount":1.32968,"max_stake_amount":1.32968,"amount":8.0,"open_date":"2025-11-04 14:50:00+00:00","close_date":"2025-11-05 10:45:00+00:00","open_rate":0.16621,"close_rate":0.16265000000000002,"fee_open":0.001,"fee_close":0.001,"trade_duration":1195,"profit_ratio":-0.023373894621111994,"profit_abs":-0.03111088,"exit_reason":"exit_signal","initial_stop_loss_abs":0.14959,"initial_stop_loss_ratio":-0.1,"stop_loss_abs":0.14959,"stop_loss_ratio":-0.1,"min_rate":0.15159,"max_rate":0.16853,"is_open":false,"enter_tag":"","leverage":1.0,"is_short":false,"open_timestamp":1762267800000,"close_timestamp":1762339500000,"orders":[{"amount":8.0,"safe_price":0.16621000000000002,"ft_order_side":"buy","order_filled_timestamp":1762267800000,"ft_is_entry":true,"ft_order_tag":"","cost":1.33100968},{"amount":8.0,"safe_price":0.16265000000000002,"ft_order_side":"sell","order_filled_timestamp":1762339500000,"ft_is_entry":false,"ft_order_tag":"exit_signal","cost":1.3025012}],"funding_fees":0.0,"weekday":2},{"pair":"DOGE/USDT","stake_amount":1.32488,"max_stake_amount":1.32488,"amount":8.0,"open_date":"2025-11-05 14:10:00+00:00","close_date":"2025-11-05 20:00:00+00:00","open_rate":0.16561,"close_rate":0.16728,"fee_open":0.001,"fee_close":0.001,"trade_duration":350,"profit_ratio":0.008065782415157454,"profit_abs":0.01069688,"exit_reason":"exit_signal","initial_stop_loss_abs":0.14905,"initial_stop_loss_ratio":-0.1,"stop_loss_abs":0.14905,"stop_loss_ratio":-0.1,"min_rate":0.16342,"max_rate":0.16886,"is_open":false,"enter_tag":"","leverage":1.0,"is_short":false,"open_timestamp":1762351800000,"close_timestamp":1762372800000,"orders":[{"amount":8.0,"safe_price":0.16561,"ft_order_side":"buy","order_filled_timestamp":1762351800000,"ft_is_entry":true,"ft_order_tag":"","cost":1.32620488},{"amount":8.0,"safe_price":0.16728,"ft_order_side":"sell","order_filled_timestamp":1762372800000,"ft_is_entry":false,"ft_order_tag":"exit_signal","cost":1.33957824}],"funding_fees":0.0,"weekday":2},{"pair":"DOGE/USDT","stake_amount":1.30408,"max_stake_amount":1.30408,"amount":8.0,"open_date":"2025-11-07 00:45:00+00:00","close_date":"2025-11-07 08:45:00+00:00","open_rate":0.16301,"close_rate":0.16621000000000002,"fee_open":0.001,"fee_close":0.001,"trade_duration":480,"profit_ratio":0.017593473332385055,"profit_abs":0.02296624,"exit_reason":"exit_signal","initial_stop_loss_abs":0.14671,"initial_stop_loss_ratio":-0.1,"stop_loss_abs":0.14671,"stop_loss_ratio":-0.1,"min_rate":0.16095,"max_rate":0.16735000000000003,"is_open":false,"enter_tag":"","leverage":1.0,"is_short":false,"open_timestamp":1762476300000,"close_timestamp":1762505100000,"orders":[{"amount":8.0,"safe_price":0.16301000000000002,"ft_order_side":"buy","order_filled_timestamp":1762476300000,"ft_is_entry":true,"ft_order_tag":"","cost":1.30538408},{"amount":8.0,"safe_price":0.16621000000000002,"ft_order_side":"sell","order_filled_timestamp":1762505100000,"ft_is_entry":false,"ft_order_tag":"exit_signal","cost":1.33100968}],"funding_fees":0.0,"weekday":4},{"pair":"DOGE/USDT","stake_amount":1.35024,"max_stake_amount":1.35024,"amount":8.0,"open_date":"2025-11-07 16:15:00+00:00","close_date":"2025-11-07 22:00:00+00:00","open_rate":0.16878,"close_rate":0.18052,"fee_open":0.001,"fee_close":0.001,"trade_duration":345,"profit_ratio":0.06742102547292736,"profit_abs":0.0911256,"exit_reason":"exit_signal","initial_stop_loss_abs":0.15191,"initial_stop_loss_ratio":-0.1,"stop_loss_abs":0.15191,"stop_loss_ratio":-0.1,"min_rate":0.16864,"max_rate":0.18166000000000002,"is_open":false,"enter_tag":"","leverage":1.0,"is_short":false,"open_timestamp":1762532100000,"close_timestamp":1762552800000,"orders":[{"amount":8.0,"safe_price":0.16878,"ft_order_side":"buy","order_filled_timestamp":1762532100000,"ft_is_entry":true,"ft_order_tag":"","cost":1.35159024},{"amount":8.0,"safe_price":0.18052,"ft_order_side":"sell","order_filled_timestamp":1762552800000,"ft_is_entry":false,"ft_order_tag":"exit_signal","cost":1.44560416}],"funding_fees":0.0,"weekday":4},{"pair":"DOGE/USDT","stake_amount":1.27442,"max_stake_amount":1.27442,"amount":7.0,"open_date":"2025-11-10 01:20:00+00:00","close_date":"2025-11-10 01:35:00+00:00","open_rate":0.18206,"close_rate":0.18116000000000002,"fee_open":0.001,"fee_close":0.001,"trade_duration":15,"profit_ratio":-0.006931550268911577,"profit_abs":-0.00884254,"exit_reason":"exit_signal","initial_stop_loss_abs":0.16386,"initial_stop_loss_ratio":-0.1,"stop_loss_abs":0.16386,"stop_loss_ratio":-0.1,"min_rate":0.1809,"max_rate":0.18215,"is_open":false,"enter_tag":"","leverage":1.0,"is_short":false,"open_timestamp":1762737600000,"close_timestamp":1762738500000,"orders":[{"amount":7.0,"safe_price":0.18206000000000003,"ft_order_side":"buy","order_filled_timestamp":1762737600000,"ft_is_entry":true,"ft_order_tag":"","cost":1.27569442},{"amount":7.0,"safe_price":0.18116000000000002,"ft_order_side":"sell","order_filled_timestamp":1762738500000,"ft_is_entry":false,"ft_order_tag":"exit_signal","cost":1.26938812}],"funding_fees":0.0,"weekday":0},{"pair":"DOGE/USDT","stake_amount":1.29552,"max_stake_amount":1.29552,"amount":8.0,"open_date":"2025-11-17 07:35:00+00:00","close_date":"2025-11-17 08:15:00+00:00","open_rate":0.16194,"close_rate":0.16163000000000002,"fee_open":0.001,"fee_close":0.001,"trade_duration":40,"profit_ratio":-0.003908466487199351,"profit_abs":-0.00506856,"exit_reason":"exit_signal","initial_stop_loss_abs":0.14575,"initial_stop_loss_ratio":-0.1,"stop_loss_abs":0.14575,"stop_loss_ratio":-0.1,"min_rate":0.16157000000000002,"max_rate":0.16218000000000002,"is_open":false,"enter_tag":"","leverage":1.0,"is_short":false,"open_timestamp":1763364900000,"close_timestamp":1763367300000,"orders":[{"amount":8.0,"safe_price":0.16194,"ft_order_side":"buy","order_filled_timestamp":1763364900000,"ft_is_entry":true,"ft_order_tag":"","cost":1.2968155199999998},{"amount":8.0,"safe_price":0.16163000000000002,"ft_order_side":"sell","order_filled_timestamp":1763367300000,"ft_is_entry":false,"ft_order_tag":"exit_signal","cost":1.2943330400000002}],"funding_fees":0.0,"weekday":0},{"pair":"DOGE/USDT","stake_amount":1.28328,"max_stake_amount":1.28328,"amount":8.0,"open_date":"2025-11-18 16:20:00+00:00","close_date":"2025-11-18 20:05:00+00:00","open_rate":0.16041,"close_rate":0.16226000000000002,"fee_open":0.001,"fee_close":0.001,"trade_duration":225,"profit_ratio":0.009511901974965374,"profit_abs":0.01221864,"exit_reason":"exit_signal","initial_stop_loss_abs":0.14437,"initial_stop_loss_ratio":-0.1,"stop_loss_abs":0.14437,"stop_loss_ratio":-0.1,"min_rate":0.15971000000000002,"max_rate":0.16294,"is_open":false,"enter_tag":"","leverage":1.0,"is_short":false,"open_timestamp":1763482800000,"close_timestamp":1763496300000,"orders":[{"amount":8.0,"safe_price":0.16041000000000002,"ft_order_side":"buy","order_filled_timestamp":1763482800000,"ft_is_entry":true,"ft_order_tag":"","cost":1.28456328},{"amount":8.0,"safe_price":0.16226000000000002,"ft_order_side":"sell","order_filled_timestamp":1763496300000,"ft_is_entry":false,"ft_order_tag":"exit_signal","cost":1.2993780799999999}],"funding_fees":0.0,"weekday":1},{"pair":"DOGE/USDT","stake_amount":1.27818,"max_stake_amount":1.27818,"amount":9.0,"open_date":"2025-11-22 22:55:00+00:00","close_date":"2025-11-23 00:00:00+00:00","open_rate":0.14202,"close_rate":0.14027,"fee_open":0.001,"fee_close":0.001,"trade_duration":65,"profit_ratio":-0.014295590341217716,"profit_abs":-0.01829061,"exit_reason":"exit_signal","initial_stop_loss_abs":0.12782,"initial_stop_loss_ratio":-0.1,"stop_loss_abs":0.12782,"stop_loss_ratio":-0.1,"min_rate":0.13992000000000002,"max_rate":0.14217000000000002,"is_open":false,"enter_tag":"","leverage":1.0,"is_short":false,"open_timestamp":1763852100000,"close_timestamp":1763856000000,"orders":[{"amount":9.0,"safe_price":0.14202,"ft_order_side":"buy","order_filled_timestamp":1763852100000,"ft_is_entry":true,"ft_order_tag":"","cost":1.27945818},{"amount":9.0,"safe_price":0.14027,"ft_order_side":"sell","order_filled_timestamp":1763856000000,"ft_is_entry":false,"ft_order_tag":"exit_signal","cost":1.26369243}],"funding_fees":0.0,"weekday":6},{"pair":"DOGE/USDT","stake_amount":1.27764,"max_stake_amount":1.27764,"amount":9.0,"open_date":"2025-11-23 02:25:00+00:00","close_date":"2025-11-23 06:25:00+00:00","open_rate":0.14196,"close_rate":0.14314000000000002,"fee_open":0.001,"fee_close":0.001,"trade_duration":240,"profit_ratio":0.00629759082844459,"profit_abs":0.0080541,"exit_reason":"exit_signal","initial_stop_loss_abs":0.12777,"initial_stop_loss_ratio":-0.1,"stop_loss_abs":0.12777,"stop_loss_ratio":-0.1,"min_rate":0.14187000000000002,"max_rate":0.1447,"is_open":false,"enter_tag":"","leverage":1.0,"is_short":false,"open_timestamp":1763864700000,"close_timestamp":1763879100000,"orders":[{"amount":9.0,"safe_price":0.14196,"ft_order_side":"buy","order_filled_timestamp":1763864700000,"ft_is_entry":true,"ft_order_tag":"","cost":1.27891764},{"amount":9.0,"safe_price":0.14314000000000002,"ft_order_side":"sell","order_filled_timestamp":1763879100000,"ft_is_entry":false,"ft_order_tag":"exit_signal","cost":1.2895482600000001}],"funding_fees":0.0,"weekday":6},{"pair":"DOGE/USDT","stake_amount":1.35396,"max_stake_amount":1.35396,"amount":9.0,"open_date":"2025-11-30 13:55:00+00:00","close_date":"2025-11-30 15:10:00+00:00","open_rate":0.15044,"close_rate":0.14906000000000003,"fee_open":0.001,"fee_close":0.001,"trade_duration":75,"profit_ratio":-0.011152766404029365,"profit_abs":-0.0151155,"exit_reason":"exit_signal","initial_stop_loss_abs":0.1354,"initial_stop_loss_ratio":-0.1,"stop_loss_abs":0.1354,"stop_loss_ratio":-0.1,"min_rate":0.14894000000000002,"max_rate":0.15057,"is_open":false,"enter_tag":"","leverage":1.0,"is_short":false,"open_timestamp":1764510900000,"close_timestamp":1764515400000,"orders":[{"amount":9.0,"safe_price":0.15044000000000002,"ft_order_side":"buy","order_filled_timestamp":1764510900000,"ft_is_entry":true,"ft_order_tag":"","cost":1.3553139600000002},{"amount":9.0,"safe_price":0.14906000000000003,"ft_order_side":"sell","order_filled_timestamp":1764515400000,"ft_is_entry":false,"ft_order_tag":"exit_signal","cost":1.34288154}],"funding_fees":0.0,"weekday":6},{"pair":"DOGE/USDT","stake_amount":1.35351,"max_stake_amount":1.35351,"amount":9.0,"open_date":"2025-11-30 16:55:00+00:00","close_date":"2025-11-30 17:20:00+00:00","open_rate":0.15039,"close_rate":0.14993,"fee_open":0.001,"fee_close":0.001,"trade_duration":25,"profit_ratio":-0.0050506046915382635,"profit_abs":-0.00684288,"exit_reason":"exit_signal","initial_stop_loss_abs":0.13536,"initial_stop_loss_ratio":-0.1,"stop_loss_abs":0.13536,"stop_loss_ratio":-0.1,"min_rate":0.14968,"max_rate":0.15042000000000003,"is_open":false,"enter_tag":"","leverage":1.0,"is_short":false,"open_timestamp":1764521700000,"close_timestamp":1764523200000,"orders":[{"amount":9.0,"safe_price":0.15039000000000002,"ft_order_side":"buy","order_filled_timestamp":1764521700000,"ft_is_entry":true,"ft_order_tag":"","cost":1.3548635100000002},{"amount":9.0,"safe_price":0.14993,"ft_order_side":"sell","order_filled_timestamp":1764523200000,"ft_is_entry":false,"ft_order_tag":"exit_signal","cost":1.3507193699999998}],"funding_fees":0.0,"weekday":6},{"pair":"DOGE/USDT","stake_amount":1.3721,"max_stake_amount":1.3721,"amount":10.0,"open_date":"2025-12-02 11:55:00+00:00","close_date":"2025-12-02 19:40:00+00:00","open_rate":0.13721,"close_rate":0.14644000000000001,"fee_open":0.001,"fee_close":0.001,"trade_duration":465,"profit_ratio":0.06513674358583621,"profit_abs":0.0894635,"exit_reason":"exit_signal","initial_stop_loss_abs":0.12349,"initial_stop_loss_ratio":-0.1,"stop_loss_abs":0.12349,"stop_loss_ratio":-0.1,"min_rate":0.1368,"max_rate":0.14783000000000002,"is_open":false,"enter_tag":"","leverage":1.0,"is_short":false,"open_timestamp":1764676500000,"close_timestamp":1764704400000,"orders":[{"amount":10.0,"safe_price":0.13721,"ft_order_side":"buy","order_filled_timestamp":1764676500000,"ft_is_entry":true,"ft_order_tag":"","cost":1.3734720999999999},{"amount":10.0,"safe_price":0.14644000000000001,"ft_order_side":"sell","order_filled_timestamp":1764704400000,"ft_is_entry":false,"ft_order_tag":"exit_signal","cost":1.4658644}],"funding_fees":0.0,"weekday":1},{"pair":"DOGE/USDT","stake_amount":1.28457,"max_stake_amount":1.28457,"amount":9.0,"open_date":"2025-12-07 18:30:00+00:00","close_date":"2025-12-07 22:05:00+00:00","open_rate":0.14273,"close_rate":0.13822,"fee_open":0.001,"fee_close":0.001,"trade_duration":215,"profit_ratio":-0.03353299121532849,"profit_abs":-0.04311855,"exit_reason":"exit_signal","initial_stop_loss_abs":0.12846,"initial_stop_loss_ratio":-0.1,"stop_loss_abs":0.12846,"stop_loss_ratio":-0.1,"min_rate":0.13584000000000002,"max_rate":0.14282,"is_open":false,"enter_tag":"","leverage":1.0,"is_short":false,"open_timestamp":1765132200000,"close_timestamp":1765145100000,"orders":[{"amount":9.0,"safe_price":0.14273000000000002,"ft_order_side":"buy","order_filled_timestamp":1765132200000,"ft_is_entry":true,"ft_order_tag":"","cost":1.2858545700000001},{"amount":9.0,"safe_price":0.13822,"ft_order_side":"sell","order_filled_timestamp":1765145100000,"ft_is_entry":false,"ft_order_tag":"exit_signal","cost":1.24522398}],"funding_fees":0.0,"weekday":6},{"pair":"DOGE/USDT","stake_amount":1.29663,"max_stake_amount":1.29663,"amount":9.0,"open_date":"2025-12-08 09:10:00+00:00","close_date":"2025-12-08 11:55:00+00:00","open_rate":0.14407,"close_rate":0.14314000000000002,"fee_open":0.001,"fee_close":0.001,"trade_duration":165,"profit_ratio":-0.00844029989584234,"profit_abs":-0.01095489,"exit_reason":"exit_signal","initial_stop_loss_abs":0.12967,"initial_stop_loss_ratio":-0.1,"stop_loss_abs":0.12967,"stop_loss_ratio":-0.1,"min_rate":0.14297,"max_rate":0.14445000000000002,"is_open":false,"enter_tag":"","leverage":1.0,"is_short":false,"open_timestamp":1765185000000,"close_timestamp":1765194900000,"orders":[{"amount":9.0,"safe_price":0.14407,"ft_order_side":"buy","order_filled_timestamp":1765185000000,"ft_is_entry":true,"ft_order_tag":"","cost":1.2979266299999999},{"amount":9.0,"safe_price":0.14314000000000002,"ft_order_side":"sell","order_filled_timestamp":1765194900000,"ft_is_entry":false,"ft_order_tag":"exit_signal","cost":1.2895482600000001}],"funding_fees":0.0,"weekday":0},{"pair":"DOGE/USDT","stake_amount":1.36296,"max_stake_amount":1.36296,"amount":9.0,"open_date":"2025-12-09 16:55:00+00:00","close_date":"2025-12-09 20:35:00+00:00","open_rate":0.15144,"close_rate":0.14882,"fee_open":0.001,"fee_close":0.001,"trade_duration":220,"profit_ratio":-0.019264016490640894,"profit_abs":-0.02628234,"exit_reason":"exit_signal","initial_stop_loss_abs":0.1363,"initial_stop_loss_ratio":-0.1,"stop_loss_abs":0.1363,"stop_loss_ratio":-0.1,"min_rate":0.14879,"max_rate":0.15319000000000002,"is_open":false,"enter_tag":"","leverage":1.0,"is_short":false,"open_timestamp":1765299300000,"close_timestamp":1765312500000,"orders":[{"amount":9.0,"safe_price":0.15144000000000002,"ft_order_side":"buy","order_filled_timestamp":1765299300000,"ft_is_entry":true,"ft_order_tag":"","cost":1.36432296},{"amount":9.0,"safe_price":0.14882,"ft_order_side":"sell","order_filled_timestamp":1765312500000,"ft_is_entry":false,"ft_order_tag":"exit_signal","cost":1.34071938}],"funding_fees":0.0,"weekday":1},{"pair":"DOGE/USDT","stake_amount":1.3949,"max_stake_amount":1.3949,"amount":10.0,"open_date":"2025-12-13 10:50:00+00:00","close_date":"2025-12-13 13:40:00+00:00","open_rate":0.13949,"close_rate":0.13909000000000002,"fee_open":0.001,"fee_close":0.001,"trade_duration":170,"profit_ratio":-0.004859861623787353,"profit_abs":-0.0067858,"exit_reason":"exit_signal","initial_stop_loss_abs":0.12555,"initial_stop_loss_ratio":-0.1,"stop_loss_abs":0.12555,"stop_loss_ratio":-0.1,"min_rate":0.13869,"max_rate":0.14002,"is_open":false,"enter_tag":"","leverage":1.0,"is_short":false,"open_timestamp":1765623000000,"close_timestamp":1765633200000,"orders":[{"amount":10.0,"safe_price":0.13949,"ft_order_side":"buy","order_filled_timestamp":1765623000000,"ft_is_entry":true,"ft_order_tag":"","cost":1.3962948999999998},{"amount":10.0,"safe_price":0.13909000000000002,"ft_order_side":"sell","order_filled_timestamp":1765633200000,"ft_is_entry":false,"ft_order_tag":"exit_signal","cost":1.3922909}],"funding_fees":0.0,"weekday":5},{"pair":"DOGE/USDT","stake_amount":1.3463,"max_stake_amount":1.3463,"amount":10.0,"open_date":"2025-12-17 15:35:00+00:00","close_date":"2025-12-17 16:10:00+00:00","open_rate":0.13463,"close_rate":0.13019,"fee_open":0.001,"fee_close":0.001,"trade_duration":35,"profit_ratio":-0.034911385873281436,"profit_abs":-0.0470482,"exit_reason":"exit_signal","initial_stop_loss_abs":0.12117,"initial_stop_loss_ratio":-0.1,"stop_loss_abs":0.12117,"stop_loss_ratio":-0.1,"min_rate":0.1288,"max_rate":0.13463,"is_open":false,"enter_tag":"","leverage":1.0,"is_short":false,"open_timestamp":1765985700000,"close_timestamp":1765987800000,"orders":[{"amount":10.0,"safe_price":0.13463,"ft_order_side":"buy","order_filled_timestamp":1765985700000,"ft_is_entry":true,"ft_order_tag":"","cost":1.3476462999999999},{"amount":10.0,"safe_price":0.13019,"ft_order_side":"sell","order_filled_timestamp":1765987800000,"ft_is_entry":false,"ft_order_tag":"exit_signal","cost":1.3032019}],"funding_fees":0.0,"weekday":2},{"pair":"DOGE/USDT","stake_amount":1.313,"max_stake_amount":1.313,"amount":10.0,"open_date":"2025-12-19 16:55:00+00:00","close_date":"2025-12-19 17:35:00+00:00","open_rate":0.1313,"close_rate":0.13016,"fee_open":0.001,"fee_close":0.001,"trade_duration":40,"profit_ratio":-0.010663061234272202,"profit_abs":-0.0140146,"exit_reason":"exit_signal","initial_stop_loss_abs":0.11817,"initial_stop_loss_ratio":-0.1,"stop_loss_abs":0.11817,"stop_loss_ratio":-0.1,"min_rate":0.13001000000000001,"max_rate":0.13225,"is_open":false,"enter_tag":"","leverage":1.0,"is_short":false,"open_timestamp":1766163300000,"close_timestamp":1766165700000,"orders":[{"amount":10.0,"safe_price":0.1313,"ft_order_side":"buy","order_filled_timestamp":1766163300000,"ft_is_entry":true,"ft_order_tag":"","cost":1.3143129999999998},{"amount":10.0,"safe_price":0.13016,"ft_order_side":"sell","order_filled_timestamp":1766165700000,"ft_is_entry":false,"ft_order_tag":"exit_signal","cost":1.3029016}],"funding_fees":0.0,"weekday":4},{"pair":"DOGE/USDT","stake_amount":1.3321,"max_stake_amount":1.3321,"amount":10.0,"open_date":"2025-12-19 20:25:00+00:00","close_date":"2025-12-19 20:45:00+00:00","open_rate":0.13321,"close_rate":0.13285000000000002,"fee_open":0.001,"fee_close":0.001,"trade_duration":20,"profit_ratio":-0.0046951022103037705,"profit_abs":-0.0062606,"exit_reason":"exit_signal","initial_stop_loss_abs":0.11989,"initial_stop_loss_ratio":-0.1,"stop_loss_abs":0.11989,"stop_loss_ratio":-0.1,"min_rate":0.1326,"max_rate":0.13342,"is_open":false,"enter_tag":"","leverage":1.0,"is_short":false,"open_timestamp":1766175900000,"close_timestamp":1766177100000,"orders":[{"amount":10.0,"safe_price":0.13321000000000002,"ft_order_side":"buy","order_filled_timestamp":1766175900000,"ft_is_entry":true,"ft_order_tag":"","cost":1.3334321000000002},{"amount":10.0,"safe_price":0.13285000000000002,"ft_order_side":"sell","order_filled_timestamp":1766177100000,"ft_is_entry":false,"ft_order_tag":"exit_signal","cost":1.3298285}],"funding_fees":0.0,"weekday":4},{"pair":"DOGE/USDT","stake_amount":1.38897,"max_stake_amount":1.38897,"amount":11.0,"open_date":"2025-12-26 13:50:00+00:00","close_date":"2025-12-26 14:45:00+00:00","open_rate":0.12627,"close_rate":0.12512,"fee_open":0.001,"fee_close":0.001,"trade_duration":55,"profit_ratio":-0.011087273382355347,"profit_abs":-0.01541529,"exit_reason":"exit_signal","initial_stop_loss_abs":0.11365,"initial_stop_loss_ratio":-0.1,"stop_loss_abs":0.11365,"stop_loss_ratio":-0.1,"min_rate":0.12366,"max_rate":0.12632000000000002,"is_open":false,"enter_tag":"","leverage":1.0,"is_short":false,"open_timestamp":1766757000000,"close_timestamp":1766760300000,"orders":[{"amount":11.0,"safe_price":0.12627000000000002,"ft_order_side":"buy","order_filled_timestamp":1766757000000,"ft_is_entry":true,"ft_order_tag":"","cost":1.39035897},{"amount":11.0,"safe_price":0.12512,"ft_order_side":"sell","order_filled_timestamp":1766760300000,"ft_is_entry":false,"ft_order_tag":"exit_signal","cost":1.37769632}],"funding_fees":0.0,"weekday":4},{"pair":"DOGE/USDT","stake_amount":1.35828,"max_stake_amount":1.35828,"amount":11.0,"open_date":"2025-12-27 21:35:00+00:00","close_date":"2025-12-28 02:00:00+00:00","open_rate":0.12348,"close_rate":0.12382000000000001,"fee_open":0.001,"fee_close":0.001,"trade_duration":265,"profit_ratio":0.0007499788840896713,"profit_abs":0.0010197,"exit_reason":"exit_signal","initial_stop_loss_abs":0.11114,"initial_stop_loss_ratio":-0.1,"stop_loss_abs":0.11114,"stop_loss_ratio":-0.1,"min_rate":0.12316,"max_rate":0.12492000000000002,"is_open":false,"enter_tag":"","leverage":1.0,"is_short":false,"open_timestamp":1766871300000,"close_timestamp":1766887200000,"orders":[{"amount":11.0,"safe_price":0.12348,"ft_order_side":"buy","order_filled_timestamp":1766871300000,"ft_is_entry":true,"ft_order_tag":"","cost":1.35963828},{"amount":11.0,"safe_price":0.12382000000000001,"ft_order_side":"sell","order_filled_timestamp":1766887200000,"ft_is_entry":false,"ft_order_tag":"exit_signal","cost":1.36338202}],"funding_fees":0.0,"weekday":6},{"pair":"DOGE/USDT","stake_amount":1.3503,"max_stake_amount":1.3503,"amount":10.0,"open_date":"2026-01-02 16:05:00+00:00","close_date":"2026-01-02 20:45:00+00:00","open_rate":0.13503,"close_rate":0.13968,"fee_open":0.001,"fee_close":0.001,"trade_duration":280,"profit_ratio":0.03236998504716789,"profit_abs":0.0437529,"exit_reason":"exit_signal","initial_stop_loss_abs":0.12153,"initial_stop_loss_ratio":-0.1,"stop_loss_abs":0.12153,"stop_loss_ratio":-0.1,"min_rate":0.13484000000000002,"max_rate":0.14053000000000002,"is_open":false,"enter_tag":"","leverage":1.0,"is_short":false,"open_timestamp":1767369900000,"close_timestamp":1767386700000,"orders":[{"amount":10.0,"safe_price":0.13503,"ft_order_side":"buy","order_filled_timestamp":1767369900000,"ft_is_entry":true,"ft_order_tag":"","cost":1.3516503},{"amount":10.0,"safe_price":0.13968,"ft_order_side":"sell","order_filled_timestamp":1767386700000,"ft_is_entry":false,"ft_order_tag":"exit_signal","cost":1.3981967999999998}],"funding_fees":0.0,"weekday":4},{"pair":"DOGE/USDT","stake_amount":1.29339,"max_stake_amount":1.29339,"amount":9.0,"open_date":"2026-01-02 22:40:00+00:00","close_date":"2026-01-02 23:40:00+00:00","open_rate":0.14371,"close_rate":0.14241,"fee_open":0.001,"fee_close":0.001,"trade_duration":60,"profit_ratio":-0.011025923488521777,"profit_abs":-0.01427508,"exit_reason":"exit_signal","initial_stop_loss_abs":0.12934,"initial_stop_loss_ratio":-0.1,"stop_loss_abs":0.12934,"stop_loss_ratio":-0.1,"min_rate":0.14173000000000002,"max_rate":0.14498000000000003,"is_open":false,"enter_tag":"","leverage":1.0,"is_short":false,"open_timestamp":1767393600000,"close_timestamp":1767397200000,"orders":[{"amount":9.0,"safe_price":0.14371,"ft_order_side":"buy","order_filled_timestamp":1767393600000,"ft_is_entry":true,"ft_order_tag":"","cost":1.2946833899999999},{"amount":9.0,"safe_price":0.14241,"ft_order_side":"sell","order_filled_timestamp":1767397200000,"ft_is_entry":false,"ft_order_tag":"exit_signal","cost":1.2829716899999999}],"funding_fees":0.0,"weekday":4},{"pair":"DOGE/USDT","stake_amount":1.29105,"max_stake_amount":1.29105,"amount":9.0,"open_date":"2026-01-09 16:25:00+00:00","close_date":"2026-01-09 19:15:00+00:00","open_rate":0.14345,"close_rate":0.13944,"fee_open":0.001,"fee_close":0.001,"trade_duration":170,"profit_ratio":-0.029896140805865445,"profit_abs":-0.03863601,"exit_reason":"exit_signal","initial_stop_loss_abs":0.12911,"initial_stop_loss_ratio":-0.1,"stop_loss_abs":0.12911,"stop_loss_ratio":-0.1,"min_rate":0.13907,"max_rate":0.14381000000000002,"is_open":false,"enter_tag":"","leverage":1.0,"is_short":false,"open_timestamp":1767975900000,"close_timestamp":1767986100000,"orders":[{"amount":9.0,"safe_price":0.14345000000000002,"ft_order_side":"buy","order_filled_timestamp":1767975900000,"ft_is_entry":true,"ft_order_tag":"","cost":1.29234105},{"amount":9.0,"safe_price":0.13944,"ft_order_side":"sell","order_filled_timestamp":1767986100000,"ft_is_entry":false,"ft_order_tag":"exit_signal","cost":1.2562149599999999}],"funding_fees":0.0,"weekday":4},{"pair":"DOGE/USDT","stake_amount":1.4025,"max_stake_amount":1.4025,"amount":10.0,"open_date":"2026-01-10 10:30:00+00:00","close_date":"2026-01-10 14:40:00+00:00","open_rate":0.14025,"close_rate":0.13986,"fee_open":0.001,"fee_close":0.001,"trade_duration":250,"profit_ratio":-0.004773194719718783,"profit_abs":-0.0067011,"exit_reason":"exit_signal","initial_stop_loss_abs":0.12623,"initial_stop_loss_ratio":-0.1,"stop_loss_abs":0.12623,"stop_loss_ratio":-0.1,"min_rate":0.1396,"max_rate":0.14056000000000002,"is_open":false,"enter_tag":"","leverage":1.0,"is_short":false,"open_timestamp":1768041000000,"close_timestamp":1768056000000,"orders":[{"amount":10.0,"safe_price":0.14025,"ft_order_side":"buy","order_filled_timestamp":1768041000000,"ft_is_entry":true,"ft_order_tag":"","cost":1.4039024999999998},{"amount":10.0,"safe_price":0.13986,"ft_order_side":"sell","order_filled_timestamp":1768056000000,"ft_is_entry":false,"ft_order_tag":"exit_signal","cost":1.3999986}],"funding_fees":0.0,"weekday":5},{"pair":"DOGE/USDT","stake_amount":1.4016,"max_stake_amount":1.4016,"amount":10.0,"open_date":"2026-01-10 17:10:00+00:00","close_date":"2026-01-10 18:00:00+00:00","open_rate":0.14016,"close_rate":0.13973000000000002,"fee_open":0.001,"fee_close":0.001,"trade_duration":50,"profit_ratio":-0.005059794657397397,"profit_abs":-0.0070989,"exit_reason":"exit_signal","initial_stop_loss_abs":0.12615,"initial_stop_loss_ratio":-0.1,"stop_loss_abs":0.12615,"stop_loss_ratio":-0.1,"min_rate":0.13968,"max_rate":0.1403,"is_open":false,"enter_tag":"","leverage":1.0,"is_short":false,"open_timestamp":1768065000000,"close_timestamp":1768068000000,"orders":[{"amount":10.0,"safe_price":0.14016,"ft_order_side":"buy","order_filled_timestamp":1768065000000,"ft_is_entry":true,"ft_order_tag":"","cost":1.4030016},{"amount":10.0,"safe_price":0.13973000000000002,"ft_order_side":"sell","order_filled_timestamp":1768068000000,"ft_is_entry":false,"ft_order_tag":"exit_signal","cost":1.3986973}],"funding_fees":0.0,"weekday":5},{"pair":"DOGE/USDT","stake_amount":1.402,"max_stake_amount":1.402,"amount":10.0,"open_date":"2026-01-10 19:35:00+00:00","close_date":"2026-01-10 21:20:00+00:00","open_rate":0.1402,"close_rate":0.1398,"fee_open":0.001,"fee_close":0.001,"trade_duration":105,"profit_ratio":-0.004845368611417112,"profit_abs":-0.0068,"exit_reason":"exit_signal","initial_stop_loss_abs":0.12618,"initial_stop_loss_ratio":-0.1,"stop_loss_abs":0.12618,"stop_loss_ratio":-0.1,"min_rate":0.13974,"max_rate":0.14048000000000002,"is_open":false,"enter_tag":"","leverage":1.0,"is_short":false,"open_timestamp":1768073700000,"close_timestamp":1768080000000,"orders":[{"amount":10.0,"safe_price":0.14020000000000002,"ft_order_side":"buy","order_filled_timestamp":1768073700000,"ft_is_entry":true,"ft_order_tag":"","cost":1.403402},{"amount":10.0,"safe_price":0.1398,"ft_order_side":"sell","order_filled_timestamp":1768080000000,"ft_is_entry":false,"ft_order_tag":"exit_signal","cost":1.399398}],"funding_fees":0.0,"weekday":5},{"pair":"DOGE/USDT","stake_amount":1.4032,"max_stake_amount":1.4032,"amount":10.0,"open_date":"2026-01-11 09:30:00+00:00","close_date":"2026-01-11 12:05:00+00:00","open_rate":0.14032,"close_rate":0.13982,"fee_open":0.001,"fee_close":0.001,"trade_duration":155,"profit_ratio":-0.0055541664720684105,"profit_abs":-0.0078014,"exit_reason":"exit_signal","initial_stop_loss_abs":0.12629,"initial_stop_loss_ratio":-0.1,"stop_loss_abs":0.12629,"stop_loss_ratio":-0.1,"min_rate":0.13946,"max_rate":0.14035,"is_open":false,"enter_tag":"","leverage":1.0,"is_short":false,"open_timestamp":1768123800000,"close_timestamp":1768133100000,"orders":[{"amount":10.0,"safe_price":0.14032,"ft_order_side":"buy","order_filled_timestamp":1768123800000,"ft_is_entry":true,"ft_order_tag":"","cost":1.4046032},{"amount":10.0,"safe_price":0.13982,"ft_order_side":"sell","order_filled_timestamp":1768133100000,"ft_is_entry":false,"ft_order_tag":"exit_signal","cost":1.3995982}],"funding_fees":0.0,"weekday":6},{"pair":"DOGE/USDT","stake_amount":1.3999,"max_stake_amount":1.3999,"amount":10.0,"open_date":"2026-01-11 12:35:00+00:00","close_date":"2026-01-11 15:35:00+00:00","open_rate":0.13999,"close_rate":0.14013,"fee_open":0.001,"fee_close":0.001,"trade_duration":180,"profit_ratio":-0.0009999287090507892,"profit_abs":-0.0014012,"exit_reason":"exit_signal","initial_stop_loss_abs":0.126,"initial_stop_loss_ratio":-0.1,"stop_loss_abs":0.126,"stop_loss_ratio":-0.1,"min_rate":0.13977,"max_rate":0.14120000000000002,"is_open":false,"enter_tag":"","leverage":1.0,"is_short":false,"open_timestamp":1768134900000,"close_timestamp":1768145700000,"orders":[{"amount":10.0,"safe_price":0.13999,"ft_order_side":"buy","order_filled_timestamp":1768134900000,"ft_is_entry":true,"ft_order_tag":"","cost":1.4012999},{"amount":10.0,"safe_price":0.14013,"ft_order_side":"sell","order_filled_timestamp":1768145700000,"ft_is_entry":false,"ft_order_tag":"exit_signal","cost":1.4027013}],"funding_fees":0.0,"weekday":6},{"pair":"DOGE/USDT","stake_amount":1.27647,"max_stake_amount":1.27647,"amount":9.0,"open_date":"2026-01-12 03:30:00+00:00","close_date":"2026-01-12 06:55:00+00:00","open_rate":0.14183,"close_rate":0.13952,"fee_open":0.001,"fee_close":0.001,"trade_duration":205,"profit_ratio":-0.018252564610880904,"profit_abs":-0.02332215,"exit_reason":"exit_signal","initial_stop_loss_abs":0.12765,"initial_stop_loss_ratio":-0.1,"stop_loss_abs":0.12765,"stop_loss_ratio":-0.1,"min_rate":0.13947,"max_rate":0.14194,"is_open":false,"enter_tag":"","leverage":1.0,"is_short":false,"open_timestamp":1768188600000,"close_timestamp":1768200900000,"orders":[{"amount":9.0,"safe_price":0.14183,"ft_order_side":"buy","order_filled_timestamp":1768188600000,"ft_is_entry":true,"ft_order_tag":"","cost":1.27774647},{"amount":9.0,"safe_price":0.13952,"ft_order_side":"sell","order_filled_timestamp":1768200900000,"ft_is_entry":false,"ft_order_tag":"exit_signal","cost":1.25693568}],"funding_fees":0.0,"weekday":0},{"pair":"DOGE/USDT","stake_amount":1.3908,"max_stake_amount":1.3908,"amount":10.0,"open_date":"2026-01-13 06:05:00+00:00","close_date":"2026-01-13 11:10:00+00:00","open_rate":0.13908,"close_rate":0.1391,"fee_open":0.001,"fee_close":0.001,"trade_duration":305,"profit_ratio":-0.001854487186670103,"profit_abs":-0.0025818,"exit_reason":"exit_signal","initial_stop_loss_abs":0.12518,"initial_stop_loss_ratio":-0.1,"stop_loss_abs":0.12518,"stop_loss_ratio":-0.1,"min_rate":0.1384,"max_rate":0.14037000000000002,"is_open":false,"enter_tag":"","leverage":1.0,"is_short":false,"open_timestamp":1768284300000,"close_timestamp":1768302600000,"orders":[{"amount":10.0,"safe_price":0.13908,"ft_order_side":"buy","order_filled_timestamp":1768284300000,"ft_is_entry":true,"ft_order_tag":"","cost":1.3921907999999998},{"amount":10.0,"safe_price":0.1391,"ft_order_side":"sell","order_filled_timestamp":1768302600000,"ft_is_entry":false,"ft_order_tag":"exit_signal","cost":1.392391}],"funding_fees":0.0,"weekday":1},{"pair":"DOGE/USDT","stake_amount":1.4042,"max_stake_amount":1.4042,"amount":10.0,"open_date":"2026-01-13 15:00:00+00:00","close_date":"2026-01-13 15:05:00+00:00","open_rate":0.14042,"close_rate":0.1401,"fee_open":0.001,"fee_close":0.001,"trade_duration":5,"profit_ratio":-0.004272326448654606,"profit_abs":-0.0060052,"exit_reason":"exit_signal","initial_stop_loss_abs":0.12638,"initial_stop_loss_ratio":-0.1,"stop_loss_abs":0.12638,"stop_loss_ratio":-0.1,"min_rate":0.13969,"max_rate":0.14073000000000002,"is_open":false,"enter_tag":"","leverage":1.0,"is_short":false,"open_timestamp":1768316400000,"close_timestamp":1768316700000,"orders":[{"amount":10.0,"safe_price":0.14042000000000002,"ft_order_side":"buy","order_filled_timestamp":1768316400000,"ft_is_entry":true,"ft_order_tag":"","cost":1.4056042},{"amount":10.0,"safe_price":0.1401,"ft_order_side":"sell","order_filled_timestamp":1768316700000,"ft_is_entry":false,"ft_order_tag":"exit_signal","cost":1.4024009999999998}],"funding_fees":0.0,"weekday":1},{"pair":"DOGE/USDT","stake_amount":1.27251,"max_stake_amount":1.27251,"amount":9.0,"open_date":"2026-01-13 15:45:00+00:00","close_date":"2026-01-13 21:40:00+00:00","open_rate":0.14139,"close_rate":0.14458000000000001,"fee_open":0.001,"fee_close":0.001,"trade_duration":355,"profit_ratio":0.02051862841169015,"profit_abs":0.02613627,"exit_reason":"exit_signal","initial_stop_loss_abs":0.12726,"initial_stop_loss_ratio":-0.1,"stop_loss_abs":0.12726,"stop_loss_ratio":-0.1,"min_rate":0.14103000000000002,"max_rate":0.14505,"is_open":false,"enter_tag":"","leverage":1.0,"is_short":false,"open_timestamp":1768319100000,"close_timestamp":1768340400000,"orders":[{"amount":9.0,"safe_price":0.14139000000000002,"ft_order_side":"buy","order_filled_timestamp":1768319100000,"ft_is_entry":true,"ft_order_tag":"","cost":1.27378251},{"amount":9.0,"safe_price":0.14458000000000001,"ft_order_side":"sell","order_filled_timestamp":1768340400000,"ft_is_entry":false,"ft_order_tag":"exit_signal","cost":1.3025212199999998}],"funding_fees":0.0,"weekday":1},{"pair":"DOGE/USDT","stake_amount":1.33371,"max_stake_amount":1.33371,"amount":9.0,"open_date":"2026-01-13 22:10:00+00:00","close_date":"2026-01-14 01:20:00+00:00","open_rate":0.14819,"close_rate":0.14836000000000002,"fee_open":0.001,"fee_close":0.001,"trade_duration":190,"profit_ratio":-0.0008531181349860072,"profit_abs":-0.00113895,"exit_reason":"exit_signal","initial_stop_loss_abs":0.13338,"initial_stop_loss_ratio":-0.1,"stop_loss_abs":0.13338,"stop_loss_ratio":-0.1,"min_rate":0.14741,"max_rate":0.15095,"is_open":false,"enter_tag":"","leverage":1.0,"is_short":false,"open_timestamp":1768342200000,"close_timestamp":1768353600000,"orders":[{"amount":9.0,"safe_price":0.14819000000000002,"ft_order_side":"buy","order_filled_timestamp":1768342200000,"ft_is_entry":true,"ft_order_tag":"","cost":1.33504371},{"amount":9.0,"safe_price":0.14836000000000002,"ft_order_side":"sell","order_filled_timestamp":1768353600000,"ft_is_entry":false,"ft_order_tag":"exit_signal","cost":1.3365752400000002}],"funding_fees":0.0,"weekday":2},{"pair":"DOGE/USDT","stake_amount":1.37665,"max_stake_amount":1.37665,"amount":11.0,"open_date":"2026-01-21 01:00:00+00:00","close_date":"2026-01-21 06:40:00+00:00","open_rate":0.12515,"close_rate":0.1253,"fee_open":0.001,"fee_close":0.001,"trade_duration":340,"profit_ratio":-0.0008018350007962473,"profit_abs":-0.00110495,"exit_reason":"exit_signal","initial_stop_loss_abs":0.11264,"initial_stop_loss_ratio":-0.1,"stop_loss_abs":0.11264,"stop_loss_ratio":-0.1,"min_rate":0.12508,"max_rate":0.1265,"is_open":false,"enter_tag":"","leverage":1.0,"is_short":false,"open_timestamp":1768957200000,"close_timestamp":1768977600000,"orders":[{"amount":11.0,"safe_price":0.12515,"ft_order_side":"buy","order_filled_timestamp":1768957200000,"ft_is_entry":true,"ft_order_tag":"","cost":1.37802665},{"amount":11.0,"safe_price":0.1253,"ft_order_side":"sell","order_filled_timestamp":1768977600000,"ft_is_entry":false,"ft_order_tag":"exit_signal","cost":1.3796782999999997}],"funding_fees":0.0,"weekday":2},{"pair":"DOGE/USDT","stake_amount":1.40371,"max_stake_amount":1.40371,"amount":11.0,"open_date":"2026-01-21 20:05:00+00:00","close_date":"2026-01-22 00:35:00+00:00","open_rate":0.12761,"close_rate":0.12705000000000002,"fee_open":0.001,"fee_close":0.001,"trade_duration":270,"profit_ratio":-0.006377604841675056,"profit_abs":-0.00896126,"exit_reason":"exit_signal","initial_stop_loss_abs":0.11485,"initial_stop_loss_ratio":-0.1,"stop_loss_abs":0.11485,"stop_loss_ratio":-0.1,"min_rate":0.12624000000000002,"max_rate":0.12884,"is_open":false,"enter_tag":"","leverage":1.0,"is_short":false,"open_timestamp":1769025900000,"close_timestamp":1769042100000,"orders":[{"amount":11.0,"safe_price":0.12761,"ft_order_side":"buy","order_filled_timestamp":1769025900000,"ft_is_entry":true,"ft_order_tag":"","cost":1.40511371},{"amount":11.0,"safe_price":0.12705000000000002,"ft_order_side":"sell","order_filled_timestamp":1769042100000,"ft_is_entry":false,"ft_order_tag":"exit_signal","cost":1.3989475500000002}],"funding_fees":0.0,"weekday":3},{"pair":"DOGE/USDT","stake_amount":1.34981,"max_stake_amount":1.34981,"amount":11.0,"open_date":"2026-01-26 18:55:00+00:00","close_date":"2026-01-26 19:30:00+00:00","open_rate":0.12271,"close_rate":0.12250000000000001,"fee_open":0.001,"fee_close":0.001,"trade_duration":35,"profit_ratio":-0.0037059346814053025,"profit_abs":-0.00500731,"exit_reason":"exit_signal","initial_stop_loss_abs":0.11044,"initial_stop_loss_ratio":-0.1,"stop_loss_abs":0.11044,"stop_loss_ratio":-0.1,"min_rate":0.12241,"max_rate":0.12327,"is_open":false,"enter_tag":"","leverage":1.0,"is_short":false,"open_timestamp":1769453700000,"close_timestamp":1769455800000,"orders":[{"amount":11.0,"safe_price":0.12271000000000001,"ft_order_side":"buy","order_filled_timestamp":1769453700000,"ft_is_entry":true,"ft_order_tag":"","cost":1.35115981},{"amount":11.0,"safe_price":0.12250000000000001,"ft_order_side":"sell","order_filled_timestamp":1769455800000,"ft_is_entry":false,"ft_order_tag":"exit_signal","cost":1.3488475}],"funding_fees":0.0,"weekday":0},{"pair":"DOGE/USDT","stake_amount":1.37467,"max_stake_amount":1.37467,"amount":11.0,"open_date":"2026-01-27 17:00:00+00:00","close_date":"2026-01-27 17:45:00+00:00","open_rate":0.12497,"close_rate":0.12188000000000002,"fee_open":0.001,"fee_close":0.001,"trade_duration":45,"profit_ratio":-0.026674533756233357,"profit_abs":-0.03670535,"exit_reason":"exit_signal","initial_stop_loss_abs":0.11248,"initial_stop_loss_ratio":-0.1,"stop_loss_abs":0.11248,"stop_loss_ratio":-0.1,"min_rate":0.12178000000000001,"max_rate":0.12499,"is_open":false,"enter_tag":"","leverage":1.0,"is_short":false,"open_timestamp":1769533200000,"close_timestamp":1769535900000,"orders":[{"amount":11.0,"safe_price":0.12497000000000001,"ft_order_side":"buy","order_filled_timestamp":1769533200000,"ft_is_entry":true,"ft_order_tag":"","cost":1.37604467},{"amount":11.0,"safe_price":0.12188000000000002,"ft_order_side":"sell","order_filled_timestamp":1769535900000,"ft_is_entry":false,"ft_order_tag":"exit_signal","cost":1.3420206799999999}],"funding_fees":0.0,"weekday":1},{"pair":"DOGE/USDT","stake_amount":1.37005,"max_stake_amount":1.37005,"amount":11.0,"open_date":"2026-01-27 19:20:00+00:00","close_date":"2026-01-28 00:50:00+00:00","open_rate":0.12455,"close_rate":0.12577000000000002,"fee_open":0.001,"fee_close":0.001,"trade_duration":330,"profit_ratio":0.007777689993667514,"profit_abs":0.01066648,"exit_reason":"exit_signal","initial_stop_loss_abs":0.1121,"initial_stop_loss_ratio":-0.1,"stop_loss_abs":0.1121,"stop_loss_ratio":-0.1,"min_rate":0.12389000000000001,"max_rate":0.12666000000000002,"is_open":false,"enter_tag":"","leverage":1.0,"is_short":false,"open_timestamp":1769541600000,"close_timestamp":1769561400000,"orders":[{"amount":11.0,"safe_price":0.12455000000000001,"ft_order_side":"buy","order_filled_timestamp":1769541600000,"ft_is_entry":true,"ft_order_tag":"","cost":1.3714200499999998},{"amount":11.0,"safe_price":0.12577000000000002,"ft_order_side":"sell","order_filled_timestamp":1769561400000,"ft_is_entry":false,"ft_order_tag":"exit_signal","cost":1.3848534700000001}],"funding_fees":0.0,"weekday":2}],"locks":[],"best_pair":{"key":"BTC/USDT","trades":0,"profit_mean":0.0,"profit_mean_pct":0.0,"profit_total_abs":0.0,"profit_total":0.0,"profit_total_pct":0.0,"duration_avg":"0:00","wins":0,"draws":0,"losses":0,"winrate":0.0,"cagr":0.0,"expectancy":0.0,"expectancy_ratio":100.0,"sortino":0,"sharpe":0,"calmar":0,"sqn":0.0,"profit_factor":0.0,"max_drawdown_account":0.0,"max_drawdown_abs":0.0},"worst_pair":{"key":"DOGE/USDT","trades":39,"profit_mean":-0.002094127869713593,"profit_mean_pct":-0.21,"profit_total_abs":-0.10659158999999996,"profit_total":-0.0021318317999999992,"profit_total_pct":-0.21,"duration_avg":"3:26:00","wins":10,"draws":0,"losses":29,"winrate":0.2564102564102564,"cagr":-0.00861764446125246,"expectancy":-0.0027331176923076957,"expectancy_ratio":-0.18751344200568576,"sortino":-1.7467604072481089,"sharpe":-0.807636095976486,"calmar":-8.515388559609201,"sqn":-0.6014,"profit_factor":0.7478267504061468,"max_drawdown_account":0.005314377359494528,"max_drawdown_abs":0.26651206},"results_per_pair":[{"key":"BTC/USDT","trades":0,"profit_mean":0.0,"profit_mean_pct":0.0,"profit_total_abs":0.0,"profit_total":0.0,"profit_total_pct":0.0,"duration_avg":"0:00","wins":0,"draws":0,"losses":0,"winrate":0.0,"cagr":0.0,"expectancy":0.0,"expectancy_ratio":100.0,"sortino":0,"sharpe":0,"calmar":0,"sqn":0.0,"profit_factor":0.0,"max_drawdown_account":0.0,"max_drawdown_abs":0.0},{"key":"ETH/USDT","trades":0,"profit_mean":0.0,"profit_mean_pct":0.0,"profit_total_abs":0.0,"profit_total":0.0,"profit_total_pct":0.0,"duration_avg":"0:00","wins":0,"draws":0,"losses":0,"winrate":0.0,"cagr":0.0,"expectancy":0.0,"expectancy_ratio":100.0,"sortino":0,"sharpe":0,"calmar":0,"sqn":0.0,"profit_factor":0.0,"max_drawdown_account":0.0,"max_drawdown_abs":0.0},{"key":"BNB/USDT","trades":0,"profit_mean":0.0,"profit_mean_pct":0.0,"profit_total_abs":0.0,"profit_total":0.0,"profit_total_pct":0.0,"duration_avg":"0:00","wins":0,"draws":0,"losses":0,"winrate":0.0,"cagr":0.0,"expectancy":0.0,"expectancy_ratio":100.0,"sortino":0,"sharpe":0,"calmar":0,"sqn":0.0,"profit_factor":0.0,"max_drawdown_account":0.0,"max_drawdown_abs":0.0},{"key":"SOL/USDT","trades":0,"profit_mean":0.0,"profit_mean_pct":0.0,"profit_total_abs":0.0,"profit_total":0.0,"profit_total_pct":0.0,"duration_avg":"0:00","wins":0,"draws":0,"losses":0,"winrate":0.0,"cagr":0.0,"expectancy":0.0,"expectancy_ratio":100.0,"sortino":0,"sharpe":0,"calmar":0,"sqn":0.0,"profit_factor":0.0,"max_drawdown_account":0.0,"max_drawdown_abs":0.0},{"key":"ADA/USDT","trades":0,"profit_mean":0.0,"profit_mean_pct":0.0,"profit_total_abs":0.0,"profit_total":0.0,"profit_total_pct":0.0,"duration_avg":"0:00","wins":0,"draws":0,"losses":0,"winrate":0.0,"cagr":0.0,"expectancy":0.0,"expectancy_ratio":100.0,"sortino":0,"sharpe":0,"calmar":0,"sqn":0.0,"profit_factor":0.0,"max_drawdown_account":0.0,"max_drawdown_abs":0.0},{"key":"XRP/USDT","trades":0,"profit_mean":0.0,"profit_mean_pct":0.0,"profit_total_abs":0.0,"profit_total":0.0,"profit_total_pct":0.0,"duration_avg":"0:00","wins":0,"draws":0,"losses":0,"winrate":0.0,"cagr":0.0,"expectancy":0.0,"expectancy_ratio":100.0,"sortino":0,"sharpe":0,"calmar":0,"sqn":0.0,"profit_factor":0.0,"max_drawdown_account":0.0,"max_drawdown_abs":0.0},{"key":"DOT/USDT","trades":0,"profit_mean":0.0,"profit_mean_pct":0.0,"profit_total_abs":0.0,"profit_total":0.0,"profit_total_pct":0.0,"duration_avg":"0:00","wins":0,"draws":0,"losses":0,"winrate":0.0,"cagr":0.0,"expectancy":0.0,"expectancy_ratio":100.0,"sortino":0,"sharpe":0,"calmar":0,"sqn":0.0,"profit_factor":0.0,"max_drawdown_account":0.0,"max_drawdown_abs":0.0},{"key":"AVAX/USDT","trades":0,"profit_mean":0.0,"profit_mean_pct":0.0,"profit_total_abs":0.0,"profit_total":0.0,"profit_total_pct":0.0,"duration_avg":"0:00","wins":0,"draws":0,"losses":0,"winrate":0.0,"cagr":0.0,"expectancy":0.0,"expectancy_ratio":100.0,"sortino":0,"sharpe":0,"calmar":0,"sqn":0.0,"profit_factor":0.0,"max_drawdown_account":0.0,"max_drawdown_abs":0.0},{"key":"LINK/USDT","trades":0,"profit_mean":0.0,"profit_mean_pct":0.0,"profit_total_abs":0.0,"profit_total":0.0,"profit_total_pct":0.0,"duration_avg":"0:00","wins":0,"draws":0,"losses":0,"winrate":0.0,"cagr":0.0,"expectancy":0.0,"expectancy_ratio":100.0,"sortino":0,"sharpe":0,"calmar":0,"sqn":0.0,"profit_factor":0.0,"max_drawdown_account":0.0,"max_drawdown_abs":0.0},{"key":"LTC/USDT","trades":0,"profit_mean":0.0,"profit_mean_pct":0.0,"profit_total_abs":0.0,"profit_total":0.0,"profit_total_pct":0.0,"duration_avg":"0:00","wins":0,"draws":0,"losses":0,"winrate":0.0,"cagr":0.0,"expectancy":0.0,"expectancy_ratio":100.0,"sortino":0,"sharpe":0,"calmar":0,"sqn":0.0,"profit_factor":0.0,"max_drawdown_account":0.0,"max_drawdown_abs":0.0},{"key":"TRX/USDT","trades":0,"profit_mean":0.0,"profit_mean_pct":0.0,"profit_total_abs":0.0,"profit_total":0.0,"profit_total_pct":0.0,"duration_avg":"0:00","wins":0,"draws":0,"losses":0,"winrate":0.0,"cagr":0.0,"expectancy":0.0,"expectancy_ratio":100.0,"sortino":0,"sharpe":0,"calmar":0,"sqn":0.0,"profit_factor":0.0,"max_drawdown_account":0.0,"max_drawdown_abs":0.0},{"key":"UNI/USDT","trades":0,"profit_mean":0.0,"profit_mean_pct":0.0,"profit_total_abs":0.0,"profit_total":0.0,"profit_total_pct":0.0,"duration_avg":"0:00","wins":0,"draws":0,"losses":0,"winrate":0.0,"cagr":0.0,"expectancy":0.0,"expectancy_ratio":100.0,"sortino":0,"sharpe":0,"calmar":0,"sqn":0.0,"profit_factor":0.0,"max_drawdown_account":0.0,"max_drawdown_abs":0.0},{"key":"ATOM/USDT","trades":0,"profit_mean":0.0,"profit_mean_pct":0.0,"profit_total_abs":0.0,"profit_total":0.0,"profit_total_pct":0.0,"duration_avg":"0:00","wins":0,"draws":0,"losses":0,"winrate":0.0,"cagr":0.0,"expectancy":0.0,"expectancy_ratio":100.0,"sortino":0,"sharpe":0,"calmar":0,"sqn":0.0,"profit_factor":0.0,"max_drawdown_account":0.0,"max_drawdown_abs":0.0},{"key":"XLM/USDT","trades":0,"profit_mean":0.0,"profit_mean_pct":0.0,"profit_total_abs":0.0,"profit_total":0.0,"profit_total_pct":0.0,"duration_avg":"0:00","wins":0,"draws":0,"losses":0,"winrate":0.0,"cagr":0.0,"expectancy":0.0,"expectancy_ratio":100.0,"sortino":0,"sharpe":0,"calmar":0,"sqn":0.0,"profit_factor":0.0,"max_drawdown_account":0.0,"max_drawdown_abs":0.0},{"key":"ETC/USDT","trades":0,"profit_mean":0.0,"profit_mean_pct":0.0,"profit_total_abs":0.0,"profit_total":0.0,"profit_total_pct":0.0,"duration_avg":"0:00","wins":0,"draws":0,"losses":0,"winrate":0.0,"cagr":0.0,"expectancy":0.0,"expectancy_ratio":100.0,"sortino":0,"sharpe":0,"calmar":0,"sqn":0.0,"profit_factor":0.0,"max_drawdown_account":0.0,"max_drawdown_abs":0.0},{"key":"BCH/USDT","trades":0,"profit_mean":0.0,"profit_mean_pct":0.0,"profit_total_abs":0.0,"profit_total":0.0,"profit_total_pct":0.0,"duration_avg":"0:00","wins":0,"draws":0,"losses":0,"winrate":0.0,"cagr":0.0,"expectancy":0.0,"expectancy_ratio":100.0,"sortino":0,"sharpe":0,"calmar":0,"sqn":0.0,"profit_factor":0.0,"max_drawdown_account":0.0,"max_drawdown_abs":0.0},{"key":"NEAR/USDT","trades":0,"profit_mean":0.0,"profit_mean_pct":0.0,"profit_total_abs":0.0,"profit_total":0.0,"profit_total_pct":0.0,"duration_avg":"0:00","wins":0,"draws":0,"losses":0,"winrate":0.0,"cagr":0.0,"expectancy":0.0,"expectancy_ratio":100.0,"sortino":0,"sharpe":0,"calmar":0,"sqn":0.0,"profit_factor":0.0,"max_drawdown_account":0.0,"max_drawdown_abs":0.0},{"key":"FIL/USDT","trades":0,"profit_mean":0.0,"profit_mean_pct":0.0,"profit_total_abs":0.0,"profit_total":0.0,"profit_total_pct":0.0,"duration_avg":"0:00","wins":0,"draws":0,"losses":0,"winrate":0.0,"cagr":0.0,"expectancy":0.0,"expectancy_ratio":100.0,"sortino":0,"sharpe":0,"calmar":0,"sqn":0.0,"profit_factor":0.0,"max_drawdown_account":0.0,"max_drawdown_abs":0.0},{"key":"APT/USDT","trades":0,"profit_mean":0.0,"profit_mean_pct":0.0,"profit_total_abs":0.0,"profit_total":0.0,"profit_total_pct":0.0,"duration_avg":"0:00","wins":0,"draws":0,"losses":0,"winrate":0.0,"cagr":0.0,"expectancy":0.0,"expectancy_ratio":100.0,"sortino":0,"sharpe":0,"calmar":0,"sqn":0.0,"profit_factor":0.0,"max_drawdown_account":0.0,"max_drawdown_abs":0.0},{"key":"ARB/USDT","trades":0,"profit_mean":0.0,"profit_mean_pct":0.0,"profit_total_abs":0.0,"profit_total":0.0,"profit_total_pct":0.0,"duration_avg":"0:00","wins":0,"draws":0,"losses":0,"winrate":0.0,"cagr":0.0,"expectancy":0.0,"expectancy_ratio":100.0,"sortino":0,"sharpe":0,"calmar":0,"sqn":0.0,"profit_factor":0.0,"max_drawdown_account":0.0,"max_drawdown_abs":0.0},{"key":"OP/USDT","trades":0,"profit_mean":0.0,"profit_mean_pct":0.0,"profit_total_abs":0.0,"profit_total":0.0,"profit_total_pct":0.0,"duration_avg":"0:00","wins":0,"draws":0,"losses":0,"winrate":0.0,"cagr":0.0,"expectancy":0.0,"expectancy_ratio":100.0,"sortino":0,"sharpe":0,"calmar":0,"sqn":0.0,"profit_factor":0.0,"max_drawdown_account":0.0,"max_drawdown_abs":0.0},{"key":"ICP/USDT","trades":0,"profit_mean":0.0,"profit_mean_pct":0.0,"profit_total_abs":0.0,"profit_total":0.0,"profit_total_pct":0.0,"duration_avg":"0:00","wins":0,"draws":0,"losses":0,"winrate":0.0,"cagr":0.0,"expectancy":0.0,"expectancy_ratio":100.0,"sortino":0,"sharpe":0,"calmar":0,"sqn":0.0,"profit_factor":0.0,"max_drawdown_account":0.0,"max_drawdown_abs":0.0},{"key":"ALGO/USDT","trades":0,"profit_mean":0.0,"profit_mean_pct":0.0,"profit_total_abs":0.0,"profit_total":0.0,"profit_total_pct":0.0,"duration_avg":"0:00","wins":0,"draws":0,"losses":0,"winrate":0.0,"cagr":0.0,"expectancy":0.0,"expectancy_ratio":100.0,"sortino":0,"sharpe":0,"calmar":0,"sqn":0.0,"profit_factor":0.0,"max_drawdown_account":0.0,"max_drawdown_abs":0.0},{"key":"AAVE/USDT","trades":0,"profit_mean":0.0,"profit_mean_pct":0.0,"profit_total_abs":0.0,"profit_total":0.0,"profit_total_pct":0.0,"duration_avg":"0:00","wins":0,"draws":0,"losses":0,"winrate":0.0,"cagr":0.0,"expectancy":0.0,"expectancy_ratio":100.0,"sortino":0,"sharpe":0,"calmar":0,"sqn":0.0,"profit_factor":0.0,"max_drawdown_account":0.0,"max_drawdown_abs":0.0},{"key":"SAND/USDT","trades":0,"profit_mean":0.0,"profit_mean_pct":0.0,"profit_total_abs":0.0,"profit_total":0.0,"profit_total_pct":0.0,"duration_avg":"0:00","wins":0,"draws":0,"losses":0,"winrate":0.0,"cagr":0.0,"expectancy":0.0,"expectancy_ratio":100.0,"sortino":0,"sharpe":0,"calmar":0,"sqn":0.0,"profit_factor":0.0,"max_drawdown_account":0.0,"max_drawdown_abs":0.0},{"key":"MANA/USDT","trades":0,"profit_mean":0.0,"profit_mean_pct":0.0,"profit_total_abs":0.0,"profit_total":0.0,"profit_total_pct":0.0,"duration_avg":"0:00","wins":0,"draws":0,"losses":0,"winrate":0.0,"cagr":0.0,"expectancy":0.0,"expectancy_ratio":100.0,"sortino":0,"sharpe":0,"calmar":0,"sqn":0.0,"profit_factor":0.0,"max_drawdown_account":0.0,"max_drawdown_abs":0.0},{"key":"EGLD/USDT","trades":0,"profit_mean":0.0,"profit_mean_pct":0.0,"profit_total_abs":0.0,"profit_total":0.0,"profit_total_pct":0.0,"duration_avg":"0:00","wins":0,"draws":0,"losses":0,"winrate":0.0,"cagr":0.0,"expectancy":0.0,"expectancy_ratio":100.0,"sortino":0,"sharpe":0,"calmar":0,"sqn":0.0,"profit_factor":0.0,"max_drawdown_account":0.0,"max_drawdown_abs":0.0},{"key":"RUNE/USDT","trades":0,"profit_mean":0.0,"profit_mean_pct":0.0,"profit_total_abs":0.0,"profit_total":0.0,"profit_total_pct":0.0,"duration_avg":"0:00","wins":0,"draws":0,"losses":0,"winrate":0.0,"cagr":0.0,"expectancy":0.0,"expectancy_ratio":100.0,"sortino":0,"sharpe":0,"calmar":0,"sqn":0.0,"profit_factor":0.0,"max_drawdown_account":0.0,"max_drawdown_abs":0.0},{"key":"INJ/USDT","trades":0,"profit_mean":0.0,"profit_mean_pct":0.0,"profit_total_abs":0.0,"profit_total":0.0,"profit_total_pct":0.0,"duration_avg":"0:00","wins":0,"draws":0,"losses":0,"winrate":0.0,"cagr":0.0,"expectancy":0.0,"expectancy_ratio":100.0,"sortino":0,"sharpe":0,"calmar":0,"sqn":0.0,"profit_factor":0.0,"max_drawdown_account":0.0,"max_drawdown_abs":0.0},{"key":"GALA/USDT","trades":0,"profit_mean":0.0,"profit_mean_pct":0.0,"profit_total_abs":0.0,"profit_total":0.0,"profit_total_pct":0.0,"duration_avg":"0:00","wins":0,"draws":0,"losses":0,"winrate":0.0,"cagr":0.0,"expectancy":0.0,"expectancy_ratio":100.0,"sortino":0,"sharpe":0,"calmar":0,"sqn":0.0,"profit_factor":0.0,"max_drawdown_account":0.0,"max_drawdown_abs":0.0},{"key":"HBAR/USDT","trades":0,"profit_mean":0.0,"profit_mean_pct":0.0,"profit_total_abs":0.0,"profit_total":0.0,"profit_total_pct":0.0,"duration_avg":"0:00","wins":0,"draws":0,"losses":0,"winrate":0.0,"cagr":0.0,"expectancy":0.0,"expectancy_ratio":100.0,"sortino":0,"sharpe":0,"calmar":0,"sqn":0.0,"profit_factor":0.0,"max_drawdown_account":0.0,"max_drawdown_abs":0.0},{"key":"VET/USDT","trades":0,"profit_mean":0.0,"profit_mean_pct":0.0,"profit_total_abs":0.0,"profit_total":0.0,"profit_total_pct":0.0,"duration_avg":"0:00","wins":0,"draws":0,"losses":0,"winrate":0.0,"cagr":0.0,"expectancy":0.0,"expectancy_ratio":100.0,"sortino":0,"sharpe":0,"calmar":0,"sqn":0.0,"profit_factor":0.0,"max_drawdown_account":0.0,"max_drawdown_abs":0.0},{"key":"DOGE/USDT","trades":39,"profit_mean":-0.002094127869713593,"profit_mean_pct":-0.21,"profit_total_abs":-0.10659158999999996,"profit_total":-0.0021318317999999992,"profit_total_pct":-0.21,"duration_avg":"3:26:00","wins":10,"draws":0,"losses":29,"winrate":0.2564102564102564,"cagr":-0.00861764446125246,"expectancy":-0.0027331176923076957,"expectancy_ratio":-0.18751344200568576,"sortino":-1.7467604072481089,"sharpe":-0.807636095976486,"calmar":-8.515388559609201,"sqn":-0.6014,"profit_factor":0.7478267504061468,"max_drawdown_account":0.005314377359494528,"max_drawdown_abs":0.26651206},{"key":"TOTAL","trades":39,"profit_mean":-0.002094127869713593,"profit_mean_pct":-0.21,"profit_total_abs":-0.10659158999999996,"profit_total":-0.0021318317999999992,"profit_total_pct":-0.21,"duration_avg":"3:26:00","wins":10,"draws":0,"losses":29,"winrate":0.2564102564102564,"cagr":-0.00861764446125246,"expectancy":-0.0027331176923076957,"expectancy_ratio":-0.18751344200568576,"sortino":-1.7467604072481089,"sharpe":-0.807636095976486,"calmar":-8.515388559609201,"sqn":-0.6014,"profit_factor":0.7478267504061468,"max_drawdown_account":0.005314377359494528,"max_drawdown_abs":0.26651206}],"results_per_enter_tag":[{"key":"","trades":39,"profit_mean":-0.002094127869713593,"profit_mean_pct":-0.21,"profit_total_abs":-0.10659158999999996,"profit_total":-0.0021318317999999992,"profit_total_pct":-0.21,"duration_avg":"3:26:00","wins":10,"draws":0,"losses":29,"winrate":0.2564102564102564,"cagr":-0.00861764446125246,"expectancy":-0.0027331176923076957,"expectancy_ratio":-0.18751344200568576,"sortino":-1.7467604072481089,"sharpe":-0.807636095976486,"calmar":-8.515388559609201,"sqn":-0.6014,"profit_factor":0.7478267504061468,"max_drawdown_account":0.005314377359494528,"max_drawdown_abs":0.26651206},{"key":"TOTAL","trades":39,"profit_mean":-0.002094127869713593,"profit_mean_pct":-0.21,"profit_total_abs":-0.10659158999999996,"profit_total":-0.0021318317999999992,"profit_total_pct":-0.21,"duration_avg":"3:26:00","wins":10,"draws":0,"losses":29,"winrate":0.2564102564102564,"cagr":-0.00861764446125246,"expectancy":-0.0027331176923076957,"expectancy_ratio":-0.18751344200568576,"sortino":-1.7467604072481089,"sharpe":-0.807636095976486,"calmar":-8.515388559609201,"sqn":-0.6014,"profit_factor":0.7478267504061468,"max_drawdown_account":0.005314377359494528,"max_drawdown_abs":0.26651206}],"exit_reason_summary":[{"key":"exit_signal","trades":39,"profit_mean":-0.002094127869713593,"profit_mean_pct":-0.21,"profit_total_abs":-0.10659158999999996,"profit_total":-0.0021318317999999992,"profit_total_pct":-0.21,"duration_avg":"3:26:00","wins":10,"draws":0,"losses":29,"winrate":0.2564102564102564,"cagr":-0.00861764446125246,"expectancy":-0.0027331176923076957,"expectancy_ratio":-0.18751344200568576,"sortino":-1.7467604072481089,"sharpe":-0.807636095976486,"calmar":-8.515388559609201,"sqn":-0.6014,"profit_factor":0.7478267504061468,"max_drawdown_account":0.005314377359494528,"max_drawdown_abs":0.26651206},{"key":"TOTAL","trades":39,"profit_mean":-0.002094127869713593,"profit_mean_pct":-0.21,"profit_total_abs":-0.10659158999999996,"profit_total":-0.0021318317999999992,"profit_total_pct":-0.21,"duration_avg":"3:26:00","wins":10,"draws":0,"losses":29,"winrate":0.2564102564102564,"cagr":-0.00861764446125246,"expectancy":-0.0027331176923076957,"expectancy_ratio":-0.18751344200568576,"sortino":-1.7467604072481089,"sharpe":-0.807636095976486,"calmar":-8.515388559609201,"sqn":-0.6014,"profit_factor":0.7478267504061468,"max_drawdown_account":0.005314377359494528,"max_drawdown_abs":0.26651206}],"mix_tag_stats":[{"key":["","exit_signal"],"trades":39,"profit_mean":-0.002094127869713593,"profit_mean_pct":-0.21,"profit_total_abs":-0.10659158999999996,"profit_total":-0.0021318317999999992,"profit_total_pct":-0.21,"duration_avg":"3:26:00","wins":10,"draws":0,"losses":29,"winrate":0.2564102564102564,"cagr":-0.00861764446125246,"expectancy":-0.0027331176923076957,"expectancy_ratio":-0.18751344200568576,"sortino":-1.7467604072481089,"sharpe":-0.807636095976486,"calmar":-8.515388559609201,"sqn":-0.6014,"profit_factor":0.7478267504061468,"max_drawdown_account":0.005314377359494528,"max_drawdown_abs":0.26651206},{"key":"TOTAL","trades":39,"profit_mean":-0.002094127869713593,"profit_mean_pct":-0.21,"profit_total_abs":-0.10659158999999996,"profit_total":-0.0021318317999999992,"profit_total_pct":-0.21,"duration_avg":"3:26:00","wins":10,"draws":0,"losses":29,"winrate":0.2564102564102564,"cagr":-0.00861764446125246,"expectancy":-0.0027331176923076957,"expectancy_ratio":-0.18751344200568576,"sortino":-1.7467604072481089,"sharpe":-0.807636095976486,"calmar":-8.515388559609201,"sqn":-0.6014,"profit_factor":0.7478267504061468,"max_drawdown_account":0.005314377359494528,"max_drawdown_abs":0.26651206}],"left_open_trades":[{"key":"TOTAL","trades":0,"profit_mean":0.0,"profit_mean_pct":0.0,"profit_total_abs":0.0,"profit_total":0.0,"profit_total_pct":0.0,"duration_avg":"0:00","wins":0,"draws":0,"losses":0,"winrate":0.0,"cagr":0.0,"expectancy":0.0,"expectancy_ratio":100.0,"sortino":0,"sharpe":0,"calmar":0,"sqn":0.0,"profit_factor":0.0,"max_drawdown_account":0.0,"max_drawdown_abs":0.0}],"total_trades":39,"trade_count_long":39,"trade_count_short":0,"total_volume":104.84633158999999,"avg_stake_amount":1.3428646153846149,"profit_mean":-0.002094127869713593,"profit_median":-0.004845368611417112,"profit_total":-0.0021318317999999992,"profit_total_long":-0.0021318317999999992,"profit_total_short":0.0,"profit_total_abs":-0.10659158999999996,"profit_total_long_abs":-0.10659158999999996,"profit_total_short_abs":0.0,"cagr":-0.00861764446125246,"expectancy":-0.0027331176923076957,"expectancy_ratio":-0.18751344200568576,"sortino":-1.7467604072481089,"sharpe":-0.807636095976486,"calmar":-8.515388559609201,"sqn":-0.6014,"profit_factor":0.7478267504061468,"backtest_start":"2025-11-04 00:00:00","backtest_start_ts":1762214400000,"backtest_end":"2026-02-02 00:00:00","backtest_end_ts":1769990400000,"backtest_days":90,"backtest_run_start_ts":1770036998,"backtest_run_end_ts":1770037004,"trades_per_day":0.43,"market_change":-0.3645910889901799,"pairlist":["BTC/USDT","ETH/USDT","BNB/USDT","SOL/USDT","ADA/USDT","XRP/USDT","DOT/USDT","DOGE/USDT","AVAX/USDT","LINK/USDT","LTC/USDT","TRX/USDT","UNI/USDT","ATOM/USDT","XLM/USDT","ETC/USDT","BCH/USDT","NEAR/USDT","FIL/USDT","APT/USDT","ARB/USDT","OP/USDT","ICP/USDT","ALGO/USDT","AAVE/USDT","SAND/USDT","MANA/USDT","EGLD/USDT","RUNE/USDT","INJ/USDT","GALA/USDT","HBAR/USDT","VET/USDT"],"stake_amount":"unlimited","stake_currency":"USDT","stake_currency_decimals":3,"starting_balance":50,"dry_run_wallet":50,"final_balance":49.89340841,"rejected_signals":0,"timedout_entry_orders":0,"timedout_exit_orders":0,"canceled_trade_entries":0,"canceled_entry_orders":0,"replaced_entry_orders":0,"max_open_trades":33,"max_open_trades_setting":35,"timeframe":"5m","timeframe_detail":"","timerange":"20251104-20260202","enable_protections":false,"strategy_name":"MultiMa","freqaimodel":"XGBoostRegressor","freqai_identifier":"qs_v9_scalp_5m1h_l2","stoploss":-0.1,"trailing_stop":false,"trailing_stop_positive":0.01,"trailing_stop_positive_offset":0.02,"trailing_only_offset_is_reached":false,"use_custom_stoploss":false,"minimal_roi":{},"use_exit_signal":true,"exit_profit_only":false,"exit_profit_offset":0.0,"ignore_roi_if_entry_signal":false,"trading_mode":"spot","margin_mode":"","periodic_breakdown":{"day":[{"date":"05/11/2025","date_ts":1762300800000,"profit_abs":-0.020414,"wins":1,"draws":0,"losses":1,"trades":2,"profit_factor":0.34383084},{"date":"06/11/2025","date_ts":1762387200000,"profit_abs":0.0,"wins":0,"draws":0,"losses":0,"trades":0,"profit_factor":0.0},{"date":"07/11/2025","date_ts":1762473600000,"profit_abs":0.11409184,"wins":2,"draws":0,"losses":0,"trades":2,"profit_factor":0.0},{"date":"08/11/2025","date_ts":1762560000000,"profit_abs":0.0,"wins":0,"draws":0,"losses":0,"trades":0,"profit_factor":0.0},{"date":"09/11/2025","date_ts":1762646400000,"profit_abs":0.0,"wins":0,"draws":0,"losses":0,"trades":0,"profit_factor":0.0},{"date":"10/11/2025","date_ts":1762732800000,"profit_abs":-0.00884254,"wins":0,"draws":0,"losses":1,"trades":1,"profit_factor":0.0},{"date":"11/11/2025","date_ts":1762819200000,"profit_abs":0.0,"wins":0,"draws":0,"losses":0,"trades":0,"profit_factor":0.0},{"date":"12/11/2025","date_ts":1762905600000,"profit_abs":0.0,"wins":0,"draws":0,"losses":0,"trades":0,"profit_factor":0.0},{"date":"13/11/2025","date_ts":1762992000000,"profit_abs":0.0,"wins":0,"draws":0,"losses":0,"trades":0,"profit_factor":0.0},{"date":"14/11/2025","date_ts":1763078400000,"profit_abs":0.0,"wins":0,"draws":0,"losses":0,"trades":0,"profit_factor":0.0},{"date":"15/11/2025","date_ts":1763164800000,"profit_abs":0.0,"wins":0,"draws":0,"losses":0,"trades":0,"profit_factor":0.0},{"date":"16/11/2025","date_ts":1763251200000,"profit_abs":0.0,"wins":0,"draws":0,"losses":0,"trades":0,"profit_factor":0.0},{"date":"17/11/2025","date_ts":1763337600000,"profit_abs":-0.00506856,"wins":0,"draws":0,"losses":1,"trades":1,"profit_factor":0.0},{"date":"18/11/2025","date_ts":1763424000000,"profit_abs":0.01221864,"wins":1,"draws":0,"losses":0,"trades":1,"profit_factor":0.0},{"date":"19/11/2025","date_ts":1763510400000,"profit_abs":0.0,"wins":0,"draws":0,"losses":0,"trades":0,"profit_factor":0.0},{"date":"20/11/2025","date_ts":1763596800000,"profit_abs":0.0,"wins":0,"draws":0,"losses":0,"trades":0,"profit_factor":0.0},{"date":"21/11/2025","date_ts":1763683200000,"profit_abs":0.0,"wins":0,"draws":0,"losses":0,"trades":0,"profit_factor":0.0},{"date":"22/11/2025","date_ts":1763769600000,"profit_abs":0.0,"wins":0,"draws":0,"losses":0,"trades":0,"profit_factor":0.0},{"date":"23/11/2025","date_ts":1763856000000,"profit_abs":-0.01023651,"wins":1,"draws":0,"losses":1,"trades":2,"profit_factor":0.4403407},{"date":"24/11/2025","date_ts":1763942400000,"profit_abs":0.0,"wins":0,"draws":0,"losses":0,"trades":0,"profit_factor":0.0},{"date":"25/11/2025","date_ts":1764028800000,"profit_abs":0.0,"wins":0,"draws":0,"losses":0,"trades":0,"profit_factor":0.0},{"date":"26/11/2025","date_ts":1764115200000,"profit_abs":0.0,"wins":0,"draws":0,"losses":0,"trades":0,"profit_factor":0.0},{"date":"27/11/2025","date_ts":1764201600000,"profit_abs":0.0,"wins":0,"draws":0,"losses":0,"trades":0,"profit_factor":0.0},{"date":"28/11/2025","date_ts":1764288000000,"profit_abs":0.0,"wins":0,"draws":0,"losses":0,"trades":0,"profit_factor":0.0},{"date":"29/11/2025","date_ts":1764374400000,"profit_abs":0.0,"wins":0,"draws":0,"losses":0,"trades":0,"profit_factor":0.0},{"date":"30/11/2025","date_ts":1764460800000,"profit_abs":-0.02195838,"wins":0,"draws":0,"losses":2,"trades":2,"profit_factor":0.0},{"date":"01/12/2025","date_ts":1764547200000,"profit_abs":0.0,"wins":0,"draws":0,"losses":0,"trades":0,"profit_factor":0.0},{"date":"02/12/2025","date_ts":1764633600000,"profit_abs":0.0894635,"wins":1,"draws":0,"losses":0,"trades":1,"profit_factor":0.0},{"date":"03/12/2025","date_ts":1764720000000,"profit_abs":0.0,"wins":0,"draws":0,"losses":0,"trades":0,"profit_factor":0.0},{"date":"04/12/2025","date_ts":1764806400000,"profit_abs":0.0,"wins":0,"draws":0,"losses":0,"trades":0,"profit_factor":0.0},{"date":"05/12/2025","date_ts":1764892800000,"profit_abs":0.0,"wins":0,"draws":0,"losses":0,"trades":0,"profit_factor":0.0},{"date":"06/12/2025","date_ts":1764979200000,"profit_abs":0.0,"wins":0,"draws":0,"losses":0,"trades":0,"profit_factor":0.0},{"date":"07/12/2025","date_ts":1765065600000,"profit_abs":-0.04311855,"wins":0,"draws":0,"losses":1,"trades":1,"profit_factor":0.0},{"date":"08/12/2025","date_ts":1765152000000,"profit_abs":-0.01095489,"wins":0,"draws":0,"losses":1,"trades":1,"profit_factor":0.0},{"date":"09/12/2025","date_ts":1765238400000,"profit_abs":-0.02628234,"wins":0,"draws":0,"losses":1,"trades":1,"profit_factor":0.0},{"date":"10/12/2025","date_ts":1765324800000,"profit_abs":0.0,"wins":0,"draws":0,"losses":0,"trades":0,"profit_factor":0.0},{"date":"11/12/2025","date_ts":1765411200000,"profit_abs":0.0,"wins":0,"draws":0,"losses":0,"trades":0,"profit_factor":0.0},{"date":"12/12/2025","date_ts":1765497600000,"profit_abs":0.0,"wins":0,"draws":0,"losses":0,"trades":0,"profit_factor":0.0},{"date":"13/12/2025","date_ts":1765584000000,"profit_abs":-0.0067858,"wins":0,"draws":0,"losses":1,"trades":1,"profit_factor":0.0},{"date":"14/12/2025","date_ts":1765670400000,"profit_abs":0.0,"wins":0,"draws":0,"losses":0,"trades":0,"profit_factor":0.0},{"date":"15/12/2025","date_ts":1765756800000,"profit_abs":0.0,"wins":0,"draws":0,"losses":0,"trades":0,"profit_factor":0.0},{"date":"16/12/2025","date_ts":1765843200000,"profit_abs":0.0,"wins":0,"draws":0,"losses":0,"trades":0,"profit_factor":0.0},{"date":"17/12/2025","date_ts":1765929600000,"profit_abs":-0.0470482,"wins":0,"draws":0,"losses":1,"trades":1,"profit_factor":0.0},{"date":"18/12/2025","date_ts":1766016000000,"profit_abs":0.0,"wins":0,"draws":0,"losses":0,"trades":0,"profit_factor":0.0},{"date":"19/12/2025","date_ts":1766102400000,"profit_abs":-0.0202752,"wins":0,"draws":0,"losses":2,"trades":2,"profit_factor":0.0},{"date":"20/12/2025","date_ts":1766188800000,"profit_abs":0.0,"wins":0,"draws":0,"losses":0,"trades":0,"profit_factor":0.0},{"date":"21/12/2025","date_ts":1766275200000,"profit_abs":0.0,"wins":0,"draws":0,"losses":0,"trades":0,"profit_factor":0.0},{"date":"22/12/2025","date_ts":1766361600000,"profit_abs":0.0,"wins":0,"draws":0,"losses":0,"trades":0,"profit_factor":0.0},{"date":"23/12/2025","date_ts":1766448000000,"profit_abs":0.0,"wins":0,"draws":0,"losses":0,"trades":0,"profit_factor":0.0},{"date":"24/12/2025","date_ts":1766534400000,"profit_abs":0.0,"wins":0,"draws":0,"losses":0,"trades":0,"profit_factor":0.0},{"date":"25/12/2025","date_ts":1766620800000,"profit_abs":0.0,"wins":0,"draws":0,"losses":0,"trades":0,"profit_factor":0.0},{"date":"26/12/2025","date_ts":1766707200000,"profit_abs":-0.01541529,"wins":0,"draws":0,"losses":1,"trades":1,"profit_factor":0.0},{"date":"27/12/2025","date_ts":1766793600000,"profit_abs":0.0,"wins":0,"draws":0,"losses":0,"trades":0,"profit_factor":0.0},{"date":"28/12/2025","date_ts":1766880000000,"profit_abs":0.0010197,"wins":1,"draws":0,"losses":0,"trades":1,"profit_factor":0.0},{"date":"29/12/2025","date_ts":1766966400000,"profit_abs":0.0,"wins":0,"draws":0,"losses":0,"trades":0,"profit_factor":0.0},{"date":"30/12/2025","date_ts":1767052800000,"profit_abs":0.0,"wins":0,"draws":0,"losses":0,"trades":0,"profit_factor":0.0},{"date":"31/12/2025","date_ts":1767139200000,"profit_abs":0.0,"wins":0,"draws":0,"losses":0,"trades":0,"profit_factor":0.0},{"date":"01/01/2026","date_ts":1767225600000,"profit_abs":0.0,"wins":0,"draws":0,"losses":0,"trades":0,"profit_factor":0.0},{"date":"02/01/2026","date_ts":1767312000000,"profit_abs":0.02947782,"wins":1,"draws":0,"losses":1,"trades":2,"profit_factor":3.06498457},{"date":"03/01/2026","date_ts":1767398400000,"profit_abs":0.0,"wins":0,"draws":0,"losses":0,"trades":0,"profit_factor":0.0},{"date":"04/01/2026","date_ts":1767484800000,"profit_abs":0.0,"wins":0,"draws":0,"losses":0,"trades":0,"profit_factor":0.0},{"date":"05/01/2026","date_ts":1767571200000,"profit_abs":0.0,"wins":0,"draws":0,"losses":0,"trades":0,"profit_factor":0.0},{"date":"06/01/2026","date_ts":1767657600000,"profit_abs":0.0,"wins":0,"draws":0,"losses":0,"trades":0,"profit_factor":0.0},{"date":"07/01/2026","date_ts":1767744000000,"profit_abs":0.0,"wins":0,"draws":0,"losses":0,"trades":0,"profit_factor":0.0},{"date":"08/01/2026","date_ts":1767830400000,"profit_abs":0.0,"wins":0,"draws":0,"losses":0,"trades":0,"profit_factor":0.0},{"date":"09/01/2026","date_ts":1767916800000,"profit_abs":-0.03863601,"wins":0,"draws":0,"losses":1,"trades":1,"profit_factor":0.0},{"date":"10/01/2026","date_ts":1768003200000,"profit_abs":-0.0206,"wins":0,"draws":0,"losses":3,"trades":3,"profit_factor":0.0},{"date":"11/01/2026","date_ts":1768089600000,"profit_abs":-0.0092026,"wins":0,"draws":0,"losses":2,"trades":2,"profit_factor":0.0},{"date":"12/01/2026","date_ts":1768176000000,"profit_abs":-0.02332215,"wins":0,"draws":0,"losses":1,"trades":1,"profit_factor":0.0},{"date":"13/01/2026","date_ts":1768262400000,"profit_abs":0.01754927,"wins":1,"draws":0,"losses":2,"trades":3,"profit_factor":3.04370211},{"date":"14/01/2026","date_ts":1768348800000,"profit_abs":-0.00113895,"wins":0,"draws":0,"losses":1,"trades":1,"profit_factor":0.0},{"date":"15/01/2026","date_ts":1768435200000,"profit_abs":0.0,"wins":0,"draws":0,"losses":0,"trades":0,"profit_factor":0.0},{"date":"16/01/2026","date_ts":1768521600000,"profit_abs":0.0,"wins":0,"draws":0,"losses":0,"trades":0,"profit_factor":0.0},{"date":"17/01/2026","date_ts":1768608000000,"profit_abs":0.0,"wins":0,"draws":0,"losses":0,"trades":0,"profit_factor":0.0},{"date":"18/01/2026","date_ts":1768694400000,"profit_abs":0.0,"wins":0,"draws":0,"losses":0,"trades":0,"profit_factor":0.0},{"date":"19/01/2026","date_ts":1768780800000,"profit_abs":0.0,"wins":0,"draws":0,"losses":0,"trades":0,"profit_factor":0.0},{"date":"20/01/2026","date_ts":1768867200000,"profit_abs":0.0,"wins":0,"draws":0,"losses":0,"trades":0,"profit_factor":0.0},{"date":"21/01/2026","date_ts":1768953600000,"profit_abs":-0.00110495,"wins":0,"draws":0,"losses":1,"trades":1,"profit_factor":0.0},{"date":"22/01/2026","date_ts":1769040000000,"profit_abs":-0.00896126,"wins":0,"draws":0,"losses":1,"trades":1,"profit_factor":0.0},{"date":"23/01/2026","date_ts":1769126400000,"profit_abs":0.0,"wins":0,"draws":0,"losses":0,"trades":0,"profit_factor":0.0},{"date":"24/01/2026","date_ts":1769212800000,"profit_abs":0.0,"wins":0,"draws":0,"losses":0,"trades":0,"profit_factor":0.0},{"date":"25/01/2026","date_ts":1769299200000,"profit_abs":0.0,"wins":0,"draws":0,"losses":0,"trades":0,"profit_factor":0.0},{"date":"26/01/2026","date_ts":1769385600000,"profit_abs":-0.00500731,"wins":0,"draws":0,"losses":1,"trades":1,"profit_factor":0.0},{"date":"27/01/2026","date_ts":1769472000000,"profit_abs":-0.03670535,"wins":0,"draws":0,"losses":1,"trades":1,"profit_factor":0.0},{"date":"28/01/2026","date_ts":1769558400000,"profit_abs":0.01066648,"wins":1,"draws":0,"losses":0,"trades":1,"profit_factor":0.0}],"week":[{"date":"10/11/2025","date_ts":1762732800000,"profit_abs":0.0848353,"wins":3,"draws":0,"losses":2,"trades":5,"profit_factor":3.12335515},{"date":"17/11/2025","date_ts":1763337600000,"profit_abs":-0.00506856,"wins":0,"draws":0,"losses":1,"trades":1,"profit_factor":0.0},{"date":"24/11/2025","date_ts":1763942400000,"profit_abs":0.00198213,"wins":2,"draws":0,"losses":1,"trades":3,"profit_factor":1.10836872},{"date":"01/12/2025","date_ts":1764547200000,"profit_abs":-0.02195838,"wins":0,"draws":0,"losses":2,"trades":2,"profit_factor":0.0},{"date":"08/12/2025","date_ts":1765152000000,"profit_abs":0.03539006,"wins":1,"draws":0,"losses":2,"trades":3,"profit_factor":1.65448139},{"date":"15/12/2025","date_ts":1765756800000,"profit_abs":-0.03306814,"wins":0,"draws":0,"losses":2,"trades":2,"profit_factor":0.0},{"date":"22/12/2025","date_ts":1766361600000,"profit_abs":-0.0673234,"wins":0,"draws":0,"losses":3,"trades":3,"profit_factor":0.0},{"date":"29/12/2025","date_ts":1766966400000,"profit_abs":-0.01439559,"wins":1,"draws":0,"losses":1,"trades":2,"profit_factor":0.06614861},{"date":"05/01/2026","date_ts":1767571200000,"profit_abs":0.02947782,"wins":1,"draws":0,"losses":1,"trades":2,"profit_factor":3.06498457},{"date":"12/01/2026","date_ts":1768176000000,"profit_abs":-0.09176076,"wins":0,"draws":0,"losses":7,"trades":7,"profit_factor":0.0},{"date":"19/01/2026","date_ts":1768780800000,"profit_abs":0.01641032,"wins":1,"draws":0,"losses":3,"trades":4,"profit_factor":2.68727168},{"date":"26/01/2026","date_ts":1769385600000,"profit_abs":-0.01507352,"wins":0,"draws":0,"losses":3,"trades":3,"profit_factor":0.0},{"date":"02/02/2026","date_ts":1769990400000,"profit_abs":-0.02603887,"wins":1,"draws":0,"losses":1,"trades":2,"profit_factor":0.29059742}],"month":[{"date":"30/11/2025","date_ts":1764460800000,"profit_abs":0.05979049,"wins":5,"draws":0,"losses":6,"trades":11,"profit_factor":1.70118224},{"date":"31/12/2025","date_ts":1767139200000,"profit_abs":-0.07939707,"wins":2,"draws":0,"losses":8,"trades":10,"profit_factor":0.53262925},{"date":"31/01/2026","date_ts":1769817600000,"profit_abs":-0.08698501,"wins":3,"draws":0,"losses":15,"trades":18,"profit_factor":0.48081254}],"year":[{"date":"31/12/2025","date_ts":1767139200000,"profit_abs":-0.01960658,"wins":7,"draws":0,"losses":14,"trades":21,"profit_factor":0.92315703},{"date":"31/12/2026","date_ts":1798675200000,"profit_abs":-0.08698501,"wins":3,"draws":0,"losses":15,"trades":18,"profit_factor":0.48081254}],"weekday":[{"date":"Monday","date_ts":0,"profit_abs":-0.05319545,"wins":0,"draws":0,"losses":5,"trades":5,"profit_factor":0.0},{"date":"Tuesday","date_ts":1,"profit_abs":0.05624372,"wins":3,"draws":0,"losses":4,"trades":7,"profit_factor":1.78580459},{"date":"Wednesday","date_ts":2,"profit_abs":-0.05903962,"wins":2,"draws":0,"losses":4,"trades":6,"profit_factor":0.26570358},{"date":"Thursday","date_ts":3,"profit_abs":-0.00896126,"wins":0,"draws":0,"losses":1,"trades":1,"profit_factor":0.0},{"date":"Friday","date_ts":4,"profit_abs":0.06924316,"wins":3,"draws":0,"losses":5,"trades":8,"profit_factor":1.78151157},{"date":"Saturday","date_ts":5,"profit_abs":-0.0273858,"wins":0,"draws":0,"losses":4,"trades":4,"profit_factor":0.0},{"date":"Sunday","date_ts":6,"profit_abs":-0.08349634,"wins":2,"draws":0,"losses":6,"trades":8,"profit_factor":0.09802081}]},"backtest_best_day":0.08501449880531242,"backtest_worst_day":-0.034911385873281436,"backtest_best_day_abs":0.11409184,"backtest_worst_day_abs":-0.0470482,"winning_days":7,"draw_days":57,"losing_days":21,"daily_profit":[["2025-11-05",-0.020414],["2025-11-06",0.0],["2025-11-07",0.11409184],["2025-11-08",0.0],["2025-11-09",0.0],["2025-11-10",-0.00884254],["2025-11-11",0.0],["2025-11-12",0.0],["2025-11-13",0.0],["2025-11-14",0.0],["2025-11-15",0.0],["2025-11-16",0.0],["2025-11-17",-0.00506856],["2025-11-18",0.01221864],["2025-11-19",0.0],["2025-11-20",0.0],["2025-11-21",0.0],["2025-11-22",0.0],["2025-11-23",-0.01023651],["2025-11-24",0.0],["2025-11-25",0.0],["2025-11-26",0.0],["2025-11-27",0.0],["2025-11-28",0.0],["2025-11-29",0.0],["2025-11-30",-0.02195838],["2025-12-01",0.0],["2025-12-02",0.0894635],["2025-12-03",0.0],["2025-12-04",0.0],["2025-12-05",0.0],["2025-12-06",0.0],["2025-12-07",-0.04311855],["2025-12-08",-0.01095489],["2025-12-09",-0.02628234],["2025-12-10",0.0],["2025-12-11",0.0],["2025-12-12",0.0],["2025-12-13",-0.0067858],["2025-12-14",0.0],["2025-12-15",0.0],["2025-12-16",0.0],["2025-12-17",-0.0470482],["2025-12-18",0.0],["2025-12-19",-0.0202752],["2025-12-20",0.0],["2025-12-21",0.0],["2025-12-22",0.0],["2025-12-23",0.0],["2025-12-24",0.0],["2025-12-25",0.0],["2025-12-26",-0.01541529],["2025-12-27",0.0],["2025-12-28",0.0010197],["2025-12-29",0.0],["2025-12-30",0.0],["2025-12-31",0.0],["2026-01-01",0.0],["2026-01-02",0.02947782],["2026-01-03",0.0],["2026-01-04",0.0],["2026-01-05",0.0],["2026-01-06",0.0],["2026-01-07",0.0],["2026-01-08",0.0],["2026-01-09",-0.03863601],["2026-01-10",-0.0206],["2026-01-11",-0.0092026],["2026-01-12",-0.02332215],["2026-01-13",0.01754927],["2026-01-14",-0.00113895],["2026-01-15",0.0],["2026-01-16",0.0],["2026-01-17",0.0],["2026-01-18",0.0],["2026-01-19",0.0],["2026-01-20",0.0],["2026-01-21",-0.00110495],["2026-01-22",-0.00896126],["2026-01-23",0.0],["2026-01-24",0.0],["2026-01-25",0.0],["2026-01-26",-0.00500731],["2026-01-27",-0.03670535],["2026-01-28",0.01066648]],"wins":10,"losses":29,"draws":0,"winrate":0.2564102564102564,"holding_avg":"3:26:00","holding_avg_s":12360.0,"winner_holding_min":"0d 03:45","winner_holding_min_s":13500.0,"winner_holding_max":"0d 08:00","winner_holding_max_s":28800.0,"winner_holding_avg":"0d 05:34","winner_holding_avg_s":20040.0,"loser_holding_min":"0d 00:05","loser_holding_min_s":300.0,"loser_holding_max":"0d 19:55","loser_holding_max_s":71700.0,"loser_holding_avg":"0d 02:42","loser_holding_avg_s":9720.0,"max_consecutive_wins":3,"max_consecutive_losses":10,"max_drawdown_account":0.005314377359494528,"max_relative_drawdown":0.005314377359494528,"max_drawdown_abs":0.26651206,"drawdown_start":"2025-12-02 19:40:00","drawdown_start_ts":1764704400000.0,"drawdown_end":"2026-01-27 17:45:00","drawdown_end_ts":1769535900000.0,"drawdown_duration":"55 days 22:05:00","drawdown_duration_s":4831500.0,"max_drawdown_low":-0.11725806999999998,"max_drawdown_high":0.14925399,"csum_min":49.88274193,"csum_max":50.14925399}},"strategy_comparison":[{"key":"MultiMa","trades":39,"profit_mean":-0.002094127869713593,"profit_mean_pct":-0.21,"profit_total_abs":-0.10659158999999996,"profit_total":-0.0021318317999999992,"profit_total_pct":-0.21,"duration_avg":"3:26:00","wins":10,"draws":0,"losses":29,"winrate":0.2564102564102564,"cagr":-0.00861764446125246,"expectancy":-0.0027331176923076957,"expectancy_ratio":-0.18751344200568576,"sortino":-1.7467604072481089,"sharpe":-0.807636095976486,"calmar":-8.515388559609201,"sqn":-0.6014,"profit_factor":0.7478267504061468,"max_drawdown_account":0.005314377359494528,"max_drawdown_abs":"0.267"}]}