{"strategy":{"AIStrategy":{"trades":[{"pair":"XRP/USDT","stake_amount":24.56206,"max_stake_amount":24.56206,"amount":10.9,"open_date":"2026-01-07 11:15:00+00:00","close_date":"2026-01-08 09:50:00+00:00","open_rate":2.2534,"close_rate":2.107,"fee_open":0.001,"fee_close":0.001,"trade_duration":1355,"profit_ratio":-0.06683668687751407,"profit_abs":-1.64328836,"exit_reason":"exit_signal","initial_stop_loss_abs":1.476,"initial_stop_loss_ratio":-0.345,"stop_loss_abs":1.476,"stop_loss_ratio":-0.345,"min_rate":2.0976,"max_rate":2.2583,"is_open":false,"enter_tag":"","leverage":1.0,"is_short":false,"open_timestamp":1767784500000,"close_timestamp":1767865800000,"orders":[{"amount":10.9,"safe_price":2.2534,"ft_order_side":"buy","order_filled_timestamp":1767784500000,"ft_is_entry":true,"ft_order_tag":"","cost":24.58662206},{"amount":10.9,"safe_price":2.107,"ft_order_side":"sell","order_filled_timestamp":1767865800000,"ft_is_entry":false,"ft_order_tag":"exit_signal","cost":22.9892663}],"funding_fees":0.0,"weekday":3},{"pair":"SAND/USDT","stake_amount":24.6841,"max_stake_amount":24.6841,"amount":197.0,"open_date":"2026-01-07 11:25:00+00:00","close_date":"2026-01-08 09:50:00+00:00","open_rate":0.1253,"close_rate":0.1182,"fee_open":0.001,"fee_close":0.001,"trade_duration":1345,"profit_ratio":-0.058548793584707395,"profit_abs":-1.4466695,"exit_reason":"exit_signal","initial_stop_loss_abs":0.0821,"initial_stop_loss_ratio":-0.345,"stop_loss_abs":0.0821,"stop_loss_ratio":-0.345,"min_rate":0.11720000000000001,"max_rate":0.1254,"is_open":false,"enter_tag":"","leverage":1.0,"is_short":false,"open_timestamp":1767785100000,"close_timestamp":1767865800000,"orders":[{"amount":197.0,"safe_price":0.1253,"ft_order_side":"buy","order_filled_timestamp":1767785100000,"ft_is_entry":true,"ft_order_tag":"","cost":24.708784099999995},{"amount":197.0,"safe_price":0.1182,"ft_order_side":"sell","order_filled_timestamp":1767865800000,"ft_is_entry":false,"ft_order_tag":"exit_signal","cost":23.308685399999998}],"funding_fees":0.0,"weekday":3},{"pair":"XRP/USDT","stake_amount":23.16903,"max_stake_amount":23.16903,"amount":11.1,"open_date":"2026-01-08 13:35:00+00:00","close_date":"2026-01-08 21:05:00+00:00","open_rate":2.0873,"close_rate":2.1294,"fee_open":0.001,"fee_close":0.001,"trade_duration":450,"profit_ratio":0.01813129619386506,"profit_abs":0.42050463,"exit_reason":"exit_signal","initial_stop_loss_abs":1.3672,"initial_stop_loss_ratio":-0.345,"stop_loss_abs":1.3672,"stop_loss_ratio":-0.345,"min_rate":2.0649,"max_rate":2.1689,"is_open":false,"enter_tag":"","leverage":1.0,"is_short":false,"open_timestamp":1767879300000,"close_timestamp":1767906300000,"orders":[{"amount":11.1,"safe_price":2.0873,"ft_order_side":"buy","order_filled_timestamp":1767879300000,"ft_is_entry":true,"ft_order_tag":"","cost":23.192199029999998},{"amount":11.1,"safe_price":2.1294,"ft_order_side":"sell","order_filled_timestamp":1767906300000,"ft_is_entry":false,"ft_order_tag":"exit_signal","cost":23.659976339999993}],"funding_fees":0.0,"weekday":3},{"pair":"SAND/USDT","stake_amount":23.1476,"max_stake_amount":23.1476,"amount":196.0,"open_date":"2026-01-08 15:30:00+00:00","close_date":"2026-01-08 23:45:00+00:00","open_rate":0.1181,"close_rate":0.11810000000000001,"fee_open":0.001,"fee_close":0.001,"trade_duration":495,"profit_ratio":-0.001998001998001998,"profit_abs":-0.0462952,"exit_reason":"exit_signal","initial_stop_loss_abs":0.0774,"initial_stop_loss_ratio":-0.345,"stop_loss_abs":0.0774,"stop_loss_ratio":-0.345,"min_rate":0.1169,"max_rate":0.1199,"is_open":false,"enter_tag":"","leverage":1.0,"is_short":false,"open_timestamp":1767886200000,"close_timestamp":1767915900000,"orders":[{"amount":196.0,"safe_price":0.11810000000000001,"ft_order_side":"buy","order_filled_timestamp":1767886200000,"ft_is_entry":true,"ft_order_tag":"","cost":23.1707476},{"amount":196.0,"safe_price":0.11810000000000001,"ft_order_side":"sell","order_filled_timestamp":1767915900000,"ft_is_entry":false,"ft_order_tag":"exit_signal","cost":23.1707476}],"funding_fees":0.0,"weekday":3},{"pair":"XRP/USDT","stake_amount":23.33363,"max_stake_amount":23.33363,"amount":10.9,"open_date":"2026-01-09 07:05:00+00:00","close_date":"2026-01-09 07:35:00+00:00","open_rate":2.1407,"close_rate":2.1317,"fee_open":0.001,"fee_close":0.001,"trade_duration":30,"profit_ratio":-0.006193834194021049,"profit_abs":-0.14466916,"exit_reason":"exit_signal","initial_stop_loss_abs":1.4022,"initial_stop_loss_ratio":-0.345,"stop_loss_abs":1.4022,"stop_loss_ratio":-0.345,"min_rate":2.1311,"max_rate":2.1408,"is_open":false,"enter_tag":"","leverage":1.0,"is_short":false,"open_timestamp":1767942300000,"close_timestamp":1767944100000,"orders":[{"amount":10.9,"safe_price":2.1407,"ft_order_side":"buy","order_filled_timestamp":1767942300000,"ft_is_entry":true,"ft_order_tag":"","cost":23.356963629999996},{"amount":10.9,"safe_price":2.1317,"ft_order_side":"sell","order_filled_timestamp":1767944100000,"ft_is_entry":false,"ft_order_tag":"exit_signal","cost":23.258765529999998}],"funding_fees":0.0,"weekday":4},{"pair":"SAND/USDT","stake_amount":23.3044,"max_stake_amount":23.3044,"amount":196.0,"open_date":"2026-01-09 06:00:00+00:00","close_date":"2026-01-09 08:35:00+00:00","open_rate":0.1189,"close_rate":0.11800000000000001,"fee_open":0.001,"fee_close":0.001,"trade_duration":155,"profit_ratio":-0.009552264388261025,"profit_abs":-0.2228324,"exit_reason":"exit_signal","initial_stop_loss_abs":0.0779,"initial_stop_loss_ratio":-0.345,"stop_loss_abs":0.0779,"stop_loss_ratio":-0.345,"min_rate":0.11760000000000001,"max_rate":0.1193,"is_open":false,"enter_tag":"","leverage":1.0,"is_short":false,"open_timestamp":1767938400000,"close_timestamp":1767947700000,"orders":[{"amount":196.0,"safe_price":0.1189,"ft_order_side":"buy","order_filled_timestamp":1767938400000,"ft_is_entry":true,"ft_order_tag":"","cost":23.3277044},{"amount":196.0,"safe_price":0.11800000000000001,"ft_order_side":"sell","order_filled_timestamp":1767947700000,"ft_is_entry":false,"ft_order_tag":"exit_signal","cost":23.151127999999996}],"funding_fees":0.0,"weekday":4},{"pair":"SAND/USDT","stake_amount":23.1636,"max_stake_amount":23.1636,"amount":194.0,"open_date":"2026-01-09 14:00:00+00:00","close_date":"2026-01-09 14:50:00+00:00","open_rate":0.1194,"close_rate":0.11750000000000001,"fee_open":0.001,"fee_close":0.001,"trade_duration":50,"profit_ratio":-0.017879105818804312,"profit_abs":-0.4145586,"exit_reason":"exit_signal","initial_stop_loss_abs":0.0783,"initial_stop_loss_ratio":-0.345,"stop_loss_abs":0.0783,"stop_loss_ratio":-0.345,"min_rate":0.11720000000000001,"max_rate":0.11950000000000001,"is_open":false,"enter_tag":"","leverage":1.0,"is_short":false,"open_timestamp":1767967200000,"close_timestamp":1767970200000,"orders":[{"amount":194.0,"safe_price":0.1194,"ft_order_side":"buy","order_filled_timestamp":1767967200000,"ft_is_entry":true,"ft_order_tag":"","cost":23.1867636},{"amount":194.0,"safe_price":0.11750000000000001,"ft_order_side":"sell","order_filled_timestamp":1767970200000,"ft_is_entry":false,"ft_order_tag":"exit_signal","cost":22.817795}],"funding_fees":0.0,"weekday":4},{"pair":"XRP/USDT","stake_amount":22.94568,"max_stake_amount":22.94568,"amount":10.8,"open_date":"2026-01-09 16:30:00+00:00","close_date":"2026-01-09 18:25:00+00:00","open_rate":2.1246,"close_rate":2.0853,"fee_open":0.001,"fee_close":0.001,"trade_duration":115,"profit_ratio":-0.020458643305296793,"profit_abs":-0.46990692,"exit_reason":"exit_signal","initial_stop_loss_abs":1.3917,"initial_stop_loss_ratio":-0.345,"stop_loss_abs":1.3917,"stop_loss_ratio":-0.345,"min_rate":2.0802,"max_rate":2.1346,"is_open":false,"enter_tag":"","leverage":1.0,"is_short":false,"open_timestamp":1767976200000,"close_timestamp":1767983100000,"orders":[{"amount":10.8,"safe_price":2.1246,"ft_order_side":"buy","order_filled_timestamp":1767976200000,"ft_is_entry":true,"ft_order_tag":"","cost":22.96862568},{"amount":10.8,"safe_price":2.0853,"ft_order_side":"sell","order_filled_timestamp":1767983100000,"ft_is_entry":false,"ft_order_tag":"exit_signal","cost":22.54376124}],"funding_fees":0.0,"weekday":4},{"pair":"SAND/USDT","stake_amount":22.99,"max_stake_amount":22.99,"amount":190.0,"open_date":"2026-01-09 15:35:00+00:00","close_date":"2026-01-09 18:45:00+00:00","open_rate":0.121,"close_rate":0.11900000000000001,"fee_open":0.001,"fee_close":0.001,"trade_duration":190,"profit_ratio":-0.018493902791423454,"profit_abs":-0.4256,"exit_reason":"exit_signal","initial_stop_loss_abs":0.0793,"initial_stop_loss_ratio":-0.345,"stop_loss_abs":0.0793,"stop_loss_ratio":-0.345,"min_rate":0.1177,"max_rate":0.1221,"is_open":false,"enter_tag":"","leverage":1.0,"is_short":false,"open_timestamp":1767972900000,"close_timestamp":1767984300000,"orders":[{"amount":190.0,"safe_price":0.121,"ft_order_side":"buy","order_filled_timestamp":1767972900000,"ft_is_entry":true,"ft_order_tag":"","cost":23.012989999999995},{"amount":190.0,"safe_price":0.11900000000000001,"ft_order_side":"sell","order_filled_timestamp":1767984300000,"ft_is_entry":false,"ft_order_tag":"exit_signal","cost":22.63261}],"funding_fees":0.0,"weekday":4},{"pair":"XRP/USDT","stake_amount":22.48605,"max_stake_amount":22.48605,"amount":10.7,"open_date":"2026-01-10 02:30:00+00:00","close_date":"2026-01-10 04:35:00+00:00","open_rate":2.1015,"close_rate":2.0841,"fee_open":0.001,"fee_close":0.001,"trade_duration":125,"profit_ratio":-0.01026125908352889,"profit_abs":-0.23096592,"exit_reason":"exit_signal","initial_stop_loss_abs":1.3765,"initial_stop_loss_ratio":-0.345,"stop_loss_abs":1.3765,"stop_loss_ratio":-0.345,"min_rate":2.0825,"max_rate":2.1015,"is_open":false,"enter_tag":"","leverage":1.0,"is_short":false,"open_timestamp":1768012200000,"close_timestamp":1768019700000,"orders":[{"amount":10.7,"safe_price":2.1015,"ft_order_side":"buy","order_filled_timestamp":1768012200000,"ft_is_entry":true,"ft_order_tag":"","cost":22.508536049999996},{"amount":10.7,"safe_price":2.0841,"ft_order_side":"sell","order_filled_timestamp":1768019700000,"ft_is_entry":false,"ft_order_tag":"exit_signal","cost":22.322169869999996}],"funding_fees":0.0,"weekday":5},{"pair":"XRP/USDT","stake_amount":22.38333,"max_stake_amount":22.38333,"amount":10.7,"open_date":"2026-01-10 06:15:00+00:00","close_date":"2026-01-10 13:35:00+00:00","open_rate":2.0919,"close_rate":2.0966,"fee_open":0.001,"fee_close":0.001,"trade_duration":440,"profit_ratio":0.00024427028585927195,"profit_abs":0.00547305,"exit_reason":"exit_signal","initial_stop_loss_abs":1.3702,"initial_stop_loss_ratio":-0.345,"stop_loss_abs":1.3702,"stop_loss_ratio":-0.345,"min_rate":2.0854,"max_rate":2.1106,"is_open":false,"enter_tag":"","leverage":1.0,"is_short":false,"open_timestamp":1768025700000,"close_timestamp":1768052100000,"orders":[{"amount":10.7,"safe_price":2.0919,"ft_order_side":"buy","order_filled_timestamp":1768025700000,"ft_is_entry":true,"ft_order_tag":"","cost":22.405713329999994},{"amount":10.7,"safe_price":2.0966,"ft_order_side":"sell","order_filled_timestamp":1768052100000,"ft_is_entry":false,"ft_order_tag":"exit_signal","cost":22.456053619999995}],"funding_fees":0.0,"weekday":5},{"pair":"SAND/USDT","stake_amount":22.3665,"max_stake_amount":22.3665,"amount":185.0,"open_date":"2026-01-10 09:25:00+00:00","close_date":"2026-01-10 14:30:00+00:00","open_rate":0.1209,"close_rate":0.1202,"fee_open":0.001,"fee_close":0.001,"trade_duration":305,"profit_ratio":-0.007776342763935815,"profit_abs":-0.1741035,"exit_reason":"exit_signal","initial_stop_loss_abs":0.0792,"initial_stop_loss_ratio":-0.345,"stop_loss_abs":0.0792,"stop_loss_ratio":-0.345,"min_rate":0.1197,"max_rate":0.1221,"is_open":false,"enter_tag":"","leverage":1.0,"is_short":false,"open_timestamp":1768037100000,"close_timestamp":1768055400000,"orders":[{"amount":185.0,"safe_price":0.12090000000000001,"ft_order_side":"buy","order_filled_timestamp":1768037100000,"ft_is_entry":true,"ft_order_tag":"","cost":22.3888665},{"amount":185.0,"safe_price":0.1202,"ft_order_side":"sell","order_filled_timestamp":1768055400000,"ft_is_entry":false,"ft_order_tag":"exit_signal","cost":22.259237}],"funding_fees":0.0,"weekday":5},{"pair":"XRP/USDT","stake_amount":22.31406,"max_stake_amount":22.31406,"amount":10.6,"open_date":"2026-01-11 12:55:00+00:00","close_date":"2026-01-11 15:50:00+00:00","open_rate":2.1051,"close_rate":2.0854,"fee_open":0.001,"fee_close":0.001,"trade_duration":175,"profit_ratio":-0.011337529507687695,"profit_abs":-0.2532393,"exit_reason":"exit_signal","initial_stop_loss_abs":1.3789,"initial_stop_loss_ratio":-0.345,"stop_loss_abs":1.3789,"stop_loss_ratio":-0.345,"min_rate":2.0839,"max_rate":2.11,"is_open":false,"enter_tag":"","leverage":1.0,"is_short":false,"open_timestamp":1768136100000,"close_timestamp":1768146600000,"orders":[{"amount":10.6,"safe_price":2.1051,"ft_order_side":"buy","order_filled_timestamp":1768136100000,"ft_is_entry":true,"ft_order_tag":"","cost":22.336374059999997},{"amount":10.6,"safe_price":2.0854,"ft_order_side":"sell","order_filled_timestamp":1768146600000,"ft_is_entry":false,"ft_order_tag":"exit_signal","cost":22.127345239999997}],"funding_fees":0.0,"weekday":6},{"pair":"XRP/USDT","stake_amount":22.11262,"max_stake_amount":22.11262,"amount":10.7,"open_date":"2026-01-13 08:55:00+00:00","close_date":"2026-01-13 11:35:00+00:00","open_rate":2.0666,"close_rate":2.0606,"fee_open":0.001,"fee_close":0.001,"trade_duration":160,"profit_ratio":-0.0048955206218343735,"profit_abs":-0.10836104,"exit_reason":"exit_signal","initial_stop_loss_abs":1.3537,"initial_stop_loss_ratio":-0.345,"stop_loss_abs":1.3537,"stop_loss_ratio":-0.345,"min_rate":2.0575,"max_rate":2.0745,"is_open":false,"enter_tag":"","leverage":1.0,"is_short":false,"open_timestamp":1768294500000,"close_timestamp":1768304100000,"orders":[{"amount":10.7,"safe_price":2.0666,"ft_order_side":"buy","order_filled_timestamp":1768294500000,"ft_is_entry":true,"ft_order_tag":"","cost":22.134732619999998},{"amount":10.7,"safe_price":2.0606,"ft_order_side":"sell","order_filled_timestamp":1768304100000,"ft_is_entry":false,"ft_order_tag":"exit_signal","cost":22.070468419999997}],"funding_fees":0.0,"weekday":1},{"pair":"SAND/USDT","stake_amount":22.09,"max_stake_amount":22.09,"amount":188.0,"open_date":"2026-01-13 11:40:00+00:00","close_date":"2026-01-13 12:15:00+00:00","open_rate":0.1175,"close_rate":0.1173,"fee_open":0.001,"fee_close":0.001,"trade_duration":35,"profit_ratio":-0.0036967288031117818,"profit_abs":-0.0817424,"exit_reason":"exit_signal","initial_stop_loss_abs":0.077,"initial_stop_loss_ratio":-0.345,"stop_loss_abs":0.077,"stop_loss_ratio":-0.345,"min_rate":0.117,"max_rate":0.1177,"is_open":false,"enter_tag":"","leverage":1.0,"is_short":false,"open_timestamp":1768304400000,"close_timestamp":1768306500000,"orders":[{"amount":188.0,"safe_price":0.11750000000000001,"ft_order_side":"buy","order_filled_timestamp":1768304400000,"ft_is_entry":true,"ft_order_tag":"","cost":22.11209},{"amount":188.0,"safe_price":0.1173,"ft_order_side":"sell","order_filled_timestamp":1768306500000,"ft_is_entry":false,"ft_order_tag":"exit_signal","cost":22.074452399999995}],"funding_fees":0.0,"weekday":1},{"pair":"SAND/USDT","stake_amount":22.0782,"max_stake_amount":22.0782,"amount":186.0,"open_date":"2026-01-13 13:05:00+00:00","close_date":"2026-01-13 18:40:00+00:00","open_rate":0.1187,"close_rate":0.12240000000000001,"fee_open":0.001,"fee_close":0.001,"trade_duration":335,"profit_ratio":0.029110737619583448,"profit_abs":0.6433554,"exit_reason":"exit_signal","initial_stop_loss_abs":0.0778,"initial_stop_loss_ratio":-0.345,"stop_loss_abs":0.0778,"stop_loss_ratio":-0.345,"min_rate":0.1184,"max_rate":0.12380000000000001,"is_open":false,"enter_tag":"","leverage":1.0,"is_short":false,"open_timestamp":1768309500000,"close_timestamp":1768329600000,"orders":[{"amount":186.0,"safe_price":0.1187,"ft_order_side":"buy","order_filled_timestamp":1768309500000,"ft_is_entry":true,"ft_order_tag":"","cost":22.100278199999998},{"amount":186.0,"safe_price":0.12240000000000001,"ft_order_side":"sell","order_filled_timestamp":1768329600000,"ft_is_entry":false,"ft_order_tag":"exit_signal","cost":22.7891664}],"funding_fees":0.0,"weekday":1},{"pair":"XRP/USDT","stake_amount":21.98122,"max_stake_amount":21.98122,"amount":10.6,"open_date":"2026-01-13 13:50:00+00:00","close_date":"2026-01-14 01:10:00+00:00","open_rate":2.0737,"close_rate":2.1699,"fee_open":0.001,"fee_close":0.001,"trade_duration":680,"profit_ratio":0.04429981938782633,"profit_abs":0.97473784,"exit_reason":"exit_signal","initial_stop_loss_abs":1.3583,"initial_stop_loss_ratio":-0.345,"stop_loss_abs":1.3583,"stop_loss_ratio":-0.345,"min_rate":2.061,"max_rate":2.185,"is_open":false,"enter_tag":"","leverage":1.0,"is_short":false,"open_timestamp":1768312200000,"close_timestamp":1768353000000,"orders":[{"amount":10.6,"safe_price":2.0737,"ft_order_side":"buy","order_filled_timestamp":1768312200000,"ft_is_entry":true,"ft_order_tag":"","cost":22.003201219999998},{"amount":10.6,"safe_price":2.1699,"ft_order_side":"sell","order_filled_timestamp":1768353000000,"ft_is_entry":false,"ft_order_tag":"exit_signal","cost":23.023940939999996}],"funding_fees":0.0,"weekday":2},{"pair":"SAND/USDT","stake_amount":22.4436,"max_stake_amount":22.4436,"amount":177.0,"open_date":"2026-01-13 22:50:00+00:00","close_date":"2026-01-14 02:55:00+00:00","open_rate":0.1268,"close_rate":0.1275,"fee_open":0.001,"fee_close":0.001,"trade_duration":245,"profit_ratio":0.0035114727543749625,"profit_abs":0.0788889,"exit_reason":"exit_signal","initial_stop_loss_abs":0.0831,"initial_stop_loss_ratio":-0.345,"stop_loss_abs":0.0831,"stop_loss_ratio":-0.345,"min_rate":0.12480000000000001,"max_rate":0.1297,"is_open":false,"enter_tag":"","leverage":1.0,"is_short":false,"open_timestamp":1768344600000,"close_timestamp":1768359300000,"orders":[{"amount":177.0,"safe_price":0.1268,"ft_order_side":"buy","order_filled_timestamp":1768344600000,"ft_is_entry":true,"ft_order_tag":"","cost":22.4660436},{"amount":177.0,"safe_price":0.1275,"ft_order_side":"sell","order_filled_timestamp":1768359300000,"ft_is_entry":false,"ft_order_tag":"exit_signal","cost":22.590067499999996}],"funding_fees":0.0,"weekday":2},{"pair":"SAND/USDT","stake_amount":22.9744,"max_stake_amount":22.9744,"amount":173.0,"open_date":"2026-01-17 01:40:00+00:00","close_date":"2026-01-17 06:45:00+00:00","open_rate":0.1328,"close_rate":0.1342,"fee_open":0.001,"fee_close":0.001,"trade_duration":305,"profit_ratio":0.008523103402621473,"profit_abs":0.196009,"exit_reason":"exit_signal","initial_stop_loss_abs":0.087,"initial_stop_loss_ratio":-0.345,"stop_loss_abs":0.087,"stop_loss_ratio":-0.345,"min_rate":0.1292,"max_rate":0.1374,"is_open":false,"enter_tag":"","leverage":1.0,"is_short":false,"open_timestamp":1768614000000,"close_timestamp":1768632300000,"orders":[{"amount":173.0,"safe_price":0.1328,"ft_order_side":"buy","order_filled_timestamp":1768614000000,"ft_is_entry":true,"ft_order_tag":"","cost":22.997374399999998},{"amount":173.0,"safe_price":0.1342,"ft_order_side":"sell","order_filled_timestamp":1768632300000,"ft_is_entry":false,"ft_order_tag":"exit_signal","cost":23.2398166}],"funding_fees":0.0,"weekday":5},{"pair":"SAND/USDT","stake_amount":23.0162,"max_stake_amount":23.0162,"amount":157.0,"open_date":"2026-01-17 13:15:00+00:00","close_date":"2026-01-17 17:00:00+00:00","open_rate":0.1466,"close_rate":0.1506,"fee_open":0.001,"fee_close":0.001,"trade_duration":225,"profit_ratio":0.025232611862898355,"profit_abs":0.5813396,"exit_reason":"exit_signal","initial_stop_loss_abs":0.0961,"initial_stop_loss_ratio":-0.345,"stop_loss_abs":0.0961,"stop_loss_ratio":-0.345,"min_rate":0.1458,"max_rate":0.1578,"is_open":false,"enter_tag":"","leverage":1.0,"is_short":false,"open_timestamp":1768655700000,"close_timestamp":1768669200000,"orders":[{"amount":157.0,"safe_price":0.1466,"ft_order_side":"buy","order_filled_timestamp":1768655700000,"ft_is_entry":true,"ft_order_tag":"","cost":23.0392162},{"amount":157.0,"safe_price":0.1506,"ft_order_side":"sell","order_filled_timestamp":1768669200000,"ft_is_entry":false,"ft_order_tag":"exit_signal","cost":23.667844199999998}],"funding_fees":0.0,"weekday":5},{"pair":"XRP/USDT","stake_amount":23.06358,"max_stake_amount":23.06358,"amount":11.1,"open_date":"2026-01-17 15:50:00+00:00","close_date":"2026-01-17 19:30:00+00:00","open_rate":2.0778,"close_rate":2.0744,"fee_open":0.001,"fee_close":0.001,"trade_duration":220,"profit_ratio":-0.0036310787104896257,"profit_abs":-0.08382942,"exit_reason":"exit_signal","initial_stop_loss_abs":1.361,"initial_stop_loss_ratio":-0.345,"stop_loss_abs":1.361,"stop_loss_ratio":-0.345,"min_rate":2.0679,"max_rate":2.0834,"is_open":false,"enter_tag":"","leverage":1.0,"is_short":false,"open_timestamp":1768665000000,"close_timestamp":1768678200000,"orders":[{"amount":11.1,"safe_price":2.0778,"ft_order_side":"buy","order_filled_timestamp":1768665000000,"ft_is_entry":true,"ft_order_tag":"","cost":23.086643579999997},{"amount":11.1,"safe_price":2.0744,"ft_order_side":"sell","order_filled_timestamp":1768678200000,"ft_is_entry":false,"ft_order_tag":"exit_signal","cost":23.048865839999998}],"funding_fees":0.0,"weekday":5},{"pair":"XRP/USDT","stake_amount":23.29043,"max_stake_amount":23.29043,"amount":11.3,"open_date":"2026-01-18 22:20:00+00:00","close_date":"2026-01-18 23:15:00+00:00","open_rate":2.0611,"close_rate":2.0429,"fee_open":0.001,"fee_close":0.001,"trade_duration":55,"profit_ratio":-0.010810595449865743,"profit_abs":-0.2520352,"exit_reason":"exit_signal","initial_stop_loss_abs":1.3501,"initial_stop_loss_ratio":-0.345,"stop_loss_abs":1.3501,"stop_loss_ratio":-0.345,"min_rate":2.0398,"max_rate":2.0614,"is_open":false,"enter_tag":"","leverage":1.0,"is_short":false,"open_timestamp":1768774800000,"close_timestamp":1768778100000,"orders":[{"amount":11.3,"safe_price":2.0611,"ft_order_side":"buy","order_filled_timestamp":1768774800000,"ft_is_entry":true,"ft_order_tag":"","cost":23.31372043},{"amount":11.3,"safe_price":2.0429,"ft_order_side":"sell","order_filled_timestamp":1768778100000,"ft_is_entry":false,"ft_order_tag":"exit_signal","cost":23.10785477}],"funding_fees":0.0,"weekday":6},{"pair":"XRP/USDT","stake_amount":23.124,"max_stake_amount":23.124,"amount":12.0,"open_date":"2026-01-21 14:30:00+00:00","close_date":"2026-01-21 17:10:00+00:00","open_rate":1.927,"close_rate":1.8871,"fee_open":0.001,"fee_close":0.001,"trade_duration":160,"profit_ratio":-0.02266239209674601,"profit_abs":-0.5245692,"exit_reason":"exit_signal","initial_stop_loss_abs":1.2622,"initial_stop_loss_ratio":-0.345,"stop_loss_abs":1.2622,"stop_loss_ratio":-0.345,"min_rate":1.875,"max_rate":1.9609,"is_open":false,"enter_tag":"","leverage":1.0,"is_short":false,"open_timestamp":1769005800000,"close_timestamp":1769015400000,"orders":[{"amount":12.0,"safe_price":1.927,"ft_order_side":"buy","order_filled_timestamp":1769005800000,"ft_is_entry":true,"ft_order_tag":"","cost":23.147123999999998},{"amount":12.0,"safe_price":1.8871,"ft_order_side":"sell","order_filled_timestamp":1769015400000,"ft_is_entry":false,"ft_order_tag":"exit_signal","cost":22.667845199999995}],"funding_fees":0.0,"weekday":2},{"pair":"XRP/USDT","stake_amount":22.92276,"max_stake_amount":22.92276,"amount":11.6,"open_date":"2026-01-21 19:50:00+00:00","close_date":"2026-01-21 23:55:00+00:00","open_rate":1.9761,"close_rate":1.9439000000000002,"fee_open":0.001,"fee_close":0.001,"trade_duration":245,"profit_ratio":-0.01826016703806289,"profit_abs":-0.418992,"exit_reason":"exit_signal","initial_stop_loss_abs":1.2944,"initial_stop_loss_ratio":-0.345,"stop_loss_abs":1.2944,"stop_loss_ratio":-0.345,"min_rate":1.9393,"max_rate":1.9907,"is_open":false,"enter_tag":"","leverage":1.0,"is_short":false,"open_timestamp":1769025000000,"close_timestamp":1769039700000,"orders":[{"amount":11.6,"safe_price":1.9761000000000002,"ft_order_side":"buy","order_filled_timestamp":1769025000000,"ft_is_entry":true,"ft_order_tag":"","cost":22.945682759999997},{"amount":11.6,"safe_price":1.9439000000000002,"ft_order_side":"sell","order_filled_timestamp":1769039700000,"ft_is_entry":false,"ft_order_tag":"exit_signal","cost":22.571789239999998}],"funding_fees":0.0,"weekday":2},{"pair":"SAND/USDT","stake_amount":22.707,"max_stake_amount":22.707,"amount":145.0,"open_date":"2026-01-22 01:35:00+00:00","close_date":"2026-01-22 06:50:00+00:00","open_rate":0.1566,"close_rate":0.164,"fee_open":0.001,"fee_close":0.001,"trade_duration":315,"profit_ratio":0.04516173481690723,"profit_abs":1.026513,"exit_reason":"exit_signal","initial_stop_loss_abs":0.1026,"initial_stop_loss_ratio":-0.345,"stop_loss_abs":0.1026,"stop_loss_ratio":-0.345,"min_rate":0.1563,"max_rate":0.1734,"is_open":false,"enter_tag":"","leverage":1.0,"is_short":false,"open_timestamp":1769045700000,"close_timestamp":1769064600000,"orders":[{"amount":145.0,"safe_price":0.15660000000000002,"ft_order_side":"buy","order_filled_timestamp":1769045700000,"ft_is_entry":true,"ft_order_tag":"","cost":22.729706999999998},{"amount":145.0,"safe_price":0.164,"ft_order_side":"sell","order_filled_timestamp":1769064600000,"ft_is_entry":false,"ft_order_tag":"exit_signal","cost":23.80378}],"funding_fees":0.0,"weekday":3},{"pair":"XRP/USDT","stake_amount":23.22111,"max_stake_amount":23.22111,"amount":12.1,"open_date":"2026-01-26 14:45:00+00:00","close_date":"2026-01-26 17:10:00+00:00","open_rate":1.9191,"close_rate":1.9113,"fee_open":0.001,"fee_close":0.001,"trade_duration":145,"profit_ratio":-0.006054286498244603,"profit_abs":-0.14072784,"exit_reason":"exit_signal","initial_stop_loss_abs":1.2571,"initial_stop_loss_ratio":-0.345,"stop_loss_abs":1.2571,"stop_loss_ratio":-0.345,"min_rate":1.9046,"max_rate":1.9460000000000002,"is_open":false,"enter_tag":"","leverage":1.0,"is_short":false,"open_timestamp":1769438700000,"close_timestamp":1769447400000,"orders":[{"amount":12.1,"safe_price":1.9191,"ft_order_side":"buy","order_filled_timestamp":1769438700000,"ft_is_entry":true,"ft_order_tag":"","cost":23.244331109999997},{"amount":12.1,"safe_price":1.9113,"ft_order_side":"sell","order_filled_timestamp":1769447400000,"ft_is_entry":false,"ft_order_tag":"exit_signal","cost":23.149856729999996}],"funding_fees":0.0,"weekday":0},{"pair":"XRP/USDT","stake_amount":23.1852,"max_stake_amount":23.1852,"amount":12.0,"open_date":"2026-01-28 10:00:00+00:00","close_date":"2026-01-28 14:20:00+00:00","open_rate":1.9321,"close_rate":1.9189,"fee_open":0.001,"fee_close":0.001,"trade_duration":260,"profit_ratio":-0.008816296275537514,"profit_abs":-0.204612,"exit_reason":"exit_signal","initial_stop_loss_abs":1.2656,"initial_stop_loss_ratio":-0.345,"stop_loss_abs":1.2656,"stop_loss_ratio":-0.345,"min_rate":1.9174,"max_rate":1.9427,"is_open":false,"enter_tag":"","leverage":1.0,"is_short":false,"open_timestamp":1769594400000,"close_timestamp":1769610000000,"orders":[{"amount":12.0,"safe_price":1.9321000000000002,"ft_order_side":"buy","order_filled_timestamp":1769594400000,"ft_is_entry":true,"ft_order_tag":"","cost":23.2083852},{"amount":12.0,"safe_price":1.9189,"ft_order_side":"sell","order_filled_timestamp":1769610000000,"ft_is_entry":false,"ft_order_tag":"exit_signal","cost":23.049826799999998}],"funding_fees":0.0,"weekday":2},{"pair":"SAND/USDT","stake_amount":22.9876,"max_stake_amount":22.9876,"amount":202.0,"open_date":"2026-01-30 11:05:00+00:00","close_date":"2026-01-30 15:00:00+00:00","open_rate":0.1138,"close_rate":0.1136,"fee_open":0.001,"fee_close":0.001,"trade_duration":235,"profit_ratio":-0.003751959815228708,"profit_abs":-0.0863348,"exit_reason":"exit_signal","initial_stop_loss_abs":0.0746,"initial_stop_loss_ratio":-0.345,"stop_loss_abs":0.0746,"stop_loss_ratio":-0.345,"min_rate":0.1131,"max_rate":0.1155,"is_open":false,"enter_tag":"","leverage":1.0,"is_short":false,"open_timestamp":1769771100000,"close_timestamp":1769785200000,"orders":[{"amount":202.0,"safe_price":0.11380000000000001,"ft_order_side":"buy","order_filled_timestamp":1769771100000,"ft_is_entry":true,"ft_order_tag":"","cost":23.0105876},{"amount":202.0,"safe_price":0.1136,"ft_order_side":"sell","order_filled_timestamp":1769785200000,"ft_is_entry":false,"ft_order_tag":"exit_signal","cost":22.9701472}],"funding_fees":0.0,"weekday":4},{"pair":"SAND/USDT","stake_amount":22.9284,"max_stake_amount":22.9284,"amount":198.0,"open_date":"2026-01-30 19:10:00+00:00","close_date":"2026-01-30 21:05:00+00:00","open_rate":0.1158,"close_rate":0.1145,"fee_open":0.001,"fee_close":0.001,"trade_duration":115,"profit_ratio":-0.013201824082653097,"profit_abs":-0.3029994,"exit_reason":"exit_signal","initial_stop_loss_abs":0.0759,"initial_stop_loss_ratio":-0.345,"stop_loss_abs":0.0759,"stop_loss_ratio":-0.345,"min_rate":0.11410000000000001,"max_rate":0.1169,"is_open":false,"enter_tag":"","leverage":1.0,"is_short":false,"open_timestamp":1769800200000,"close_timestamp":1769807100000,"orders":[{"amount":198.0,"safe_price":0.1158,"ft_order_side":"buy","order_filled_timestamp":1769800200000,"ft_is_entry":true,"ft_order_tag":"","cost":22.951328399999998},{"amount":198.0,"safe_price":0.1145,"ft_order_side":"sell","order_filled_timestamp":1769807100000,"ft_is_entry":false,"ft_order_tag":"exit_signal","cost":22.693671}],"funding_fees":0.0,"weekday":4},{"pair":"SAND/USDT","stake_amount":22.826,"max_stake_amount":22.826,"amount":226.0,"open_date":"2026-02-02 00:50:00+00:00","close_date":"2026-02-02 03:30:00+00:00","open_rate":0.101,"close_rate":0.097,"fee_open":0.001,"fee_close":0.001,"trade_duration":160,"profit_ratio":-0.04152283360204152,"profit_abs":-0.948748,"exit_reason":"exit_signal","initial_stop_loss_abs":0.0662,"initial_stop_loss_ratio":-0.345,"stop_loss_abs":0.0662,"stop_loss_ratio":-0.345,"min_rate":0.09670000000000001,"max_rate":0.1019,"is_open":false,"enter_tag":"","leverage":1.0,"is_short":false,"open_timestamp":1769993400000,"close_timestamp":1770003000000,"orders":[{"amount":226.0,"safe_price":0.101,"ft_order_side":"buy","order_filled_timestamp":1769993400000,"ft_is_entry":true,"ft_order_tag":"","cost":22.848826},{"amount":226.0,"safe_price":0.097,"ft_order_side":"sell","order_filled_timestamp":1770003000000,"ft_is_entry":false,"ft_order_tag":"exit_signal","cost":21.943921999999997}],"funding_fees":0.0,"weekday":0}],"locks":[],"best_pair":{"key":"SAND/USDT","trades":15,"profit_mean":-0.004325473146118909,"profit_mean_pct":-0.43,"profit_total_abs":-1.6237778999999999,"profit_total":-0.032475557999999995,"profit_total_pct":-3.25,"duration_avg":"5:01:00","wins":5,"draws":0,"losses":10,"winrate":0.3333333333333333,"cagr":-0.37090567347736036,"expectancy":-0.10825185999999992,"expectancy_ratio":-0.260855159366149,"sortino":-2.8030847127351204,"sharpe":-2.024835903832055,"calmar":-42.43410403454689,"sqn":-0.6874,"profit_factor":0.6087172609507766,"max_drawdown_account":0.056236032000000054,"max_drawdown_abs":2.8118016000000003},"worst_pair":{"key":"XRP/USDT","trades":15,"profit_mean":-0.008502860252751907,"profit_mean_pct":-0.85,"profit_total_abs":-3.0744808399999997,"profit_total":-0.061489616799999994,"profit_total_pct":-6.15,"duration_avg":"5:08:00","wins":3,"draws":0,"losses":12,"winrate":0.2,"cagr":-0.5897136109213362,"expectancy":-0.20496538933333333,"expectancy_ratio":-0.5496037434209926,"sortino":-5.55413622157923,"sharpe":-4.294459132260779,"calmar":-73.48066605593384,"sqn":-1.4578,"profit_factor":0.31299532072375924,"max_drawdown_account":0.061489616799999994,"max_drawdown_abs":3.0744808400000005},"results_per_pair":[{"key":"SAND/USDT","trades":15,"profit_mean":-0.004325473146118909,"profit_mean_pct":-0.43,"profit_total_abs":-1.6237778999999999,"profit_total":-0.032475557999999995,"profit_total_pct":-3.25,"duration_avg":"5:01:00","wins":5,"draws":0,"losses":10,"winrate":0.3333333333333333,"cagr":-0.37090567347736036,"expectancy":-0.10825185999999992,"expectancy_ratio":-0.260855159366149,"sortino":-2.8030847127351204,"sharpe":-2.024835903832055,"calmar":-42.43410403454689,"sqn":-0.6874,"profit_factor":0.6087172609507766,"max_drawdown_account":0.056236032000000054,"max_drawdown_abs":2.8118016000000003},{"key":"XRP/USDT","trades":15,"profit_mean":-0.008502860252751907,"profit_mean_pct":-0.85,"profit_total_abs":-3.0744808399999997,"profit_total":-0.061489616799999994,"profit_total_pct":-6.15,"duration_avg":"5:08:00","wins":3,"draws":0,"losses":12,"winrate":0.2,"cagr":-0.5897136109213362,"expectancy":-0.20496538933333333,"expectancy_ratio":-0.5496037434209926,"sortino":-5.55413622157923,"sharpe":-4.294459132260779,"calmar":-73.48066605593384,"sqn":-1.4578,"profit_factor":0.31299532072375924,"max_drawdown_account":0.061489616799999994,"max_drawdown_abs":3.0744808400000005},{"key":"TOTAL","trades":30,"profit_mean":-0.006414166699435409,"profit_mean_pct":-0.64,"profit_total_abs":-4.69825874,"profit_total":-0.0939651748,"profit_total_pct":-9.4,"duration_avg":"5:04:00","wins":8,"draws":0,"losses":22,"winrate":0.26666666666666666,"cagr":-0.7497464771492335,"expectancy":-0.15660862466666675,"expectancy_ratio":-0.39946176484772145,"sortino":-8.299220072793107,"sharpe":-6.157732079147857,"calmar":-65.9309385375749,"sqn":-1.5043,"profit_factor":0.455279411571289,"max_drawdown_account":0.10472509239999994,"max_drawdown_abs":5.23625462}],"results_per_enter_tag":[{"key":"","trades":30,"profit_mean":-0.006414166699435409,"profit_mean_pct":-0.64,"profit_total_abs":-4.69825874,"profit_total":-0.0939651748,"profit_total_pct":-9.4,"duration_avg":"5:04:00","wins":8,"draws":0,"losses":22,"winrate":0.26666666666666666,"cagr":-0.7497464771492335,"expectancy":-0.15660862466666675,"expectancy_ratio":-0.39946176484772145,"sortino":-8.299220072793107,"sharpe":-6.157732079147857,"calmar":-65.9309385375749,"sqn":-1.5043,"profit_factor":0.455279411571289,"max_drawdown_account":0.10472509239999994,"max_drawdown_abs":5.23625462},{"key":"TOTAL","trades":30,"profit_mean":-0.006414166699435409,"profit_mean_pct":-0.64,"profit_total_abs":-4.69825874,"profit_total":-0.0939651748,"profit_total_pct":-9.4,"duration_avg":"5:04:00","wins":8,"draws":0,"losses":22,"winrate":0.26666666666666666,"cagr":-0.7497464771492335,"expectancy":-0.15660862466666675,"expectancy_ratio":-0.39946176484772145,"sortino":-8.299220072793107,"sharpe":-6.157732079147857,"calmar":-65.9309385375749,"sqn":-1.5043,"profit_factor":0.455279411571289,"max_drawdown_account":0.10472509239999994,"max_drawdown_abs":5.23625462}],"exit_reason_summary":[{"key":"exit_signal","trades":30,"profit_mean":-0.006414166699435409,"profit_mean_pct":-0.64,"profit_total_abs":-4.69825874,"profit_total":-0.0939651748,"profit_total_pct":-9.4,"duration_avg":"5:04:00","wins":8,"draws":0,"losses":22,"winrate":0.26666666666666666,"cagr":-0.7497464771492335,"expectancy":-0.15660862466666675,"expectancy_ratio":-0.39946176484772145,"sortino":-8.299220072793107,"sharpe":-6.157732079147857,"calmar":-65.9309385375749,"sqn":-1.5043,"profit_factor":0.455279411571289,"max_drawdown_account":0.10472509239999994,"max_drawdown_abs":5.23625462},{"key":"TOTAL","trades":30,"profit_mean":-0.006414166699435409,"profit_mean_pct":-0.64,"profit_total_abs":-4.69825874,"profit_total":-0.0939651748,"profit_total_pct":-9.4,"duration_avg":"5:04:00","wins":8,"draws":0,"losses":22,"winrate":0.26666666666666666,"cagr":-0.7497464771492335,"expectancy":-0.15660862466666675,"expectancy_ratio":-0.39946176484772145,"sortino":-8.299220072793107,"sharpe":-6.157732079147857,"calmar":-65.9309385375749,"sqn":-1.5043,"profit_factor":0.455279411571289,"max_drawdown_account":0.10472509239999994,"max_drawdown_abs":5.23625462}],"mix_tag_stats":[{"key":["","exit_signal"],"trades":30,"profit_mean":-0.006414166699435409,"profit_mean_pct":-0.64,"profit_total_abs":-4.69825874,"profit_total":-0.0939651748,"profit_total_pct":-9.4,"duration_avg":"5:04:00","wins":8,"draws":0,"losses":22,"winrate":0.26666666666666666,"cagr":-0.7497464771492335,"expectancy":-0.15660862466666675,"expectancy_ratio":-0.39946176484772145,"sortino":-8.299220072793107,"sharpe":-6.157732079147857,"calmar":-65.9309385375749,"sqn":-1.5043,"profit_factor":0.455279411571289,"max_drawdown_account":0.10472509239999994,"max_drawdown_abs":5.23625462},{"key":"TOTAL","trades":30,"profit_mean":-0.006414166699435409,"profit_mean_pct":-0.64,"profit_total_abs":-4.69825874,"profit_total":-0.0939651748,"profit_total_pct":-9.4,"duration_avg":"5:04:00","wins":8,"draws":0,"losses":22,"winrate":0.26666666666666666,"cagr":-0.7497464771492335,"expectancy":-0.15660862466666675,"expectancy_ratio":-0.39946176484772145,"sortino":-8.299220072793107,"sharpe":-6.157732079147857,"calmar":-65.9309385375749,"sqn":-1.5043,"profit_factor":0.455279411571289,"max_drawdown_account":0.10472509239999994,"max_drawdown_abs":5.23625462}],"left_open_trades":[{"key":"TOTAL","trades":0,"profit_mean":0.0,"profit_mean_pct":0.0,"profit_total_abs":0.0,"profit_total":0.0,"profit_total_pct":0.0,"duration_avg":"0:00","wins":0,"draws":0,"losses":0,"winrate":0.0,"cagr":0.0,"expectancy":0.0,"expectancy_ratio":100.0,"sortino":0,"sharpe":0,"calmar":0,"sqn":0.0,"profit_factor":0.0,"max_drawdown_account":0.0,"max_drawdown_abs":0.0}],"total_trades":30,"trade_count_long":30,"trade_count_short":0,"total_volume":1373.65101874,"avg_stake_amount":22.926745333333333,"profit_mean":-0.006414166699435409,"profit_median":-0.006985088478978432,"profit_total":-0.0939651748,"profit_total_long":-0.0939651748,"profit_total_short":0.0,"profit_total_abs":-4.69825874,"profit_total_long_abs":-4.69825874,"profit_total_short_abs":0.0,"cagr":-0.7497464771492335,"expectancy":-0.15660862466666675,"expectancy_ratio":-0.39946176484772145,"sortino":-8.299220072793107,"sharpe":-6.157732079147857,"calmar":-65.9309385375749,"sqn":-1.5043,"profit_factor":0.455279411571289,"backtest_start":"2026-01-07 00:00:00","backtest_start_ts":1767744000000,"backtest_end":"2026-02-02 07:15:00","backtest_end_ts":1770016500000,"backtest_days":26,"backtest_run_start_ts":1770398098,"backtest_run_end_ts":1770398099,"trades_per_day":1.15,"market_change":-0.2614085909556342,"pairlist":["SAND/USDT","XRP/USDT"],"stake_amount":"unlimited","stake_currency":"USDT","stake_currency_decimals":3,"starting_balance":50,"dry_run_wallet":50,"final_balance":45.30174126,"rejected_signals":0,"timedout_entry_orders":0,"timedout_exit_orders":0,"canceled_trade_entries":0,"canceled_entry_orders":0,"replaced_entry_orders":0,"max_open_trades":2,"max_open_trades_setting":2,"timeframe":"5m","timeframe_detail":"","timerange":"20260107-20260206","enable_protections":false,"strategy_name":"AIStrategy","freqaimodel":"XGBoostRegressor","freqai_identifier":"qs_v9_scalp_5m1h_l2","stoploss":-0.345,"trailing_stop":false,"trailing_stop_positive":null,"trailing_stop_positive_offset":0.0,"trailing_only_offset_is_reached":false,"use_custom_stoploss":false,"minimal_roi":{"0":0.523,"1553":0.123,"2332":0.076,"3169":0},"use_exit_signal":true,"exit_profit_only":false,"exit_profit_offset":0.0,"ignore_roi_if_entry_signal":false,"trading_mode":"spot","margin_mode":"","periodic_breakdown":{"day":[{"date":"08/01/2026","date_ts":1767830400000,"profit_abs":-2.71574843,"wins":1,"draws":0,"losses":3,"trades":4,"profit_factor":0.13407867},{"date":"09/01/2026","date_ts":1767916800000,"profit_abs":-1.67756708,"wins":0,"draws":0,"losses":5,"trades":5,"profit_factor":0.0},{"date":"10/01/2026","date_ts":1768003200000,"profit_abs":-0.39959637,"wins":1,"draws":0,"losses":2,"trades":3,"profit_factor":0.01351139},{"date":"11/01/2026","date_ts":1768089600000,"profit_abs":-0.2532393,"wins":0,"draws":0,"losses":1,"trades":1,"profit_factor":0.0},{"date":"12/01/2026","date_ts":1768176000000,"profit_abs":0.0,"wins":0,"draws":0,"losses":0,"trades":0,"profit_factor":0.0},{"date":"13/01/2026","date_ts":1768262400000,"profit_abs":0.45325196,"wins":1,"draws":0,"losses":2,"trades":3,"profit_factor":3.3842386},{"date":"14/01/2026","date_ts":1768348800000,"profit_abs":1.05362674,"wins":2,"draws":0,"losses":0,"trades":2,"profit_factor":0.0},{"date":"15/01/2026","date_ts":1768435200000,"profit_abs":0.0,"wins":0,"draws":0,"losses":0,"trades":0,"profit_factor":0.0},{"date":"16/01/2026","date_ts":1768521600000,"profit_abs":0.0,"wins":0,"draws":0,"losses":0,"trades":0,"profit_factor":0.0},{"date":"17/01/2026","date_ts":1768608000000,"profit_abs":0.69351918,"wins":2,"draws":0,"losses":1,"trades":3,"profit_factor":9.27298077},{"date":"18/01/2026","date_ts":1768694400000,"profit_abs":-0.2520352,"wins":0,"draws":0,"losses":1,"trades":1,"profit_factor":0.0},{"date":"19/01/2026","date_ts":1768780800000,"profit_abs":0.0,"wins":0,"draws":0,"losses":0,"trades":0,"profit_factor":0.0},{"date":"20/01/2026","date_ts":1768867200000,"profit_abs":0.0,"wins":0,"draws":0,"losses":0,"trades":0,"profit_factor":0.0},{"date":"21/01/2026","date_ts":1768953600000,"profit_abs":-0.9435612,"wins":0,"draws":0,"losses":2,"trades":2,"profit_factor":0.0},{"date":"22/01/2026","date_ts":1769040000000,"profit_abs":1.026513,"wins":1,"draws":0,"losses":0,"trades":1,"profit_factor":0.0},{"date":"23/01/2026","date_ts":1769126400000,"profit_abs":0.0,"wins":0,"draws":0,"losses":0,"trades":0,"profit_factor":0.0},{"date":"24/01/2026","date_ts":1769212800000,"profit_abs":0.0,"wins":0,"draws":0,"losses":0,"trades":0,"profit_factor":0.0},{"date":"25/01/2026","date_ts":1769299200000,"profit_abs":0.0,"wins":0,"draws":0,"losses":0,"trades":0,"profit_factor":0.0},{"date":"26/01/2026","date_ts":1769385600000,"profit_abs":-0.14072784,"wins":0,"draws":0,"losses":1,"trades":1,"profit_factor":0.0},{"date":"27/01/2026","date_ts":1769472000000,"profit_abs":0.0,"wins":0,"draws":0,"losses":0,"trades":0,"profit_factor":0.0},{"date":"28/01/2026","date_ts":1769558400000,"profit_abs":-0.204612,"wins":0,"draws":0,"losses":1,"trades":1,"profit_factor":0.0},{"date":"29/01/2026","date_ts":1769644800000,"profit_abs":0.0,"wins":0,"draws":0,"losses":0,"trades":0,"profit_factor":0.0},{"date":"30/01/2026","date_ts":1769731200000,"profit_abs":-0.3893342,"wins":0,"draws":0,"losses":2,"trades":2,"profit_factor":0.0},{"date":"31/01/2026","date_ts":1769817600000,"profit_abs":0.0,"wins":0,"draws":0,"losses":0,"trades":0,"profit_factor":0.0},{"date":"01/02/2026","date_ts":1769904000000,"profit_abs":0.0,"wins":0,"draws":0,"losses":0,"trades":0,"profit_factor":0.0},{"date":"02/02/2026","date_ts":1769990400000,"profit_abs":-0.948748,"wins":0,"draws":0,"losses":1,"trades":1,"profit_factor":0.0}],"week":[{"date":"12/01/2026","date_ts":1768176000000,"profit_abs":-5.04615118,"wins":2,"draws":0,"losses":11,"trades":13,"profit_factor":0.07784497},{"date":"19/01/2026","date_ts":1768780800000,"profit_abs":1.94836268,"wins":5,"draws":0,"losses":4,"trades":9,"profit_factor":4.7043365},{"date":"26/01/2026","date_ts":1769385600000,"profit_abs":-0.05777604,"wins":1,"draws":0,"losses":3,"trades":4,"profit_factor":0.94671528},{"date":"02/02/2026","date_ts":1769990400000,"profit_abs":-1.5426942,"wins":0,"draws":0,"losses":4,"trades":4,"profit_factor":0.0}],"month":[{"date":"31/01/2026","date_ts":1769817600000,"profit_abs":-3.74951074,"wins":8,"draws":0,"losses":21,"trades":29,"profit_factor":0.51154918},{"date":"28/02/2026","date_ts":1772236800000,"profit_abs":-0.948748,"wins":0,"draws":0,"losses":1,"trades":1,"profit_factor":0.0}],"year":[{"date":"31/12/2026","date_ts":1798675200000,"profit_abs":-4.69825874,"wins":8,"draws":0,"losses":22,"trades":30,"profit_factor":0.45527941}],"weekday":[{"date":"Monday","date_ts":0,"profit_abs":-1.08947584,"wins":0,"draws":0,"losses":2,"trades":2,"profit_factor":0.0},{"date":"Tuesday","date_ts":1,"profit_abs":0.45325196,"wins":1,"draws":0,"losses":2,"trades":3,"profit_factor":3.3842386},{"date":"Wednesday","date_ts":2,"profit_abs":-0.09454646,"wins":2,"draws":0,"losses":3,"trades":5,"profit_factor":0.91765488},{"date":"Thursday","date_ts":3,"profit_abs":-1.68923543,"wins":2,"draws":0,"losses":3,"trades":5,"profit_factor":0.46138421},{"date":"Friday","date_ts":4,"profit_abs":-2.06690128,"wins":0,"draws":0,"losses":7,"trades":7,"profit_factor":0.0},{"date":"Saturday","date_ts":5,"profit_abs":0.29392281,"wins":3,"draws":0,"losses":3,"trades":6,"profit_factor":1.60119351},{"date":"Sunday","date_ts":6,"profit_abs":-0.5052745,"wins":0,"draws":0,"losses":2,"trades":2,"profit_factor":0.0}]},"backtest_best_day":0.04781129214220129,"backtest_worst_day":-0.1092521862663584,"backtest_best_day_abs":1.05362674,"backtest_worst_day_abs":-2.71574843,"winning_days":4,"draw_days":12,"losing_days":10,"daily_profit":[["2026-01-08",-2.71574843],["2026-01-09",-1.67756708],["2026-01-10",-0.39959637],["2026-01-11",-0.2532393],["2026-01-12",0.0],["2026-01-13",0.45325196],["2026-01-14",1.05362674],["2026-01-15",0.0],["2026-01-16",0.0],["2026-01-17",0.69351918],["2026-01-18",-0.2520352],["2026-01-19",0.0],["2026-01-20",0.0],["2026-01-21",-0.9435612],["2026-01-22",1.026513],["2026-01-23",0.0],["2026-01-24",0.0],["2026-01-25",0.0],["2026-01-26",-0.14072784],["2026-01-27",0.0],["2026-01-28",-0.204612],["2026-01-29",0.0],["2026-01-30",-0.3893342],["2026-01-31",0.0],["2026-02-01",0.0],["2026-02-02",-0.948748]],"wins":8,"losses":22,"draws":0,"winrate":0.26666666666666666,"holding_avg":"5:04:00","holding_avg_s":18240.0,"winner_holding_min":"0d 03:45","winner_holding_min_s":13500.0,"winner_holding_max":"0d 11:20","winner_holding_max_s":40800.0,"winner_holding_avg":"0d 06:14","winner_holding_avg_s":22440.0,"loser_holding_min":"0d 00:30","loser_holding_min_s":1800.0,"loser_holding_max":"0d 22:35","loser_holding_max_s":81300.0,"loser_holding_avg":"0d 04:39","loser_holding_avg_s":16740.0,"max_consecutive_wins":5,"max_consecutive_losses":7,"max_drawdown_account":0.10472509239999994,"max_relative_drawdown":0.10472509239999994,"max_drawdown_abs":5.23625462,"drawdown_start":"2026-01-08 09:50:00","drawdown_start_ts":1767865800000.0,"drawdown_end":"2026-01-13 12:15:00","drawdown_end_ts":1768306500000.0,"drawdown_duration":"5 days 02:25:00","drawdown_duration_s":440700.0,"max_drawdown_low":-5.23625462,"max_drawdown_high":0.0,"csum_min":44.76374538,"csum_max":48.35671164}},"strategy_comparison":[{"key":"AIStrategy","trades":30,"profit_mean":-0.006414166699435409,"profit_mean_pct":-0.64,"profit_total_abs":-4.69825874,"profit_total":-0.0939651748,"profit_total_pct":-9.4,"duration_avg":"5:04:00","wins":8,"draws":0,"losses":22,"winrate":0.26666666666666666,"cagr":-0.7497464771492335,"expectancy":-0.15660862466666675,"expectancy_ratio":-0.39946176484772145,"sortino":-8.299220072793107,"sharpe":-6.157732079147857,"calmar":-65.9309385375749,"sqn":-1.5043,"profit_factor":0.455279411571289,"max_drawdown_account":0.10472509239999994,"max_drawdown_abs":"5.236"}]}