{"strategy":{"mabStra":{"trades":[{"pair":"DOGE/USDT","stake_amount":2.35968,"max_stake_amount":2.35968,"amount":16.0,"open_date":"2026-01-07 02:20:00+00:00","close_date":"2026-01-08 06:15:00+00:00","open_rate":0.14748,"close_rate":0.14336,"fee_open":0.001,"fee_close":0.001,"trade_duration":1675,"profit_ratio":-0.029878177152383823,"profit_abs":-0.07057344,"exit_reason":"stop_loss","initial_stop_loss_abs":0.14336,"initial_stop_loss_ratio":-0.028,"stop_loss_abs":0.14336,"stop_loss_ratio":-0.028,"min_rate":0.14288,"max_rate":0.15405000000000002,"is_open":false,"enter_tag":"","leverage":1.0,"is_short":false,"open_timestamp":1767752400000,"close_timestamp":1767852900000,"orders":[{"amount":16.0,"safe_price":0.14748,"ft_order_side":"buy","order_filled_timestamp":1767752400000,"ft_is_entry":true,"ft_order_tag":"","cost":2.3620396799999996},{"amount":16.0,"safe_price":0.14336,"ft_order_side":"sell","order_filled_timestamp":1767852900000,"ft_is_entry":false,"ft_order_tag":"stop_loss","cost":2.2960537599999995}],"funding_fees":0.0,"weekday":3},{"pair":"DOGE/USDT","stake_amount":2.43661,"max_stake_amount":2.43661,"amount":17.0,"open_date":"2026-01-08 06:20:00+00:00","close_date":"2026-01-08 11:20:00+00:00","open_rate":0.14333,"close_rate":0.13932,"fee_open":0.001,"fee_close":0.001,"trade_duration":300,"profit_ratio":-0.029919497930381903,"profit_abs":-0.07297505,"exit_reason":"stop_loss","initial_stop_loss_abs":0.13932,"initial_stop_loss_ratio":-0.028,"stop_loss_abs":0.13932,"stop_loss_ratio":-0.028,"min_rate":0.138,"max_rate":0.14491,"is_open":false,"enter_tag":"","leverage":1.0,"is_short":false,"open_timestamp":1767853200000,"close_timestamp":1767871200000,"orders":[{"amount":17.0,"safe_price":0.14333,"ft_order_side":"buy","order_filled_timestamp":1767853200000,"ft_is_entry":true,"ft_order_tag":"","cost":2.43904661},{"amount":17.0,"safe_price":0.13932,"ft_order_side":"sell","order_filled_timestamp":1767871200000,"ft_is_entry":false,"ft_order_tag":"stop_loss","cost":2.37080844}],"funding_fees":0.0,"weekday":3},{"pair":"DOGE/USDT","stake_amount":2.38306,"max_stake_amount":2.38306,"amount":17.0,"open_date":"2026-01-08 11:25:00+00:00","close_date":"2026-01-11 20:15:00+00:00","open_rate":0.14018,"close_rate":0.13626,"fee_open":0.001,"fee_close":0.001,"trade_duration":4850,"profit_ratio":-0.029906176004050163,"profit_abs":-0.07133948,"exit_reason":"stop_loss","initial_stop_loss_abs":0.13626,"initial_stop_loss_ratio":-0.028,"stop_loss_abs":0.13626,"stop_loss_ratio":-0.028,"min_rate":0.13585,"max_rate":0.14462,"is_open":false,"enter_tag":"","leverage":1.0,"is_short":false,"open_timestamp":1767871500000,"close_timestamp":1768162500000,"orders":[{"amount":17.0,"safe_price":0.14018,"ft_order_side":"buy","order_filled_timestamp":1767871500000,"ft_is_entry":true,"ft_order_tag":"","cost":2.3854430599999996},{"amount":17.0,"safe_price":0.13626,"ft_order_side":"sell","order_filled_timestamp":1768162500000,"ft_is_entry":false,"ft_order_tag":"stop_loss","cost":2.3187364199999996}],"funding_fees":0.0,"weekday":6},{"pair":"DOGE/USDT","stake_amount":2.45088,"max_stake_amount":2.45088,"amount":18.0,"open_date":"2026-01-11 20:20:00+00:00","close_date":"2026-01-16 21:50:00+00:00","open_rate":0.13616,"close_rate":0.13784000000000002,"fee_open":0.001,"fee_close":0.001,"trade_duration":7290,"profit_ratio":0.010315771185336402,"profit_abs":0.025308,"exit_reason":"roi","initial_stop_loss_abs":0.13235,"initial_stop_loss_ratio":-0.028,"stop_loss_abs":0.13235,"stop_loss_ratio":-0.028,"min_rate":0.13492,"max_rate":0.15133000000000002,"is_open":false,"enter_tag":"","leverage":1.0,"is_short":false,"open_timestamp":1768162800000,"close_timestamp":1768600200000,"orders":[{"amount":18.0,"safe_price":0.13616,"ft_order_side":"buy","order_filled_timestamp":1768162800000,"ft_is_entry":true,"ft_order_tag":"","cost":2.4533308799999998},{"amount":18.0,"safe_price":0.13784000000000002,"ft_order_side":"sell","order_filled_timestamp":1768600200000,"ft_is_entry":false,"ft_order_tag":"roi","cost":2.48360112}],"funding_fees":0.0,"weekday":4},{"pair":"DOGE/USDT","stake_amount":2.34345,"max_stake_amount":2.34345,"amount":17.0,"open_date":"2026-01-16 21:55:00+00:00","close_date":"2026-01-18 23:20:00+00:00","open_rate":0.13785,"close_rate":0.134,"fee_open":0.001,"fee_close":0.001,"trade_duration":2965,"profit_ratio":-0.029871108217136507,"profit_abs":-0.07007145,"exit_reason":"stop_loss","initial_stop_loss_abs":0.134,"initial_stop_loss_ratio":-0.028,"stop_loss_abs":0.134,"stop_loss_ratio":-0.028,"min_rate":0.13294,"max_rate":0.14003000000000002,"is_open":false,"enter_tag":"","leverage":1.0,"is_short":false,"open_timestamp":1768600500000,"close_timestamp":1768778400000,"orders":[{"amount":17.0,"safe_price":0.13785,"ft_order_side":"buy","order_filled_timestamp":1768600500000,"ft_is_entry":true,"ft_order_tag":"","cost":2.3457934499999995},{"amount":17.0,"safe_price":0.134,"ft_order_side":"sell","order_filled_timestamp":1768778400000,"ft_is_entry":false,"ft_order_tag":"stop_loss","cost":2.2802779999999996}],"funding_fees":0.0,"weekday":6},{"pair":"DOGE/USDT","stake_amount":2.4201,"max_stake_amount":2.4201,"amount":18.0,"open_date":"2026-01-18 23:25:00+00:00","close_date":"2026-01-19 00:00:00+00:00","open_rate":0.13445,"close_rate":0.13069,"fee_open":0.001,"fee_close":0.001,"trade_duration":35,"profit_ratio":-0.029907912838370257,"profit_abs":-0.07245252,"exit_reason":"stop_loss","initial_stop_loss_abs":0.13069,"initial_stop_loss_ratio":-0.028,"stop_loss_abs":0.13069,"stop_loss_ratio":-0.028,"min_rate":0.12,"max_rate":0.13446000000000002,"is_open":false,"enter_tag":"","leverage":1.0,"is_short":false,"open_timestamp":1768778700000,"close_timestamp":1768780800000,"orders":[{"amount":18.0,"safe_price":0.13445000000000001,"ft_order_side":"buy","order_filled_timestamp":1768778700000,"ft_is_entry":true,"ft_order_tag":"","cost":2.4225201},{"amount":18.0,"safe_price":0.13069,"ft_order_side":"sell","order_filled_timestamp":1768780800000,"ft_is_entry":false,"ft_order_tag":"stop_loss","cost":2.3547724199999998}],"funding_fees":0.0,"weekday":0},{"pair":"DOGE/USDT","stake_amount":2.41642,"max_stake_amount":2.41642,"amount":19.0,"open_date":"2026-01-19 00:05:00+00:00","close_date":"2026-01-20 16:30:00+00:00","open_rate":0.12718,"close_rate":0.12362,"fee_open":0.001,"fee_close":0.001,"trade_duration":2425,"profit_ratio":-0.029933896894110763,"profit_abs":-0.0724052,"exit_reason":"stop_loss","initial_stop_loss_abs":0.12362,"initial_stop_loss_ratio":-0.028,"stop_loss_abs":0.12362,"stop_loss_ratio":-0.028,"min_rate":0.12354000000000001,"max_rate":0.13066,"is_open":false,"enter_tag":"","leverage":1.0,"is_short":false,"open_timestamp":1768781100000,"close_timestamp":1768926600000,"orders":[{"amount":19.0,"safe_price":0.12718000000000002,"ft_order_side":"buy","order_filled_timestamp":1768781100000,"ft_is_entry":true,"ft_order_tag":"","cost":2.4188364200000003},{"amount":19.0,"safe_price":0.12362,"ft_order_side":"sell","order_filled_timestamp":1768926600000,"ft_is_entry":false,"ft_order_tag":"stop_loss","cost":2.35112878}],"funding_fees":0.0,"weekday":1},{"pair":"DOGE/USDT","stake_amount":2.35467,"max_stake_amount":2.35467,"amount":19.0,"open_date":"2026-01-20 16:35:00+00:00","close_date":"2026-01-21 16:55:00+00:00","open_rate":0.12393,"close_rate":0.12046,"fee_open":0.001,"fee_close":0.001,"trade_duration":1460,"profit_ratio":-0.029941735824088763,"profit_abs":-0.07057341,"exit_reason":"stop_loss","initial_stop_loss_abs":0.12046,"initial_stop_loss_ratio":-0.028,"stop_loss_abs":0.12046,"stop_loss_ratio":-0.028,"min_rate":0.12040000000000001,"max_rate":0.12663000000000002,"is_open":false,"enter_tag":"","leverage":1.0,"is_short":false,"open_timestamp":1768926900000,"close_timestamp":1769014500000,"orders":[{"amount":19.0,"safe_price":0.12393000000000001,"ft_order_side":"buy","order_filled_timestamp":1768926900000,"ft_is_entry":true,"ft_order_tag":"","cost":2.35702467},{"amount":19.0,"safe_price":0.12046,"ft_order_side":"sell","order_filled_timestamp":1769014500000,"ft_is_entry":false,"ft_order_tag":"stop_loss","cost":2.2910287399999993}],"funding_fees":0.0,"weekday":2},{"pair":"DOGE/USDT","stake_amount":2.4154,"max_stake_amount":2.4154,"amount":20.0,"open_date":"2026-01-21 17:00:00+00:00","close_date":"2026-01-26 18:30:00+00:00","open_rate":0.12077,"close_rate":0.12283000000000001,"fee_open":0.001,"fee_close":0.001,"trade_duration":7290,"profit_ratio":0.015025133846033075,"profit_abs":0.036328,"exit_reason":"roi","initial_stop_loss_abs":0.11739,"initial_stop_loss_ratio":-0.028,"stop_loss_abs":0.11739,"stop_loss_ratio":-0.028,"min_rate":0.11764000000000001,"max_rate":0.12884,"is_open":false,"enter_tag":"","leverage":1.0,"is_short":false,"open_timestamp":1769014800000,"close_timestamp":1769452200000,"orders":[{"amount":20.0,"safe_price":0.12077000000000002,"ft_order_side":"buy","order_filled_timestamp":1769014800000,"ft_is_entry":true,"ft_order_tag":"","cost":2.4178154000000003},{"amount":20.0,"safe_price":0.12283000000000001,"ft_order_side":"sell","order_filled_timestamp":1769452200000,"ft_is_entry":false,"ft_order_tag":"roi","cost":2.4590566000000003}],"funding_fees":0.0,"weekday":0},{"pair":"DOGE/USDT","stake_amount":2.34346,"max_stake_amount":2.34346,"amount":19.0,"open_date":"2026-01-26 18:35:00+00:00","close_date":"2026-01-29 14:35:00+00:00","open_rate":0.12334,"close_rate":0.11989,"fee_open":0.001,"fee_close":0.001,"trade_duration":4080,"profit_ratio":-0.029913575965140746,"profit_abs":-0.07017137,"exit_reason":"stop_loss","initial_stop_loss_abs":0.11989,"initial_stop_loss_ratio":-0.028,"stop_loss_abs":0.11989,"stop_loss_ratio":-0.028,"min_rate":0.11976,"max_rate":0.12775,"is_open":false,"enter_tag":"","leverage":1.0,"is_short":false,"open_timestamp":1769452500000,"close_timestamp":1769697300000,"orders":[{"amount":19.0,"safe_price":0.12334,"ft_order_side":"buy","order_filled_timestamp":1769452500000,"ft_is_entry":true,"ft_order_tag":"","cost":2.34580346},{"amount":19.0,"safe_price":0.11989,"ft_order_side":"sell","order_filled_timestamp":1769697300000,"ft_is_entry":false,"ft_order_tag":"stop_loss","cost":2.2801879099999995}],"funding_fees":0.0,"weekday":3},{"pair":"DOGE/USDT","stake_amount":2.4026,"max_stake_amount":2.4026,"amount":20.0,"open_date":"2026-01-29 14:40:00+00:00","close_date":"2026-01-29 15:05:00+00:00","open_rate":0.12013,"close_rate":0.11677,"fee_open":0.001,"fee_close":0.001,"trade_duration":25,"profit_ratio":-0.0299118179747498,"profit_abs":-0.071938,"exit_reason":"stop_loss","initial_stop_loss_abs":0.11677,"initial_stop_loss_ratio":-0.028,"stop_loss_abs":0.11677,"stop_loss_ratio":-0.028,"min_rate":0.11671000000000001,"max_rate":0.12021000000000001,"is_open":false,"enter_tag":"","leverage":1.0,"is_short":false,"open_timestamp":1769697600000,"close_timestamp":1769699100000,"orders":[{"amount":20.0,"safe_price":0.12013000000000001,"ft_order_side":"buy","order_filled_timestamp":1769697600000,"ft_is_entry":true,"ft_order_tag":"","cost":2.4050026000000004},{"amount":20.0,"safe_price":0.11677,"ft_order_side":"sell","order_filled_timestamp":1769699100000,"ft_is_entry":false,"ft_order_tag":"stop_loss","cost":2.3377353999999997}],"funding_fees":0.0,"weekday":3},{"pair":"DOGE/USDT","stake_amount":2.3392,"max_stake_amount":2.3392,"amount":20.0,"open_date":"2026-01-29 15:10:00+00:00","close_date":"2026-01-30 01:40:00+00:00","open_rate":0.11696,"close_rate":0.11369,"fee_open":0.001,"fee_close":0.001,"trade_duration":630,"profit_ratio":-0.029900417639815727,"profit_abs":-0.070013,"exit_reason":"stop_loss","initial_stop_loss_abs":0.11369,"initial_stop_loss_ratio":-0.028,"stop_loss_abs":0.11369,"stop_loss_ratio":-0.028,"min_rate":0.11217,"max_rate":0.11881000000000001,"is_open":false,"enter_tag":"","leverage":1.0,"is_short":false,"open_timestamp":1769699400000,"close_timestamp":1769737200000,"orders":[{"amount":20.0,"safe_price":0.11696000000000001,"ft_order_side":"buy","order_filled_timestamp":1769699400000,"ft_is_entry":true,"ft_order_tag":"","cost":2.3415391999999997},{"amount":20.0,"safe_price":0.11369,"ft_order_side":"sell","order_filled_timestamp":1769737200000,"ft_is_entry":false,"ft_order_tag":"stop_loss","cost":2.2760738}],"funding_fees":0.0,"weekday":4},{"pair":"DOGE/USDT","stake_amount":2.39421,"max_stake_amount":2.39421,"amount":21.0,"open_date":"2026-01-30 01:45:00+00:00","close_date":"2026-01-31 08:40:00+00:00","open_rate":0.11401,"close_rate":0.11082,"fee_open":0.001,"fee_close":0.001,"trade_duration":1855,"profit_ratio":-0.02992209965282503,"profit_abs":-0.07171143,"exit_reason":"stop_loss","initial_stop_loss_abs":0.11082,"initial_stop_loss_ratio":-0.028,"stop_loss_abs":0.11082,"stop_loss_ratio":-0.028,"min_rate":0.11032000000000002,"max_rate":0.11871000000000001,"is_open":false,"enter_tag":"","leverage":1.0,"is_short":false,"open_timestamp":1769737500000,"close_timestamp":1769848800000,"orders":[{"amount":21.0,"safe_price":0.11401000000000001,"ft_order_side":"buy","order_filled_timestamp":1769737500000,"ft_is_entry":true,"ft_order_tag":"","cost":2.39660421},{"amount":21.0,"safe_price":0.11082,"ft_order_side":"sell","order_filled_timestamp":1769848800000,"ft_is_entry":false,"ft_order_tag":"stop_loss","cost":2.32954722}],"funding_fees":0.0,"weekday":5},{"pair":"DOGE/USDT","stake_amount":2.33226,"max_stake_amount":2.33226,"amount":21.0,"open_date":"2026-01-31 08:45:00+00:00","close_date":"2026-01-31 14:25:00+00:00","open_rate":0.11106,"close_rate":0.10796,"fee_open":0.001,"fee_close":0.001,"trade_duration":340,"profit_ratio":-0.02985507199445611,"profit_abs":-0.06969942,"exit_reason":"stop_loss","initial_stop_loss_abs":0.10796,"initial_stop_loss_ratio":-0.028,"stop_loss_abs":0.10796,"stop_loss_ratio":-0.028,"min_rate":0.1051,"max_rate":0.11269000000000001,"is_open":false,"enter_tag":"","leverage":1.0,"is_short":false,"open_timestamp":1769849100000,"close_timestamp":1769869500000,"orders":[{"amount":21.0,"safe_price":0.11106,"ft_order_side":"buy","order_filled_timestamp":1769849100000,"ft_is_entry":true,"ft_order_tag":"","cost":2.33459226},{"amount":21.0,"safe_price":0.10796,"ft_order_side":"sell","order_filled_timestamp":1769869500000,"ft_is_entry":false,"ft_order_tag":"stop_loss","cost":2.2694271599999998}],"funding_fees":0.0,"weekday":5},{"pair":"DOGE/USDT","stake_amount":2.3529,"max_stake_amount":2.3529,"amount":22.0,"open_date":"2026-01-31 14:30:00+00:00","close_date":"2026-01-31 17:10:00+00:00","open_rate":0.10695,"close_rate":0.10396,"fee_open":0.001,"fee_close":0.001,"trade_duration":160,"profit_ratio":-0.029899133124939577,"profit_abs":-0.07042002,"exit_reason":"stop_loss","initial_stop_loss_abs":0.10396,"initial_stop_loss_ratio":-0.028,"stop_loss_abs":0.10396,"stop_loss_ratio":-0.028,"min_rate":0.099,"max_rate":0.1082,"is_open":false,"enter_tag":"","leverage":1.0,"is_short":false,"open_timestamp":1769869800000,"close_timestamp":1769879400000,"orders":[{"amount":22.0,"safe_price":0.10695,"ft_order_side":"buy","order_filled_timestamp":1769869800000,"ft_is_entry":true,"ft_order_tag":"","cost":2.3552528999999995},{"amount":22.0,"safe_price":0.10396,"ft_order_side":"sell","order_filled_timestamp":1769879400000,"ft_is_entry":false,"ft_order_tag":"stop_loss","cost":2.2894071199999995}],"funding_fees":0.0,"weekday":5},{"pair":"DOGE/USDT","stake_amount":2.33818,"max_stake_amount":2.33818,"amount":23.0,"open_date":"2026-01-31 17:15:00+00:00","close_date":"2026-01-31 18:40:00+00:00","open_rate":0.10166,"close_rate":0.09882,"fee_open":0.001,"fee_close":0.001,"trade_duration":85,"profit_ratio":-0.029878443413757203,"profit_abs":-0.06993104,"exit_reason":"stop_loss","initial_stop_loss_abs":0.09882,"initial_stop_loss_ratio":-0.028,"stop_loss_abs":0.09882,"stop_loss_ratio":-0.028,"min_rate":0.09461000000000001,"max_rate":0.10282000000000001,"is_open":false,"enter_tag":"","leverage":1.0,"is_short":false,"open_timestamp":1769879700000,"close_timestamp":1769884800000,"orders":[{"amount":23.0,"safe_price":0.10166000000000001,"ft_order_side":"buy","order_filled_timestamp":1769879700000,"ft_is_entry":true,"ft_order_tag":"","cost":2.34051818},{"amount":23.0,"safe_price":0.09882,"ft_order_side":"sell","order_filled_timestamp":1769884800000,"ft_is_entry":false,"ft_order_tag":"stop_loss","cost":2.27513286}],"funding_fees":0.0,"weekday":5},{"pair":"DOGE/USDT","stake_amount":2.4204,"max_stake_amount":2.4204,"amount":24.0,"open_date":"2026-01-31 18:45:00+00:00","close_date":"2026-02-02 08:45:00+00:00","open_rate":0.10085,"close_rate":0.10398,"fee_open":0.001,"fee_close":0.001,"trade_duration":2280,"profit_ratio":0.02897617999254092,"profit_abs":0.07020408,"exit_reason":"force_exit","initial_stop_loss_abs":0.09803,"initial_stop_loss_ratio":-0.028,"stop_loss_abs":0.09803,"stop_loss_ratio":-0.028,"min_rate":0.09954,"max_rate":0.10685000000000001,"is_open":false,"enter_tag":"","leverage":1.0,"is_short":false,"open_timestamp":1769885100000,"close_timestamp":1770021900000,"orders":[{"amount":24.0,"safe_price":0.10085000000000001,"ft_order_side":"buy","order_filled_timestamp":1769885100000,"ft_is_entry":true,"ft_order_tag":"","cost":2.4228204},{"amount":24.0,"safe_price":0.10398,"ft_order_side":"sell","order_filled_timestamp":1770021900000,"ft_is_entry":false,"ft_order_tag":"force_exit","cost":2.4980155199999996}],"funding_fees":0.0,"weekday":0}],"locks":[],"best_pair":{"key":"BTC/USDT","trades":0,"profit_mean":0.0,"profit_mean_pct":0.0,"profit_total_abs":0.0,"profit_total":0.0,"profit_total_pct":0.0,"duration_avg":"0:00","wins":0,"draws":0,"losses":0,"winrate":0.0,"cagr":0.0,"expectancy":0.0,"expectancy_ratio":100.0,"sortino":0,"sharpe":0,"calmar":0,"sqn":0.0,"profit_factor":0.0,"max_drawdown_account":0.0,"max_drawdown_abs":0.0},"worst_pair":{"key":"DOGE/USDT","trades":17,"profit_mean":-0.021430704682488,"profit_mean_pct":-2.14,"profit_total_abs":-0.86243475,"profit_total":-0.017248695,"profit_total_pct":-1.72,"duration_avg":"1 day, 13:00:00","wins":3,"draws":0,"losses":14,"winrate":0.17647058823529413,"cagr":-0.21671433404553841,"expectancy":-0.05073145588235295,"expectancy_ratio":-0.7143300432868658,"sortino":-601.5311846169627,"sharpe":-14.2197350468858,"calmar":-67.94943317959714,"sqn":-4.5533,"profit_factor":0.1325992331516629,"max_drawdown_account":0.01865277660000004,"max_drawdown_abs":0.9326388299999999},"results_per_pair":[{"key":"BTC/USDT","trades":0,"profit_mean":0.0,"profit_mean_pct":0.0,"profit_total_abs":0.0,"profit_total":0.0,"profit_total_pct":0.0,"duration_avg":"0:00","wins":0,"draws":0,"losses":0,"winrate":0.0,"cagr":0.0,"expectancy":0.0,"expectancy_ratio":100.0,"sortino":0,"sharpe":0,"calmar":0,"sqn":0.0,"profit_factor":0.0,"max_drawdown_account":0.0,"max_drawdown_abs":0.0},{"key":"ETH/USDT","trades":0,"profit_mean":0.0,"profit_mean_pct":0.0,"profit_total_abs":0.0,"profit_total":0.0,"profit_total_pct":0.0,"duration_avg":"0:00","wins":0,"draws":0,"losses":0,"winrate":0.0,"cagr":0.0,"expectancy":0.0,"expectancy_ratio":100.0,"sortino":0,"sharpe":0,"calmar":0,"sqn":0.0,"profit_factor":0.0,"max_drawdown_account":0.0,"max_drawdown_abs":0.0},{"key":"BNB/USDT","trades":0,"profit_mean":0.0,"profit_mean_pct":0.0,"profit_total_abs":0.0,"profit_total":0.0,"profit_total_pct":0.0,"duration_avg":"0:00","wins":0,"draws":0,"losses":0,"winrate":0.0,"cagr":0.0,"expectancy":0.0,"expectancy_ratio":100.0,"sortino":0,"sharpe":0,"calmar":0,"sqn":0.0,"profit_factor":0.0,"max_drawdown_account":0.0,"max_drawdown_abs":0.0},{"key":"SOL/USDT","trades":0,"profit_mean":0.0,"profit_mean_pct":0.0,"profit_total_abs":0.0,"profit_total":0.0,"profit_total_pct":0.0,"duration_avg":"0:00","wins":0,"draws":0,"losses":0,"winrate":0.0,"cagr":0.0,"expectancy":0.0,"expectancy_ratio":100.0,"sortino":0,"sharpe":0,"calmar":0,"sqn":0.0,"profit_factor":0.0,"max_drawdown_account":0.0,"max_drawdown_abs":0.0},{"key":"ADA/USDT","trades":0,"profit_mean":0.0,"profit_mean_pct":0.0,"profit_total_abs":0.0,"profit_total":0.0,"profit_total_pct":0.0,"duration_avg":"0:00","wins":0,"draws":0,"losses":0,"winrate":0.0,"cagr":0.0,"expectancy":0.0,"expectancy_ratio":100.0,"sortino":0,"sharpe":0,"calmar":0,"sqn":0.0,"profit_factor":0.0,"max_drawdown_account":0.0,"max_drawdown_abs":0.0},{"key":"XRP/USDT","trades":0,"profit_mean":0.0,"profit_mean_pct":0.0,"profit_total_abs":0.0,"profit_total":0.0,"profit_total_pct":0.0,"duration_avg":"0:00","wins":0,"draws":0,"losses":0,"winrate":0.0,"cagr":0.0,"expectancy":0.0,"expectancy_ratio":100.0,"sortino":0,"sharpe":0,"calmar":0,"sqn":0.0,"profit_factor":0.0,"max_drawdown_account":0.0,"max_drawdown_abs":0.0},{"key":"DOT/USDT","trades":0,"profit_mean":0.0,"profit_mean_pct":0.0,"profit_total_abs":0.0,"profit_total":0.0,"profit_total_pct":0.0,"duration_avg":"0:00","wins":0,"draws":0,"losses":0,"winrate":0.0,"cagr":0.0,"expectancy":0.0,"expectancy_ratio":100.0,"sortino":0,"sharpe":0,"calmar":0,"sqn":0.0,"profit_factor":0.0,"max_drawdown_account":0.0,"max_drawdown_abs":0.0},{"key":"AVAX/USDT","trades":0,"profit_mean":0.0,"profit_mean_pct":0.0,"profit_total_abs":0.0,"profit_total":0.0,"profit_total_pct":0.0,"duration_avg":"0:00","wins":0,"draws":0,"losses":0,"winrate":0.0,"cagr":0.0,"expectancy":0.0,"expectancy_ratio":100.0,"sortino":0,"sharpe":0,"calmar":0,"sqn":0.0,"profit_factor":0.0,"max_drawdown_account":0.0,"max_drawdown_abs":0.0},{"key":"LINK/USDT","trades":0,"profit_mean":0.0,"profit_mean_pct":0.0,"profit_total_abs":0.0,"profit_total":0.0,"profit_total_pct":0.0,"duration_avg":"0:00","wins":0,"draws":0,"losses":0,"winrate":0.0,"cagr":0.0,"expectancy":0.0,"expectancy_ratio":100.0,"sortino":0,"sharpe":0,"calmar":0,"sqn":0.0,"profit_factor":0.0,"max_drawdown_account":0.0,"max_drawdown_abs":0.0},{"key":"LTC/USDT","trades":0,"profit_mean":0.0,"profit_mean_pct":0.0,"profit_total_abs":0.0,"profit_total":0.0,"profit_total_pct":0.0,"duration_avg":"0:00","wins":0,"draws":0,"losses":0,"winrate":0.0,"cagr":0.0,"expectancy":0.0,"expectancy_ratio":100.0,"sortino":0,"sharpe":0,"calmar":0,"sqn":0.0,"profit_factor":0.0,"max_drawdown_account":0.0,"max_drawdown_abs":0.0},{"key":"TRX/USDT","trades":0,"profit_mean":0.0,"profit_mean_pct":0.0,"profit_total_abs":0.0,"profit_total":0.0,"profit_total_pct":0.0,"duration_avg":"0:00","wins":0,"draws":0,"losses":0,"winrate":0.0,"cagr":0.0,"expectancy":0.0,"expectancy_ratio":100.0,"sortino":0,"sharpe":0,"calmar":0,"sqn":0.0,"profit_factor":0.0,"max_drawdown_account":0.0,"max_drawdown_abs":0.0},{"key":"UNI/USDT","trades":0,"profit_mean":0.0,"profit_mean_pct":0.0,"profit_total_abs":0.0,"profit_total":0.0,"profit_total_pct":0.0,"duration_avg":"0:00","wins":0,"draws":0,"losses":0,"winrate":0.0,"cagr":0.0,"expectancy":0.0,"expectancy_ratio":100.0,"sortino":0,"sharpe":0,"calmar":0,"sqn":0.0,"profit_factor":0.0,"max_drawdown_account":0.0,"max_drawdown_abs":0.0},{"key":"ATOM/USDT","trades":0,"profit_mean":0.0,"profit_mean_pct":0.0,"profit_total_abs":0.0,"profit_total":0.0,"profit_total_pct":0.0,"duration_avg":"0:00","wins":0,"draws":0,"losses":0,"winrate":0.0,"cagr":0.0,"expectancy":0.0,"expectancy_ratio":100.0,"sortino":0,"sharpe":0,"calmar":0,"sqn":0.0,"profit_factor":0.0,"max_drawdown_account":0.0,"max_drawdown_abs":0.0},{"key":"XLM/USDT","trades":0,"profit_mean":0.0,"profit_mean_pct":0.0,"profit_total_abs":0.0,"profit_total":0.0,"profit_total_pct":0.0,"duration_avg":"0:00","wins":0,"draws":0,"losses":0,"winrate":0.0,"cagr":0.0,"expectancy":0.0,"expectancy_ratio":100.0,"sortino":0,"sharpe":0,"calmar":0,"sqn":0.0,"profit_factor":0.0,"max_drawdown_account":0.0,"max_drawdown_abs":0.0},{"key":"ETC/USDT","trades":0,"profit_mean":0.0,"profit_mean_pct":0.0,"profit_total_abs":0.0,"profit_total":0.0,"profit_total_pct":0.0,"duration_avg":"0:00","wins":0,"draws":0,"losses":0,"winrate":0.0,"cagr":0.0,"expectancy":0.0,"expectancy_ratio":100.0,"sortino":0,"sharpe":0,"calmar":0,"sqn":0.0,"profit_factor":0.0,"max_drawdown_account":0.0,"max_drawdown_abs":0.0},{"key":"BCH/USDT","trades":0,"profit_mean":0.0,"profit_mean_pct":0.0,"profit_total_abs":0.0,"profit_total":0.0,"profit_total_pct":0.0,"duration_avg":"0:00","wins":0,"draws":0,"losses":0,"winrate":0.0,"cagr":0.0,"expectancy":0.0,"expectancy_ratio":100.0,"sortino":0,"sharpe":0,"calmar":0,"sqn":0.0,"profit_factor":0.0,"max_drawdown_account":0.0,"max_drawdown_abs":0.0},{"key":"NEAR/USDT","trades":0,"profit_mean":0.0,"profit_mean_pct":0.0,"profit_total_abs":0.0,"profit_total":0.0,"profit_total_pct":0.0,"duration_avg":"0:00","wins":0,"draws":0,"losses":0,"winrate":0.0,"cagr":0.0,"expectancy":0.0,"expectancy_ratio":100.0,"sortino":0,"sharpe":0,"calmar":0,"sqn":0.0,"profit_factor":0.0,"max_drawdown_account":0.0,"max_drawdown_abs":0.0},{"key":"FIL/USDT","trades":0,"profit_mean":0.0,"profit_mean_pct":0.0,"profit_total_abs":0.0,"profit_total":0.0,"profit_total_pct":0.0,"duration_avg":"0:00","wins":0,"draws":0,"losses":0,"winrate":0.0,"cagr":0.0,"expectancy":0.0,"expectancy_ratio":100.0,"sortino":0,"sharpe":0,"calmar":0,"sqn":0.0,"profit_factor":0.0,"max_drawdown_account":0.0,"max_drawdown_abs":0.0},{"key":"DOGE/USDT","trades":17,"profit_mean":-0.021430704682488,"profit_mean_pct":-2.14,"profit_total_abs":-0.86243475,"profit_total":-0.017248695,"profit_total_pct":-1.72,"duration_avg":"1 day, 13:00:00","wins":3,"draws":0,"losses":14,"winrate":0.17647058823529413,"cagr":-0.21671433404553841,"expectancy":-0.05073145588235295,"expectancy_ratio":-0.7143300432868658,"sortino":-601.5311846169627,"sharpe":-14.2197350468858,"calmar":-67.94943317959714,"sqn":-4.5533,"profit_factor":0.1325992331516629,"max_drawdown_account":0.01865277660000004,"max_drawdown_abs":0.9326388299999999},{"key":"TOTAL","trades":17,"profit_mean":-0.021430704682488,"profit_mean_pct":-2.14,"profit_total_abs":-0.86243475,"profit_total":-0.017248695,"profit_total_pct":-1.72,"duration_avg":"1 day, 13:00:00","wins":3,"draws":0,"losses":14,"winrate":0.17647058823529413,"cagr":-0.21671433404553841,"expectancy":-0.05073145588235295,"expectancy_ratio":-0.7143300432868658,"sortino":-601.5311846169627,"sharpe":-14.2197350468858,"calmar":-67.94943317959714,"sqn":-4.5533,"profit_factor":0.1325992331516629,"max_drawdown_account":0.01865277660000004,"max_drawdown_abs":0.9326388299999999}],"results_per_enter_tag":[{"key":"","trades":17,"profit_mean":-0.021430704682488,"profit_mean_pct":-2.14,"profit_total_abs":-0.86243475,"profit_total":-0.017248695,"profit_total_pct":-1.72,"duration_avg":"1 day, 13:00:00","wins":3,"draws":0,"losses":14,"winrate":0.17647058823529413,"cagr":-0.21671433404553841,"expectancy":-0.05073145588235295,"expectancy_ratio":-0.7143300432868658,"sortino":-601.5311846169627,"sharpe":-14.2197350468858,"calmar":-67.94943317959714,"sqn":-4.5533,"profit_factor":0.1325992331516629,"max_drawdown_account":0.01865277660000004,"max_drawdown_abs":0.9326388299999999},{"key":"TOTAL","trades":17,"profit_mean":-0.021430704682488,"profit_mean_pct":-2.14,"profit_total_abs":-0.86243475,"profit_total":-0.017248695,"profit_total_pct":-1.72,"duration_avg":"1 day, 13:00:00","wins":3,"draws":0,"losses":14,"winrate":0.17647058823529413,"cagr":-0.21671433404553841,"expectancy":-0.05073145588235295,"expectancy_ratio":-0.7143300432868658,"sortino":-601.5311846169627,"sharpe":-14.2197350468858,"calmar":-67.94943317959714,"sqn":-4.5533,"profit_factor":0.1325992331516629,"max_drawdown_account":0.01865277660000004,"max_drawdown_abs":0.9326388299999999}],"exit_reason_summary":[{"key":"force_exit","trades":1,"profit_mean":0.02897617999254092,"profit_mean_pct":2.9,"profit_total_abs":0.07020408,"profit_total":0.0014040816,"profit_total_pct":0.14,"duration_avg":"1 day, 14:00:00","wins":1,"draws":0,"losses":0,"winrate":1.0,"cagr":0.019892592671953313,"expectancy":0.07020408,"expectancy_ratio":100.0,"sortino":-100,"sharpe":-100,"calmar":-100,"sqn":-100.0,"profit_factor":0.0,"max_drawdown_account":0.0,"max_drawdown_abs":0.0},{"key":"roi","trades":2,"profit_mean":0.012670452515684738,"profit_mean_pct":1.27,"profit_total_abs":0.061635999999999996,"profit_total":0.0012327199999999999,"profit_total_pct":0.12,"duration_avg":"5 days, 1:30:00","wins":2,"draws":0,"losses":0,"winrate":1.0,"cagr":0.017445256225822936,"expectancy":0.030817999999999998,"expectancy_ratio":100.0,"sortino":-100,"sharpe":8.219699333981012,"calmar":-100,"sqn":5.5931,"profit_factor":0.0,"max_drawdown_account":0.0,"max_drawdown_abs":0.0},{"key":"stop_loss","trades":14,"profit_mean":-0.029902790330443317,"profit_mean_pct":-2.99,"profit_total_abs":-0.9942748300000002,"profit_total":-0.019885496600000004,"profit_total_pct":-1.99,"duration_avg":"1 day, 0:52:00","wins":0,"draws":0,"losses":14,"winrate":0.0,"cagr":-0.24570728396279795,"expectancy":-0.07101963071428573,"expectancy_ratio":-1.0,"sortino":-693.4870334535212,"sharpe":-693.4870334535212,"calmar":-73.48066605593371,"sqn":-243.0574,"profit_factor":0.0,"max_drawdown_account":0.01988549660000004,"max_drawdown_abs":0.9942748299999999},{"key":"TOTAL","trades":17,"profit_mean":-0.021430704682488,"profit_mean_pct":-2.14,"profit_total_abs":-0.86243475,"profit_total":-0.017248695,"profit_total_pct":-1.72,"duration_avg":"1 day, 13:00:00","wins":3,"draws":0,"losses":14,"winrate":0.17647058823529413,"cagr":-0.21671433404553841,"expectancy":-0.05073145588235295,"expectancy_ratio":-0.7143300432868658,"sortino":-601.5311846169627,"sharpe":-14.2197350468858,"calmar":-67.94943317959714,"sqn":-4.5533,"profit_factor":0.1325992331516629,"max_drawdown_account":0.01865277660000004,"max_drawdown_abs":0.9326388299999999}],"mix_tag_stats":[{"key":["","force_exit"],"trades":1,"profit_mean":0.02897617999254092,"profit_mean_pct":2.9,"profit_total_abs":0.07020408,"profit_total":0.0014040816,"profit_total_pct":0.14,"duration_avg":"1 day, 14:00:00","wins":1,"draws":0,"losses":0,"winrate":1.0,"cagr":0.019892592671953313,"expectancy":0.07020408,"expectancy_ratio":100.0,"sortino":-100,"sharpe":-100,"calmar":-100,"sqn":-100.0,"profit_factor":0.0,"max_drawdown_account":0.0,"max_drawdown_abs":0.0},{"key":["","roi"],"trades":2,"profit_mean":0.012670452515684738,"profit_mean_pct":1.27,"profit_total_abs":0.061635999999999996,"profit_total":0.0012327199999999999,"profit_total_pct":0.12,"duration_avg":"5 days, 1:30:00","wins":2,"draws":0,"losses":0,"winrate":1.0,"cagr":0.017445256225822936,"expectancy":0.030817999999999998,"expectancy_ratio":100.0,"sortino":-100,"sharpe":8.219699333981012,"calmar":-100,"sqn":5.5931,"profit_factor":0.0,"max_drawdown_account":0.0,"max_drawdown_abs":0.0},{"key":["","stop_loss"],"trades":14,"profit_mean":-0.029902790330443317,"profit_mean_pct":-2.99,"profit_total_abs":-0.9942748300000002,"profit_total":-0.019885496600000004,"profit_total_pct":-1.99,"duration_avg":"1 day, 0:52:00","wins":0,"draws":0,"losses":14,"winrate":0.0,"cagr":-0.24570728396279795,"expectancy":-0.07101963071428573,"expectancy_ratio":-1.0,"sortino":-693.4870334535212,"sharpe":-693.4870334535212,"calmar":-73.48066605593371,"sqn":-243.0574,"profit_factor":0.0,"max_drawdown_account":0.01988549660000004,"max_drawdown_abs":0.9942748299999999},{"key":"TOTAL","trades":17,"profit_mean":-0.021430704682488,"profit_mean_pct":-2.14,"profit_total_abs":-0.86243475,"profit_total":-0.017248695,"profit_total_pct":-1.72,"duration_avg":"1 day, 13:00:00","wins":3,"draws":0,"losses":14,"winrate":0.17647058823529413,"cagr":-0.21671433404553841,"expectancy":-0.05073145588235295,"expectancy_ratio":-0.7143300432868658,"sortino":-601.5311846169627,"sharpe":-14.2197350468858,"calmar":-67.94943317959714,"sqn":-4.5533,"profit_factor":0.1325992331516629,"max_drawdown_account":0.01865277660000004,"max_drawdown_abs":0.9326388299999999}],"left_open_trades":[{"key":"DOGE/USDT","trades":1,"profit_mean":0.02897617999254092,"profit_mean_pct":2.9,"profit_total_abs":0.07020408,"profit_total":0.0014040816,"profit_total_pct":0.14,"duration_avg":"1 day, 14:00:00","wins":1,"draws":0,"losses":0,"winrate":1.0,"cagr":0.019892592671953313,"expectancy":0.07020408,"expectancy_ratio":100.0,"sortino":-100,"sharpe":-100,"calmar":-100,"sqn":-100.0,"profit_factor":0.0,"max_drawdown_account":0.0,"max_drawdown_abs":0.0},{"key":"TOTAL","trades":1,"profit_mean":0.02897617999254092,"profit_mean_pct":2.9,"profit_total_abs":0.07020408,"profit_total":0.0014040816,"profit_total_pct":0.14,"duration_avg":"1 day, 14:00:00","wins":1,"draws":0,"losses":0,"winrate":1.0,"cagr":0.019892592671953313,"expectancy":0.07020408,"expectancy_ratio":100.0,"sortino":-100,"sharpe":-100,"calmar":-100,"sqn":-100.0,"profit_factor":0.0,"max_drawdown_account":0.0,"max_drawdown_abs":0.0}],"total_trades":17,"trade_count_long":17,"trade_count_short":0,"total_volume":80.30497475,"avg_stake_amount":2.3825576470588237,"profit_mean":-0.021430704682488,"profit_median":-0.029900417639815727,"profit_total":-0.017248695,"profit_total_long":-0.017248695,"profit_total_short":0.0,"profit_total_abs":-0.86243475,"profit_total_long_abs":-0.86243475,"profit_total_short_abs":0.0,"cagr":-0.21671433404553841,"expectancy":-0.05073145588235295,"expectancy_ratio":-0.7143300432868658,"sortino":-601.5311846169627,"sharpe":-14.2197350468858,"calmar":-67.94943317959714,"sqn":-4.5533,"profit_factor":0.1325992331516629,"backtest_start":"2026-01-07 00:00:00","backtest_start_ts":1767744000000,"backtest_end":"2026-02-02 08:50:00","backtest_end_ts":1770022200000,"backtest_days":26,"backtest_run_start_ts":1770395303,"backtest_run_end_ts":1770395316,"trades_per_day":0.65,"market_change":-0.2755200146669005,"pairlist":["BTC/USDT","ETH/USDT","BNB/USDT","SOL/USDT","ADA/USDT","XRP/USDT","DOT/USDT","DOGE/USDT","AVAX/USDT","LINK/USDT","LTC/USDT","TRX/USDT","UNI/USDT","ATOM/USDT","XLM/USDT","ETC/USDT","BCH/USDT","NEAR/USDT","FIL/USDT"],"stake_amount":"unlimited","stake_currency":"USDT","stake_currency_decimals":3,"starting_balance":50,"dry_run_wallet":50,"final_balance":49.13756525,"rejected_signals":0,"timedout_entry_orders":0,"timedout_exit_orders":0,"canceled_trade_entries":0,"canceled_entry_orders":0,"replaced_entry_orders":0,"max_open_trades":19,"max_open_trades_setting":20,"timeframe":"5m","timeframe_detail":"","timerange":"20260107-20260206","enable_protections":false,"strategy_name":"mabStra","freqaimodel":"XGBoostRegressor","freqai_identifier":"qs_v9_scalp_5m1h_l2","stoploss":-0.028,"trailing_stop":false,"trailing_stop_positive":null,"trailing_stop_positive_offset":0.0,"trailing_only_offset_is_reached":false,"use_custom_stoploss":false,"minimal_roi":{"0":0.598,"644":0.166,"3269":0.115,"7289":0},"use_exit_signal":true,"exit_profit_only":false,"exit_profit_offset":0.0,"ignore_roi_if_entry_signal":false,"trading_mode":"spot","margin_mode":"","periodic_breakdown":{"day":[{"date":"08/01/2026","date_ts":1767830400000,"profit_abs":-0.14354849,"wins":0,"draws":0,"losses":2,"trades":2,"profit_factor":0.0},{"date":"09/01/2026","date_ts":1767916800000,"profit_abs":0.0,"wins":0,"draws":0,"losses":0,"trades":0,"profit_factor":0.0},{"date":"10/01/2026","date_ts":1768003200000,"profit_abs":0.0,"wins":0,"draws":0,"losses":0,"trades":0,"profit_factor":0.0},{"date":"11/01/2026","date_ts":1768089600000,"profit_abs":-0.07133948,"wins":0,"draws":0,"losses":1,"trades":1,"profit_factor":0.0},{"date":"12/01/2026","date_ts":1768176000000,"profit_abs":0.0,"wins":0,"draws":0,"losses":0,"trades":0,"profit_factor":0.0},{"date":"13/01/2026","date_ts":1768262400000,"profit_abs":0.0,"wins":0,"draws":0,"losses":0,"trades":0,"profit_factor":0.0},{"date":"14/01/2026","date_ts":1768348800000,"profit_abs":0.0,"wins":0,"draws":0,"losses":0,"trades":0,"profit_factor":0.0},{"date":"15/01/2026","date_ts":1768435200000,"profit_abs":0.0,"wins":0,"draws":0,"losses":0,"trades":0,"profit_factor":0.0},{"date":"16/01/2026","date_ts":1768521600000,"profit_abs":0.025308,"wins":1,"draws":0,"losses":0,"trades":1,"profit_factor":0.0},{"date":"17/01/2026","date_ts":1768608000000,"profit_abs":0.0,"wins":0,"draws":0,"losses":0,"trades":0,"profit_factor":0.0},{"date":"18/01/2026","date_ts":1768694400000,"profit_abs":-0.07007145,"wins":0,"draws":0,"losses":1,"trades":1,"profit_factor":0.0},{"date":"19/01/2026","date_ts":1768780800000,"profit_abs":-0.07245252,"wins":0,"draws":0,"losses":1,"trades":1,"profit_factor":0.0},{"date":"20/01/2026","date_ts":1768867200000,"profit_abs":-0.0724052,"wins":0,"draws":0,"losses":1,"trades":1,"profit_factor":0.0},{"date":"21/01/2026","date_ts":1768953600000,"profit_abs":-0.07057341,"wins":0,"draws":0,"losses":1,"trades":1,"profit_factor":0.0},{"date":"22/01/2026","date_ts":1769040000000,"profit_abs":0.0,"wins":0,"draws":0,"losses":0,"trades":0,"profit_factor":0.0},{"date":"23/01/2026","date_ts":1769126400000,"profit_abs":0.0,"wins":0,"draws":0,"losses":0,"trades":0,"profit_factor":0.0},{"date":"24/01/2026","date_ts":1769212800000,"profit_abs":0.0,"wins":0,"draws":0,"losses":0,"trades":0,"profit_factor":0.0},{"date":"25/01/2026","date_ts":1769299200000,"profit_abs":0.0,"wins":0,"draws":0,"losses":0,"trades":0,"profit_factor":0.0},{"date":"26/01/2026","date_ts":1769385600000,"profit_abs":0.036328,"wins":1,"draws":0,"losses":0,"trades":1,"profit_factor":0.0},{"date":"27/01/2026","date_ts":1769472000000,"profit_abs":0.0,"wins":0,"draws":0,"losses":0,"trades":0,"profit_factor":0.0},{"date":"28/01/2026","date_ts":1769558400000,"profit_abs":0.0,"wins":0,"draws":0,"losses":0,"trades":0,"profit_factor":0.0},{"date":"29/01/2026","date_ts":1769644800000,"profit_abs":-0.14210937,"wins":0,"draws":0,"losses":2,"trades":2,"profit_factor":0.0},{"date":"30/01/2026","date_ts":1769731200000,"profit_abs":-0.070013,"wins":0,"draws":0,"losses":1,"trades":1,"profit_factor":0.0},{"date":"31/01/2026","date_ts":1769817600000,"profit_abs":-0.28176191,"wins":0,"draws":0,"losses":4,"trades":4,"profit_factor":0.0},{"date":"01/02/2026","date_ts":1769904000000,"profit_abs":0.0,"wins":0,"draws":0,"losses":0,"trades":0,"profit_factor":0.0},{"date":"02/02/2026","date_ts":1769990400000,"profit_abs":0.07020408,"wins":1,"draws":0,"losses":0,"trades":1,"profit_factor":0.0}],"week":[{"date":"12/01/2026","date_ts":1768176000000,"profit_abs":-0.21488797,"wins":0,"draws":0,"losses":3,"trades":3,"profit_factor":0.0},{"date":"19/01/2026","date_ts":1768780800000,"profit_abs":-0.11721597,"wins":1,"draws":0,"losses":2,"trades":3,"profit_factor":0.17757013},{"date":"26/01/2026","date_ts":1769385600000,"profit_abs":-0.10665061,"wins":1,"draws":0,"losses":2,"trades":3,"profit_factor":0.25407996},{"date":"02/02/2026","date_ts":1769990400000,"profit_abs":-0.4236802,"wins":1,"draws":0,"losses":7,"trades":8,"profit_factor":0.14214682}],"month":[{"date":"31/01/2026","date_ts":1769817600000,"profit_abs":-0.93263883,"wins":2,"draws":0,"losses":14,"trades":16,"profit_factor":0.06199091},{"date":"28/02/2026","date_ts":1772236800000,"profit_abs":0.07020408,"wins":1,"draws":0,"losses":0,"trades":1,"profit_factor":0.0}],"year":[{"date":"31/12/2026","date_ts":1798675200000,"profit_abs":-0.86243475,"wins":3,"draws":0,"losses":14,"trades":17,"profit_factor":0.13259923}],"weekday":[{"date":"Monday","date_ts":0,"profit_abs":0.03407956,"wins":2,"draws":0,"losses":1,"trades":3,"profit_factor":1.47037094},{"date":"Tuesday","date_ts":1,"profit_abs":-0.0724052,"wins":0,"draws":0,"losses":1,"trades":1,"profit_factor":0.0},{"date":"Wednesday","date_ts":2,"profit_abs":-0.07057341,"wins":0,"draws":0,"losses":1,"trades":1,"profit_factor":0.0},{"date":"Thursday","date_ts":3,"profit_abs":-0.28565786,"wins":0,"draws":0,"losses":4,"trades":4,"profit_factor":0.0},{"date":"Friday","date_ts":4,"profit_abs":-0.044705,"wins":1,"draws":0,"losses":1,"trades":2,"profit_factor":0.36147573},{"date":"Saturday","date_ts":5,"profit_abs":-0.28176191,"wins":0,"draws":0,"losses":4,"trades":4,"profit_factor":0.0},{"date":"Sunday","date_ts":6,"profit_abs":-0.14141093,"wins":0,"draws":0,"losses":2,"trades":2,"profit_factor":0.0}]},"backtest_best_day":0.02897617999254092,"backtest_worst_day":-0.11955474818597792,"backtest_best_day_abs":0.07020408,"backtest_worst_day_abs":-0.28176191,"winning_days":3,"draw_days":14,"losing_days":9,"daily_profit":[["2026-01-08",-0.14354849],["2026-01-09",0.0],["2026-01-10",0.0],["2026-01-11",-0.07133948],["2026-01-12",0.0],["2026-01-13",0.0],["2026-01-14",0.0],["2026-01-15",0.0],["2026-01-16",0.025308],["2026-01-17",0.0],["2026-01-18",-0.07007145],["2026-01-19",-0.07245252],["2026-01-20",-0.0724052],["2026-01-21",-0.07057341],["2026-01-22",0.0],["2026-01-23",0.0],["2026-01-24",0.0],["2026-01-25",0.0],["2026-01-26",0.036328],["2026-01-27",0.0],["2026-01-28",0.0],["2026-01-29",-0.14210937],["2026-01-30",-0.070013],["2026-01-31",-0.28176191],["2026-02-01",0.0],["2026-02-02",0.07020408]],"wins":3,"losses":14,"draws":0,"winrate":0.17647058823529413,"holding_avg":"1 day, 13:00:00","holding_avg_s":133200.0,"winner_holding_min":"1d 14:00","winner_holding_min_s":136800.0,"winner_holding_max":"5d 01:30","winner_holding_max_s":437400.0,"winner_holding_avg":"3d 21:40","winner_holding_avg_s":337200.0,"loser_holding_min":"0d 00:25","loser_holding_min_s":1500.0,"loser_holding_max":"3d 08:50","loser_holding_max_s":291000.0,"loser_holding_avg":"1d 00:52","loser_holding_avg_s":89520.0,"max_consecutive_wins":1,"max_consecutive_losses":7,"max_drawdown_account":0.01865277660000004,"max_relative_drawdown":0.01865277660000004,"max_drawdown_abs":0.9326388299999999,"drawdown_start":"2026-01-08 06:15:00","drawdown_start_ts":1767852900000.0,"drawdown_end":"2026-01-31 18:40:00","drawdown_end_ts":1769884800000.0,"drawdown_duration":"23 days 12:25:00","drawdown_duration_s":2031900.0,"max_drawdown_low":-0.9326388299999999,"max_drawdown_high":0.0,"csum_min":49.06736117,"csum_max":49.92942656}},"strategy_comparison":[{"key":"mabStra","trades":17,"profit_mean":-0.021430704682488,"profit_mean_pct":-2.14,"profit_total_abs":-0.86243475,"profit_total":-0.017248695,"profit_total_pct":-1.72,"duration_avg":"1 day, 13:00:00","wins":3,"draws":0,"losses":14,"winrate":0.17647058823529413,"cagr":-0.21671433404553841,"expectancy":-0.05073145588235295,"expectancy_ratio":-0.7143300432868658,"sortino":-601.5311846169627,"sharpe":-14.2197350468858,"calmar":-67.94943317959714,"sqn":-4.5533,"profit_factor":0.1325992331516629,"max_drawdown_account":0.01865277660000004,"max_drawdown_abs":"0.933"}]}