{"strategy":{"SwingHighToSky":{"trades":[{"pair":"DOGE/USDT","stake_amount":1.34082,"max_stake_amount":1.34082,"amount":9.0,"open_date":"2026-01-04 21:45:00+00:00","close_date":"2026-01-31 18:30:00+00:00","open_rate":0.14898,"close_rate":0.09783,"fee_open":0.001,"fee_close":0.001,"trade_duration":38685,"profit_ratio":-0.3446466944251882,"profit_abs":-0.46257129,"exit_reason":"stop_loss","initial_stop_loss_abs":0.09783,"initial_stop_loss_ratio":-0.34338,"stop_loss_abs":0.09783,"stop_loss_ratio":-0.34338,"min_rate":0.09461000000000001,"max_rate":0.15656,"is_open":false,"enter_tag":"","leverage":1.0,"is_short":false,"open_timestamp":1767563100000,"close_timestamp":1769884200000,"orders":[{"amount":9.0,"safe_price":0.14898,"ft_order_side":"buy","order_filled_timestamp":1767563100000,"ft_is_entry":true,"ft_order_tag":"","cost":1.3421608199999997},{"amount":9.0,"safe_price":0.09783,"ft_order_side":"sell","order_filled_timestamp":1769884200000,"ft_is_entry":false,"ft_order_tag":"stop_loss","cost":0.8813504699999999}],"funding_fees":0.0,"weekday":5},{"pair":"DOGE/USDT","stake_amount":1.31105,"max_stake_amount":1.31105,"amount":13.0,"open_date":"2026-01-31 18:45:00+00:00","close_date":"2026-02-01 11:00:00+00:00","open_rate":0.10085,"close_rate":0.10466,"fee_open":0.001,"fee_close":0.001,"trade_duration":975,"profit_ratio":0.0357053952492723,"profit_abs":0.04685837,"exit_reason":"force_exit","initial_stop_loss_abs":0.06623,"initial_stop_loss_ratio":-0.34338,"stop_loss_abs":0.06623,"stop_loss_ratio":-0.34338,"min_rate":0.09954,"max_rate":0.10657000000000001,"is_open":false,"enter_tag":"","leverage":1.0,"is_short":false,"open_timestamp":1769885100000,"close_timestamp":1769943600000,"orders":[{"amount":13.0,"safe_price":0.10085000000000001,"ft_order_side":"buy","order_filled_timestamp":1769885100000,"ft_is_entry":true,"ft_order_tag":"","cost":1.3123610499999998},{"amount":13.0,"safe_price":0.10466,"ft_order_side":"sell","order_filled_timestamp":1769943600000,"ft_is_entry":false,"ft_order_tag":"force_exit","cost":1.36194058}],"funding_fees":0.0,"weekday":6}],"locks":[],"best_pair":{"key":"BTC/USDT","trades":0,"profit_mean":0.0,"profit_mean_pct":0.0,"profit_total_abs":0.0,"profit_total":0.0,"profit_total_pct":0.0,"duration_avg":"0:00","wins":0,"draws":0,"losses":0,"winrate":0.0,"cagr":0.0,"expectancy":0.0,"expectancy_ratio":100.0,"sortino":0,"sharpe":0,"calmar":0,"sqn":0.0,"profit_factor":0.0,"max_drawdown_account":0.0,"max_drawdown_abs":0.0},"worst_pair":{"key":"DOGE/USDT","trades":2,"profit_mean":-0.15447064958795795,"profit_mean_pct":-15.45,"profit_total_abs":-0.41571292000000004,"profit_total":-0.008314258400000002,"profit_total_pct":-0.83,"duration_avg":"13 days, 18:30:00","wins":1,"draws":0,"losses":1,"winrate":0.5,"cagr":-0.012722536568746778,"expectancy":-0.20785646000000002,"expectancy_ratio":-0.44935010990414037,"sortino":-100,"sharpe":-0.1310113030534568,"calmar":-7.214135962770142,"sqn":-0.816,"profit_factor":0.1012997801917192,"max_drawdown_account":0.009251425799999992,"max_drawdown_abs":0.46257129},"results_per_pair":[{"key":"BTC/USDT","trades":0,"profit_mean":0.0,"profit_mean_pct":0.0,"profit_total_abs":0.0,"profit_total":0.0,"profit_total_pct":0.0,"duration_avg":"0:00","wins":0,"draws":0,"losses":0,"winrate":0.0,"cagr":0.0,"expectancy":0.0,"expectancy_ratio":100.0,"sortino":0,"sharpe":0,"calmar":0,"sqn":0.0,"profit_factor":0.0,"max_drawdown_account":0.0,"max_drawdown_abs":0.0},{"key":"ETH/USDT","trades":0,"profit_mean":0.0,"profit_mean_pct":0.0,"profit_total_abs":0.0,"profit_total":0.0,"profit_total_pct":0.0,"duration_avg":"0:00","wins":0,"draws":0,"losses":0,"winrate":0.0,"cagr":0.0,"expectancy":0.0,"expectancy_ratio":100.0,"sortino":0,"sharpe":0,"calmar":0,"sqn":0.0,"profit_factor":0.0,"max_drawdown_account":0.0,"max_drawdown_abs":0.0},{"key":"BNB/USDT","trades":0,"profit_mean":0.0,"profit_mean_pct":0.0,"profit_total_abs":0.0,"profit_total":0.0,"profit_total_pct":0.0,"duration_avg":"0:00","wins":0,"draws":0,"losses":0,"winrate":0.0,"cagr":0.0,"expectancy":0.0,"expectancy_ratio":100.0,"sortino":0,"sharpe":0,"calmar":0,"sqn":0.0,"profit_factor":0.0,"max_drawdown_account":0.0,"max_drawdown_abs":0.0},{"key":"SOL/USDT","trades":0,"profit_mean":0.0,"profit_mean_pct":0.0,"profit_total_abs":0.0,"profit_total":0.0,"profit_total_pct":0.0,"duration_avg":"0:00","wins":0,"draws":0,"losses":0,"winrate":0.0,"cagr":0.0,"expectancy":0.0,"expectancy_ratio":100.0,"sortino":0,"sharpe":0,"calmar":0,"sqn":0.0,"profit_factor":0.0,"max_drawdown_account":0.0,"max_drawdown_abs":0.0},{"key":"ADA/USDT","trades":0,"profit_mean":0.0,"profit_mean_pct":0.0,"profit_total_abs":0.0,"profit_total":0.0,"profit_total_pct":0.0,"duration_avg":"0:00","wins":0,"draws":0,"losses":0,"winrate":0.0,"cagr":0.0,"expectancy":0.0,"expectancy_ratio":100.0,"sortino":0,"sharpe":0,"calmar":0,"sqn":0.0,"profit_factor":0.0,"max_drawdown_account":0.0,"max_drawdown_abs":0.0},{"key":"XRP/USDT","trades":0,"profit_mean":0.0,"profit_mean_pct":0.0,"profit_total_abs":0.0,"profit_total":0.0,"profit_total_pct":0.0,"duration_avg":"0:00","wins":0,"draws":0,"losses":0,"winrate":0.0,"cagr":0.0,"expectancy":0.0,"expectancy_ratio":100.0,"sortino":0,"sharpe":0,"calmar":0,"sqn":0.0,"profit_factor":0.0,"max_drawdown_account":0.0,"max_drawdown_abs":0.0},{"key":"DOT/USDT","trades":0,"profit_mean":0.0,"profit_mean_pct":0.0,"profit_total_abs":0.0,"profit_total":0.0,"profit_total_pct":0.0,"duration_avg":"0:00","wins":0,"draws":0,"losses":0,"winrate":0.0,"cagr":0.0,"expectancy":0.0,"expectancy_ratio":100.0,"sortino":0,"sharpe":0,"calmar":0,"sqn":0.0,"profit_factor":0.0,"max_drawdown_account":0.0,"max_drawdown_abs":0.0},{"key":"AVAX/USDT","trades":0,"profit_mean":0.0,"profit_mean_pct":0.0,"profit_total_abs":0.0,"profit_total":0.0,"profit_total_pct":0.0,"duration_avg":"0:00","wins":0,"draws":0,"losses":0,"winrate":0.0,"cagr":0.0,"expectancy":0.0,"expectancy_ratio":100.0,"sortino":0,"sharpe":0,"calmar":0,"sqn":0.0,"profit_factor":0.0,"max_drawdown_account":0.0,"max_drawdown_abs":0.0},{"key":"LINK/USDT","trades":0,"profit_mean":0.0,"profit_mean_pct":0.0,"profit_total_abs":0.0,"profit_total":0.0,"profit_total_pct":0.0,"duration_avg":"0:00","wins":0,"draws":0,"losses":0,"winrate":0.0,"cagr":0.0,"expectancy":0.0,"expectancy_ratio":100.0,"sortino":0,"sharpe":0,"calmar":0,"sqn":0.0,"profit_factor":0.0,"max_drawdown_account":0.0,"max_drawdown_abs":0.0},{"key":"LTC/USDT","trades":0,"profit_mean":0.0,"profit_mean_pct":0.0,"profit_total_abs":0.0,"profit_total":0.0,"profit_total_pct":0.0,"duration_avg":"0:00","wins":0,"draws":0,"losses":0,"winrate":0.0,"cagr":0.0,"expectancy":0.0,"expectancy_ratio":100.0,"sortino":0,"sharpe":0,"calmar":0,"sqn":0.0,"profit_factor":0.0,"max_drawdown_account":0.0,"max_drawdown_abs":0.0},{"key":"TRX/USDT","trades":0,"profit_mean":0.0,"profit_mean_pct":0.0,"profit_total_abs":0.0,"profit_total":0.0,"profit_total_pct":0.0,"duration_avg":"0:00","wins":0,"draws":0,"losses":0,"winrate":0.0,"cagr":0.0,"expectancy":0.0,"expectancy_ratio":100.0,"sortino":0,"sharpe":0,"calmar":0,"sqn":0.0,"profit_factor":0.0,"max_drawdown_account":0.0,"max_drawdown_abs":0.0},{"key":"UNI/USDT","trades":0,"profit_mean":0.0,"profit_mean_pct":0.0,"profit_total_abs":0.0,"profit_total":0.0,"profit_total_pct":0.0,"duration_avg":"0:00","wins":0,"draws":0,"losses":0,"winrate":0.0,"cagr":0.0,"expectancy":0.0,"expectancy_ratio":100.0,"sortino":0,"sharpe":0,"calmar":0,"sqn":0.0,"profit_factor":0.0,"max_drawdown_account":0.0,"max_drawdown_abs":0.0},{"key":"ATOM/USDT","trades":0,"profit_mean":0.0,"profit_mean_pct":0.0,"profit_total_abs":0.0,"profit_total":0.0,"profit_total_pct":0.0,"duration_avg":"0:00","wins":0,"draws":0,"losses":0,"winrate":0.0,"cagr":0.0,"expectancy":0.0,"expectancy_ratio":100.0,"sortino":0,"sharpe":0,"calmar":0,"sqn":0.0,"profit_factor":0.0,"max_drawdown_account":0.0,"max_drawdown_abs":0.0},{"key":"XLM/USDT","trades":0,"profit_mean":0.0,"profit_mean_pct":0.0,"profit_total_abs":0.0,"profit_total":0.0,"profit_total_pct":0.0,"duration_avg":"0:00","wins":0,"draws":0,"losses":0,"winrate":0.0,"cagr":0.0,"expectancy":0.0,"expectancy_ratio":100.0,"sortino":0,"sharpe":0,"calmar":0,"sqn":0.0,"profit_factor":0.0,"max_drawdown_account":0.0,"max_drawdown_abs":0.0},{"key":"ETC/USDT","trades":0,"profit_mean":0.0,"profit_mean_pct":0.0,"profit_total_abs":0.0,"profit_total":0.0,"profit_total_pct":0.0,"duration_avg":"0:00","wins":0,"draws":0,"losses":0,"winrate":0.0,"cagr":0.0,"expectancy":0.0,"expectancy_ratio":100.0,"sortino":0,"sharpe":0,"calmar":0,"sqn":0.0,"profit_factor":0.0,"max_drawdown_account":0.0,"max_drawdown_abs":0.0},{"key":"BCH/USDT","trades":0,"profit_mean":0.0,"profit_mean_pct":0.0,"profit_total_abs":0.0,"profit_total":0.0,"profit_total_pct":0.0,"duration_avg":"0:00","wins":0,"draws":0,"losses":0,"winrate":0.0,"cagr":0.0,"expectancy":0.0,"expectancy_ratio":100.0,"sortino":0,"sharpe":0,"calmar":0,"sqn":0.0,"profit_factor":0.0,"max_drawdown_account":0.0,"max_drawdown_abs":0.0},{"key":"NEAR/USDT","trades":0,"profit_mean":0.0,"profit_mean_pct":0.0,"profit_total_abs":0.0,"profit_total":0.0,"profit_total_pct":0.0,"duration_avg":"0:00","wins":0,"draws":0,"losses":0,"winrate":0.0,"cagr":0.0,"expectancy":0.0,"expectancy_ratio":100.0,"sortino":0,"sharpe":0,"calmar":0,"sqn":0.0,"profit_factor":0.0,"max_drawdown_account":0.0,"max_drawdown_abs":0.0},{"key":"FIL/USDT","trades":0,"profit_mean":0.0,"profit_mean_pct":0.0,"profit_total_abs":0.0,"profit_total":0.0,"profit_total_pct":0.0,"duration_avg":"0:00","wins":0,"draws":0,"losses":0,"winrate":0.0,"cagr":0.0,"expectancy":0.0,"expectancy_ratio":100.0,"sortino":0,"sharpe":0,"calmar":0,"sqn":0.0,"profit_factor":0.0,"max_drawdown_account":0.0,"max_drawdown_abs":0.0},{"key":"APT/USDT","trades":0,"profit_mean":0.0,"profit_mean_pct":0.0,"profit_total_abs":0.0,"profit_total":0.0,"profit_total_pct":0.0,"duration_avg":"0:00","wins":0,"draws":0,"losses":0,"winrate":0.0,"cagr":0.0,"expectancy":0.0,"expectancy_ratio":100.0,"sortino":0,"sharpe":0,"calmar":0,"sqn":0.0,"profit_factor":0.0,"max_drawdown_account":0.0,"max_drawdown_abs":0.0},{"key":"ARB/USDT","trades":0,"profit_mean":0.0,"profit_mean_pct":0.0,"profit_total_abs":0.0,"profit_total":0.0,"profit_total_pct":0.0,"duration_avg":"0:00","wins":0,"draws":0,"losses":0,"winrate":0.0,"cagr":0.0,"expectancy":0.0,"expectancy_ratio":100.0,"sortino":0,"sharpe":0,"calmar":0,"sqn":0.0,"profit_factor":0.0,"max_drawdown_account":0.0,"max_drawdown_abs":0.0},{"key":"OP/USDT","trades":0,"profit_mean":0.0,"profit_mean_pct":0.0,"profit_total_abs":0.0,"profit_total":0.0,"profit_total_pct":0.0,"duration_avg":"0:00","wins":0,"draws":0,"losses":0,"winrate":0.0,"cagr":0.0,"expectancy":0.0,"expectancy_ratio":100.0,"sortino":0,"sharpe":0,"calmar":0,"sqn":0.0,"profit_factor":0.0,"max_drawdown_account":0.0,"max_drawdown_abs":0.0},{"key":"ICP/USDT","trades":0,"profit_mean":0.0,"profit_mean_pct":0.0,"profit_total_abs":0.0,"profit_total":0.0,"profit_total_pct":0.0,"duration_avg":"0:00","wins":0,"draws":0,"losses":0,"winrate":0.0,"cagr":0.0,"expectancy":0.0,"expectancy_ratio":100.0,"sortino":0,"sharpe":0,"calmar":0,"sqn":0.0,"profit_factor":0.0,"max_drawdown_account":0.0,"max_drawdown_abs":0.0},{"key":"ALGO/USDT","trades":0,"profit_mean":0.0,"profit_mean_pct":0.0,"profit_total_abs":0.0,"profit_total":0.0,"profit_total_pct":0.0,"duration_avg":"0:00","wins":0,"draws":0,"losses":0,"winrate":0.0,"cagr":0.0,"expectancy":0.0,"expectancy_ratio":100.0,"sortino":0,"sharpe":0,"calmar":0,"sqn":0.0,"profit_factor":0.0,"max_drawdown_account":0.0,"max_drawdown_abs":0.0},{"key":"AAVE/USDT","trades":0,"profit_mean":0.0,"profit_mean_pct":0.0,"profit_total_abs":0.0,"profit_total":0.0,"profit_total_pct":0.0,"duration_avg":"0:00","wins":0,"draws":0,"losses":0,"winrate":0.0,"cagr":0.0,"expectancy":0.0,"expectancy_ratio":100.0,"sortino":0,"sharpe":0,"calmar":0,"sqn":0.0,"profit_factor":0.0,"max_drawdown_account":0.0,"max_drawdown_abs":0.0},{"key":"SAND/USDT","trades":0,"profit_mean":0.0,"profit_mean_pct":0.0,"profit_total_abs":0.0,"profit_total":0.0,"profit_total_pct":0.0,"duration_avg":"0:00","wins":0,"draws":0,"losses":0,"winrate":0.0,"cagr":0.0,"expectancy":0.0,"expectancy_ratio":100.0,"sortino":0,"sharpe":0,"calmar":0,"sqn":0.0,"profit_factor":0.0,"max_drawdown_account":0.0,"max_drawdown_abs":0.0},{"key":"MANA/USDT","trades":0,"profit_mean":0.0,"profit_mean_pct":0.0,"profit_total_abs":0.0,"profit_total":0.0,"profit_total_pct":0.0,"duration_avg":"0:00","wins":0,"draws":0,"losses":0,"winrate":0.0,"cagr":0.0,"expectancy":0.0,"expectancy_ratio":100.0,"sortino":0,"sharpe":0,"calmar":0,"sqn":0.0,"profit_factor":0.0,"max_drawdown_account":0.0,"max_drawdown_abs":0.0},{"key":"EGLD/USDT","trades":0,"profit_mean":0.0,"profit_mean_pct":0.0,"profit_total_abs":0.0,"profit_total":0.0,"profit_total_pct":0.0,"duration_avg":"0:00","wins":0,"draws":0,"losses":0,"winrate":0.0,"cagr":0.0,"expectancy":0.0,"expectancy_ratio":100.0,"sortino":0,"sharpe":0,"calmar":0,"sqn":0.0,"profit_factor":0.0,"max_drawdown_account":0.0,"max_drawdown_abs":0.0},{"key":"RUNE/USDT","trades":0,"profit_mean":0.0,"profit_mean_pct":0.0,"profit_total_abs":0.0,"profit_total":0.0,"profit_total_pct":0.0,"duration_avg":"0:00","wins":0,"draws":0,"losses":0,"winrate":0.0,"cagr":0.0,"expectancy":0.0,"expectancy_ratio":100.0,"sortino":0,"sharpe":0,"calmar":0,"sqn":0.0,"profit_factor":0.0,"max_drawdown_account":0.0,"max_drawdown_abs":0.0},{"key":"INJ/USDT","trades":0,"profit_mean":0.0,"profit_mean_pct":0.0,"profit_total_abs":0.0,"profit_total":0.0,"profit_total_pct":0.0,"duration_avg":"0:00","wins":0,"draws":0,"losses":0,"winrate":0.0,"cagr":0.0,"expectancy":0.0,"expectancy_ratio":100.0,"sortino":0,"sharpe":0,"calmar":0,"sqn":0.0,"profit_factor":0.0,"max_drawdown_account":0.0,"max_drawdown_abs":0.0},{"key":"GALA/USDT","trades":0,"profit_mean":0.0,"profit_mean_pct":0.0,"profit_total_abs":0.0,"profit_total":0.0,"profit_total_pct":0.0,"duration_avg":"0:00","wins":0,"draws":0,"losses":0,"winrate":0.0,"cagr":0.0,"expectancy":0.0,"expectancy_ratio":100.0,"sortino":0,"sharpe":0,"calmar":0,"sqn":0.0,"profit_factor":0.0,"max_drawdown_account":0.0,"max_drawdown_abs":0.0},{"key":"HBAR/USDT","trades":0,"profit_mean":0.0,"profit_mean_pct":0.0,"profit_total_abs":0.0,"profit_total":0.0,"profit_total_pct":0.0,"duration_avg":"0:00","wins":0,"draws":0,"losses":0,"winrate":0.0,"cagr":0.0,"expectancy":0.0,"expectancy_ratio":100.0,"sortino":0,"sharpe":0,"calmar":0,"sqn":0.0,"profit_factor":0.0,"max_drawdown_account":0.0,"max_drawdown_abs":0.0},{"key":"VET/USDT","trades":0,"profit_mean":0.0,"profit_mean_pct":0.0,"profit_total_abs":0.0,"profit_total":0.0,"profit_total_pct":0.0,"duration_avg":"0:00","wins":0,"draws":0,"losses":0,"winrate":0.0,"cagr":0.0,"expectancy":0.0,"expectancy_ratio":100.0,"sortino":0,"sharpe":0,"calmar":0,"sqn":0.0,"profit_factor":0.0,"max_drawdown_account":0.0,"max_drawdown_abs":0.0},{"key":"DOGE/USDT","trades":2,"profit_mean":-0.15447064958795795,"profit_mean_pct":-15.45,"profit_total_abs":-0.41571292000000004,"profit_total":-0.008314258400000002,"profit_total_pct":-0.83,"duration_avg":"13 days, 18:30:00","wins":1,"draws":0,"losses":1,"winrate":0.5,"cagr":-0.012722536568746778,"expectancy":-0.20785646000000002,"expectancy_ratio":-0.44935010990414037,"sortino":-100,"sharpe":-0.1310113030534568,"calmar":-7.214135962770142,"sqn":-0.816,"profit_factor":0.1012997801917192,"max_drawdown_account":0.009251425799999992,"max_drawdown_abs":0.46257129},{"key":"TOTAL","trades":2,"profit_mean":-0.15447064958795795,"profit_mean_pct":-15.45,"profit_total_abs":-0.41571292000000004,"profit_total":-0.008314258400000002,"profit_total_pct":-0.83,"duration_avg":"13 days, 18:30:00","wins":1,"draws":0,"losses":1,"winrate":0.5,"cagr":-0.012722536568746778,"expectancy":-0.20785646000000002,"expectancy_ratio":-0.44935010990414037,"sortino":-100,"sharpe":-0.1310113030534568,"calmar":-7.214135962770142,"sqn":-0.816,"profit_factor":0.1012997801917192,"max_drawdown_account":0.009251425799999992,"max_drawdown_abs":0.46257129}],"results_per_enter_tag":[{"key":"","trades":2,"profit_mean":-0.15447064958795795,"profit_mean_pct":-15.45,"profit_total_abs":-0.41571292000000004,"profit_total":-0.008314258400000002,"profit_total_pct":-0.83,"duration_avg":"13 days, 18:30:00","wins":1,"draws":0,"losses":1,"winrate":0.5,"cagr":-0.012722536568746778,"expectancy":-0.20785646000000002,"expectancy_ratio":-0.44935010990414037,"sortino":-100,"sharpe":-0.1310113030534568,"calmar":-7.214135962770142,"sqn":-0.816,"profit_factor":0.1012997801917192,"max_drawdown_account":0.009251425799999992,"max_drawdown_abs":0.46257129},{"key":"TOTAL","trades":2,"profit_mean":-0.15447064958795795,"profit_mean_pct":-15.45,"profit_total_abs":-0.41571292000000004,"profit_total":-0.008314258400000002,"profit_total_pct":-0.83,"duration_avg":"13 days, 18:30:00","wins":1,"draws":0,"losses":1,"winrate":0.5,"cagr":-0.012722536568746778,"expectancy":-0.20785646000000002,"expectancy_ratio":-0.44935010990414037,"sortino":-100,"sharpe":-0.1310113030534568,"calmar":-7.214135962770142,"sqn":-0.816,"profit_factor":0.1012997801917192,"max_drawdown_account":0.009251425799999992,"max_drawdown_abs":0.46257129}],"exit_reason_summary":[{"key":"force_exit","trades":1,"profit_mean":0.0357053952492723,"profit_mean_pct":3.57,"profit_total_abs":0.04685837,"profit_total":0.0009371674000000001,"profit_total_pct":0.09,"duration_avg":"16:15:00","wins":1,"draws":0,"losses":0,"winrate":1.0,"cagr":0.0014376118471739474,"expectancy":0.04685837,"expectancy_ratio":100.0,"sortino":-100,"sharpe":-100,"calmar":-100,"sqn":-100.0,"profit_factor":0.0,"max_drawdown_account":0.0,"max_drawdown_abs":0.0},{"key":"stop_loss","trades":1,"profit_mean":-0.3446466944251882,"profit_mean_pct":-34.46,"profit_total_abs":-0.46257129,"profit_total":-0.009251425800000001,"profit_total_pct":-0.93,"duration_avg":"26 days, 20:45:00","wins":0,"draws":0,"losses":1,"winrate":0.0,"cagr":-0.014153039336416984,"expectancy":-0.46257129,"expectancy_ratio":-1.0,"sortino":-100,"sharpe":-100,"calmar":-8.02729965316925,"sqn":-100.0,"profit_factor":0.0,"max_drawdown_account":0.009251425799999992,"max_drawdown_abs":0.46257129},{"key":"TOTAL","trades":2,"profit_mean":-0.15447064958795795,"profit_mean_pct":-15.45,"profit_total_abs":-0.41571292000000004,"profit_total":-0.008314258400000002,"profit_total_pct":-0.83,"duration_avg":"13 days, 18:30:00","wins":1,"draws":0,"losses":1,"winrate":0.5,"cagr":-0.012722536568746778,"expectancy":-0.20785646000000002,"expectancy_ratio":-0.44935010990414037,"sortino":-100,"sharpe":-0.1310113030534568,"calmar":-7.214135962770142,"sqn":-0.816,"profit_factor":0.1012997801917192,"max_drawdown_account":0.009251425799999992,"max_drawdown_abs":0.46257129}],"mix_tag_stats":[{"key":["","force_exit"],"trades":1,"profit_mean":0.0357053952492723,"profit_mean_pct":3.57,"profit_total_abs":0.04685837,"profit_total":0.0009371674000000001,"profit_total_pct":0.09,"duration_avg":"16:15:00","wins":1,"draws":0,"losses":0,"winrate":1.0,"cagr":0.0014376118471739474,"expectancy":0.04685837,"expectancy_ratio":100.0,"sortino":-100,"sharpe":-100,"calmar":-100,"sqn":-100.0,"profit_factor":0.0,"max_drawdown_account":0.0,"max_drawdown_abs":0.0},{"key":["","stop_loss"],"trades":1,"profit_mean":-0.3446466944251882,"profit_mean_pct":-34.46,"profit_total_abs":-0.46257129,"profit_total":-0.009251425800000001,"profit_total_pct":-0.93,"duration_avg":"26 days, 20:45:00","wins":0,"draws":0,"losses":1,"winrate":0.0,"cagr":-0.014153039336416984,"expectancy":-0.46257129,"expectancy_ratio":-1.0,"sortino":-100,"sharpe":-100,"calmar":-8.02729965316925,"sqn":-100.0,"profit_factor":0.0,"max_drawdown_account":0.009251425799999992,"max_drawdown_abs":0.46257129},{"key":"TOTAL","trades":2,"profit_mean":-0.15447064958795795,"profit_mean_pct":-15.45,"profit_total_abs":-0.41571292000000004,"profit_total":-0.008314258400000002,"profit_total_pct":-0.83,"duration_avg":"13 days, 18:30:00","wins":1,"draws":0,"losses":1,"winrate":0.5,"cagr":-0.012722536568746778,"expectancy":-0.20785646000000002,"expectancy_ratio":-0.44935010990414037,"sortino":-100,"sharpe":-0.1310113030534568,"calmar":-7.214135962770142,"sqn":-0.816,"profit_factor":0.1012997801917192,"max_drawdown_account":0.009251425799999992,"max_drawdown_abs":0.46257129}],"left_open_trades":[{"key":"DOGE/USDT","trades":1,"profit_mean":0.0357053952492723,"profit_mean_pct":3.57,"profit_total_abs":0.04685837,"profit_total":0.0009371674000000001,"profit_total_pct":0.09,"duration_avg":"16:15:00","wins":1,"draws":0,"losses":0,"winrate":1.0,"cagr":0.0014376118471739474,"expectancy":0.04685837,"expectancy_ratio":100.0,"sortino":-100,"sharpe":-100,"calmar":-100,"sqn":-100.0,"profit_factor":0.0,"max_drawdown_account":0.0,"max_drawdown_abs":0.0},{"key":"TOTAL","trades":1,"profit_mean":0.0357053952492723,"profit_mean_pct":3.57,"profit_total_abs":0.04685837,"profit_total":0.0009371674000000001,"profit_total_pct":0.09,"duration_avg":"16:15:00","wins":1,"draws":0,"losses":0,"winrate":1.0,"cagr":0.0014376118471739474,"expectancy":0.04685837,"expectancy_ratio":100.0,"sortino":-100,"sharpe":-100,"calmar":-100,"sqn":-100.0,"profit_factor":0.0,"max_drawdown_account":0.0,"max_drawdown_abs":0.0}],"total_trades":2,"trade_count_long":2,"trade_count_short":0,"total_volume":4.897812919999999,"avg_stake_amount":1.3259349999999999,"profit_mean":-0.15447064958795795,"profit_median":-0.15447064958795795,"profit_total":-0.008314258400000002,"profit_total_long":-0.008314258400000002,"profit_total_short":0.0,"profit_total_abs":-0.41571292000000004,"profit_total_long_abs":-0.41571292000000004,"profit_total_short_abs":0.0,"cagr":-0.012722536568746778,"expectancy":-0.20785646000000002,"expectancy_ratio":-0.44935010990414037,"sortino":-100,"sharpe":-0.1310113030534568,"calmar":-7.214135962770142,"sqn":-0.816,"profit_factor":0.1012997801917192,"backtest_start":"2025-06-09 00:00:00","backtest_start_ts":1749427200000,"backtest_end":"2026-02-02 14:00:00","backtest_end_ts":1770040800000,"backtest_days":238,"backtest_run_start_ts":1770181099,"backtest_run_end_ts":1770181103,"trades_per_day":0.01,"market_change":-0.2248589141533941,"pairlist":["BTC/USDT","ETH/USDT","BNB/USDT","SOL/USDT","ADA/USDT","XRP/USDT","DOT/USDT","DOGE/USDT","AVAX/USDT","LINK/USDT","LTC/USDT","TRX/USDT","UNI/USDT","ATOM/USDT","XLM/USDT","ETC/USDT","BCH/USDT","NEAR/USDT","FIL/USDT","APT/USDT","ARB/USDT","OP/USDT","ICP/USDT","ALGO/USDT","AAVE/USDT","SAND/USDT","MANA/USDT","EGLD/USDT","RUNE/USDT","INJ/USDT","GALA/USDT","HBAR/USDT","VET/USDT"],"stake_amount":"unlimited","stake_currency":"USDT","stake_currency_decimals":3,"starting_balance":50,"dry_run_wallet":50,"final_balance":49.58428708,"rejected_signals":0,"timedout_entry_orders":0,"timedout_exit_orders":0,"canceled_trade_entries":0,"canceled_entry_orders":0,"replaced_entry_orders":0,"max_open_trades":33,"max_open_trades_setting":35,"timeframe":"15m","timeframe_detail":"","timerange":"20250609-20260204","enable_protections":false,"strategy_name":"SwingHighToSky","freqaimodel":"XGBoostRegressor","freqai_identifier":"qs_v9_scalp_5m1h_l2","stoploss":-0.34338,"trailing_stop":false,"trailing_stop_positive":0.01,"trailing_stop_positive_offset":0.02,"trailing_only_offset_is_reached":false,"use_custom_stoploss":false,"minimal_roi":{},"use_exit_signal":true,"exit_profit_only":false,"exit_profit_offset":0.0,"ignore_roi_if_entry_signal":false,"trading_mode":"spot","margin_mode":"","periodic_breakdown":{"day":[{"date":"31/01/2026","date_ts":1769817600000,"profit_abs":-0.46257129,"wins":0,"draws":0,"losses":1,"trades":1,"profit_factor":0.0},{"date":"01/02/2026","date_ts":1769904000000,"profit_abs":0.04685837,"wins":1,"draws":0,"losses":0,"trades":1,"profit_factor":0.0}],"week":[{"date":"02/02/2026","date_ts":1769990400000,"profit_abs":-0.41571292,"wins":1,"draws":0,"losses":1,"trades":2,"profit_factor":0.10129978}],"month":[{"date":"31/01/2026","date_ts":1769817600000,"profit_abs":-0.46257129,"wins":0,"draws":0,"losses":1,"trades":1,"profit_factor":0.0},{"date":"28/02/2026","date_ts":1772236800000,"profit_abs":0.04685837,"wins":1,"draws":0,"losses":0,"trades":1,"profit_factor":0.0}],"year":[{"date":"31/12/2026","date_ts":1798675200000,"profit_abs":-0.41571292,"wins":1,"draws":0,"losses":1,"trades":2,"profit_factor":0.10129978}],"weekday":[{"date":"Saturday","date_ts":5,"profit_abs":-0.46257129,"wins":0,"draws":0,"losses":1,"trades":1,"profit_factor":0.0},{"date":"Sunday","date_ts":6,"profit_abs":0.04685837,"wins":1,"draws":0,"losses":0,"trades":1,"profit_factor":0.0}]},"backtest_best_day":0.0357053952492723,"backtest_worst_day":-0.3446466944251882,"backtest_best_day_abs":0.04685837,"backtest_worst_day_abs":-0.46257129,"winning_days":1,"draw_days":0,"losing_days":1,"daily_profit":[["2026-01-31",-0.46257129],["2026-02-01",0.04685837]],"wins":1,"losses":1,"draws":0,"winrate":0.5,"holding_avg":"13 days, 18:30:00","holding_avg_s":1189800.0,"winner_holding_min":"0d 16:15","winner_holding_min_s":58500.0,"winner_holding_max":"0d 16:15","winner_holding_max_s":58500.0,"winner_holding_avg":"0d 16:15","winner_holding_avg_s":58500.0,"loser_holding_min":"26d 20:45","loser_holding_min_s":2321100.0,"loser_holding_max":"26d 20:45","loser_holding_max_s":2321100.0,"loser_holding_avg":"26d 20:45","loser_holding_avg_s":2321100.0,"max_consecutive_wins":1,"max_consecutive_losses":1,"max_drawdown_account":0.009251425799999992,"max_relative_drawdown":0.009251425799999992,"max_drawdown_abs":0.46257129,"drawdown_start":"2026-01-31 18:30:00","drawdown_start_ts":1769884200000.0,"drawdown_end":"2026-01-31 18:30:00","drawdown_end_ts":1769884200000.0,"drawdown_duration":"0 days 00:00:00","drawdown_duration_s":0.0,"max_drawdown_low":-0.46257129,"max_drawdown_high":0.0,"csum_min":49.53742871,"csum_max":49.58428708}},"strategy_comparison":[{"key":"SwingHighToSky","trades":2,"profit_mean":-0.15447064958795795,"profit_mean_pct":-15.45,"profit_total_abs":-0.41571292000000004,"profit_total":-0.008314258400000002,"profit_total_pct":-0.83,"duration_avg":"13 days, 18:30:00","wins":1,"draws":0,"losses":1,"winrate":0.5,"cagr":-0.012722536568746778,"expectancy":-0.20785646000000002,"expectancy_ratio":-0.44935010990414037,"sortino":-100,"sharpe":-0.1310113030534568,"calmar":-7.214135962770142,"sqn":-0.816,"profit_factor":0.1012997801917192,"max_drawdown_account":0.009251425799999992,"max_drawdown_abs":"0.463"}]}