{"strategy":{"UniversalMACD":{"trades":[{"pair":"ADA/USDT","stake_amount":9.87075,"max_stake_amount":9.87075,"amount":22.5,"open_date":"2025-12-11 02:00:00+00:00","close_date":"2025-12-11 07:30:00+00:00","open_rate":0.4387,"close_rate":0.4248,"fee_open":0.001,"fee_close":0.001,"trade_duration":330,"profit_ratio":-0.033619218711536926,"profit_abs":-0.33217875,"exit_reason":"stop_loss","initial_stop_loss_abs":0.4248,"initial_stop_loss_ratio":-0.0318,"stop_loss_abs":0.4248,"stop_loss_ratio":-0.0318,"min_rate":0.4247,"max_rate":0.4394,"is_open":false,"enter_tag":"","leverage":1.0,"is_short":false,"open_timestamp":1765418400000,"close_timestamp":1765438200000,"orders":[{"amount":22.5,"safe_price":0.43870000000000003,"ft_order_side":"buy","order_filled_timestamp":1765418400000,"ft_is_entry":true,"ft_order_tag":"","cost":9.88062075},{"amount":22.5,"safe_price":0.4248,"ft_order_side":"sell","order_filled_timestamp":1765438200000,"ft_is_entry":false,"ft_order_tag":"stop_loss","cost":9.567557999999998}],"funding_fees":0.0,"weekday":3},{"pair":"ICP/USDT","stake_amount":9.87955,"max_stake_amount":9.87955,"amount":2.95,"open_date":"2025-12-11 02:15:00+00:00","close_date":"2025-12-11 15:15:00+00:00","open_rate":3.349,"close_rate":3.4227517517517514,"fee_open":0.001,"fee_close":0.001,"trade_duration":780,"profit_ratio":0.01998001998001998,"profit_abs":0.197591,"exit_reason":"roi","initial_stop_loss_abs":3.243,"initial_stop_loss_ratio":-0.0318,"stop_loss_abs":3.243,"stop_loss_ratio":-0.0318,"min_rate":3.274,"max_rate":3.423,"is_open":false,"enter_tag":"","leverage":1.0,"is_short":false,"open_timestamp":1765419300000,"close_timestamp":1765466100000,"orders":[{"amount":2.95,"safe_price":3.349,"ft_order_side":"buy","order_filled_timestamp":1765419300000,"ft_is_entry":true,"ft_order_tag":"","cost":9.889429550000001},{"amount":2.95,"safe_price":3.4227517517517514,"ft_order_side":"sell","order_filled_timestamp":1765466100000,"ft_is_entry":false,"ft_order_tag":"roi","cost":10.107214785335334}],"funding_fees":0.0,"weekday":3},{"pair":"VET/USDT","stake_amount":9.899424,"max_stake_amount":9.899424,"amount":836.1,"open_date":"2025-12-11 02:30:00+00:00","close_date":"2025-12-11 21:15:00+00:00","open_rate":0.01184,"close_rate":0.01210074074074074,"fee_open":0.001,"fee_close":0.001,"trade_duration":1125,"profit_ratio":0.019980019980019977,"profit_abs":0.19798848,"exit_reason":"roi","initial_stop_loss_abs":0.01147,"initial_stop_loss_ratio":-0.0318,"stop_loss_abs":0.01147,"stop_loss_ratio":-0.0318,"min_rate":0.011540000000000002,"max_rate":0.012190000000000001,"is_open":false,"enter_tag":"","leverage":1.0,"is_short":false,"open_timestamp":1765420200000,"close_timestamp":1765487700000,"orders":[{"amount":836.1,"safe_price":0.011840000000000002,"ft_order_side":"buy","order_filled_timestamp":1765420200000,"ft_is_entry":true,"ft_order_tag":"","cost":9.909323424},{"amount":836.1,"safe_price":0.01210074074074074,"ft_order_side":"sell","order_filled_timestamp":1765487700000,"ft_is_entry":false,"ft_order_tag":"roi","cost":10.127546762666666}],"funding_fees":0.0,"weekday":3},{"pair":"ETH/USDT","stake_amount":9.849196,"max_stake_amount":9.849196,"amount":0.0031,"open_date":"2025-12-11 03:30:00+00:00","close_date":"2025-12-11 21:15:00+00:00","open_rate":3177.16,"close_rate":3247.127487487487,"fee_open":0.001,"fee_close":0.001,"trade_duration":1065,"profit_ratio":0.01998001998001998,"profit_abs":0.19698392,"exit_reason":"roi","initial_stop_loss_abs":3076.126312,"initial_stop_loss_ratio":-0.0318,"stop_loss_abs":3076.126312,"stop_loss_ratio":-0.0318,"min_rate":3145.28,"max_rate":3265.55,"is_open":false,"enter_tag":"","leverage":1.0,"is_short":false,"open_timestamp":1765423800000,"close_timestamp":1765487700000,"orders":[{"amount":0.0031,"safe_price":3177.16,"ft_order_side":"buy","order_filled_timestamp":1765423800000,"ft_is_entry":true,"ft_order_tag":"","cost":9.859045195999999},{"amount":0.0031,"safe_price":3247.127487487487,"ft_order_side":"sell","order_filled_timestamp":1765487700000,"ft_is_entry":false,"ft_order_tag":"roi","cost":10.076161306422419}],"funding_fees":0.0,"weekday":3},{"pair":"VET/USDT","stake_amount":9.950958,"max_stake_amount":9.950958,"amount":870.6,"open_date":"2025-12-12 17:00:00+00:00","close_date":"2025-12-13 02:00:00+00:00","open_rate":0.01143,"close_rate":0.01168171171171171,"fee_open":0.001,"fee_close":0.001,"trade_duration":540,"profit_ratio":0.019980019980019977,"profit_abs":0.19901916,"exit_reason":"roi","initial_stop_loss_abs":0.01107,"initial_stop_loss_ratio":-0.0318,"stop_loss_abs":0.01107,"stop_loss_ratio":-0.0318,"min_rate":0.0114,"max_rate":0.011750000000000002,"is_open":false,"enter_tag":"","leverage":1.0,"is_short":false,"open_timestamp":1765558800000,"close_timestamp":1765591200000,"orders":[{"amount":870.6,"safe_price":0.011430000000000001,"ft_order_side":"buy","order_filled_timestamp":1765558800000,"ft_is_entry":true,"ft_order_tag":"","cost":9.960908958000001},{"amount":870.6,"safe_price":0.01168171171171171,"ft_order_side":"sell","order_filled_timestamp":1765591200000,"ft_is_entry":false,"ft_order_tag":"roi","cost":10.180268314432428}],"funding_fees":0.0,"weekday":5},{"pair":"ADA/USDT","stake_amount":9.93475,"max_stake_amount":9.93475,"amount":24.5,"open_date":"2025-12-12 17:30:00+00:00","close_date":"2025-12-13 10:30:00+00:00","open_rate":0.4055,"close_rate":0.4144299299299299,"fee_open":0.001,"fee_close":0.001,"trade_duration":1020,"profit_ratio":0.01998001998001998,"profit_abs":0.198695,"exit_reason":"roi","initial_stop_loss_abs":0.3927,"initial_stop_loss_ratio":-0.0318,"stop_loss_abs":0.3927,"stop_loss_ratio":-0.0318,"min_rate":0.40540000000000004,"max_rate":0.4158,"is_open":false,"enter_tag":"","leverage":1.0,"is_short":false,"open_timestamp":1765560600000,"close_timestamp":1765621800000,"orders":[{"amount":24.5,"safe_price":0.4055,"ft_order_side":"buy","order_filled_timestamp":1765560600000,"ft_is_entry":true,"ft_order_tag":"","cost":9.94468475},{"amount":24.5,"safe_price":0.4144299299299299,"ft_order_side":"sell","order_filled_timestamp":1765621800000,"ft_is_entry":false,"ft_order_tag":"roi","cost":10.163686816566564}],"funding_fees":0.0,"weekday":5},{"pair":"ETH/USDT","stake_amount":9.872192,"max_stake_amount":9.872192,"amount":0.0032,"open_date":"2025-12-12 16:30:00+00:00","close_date":"2025-12-14 00:45:00+00:00","open_rate":3085.06,"close_rate":3122.117777777778,"fee_open":0.001,"fee_close":0.001,"trade_duration":1935,"profit_ratio":0.00999000999000999,"profit_abs":0.09872192,"exit_reason":"roi","initial_stop_loss_abs":2986.9550919999997,"initial_stop_loss_ratio":-0.0318,"stop_loss_abs":2986.9550919999997,"stop_loss_ratio":-0.0318,"min_rate":3048.18,"max_rate":3135.68,"is_open":false,"enter_tag":"","leverage":1.0,"is_short":false,"open_timestamp":1765557000000,"close_timestamp":1765673100000,"orders":[{"amount":0.0032,"safe_price":3085.06,"ft_order_side":"buy","order_filled_timestamp":1765557000000,"ft_is_entry":true,"ft_order_tag":"","cost":9.882064192},{"amount":0.0032,"safe_price":3122.117777777778,"ft_order_side":"sell","order_filled_timestamp":1765673100000,"ft_is_entry":false,"ft_order_tag":"roi","cost":10.000767665777778}],"funding_fees":0.0,"weekday":6},{"pair":"VET/USDT","stake_amount":10.048928,"max_stake_amount":10.048928,"amount":937.4,"open_date":"2025-12-15 16:30:00+00:00","close_date":"2025-12-15 18:30:00+00:00","open_rate":0.01072,"close_rate":0.01038,"fee_open":0.001,"fee_close":0.001,"trade_duration":120,"profit_ratio":-0.03365105044209522,"profit_abs":-0.33849514,"exit_reason":"stop_loss","initial_stop_loss_abs":0.01038,"initial_stop_loss_ratio":-0.0318,"stop_loss_abs":0.01038,"stop_loss_ratio":-0.0318,"min_rate":0.01033,"max_rate":0.01072,"is_open":false,"enter_tag":"","leverage":1.0,"is_short":false,"open_timestamp":1765816200000,"close_timestamp":1765823400000,"orders":[{"amount":937.4,"safe_price":0.01072,"ft_order_side":"buy","order_filled_timestamp":1765816200000,"ft_is_entry":true,"ft_order_tag":"","cost":10.058976927999998},{"amount":937.4,"safe_price":0.01038,"ft_order_side":"sell","order_filled_timestamp":1765823400000,"ft_is_entry":false,"ft_order_tag":"stop_loss","cost":9.739942211999999}],"funding_fees":0.0,"weekday":0},{"pair":"ETH/USDT","stake_amount":9.8109,"max_stake_amount":9.8109,"amount":0.0033,"open_date":"2025-12-15 16:45:00+00:00","close_date":"2025-12-16 04:45:00+00:00","open_rate":2973.0,"close_rate":2878.4586,"fee_open":0.001,"fee_close":0.001,"trade_duration":720,"profit_ratio":-0.03373446519029493,"profit_abs":-0.33129643,"exit_reason":"stop_loss","initial_stop_loss_abs":2878.4586,"initial_stop_loss_ratio":-0.0318,"stop_loss_abs":2878.4586,"stop_loss_ratio":-0.0318,"min_rate":2876.0,"max_rate":2993.62,"is_open":false,"enter_tag":"","leverage":1.0,"is_short":false,"open_timestamp":1765817100000,"close_timestamp":1765860300000,"orders":[{"amount":0.0033,"safe_price":2973.0,"ft_order_side":"buy","order_filled_timestamp":1765817100000,"ft_is_entry":true,"ft_order_tag":"","cost":9.8207109},{"amount":0.0033,"safe_price":2878.4586,"ft_order_side":"sell","order_filled_timestamp":1765860300000,"ft_is_entry":false,"ft_order_tag":"stop_loss","cost":9.508412293379997}],"funding_fees":0.0,"weekday":1},{"pair":"VET/USDT","stake_amount":9.982308,"max_stake_amount":9.982308,"amount":944.4,"open_date":"2025-12-15 19:45:00+00:00","close_date":"2025-12-16 11:15:00+00:00","open_rate":0.01057,"close_rate":0.010802772772772773,"fee_open":0.001,"fee_close":0.001,"trade_duration":930,"profit_ratio":0.019980019980019977,"profit_abs":0.19964616,"exit_reason":"roi","initial_stop_loss_abs":0.01024,"initial_stop_loss_ratio":-0.0318,"stop_loss_abs":0.01024,"stop_loss_ratio":-0.0318,"min_rate":0.01037,"max_rate":0.010830000000000001,"is_open":false,"enter_tag":"","leverage":1.0,"is_short":false,"open_timestamp":1765827900000,"close_timestamp":1765883700000,"orders":[{"amount":944.4,"safe_price":0.010570000000000001,"ft_order_side":"buy","order_filled_timestamp":1765827900000,"ft_is_entry":true,"ft_order_tag":"","cost":9.992290308000001},{"amount":944.4,"safe_price":0.010802772772772773,"ft_order_side":"sell","order_filled_timestamp":1765883700000,"ft_is_entry":false,"ft_order_tag":"roi","cost":10.212340745213211}],"funding_fees":0.0,"weekday":1},{"pair":"ICP/USDT","stake_amount":10.03336,"max_stake_amount":10.03336,"amount":3.34,"open_date":"2025-12-15 17:00:00+00:00","close_date":"2025-12-16 11:30:00+00:00","open_rate":3.004,"close_rate":3.070154154154154,"fee_open":0.001,"fee_close":0.001,"trade_duration":1110,"profit_ratio":0.01998001998001998,"profit_abs":0.2006672,"exit_reason":"roi","initial_stop_loss_abs":2.909,"initial_stop_loss_ratio":-0.0318,"stop_loss_abs":2.909,"stop_loss_ratio":-0.0318,"min_rate":2.95,"max_rate":3.091,"is_open":false,"enter_tag":"","leverage":1.0,"is_short":false,"open_timestamp":1765818000000,"close_timestamp":1765884600000,"orders":[{"amount":3.34,"safe_price":3.004,"ft_order_side":"buy","order_filled_timestamp":1765818000000,"ft_is_entry":true,"ft_order_tag":"","cost":10.04339336},{"amount":3.34,"safe_price":3.070154154154154,"ft_order_side":"sell","order_filled_timestamp":1765884600000,"ft_is_entry":false,"ft_order_tag":"roi","cost":10.264569189749748}],"funding_fees":0.0,"weekday":1},{"pair":"ADA/USDT","stake_amount":10.04508,"max_stake_amount":10.04508,"amount":26.2,"open_date":"2025-12-15 16:45:00+00:00","close_date":"2025-12-16 16:45:00+00:00","open_rate":0.3834,"close_rate":0.3880054054054054,"fee_open":0.001,"fee_close":0.001,"trade_duration":1440,"profit_ratio":0.00999000999000999,"profit_abs":0.1004508,"exit_reason":"roi","initial_stop_loss_abs":0.3713,"initial_stop_loss_ratio":-0.0318,"stop_loss_abs":0.3713,"stop_loss_ratio":-0.0318,"min_rate":0.3773,"max_rate":0.3916,"is_open":false,"enter_tag":"","leverage":1.0,"is_short":false,"open_timestamp":1765817100000,"close_timestamp":1765903500000,"orders":[{"amount":26.2,"safe_price":0.3834,"ft_order_side":"buy","order_filled_timestamp":1765817100000,"ft_is_entry":true,"ft_order_tag":"","cost":10.05512508},{"amount":26.2,"safe_price":0.3880054054054054,"ft_order_side":"sell","order_filled_timestamp":1765903500000,"ft_is_entry":false,"ft_order_tag":"roi","cost":10.17590736324324}],"funding_fees":0.0,"weekday":1},{"pair":"ICP/USDT","stake_amount":9.99707,"max_stake_amount":9.99707,"amount":3.47,"open_date":"2025-12-17 19:15:00+00:00","close_date":"2025-12-18 12:30:00+00:00","open_rate":2.881,"close_rate":2.9444454454454445,"fee_open":0.001,"fee_close":0.001,"trade_duration":1035,"profit_ratio":0.019980019980019977,"profit_abs":0.1999414,"exit_reason":"roi","initial_stop_loss_abs":2.79,"initial_stop_loss_ratio":-0.0318,"stop_loss_abs":2.79,"stop_loss_ratio":-0.0318,"min_rate":2.854,"max_rate":2.951,"is_open":false,"enter_tag":"","leverage":1.0,"is_short":false,"open_timestamp":1765998900000,"close_timestamp":1766061000000,"orders":[{"amount":3.47,"safe_price":2.8810000000000002,"ft_order_side":"buy","order_filled_timestamp":1765998900000,"ft_is_entry":true,"ft_order_tag":"","cost":10.00706707},{"amount":3.47,"safe_price":2.9444454454454445,"ft_order_side":"sell","order_filled_timestamp":1766061000000,"ft_is_entry":false,"ft_order_tag":"roi","cost":10.227442921391386}],"funding_fees":0.0,"weekday":3},{"pair":"VET/USDT","stake_amount":10.055646,"max_stake_amount":10.055646,"amount":1044.2,"open_date":"2025-12-18 19:45:00+00:00","close_date":"2025-12-19 00:00:00+00:00","open_rate":0.00963,"close_rate":0.009842072072072069,"fee_open":0.001,"fee_close":0.001,"trade_duration":255,"profit_ratio":0.01998001998001998,"profit_abs":0.20111292,"exit_reason":"roi","initial_stop_loss_abs":0.00933,"initial_stop_loss_ratio":-0.0318,"stop_loss_abs":0.00933,"stop_loss_ratio":-0.0318,"min_rate":0.00953,"max_rate":0.0099,"is_open":false,"enter_tag":"","leverage":1.0,"is_short":false,"open_timestamp":1766087100000,"close_timestamp":1766102400000,"orders":[{"amount":1044.2,"safe_price":0.009630000000000001,"ft_order_side":"buy","order_filled_timestamp":1766087100000,"ft_is_entry":true,"ft_order_tag":"","cost":10.065701646},{"amount":1044.2,"safe_price":0.009842072072072069,"ft_order_side":"sell","order_filled_timestamp":1766102400000,"ft_is_entry":false,"ft_order_tag":"roi","cost":10.287368749315311}],"funding_fees":0.0,"weekday":4},{"pair":"ADA/USDT","stake_amount":10.04853,"max_stake_amount":10.04853,"amount":28.9,"open_date":"2025-12-18 20:00:00+00:00","close_date":"2025-12-19 03:00:00+00:00","open_rate":0.3477,"close_rate":0.35535705705705706,"fee_open":0.001,"fee_close":0.001,"trade_duration":420,"profit_ratio":0.01998001998001998,"profit_abs":0.2009706,"exit_reason":"roi","initial_stop_loss_abs":0.3367,"initial_stop_loss_ratio":-0.0318,"stop_loss_abs":0.3367,"stop_loss_ratio":-0.0318,"min_rate":0.3466,"max_rate":0.3556,"is_open":false,"enter_tag":"","leverage":1.0,"is_short":false,"open_timestamp":1766088000000,"close_timestamp":1766113200000,"orders":[{"amount":28.9,"safe_price":0.3477,"ft_order_side":"buy","order_filled_timestamp":1766088000000,"ft_is_entry":true,"ft_order_tag":"","cost":10.058578529999998},{"amount":28.9,"safe_price":0.35535705705705706,"ft_order_side":"sell","order_filled_timestamp":1766113200000,"ft_is_entry":false,"ft_order_tag":"roi","cost":10.280088767897896}],"funding_fees":0.0,"weekday":4},{"pair":"ICP/USDT","stake_amount":10.02858,"max_stake_amount":10.02858,"amount":3.61,"open_date":"2025-12-18 20:00:00+00:00","close_date":"2025-12-19 03:15:00+00:00","open_rate":2.778,"close_rate":2.8391771771771768,"fee_open":0.001,"fee_close":0.001,"trade_duration":435,"profit_ratio":0.01998001998001998,"profit_abs":0.2005716,"exit_reason":"roi","initial_stop_loss_abs":2.69,"initial_stop_loss_ratio":-0.0318,"stop_loss_abs":2.69,"stop_loss_ratio":-0.0318,"min_rate":2.749,"max_rate":2.862,"is_open":false,"enter_tag":"","leverage":1.0,"is_short":false,"open_timestamp":1766088000000,"close_timestamp":1766114100000,"orders":[{"amount":3.61,"safe_price":2.778,"ft_order_side":"buy","order_filled_timestamp":1766088000000,"ft_is_entry":true,"ft_order_tag":"","cost":10.038608579999998},{"amount":3.61,"safe_price":2.8391771771771768,"ft_order_side":"sell","order_filled_timestamp":1766114100000,"ft_is_entry":false,"ft_order_tag":"roi","cost":10.259679039219217}],"funding_fees":0.0,"weekday":4},{"pair":"ICP/USDT","stake_amount":10.1572,"max_stake_amount":10.1572,"amount":3.79,"open_date":"2025-12-31 18:15:00+00:00","close_date":"2025-12-31 22:15:00+00:00","open_rate":2.68,"close_rate":2.793,"fee_open":0.001,"fee_close":0.001,"trade_duration":240,"profit_ratio":0.040081932992380755,"profit_abs":0.40752733,"exit_reason":"roi","initial_stop_loss_abs":2.595,"initial_stop_loss_ratio":-0.0318,"stop_loss_abs":2.595,"stop_loss_ratio":-0.0318,"min_rate":2.662,"max_rate":2.814,"is_open":false,"enter_tag":"","leverage":1.0,"is_short":false,"open_timestamp":1767204900000,"close_timestamp":1767219300000,"orders":[{"amount":3.79,"safe_price":2.68,"ft_order_side":"buy","order_filled_timestamp":1767204900000,"ft_is_entry":true,"ft_order_tag":"","cost":10.1673572},{"amount":3.79,"safe_price":2.793,"ft_order_side":"sell","order_filled_timestamp":1767219300000,"ft_is_entry":false,"ft_order_tag":"roi","cost":10.59605547}],"funding_fees":0.0,"weekday":2},{"pair":"ADA/USDT","stake_amount":10.15656,"max_stake_amount":10.15656,"amount":30.3,"open_date":"2025-12-31 17:30:00+00:00","close_date":"2026-01-01 13:30:00+00:00","open_rate":0.3352,"close_rate":0.3425817817817817,"fee_open":0.001,"fee_close":0.001,"trade_duration":1200,"profit_ratio":0.019980019980019983,"profit_abs":0.2031312,"exit_reason":"roi","initial_stop_loss_abs":0.3246,"initial_stop_loss_ratio":-0.0318,"stop_loss_abs":0.3246,"stop_loss_ratio":-0.0318,"min_rate":0.3304,"max_rate":0.3427,"is_open":false,"enter_tag":"","leverage":1.0,"is_short":false,"open_timestamp":1767202200000,"close_timestamp":1767274200000,"orders":[{"amount":30.3,"safe_price":0.3352,"ft_order_side":"buy","order_filled_timestamp":1767202200000,"ft_is_entry":true,"ft_order_tag":"","cost":10.16671656},{"amount":30.3,"safe_price":0.3425817817817817,"ft_order_side":"sell","order_filled_timestamp":1767274200000,"ft_is_entry":false,"ft_order_tag":"roi","cost":10.390608215975973}],"funding_fees":0.0,"weekday":3},{"pair":"ICP/USDT","stake_amount":10.27776,"max_stake_amount":10.27776,"amount":3.18,"open_date":"2026-01-06 18:00:00+00:00","close_date":"2026-01-06 21:15:00+00:00","open_rate":3.232,"close_rate":3.400232232232232,"fee_open":0.001,"fee_close":0.001,"trade_duration":195,"profit_ratio":0.04995004995004995,"profit_abs":0.513888,"exit_reason":"roi","initial_stop_loss_abs":3.13,"initial_stop_loss_ratio":-0.0318,"stop_loss_abs":3.13,"stop_loss_ratio":-0.0318,"min_rate":3.222,"max_rate":3.411,"is_open":false,"enter_tag":"","leverage":1.0,"is_short":false,"open_timestamp":1767722400000,"close_timestamp":1767734100000,"orders":[{"amount":3.18,"safe_price":3.232,"ft_order_side":"buy","order_filled_timestamp":1767722400000,"ft_is_entry":true,"ft_order_tag":"","cost":10.28803776},{"amount":3.18,"safe_price":3.400232232232232,"ft_order_side":"sell","order_filled_timestamp":1767734100000,"ft_is_entry":false,"ft_order_tag":"roi","cost":10.823551236996996}],"funding_fees":0.0,"weekday":1},{"pair":"ICP/USDT","stake_amount":10.39068,"max_stake_amount":10.39068,"amount":2.43,"open_date":"2026-01-15 09:00:00+00:00","close_date":"2026-01-15 13:15:00+00:00","open_rate":4.276,"close_rate":4.3701661661661655,"fee_open":0.001,"fee_close":0.001,"trade_duration":255,"profit_ratio":0.01998001998001998,"profit_abs":0.2078136,"exit_reason":"roi","initial_stop_loss_abs":4.141,"initial_stop_loss_ratio":-0.0318,"stop_loss_abs":4.141,"stop_loss_ratio":-0.0318,"min_rate":4.171,"max_rate":4.444,"is_open":false,"enter_tag":"","leverage":1.0,"is_short":false,"open_timestamp":1768467600000,"close_timestamp":1768482900000,"orders":[{"amount":2.43,"safe_price":4.276,"ft_order_side":"buy","order_filled_timestamp":1768467600000,"ft_is_entry":true,"ft_order_tag":"","cost":10.401070679999998},{"amount":2.43,"safe_price":4.3701661661661655,"ft_order_side":"sell","order_filled_timestamp":1768482900000,"ft_is_entry":false,"ft_order_tag":"roi","cost":10.630123287567566}],"funding_fees":0.0,"weekday":3},{"pair":"ICP/USDT","stake_amount":10.42416,"max_stake_amount":10.42416,"amount":2.54,"open_date":"2026-01-15 19:30:00+00:00","close_date":"2026-01-15 23:30:00+00:00","open_rate":4.104,"close_rate":4.25,"fee_open":0.001,"fee_close":0.001,"trade_duration":240,"profit_ratio":0.03350596771649403,"profit_abs":0.34962084,"exit_reason":"roi","initial_stop_loss_abs":3.974,"initial_stop_loss_ratio":-0.0318,"stop_loss_abs":3.974,"stop_loss_ratio":-0.0318,"min_rate":4.095,"max_rate":4.292,"is_open":false,"enter_tag":"","leverage":1.0,"is_short":false,"open_timestamp":1768505400000,"close_timestamp":1768519800000,"orders":[{"amount":2.54,"safe_price":4.104,"ft_order_side":"buy","order_filled_timestamp":1768505400000,"ft_is_entry":true,"ft_order_tag":"","cost":10.43458416},{"amount":2.54,"safe_price":4.25,"ft_order_side":"sell","order_filled_timestamp":1768519800000,"ft_is_entry":false,"ft_order_tag":"roi","cost":10.805794999999998}],"funding_fees":0.0,"weekday":3},{"pair":"ICP/USDT","stake_amount":10.49312,"max_stake_amount":10.49312,"amount":2.71,"open_date":"2026-01-19 04:00:00+00:00","close_date":"2026-01-19 07:15:00+00:00","open_rate":3.872,"close_rate":4.073545545545545,"fee_open":0.001,"fee_close":0.001,"trade_duration":195,"profit_ratio":0.049950049950049945,"profit_abs":0.524656,"exit_reason":"roi","initial_stop_loss_abs":3.749,"initial_stop_loss_ratio":-0.0318,"stop_loss_abs":3.749,"stop_loss_ratio":-0.0318,"min_rate":3.832,"max_rate":4.126,"is_open":false,"enter_tag":"","leverage":1.0,"is_short":false,"open_timestamp":1768795200000,"close_timestamp":1768806900000,"orders":[{"amount":2.71,"safe_price":3.872,"ft_order_side":"buy","order_filled_timestamp":1768795200000,"ft_is_entry":true,"ft_order_tag":"","cost":10.503613119999999},{"amount":2.71,"safe_price":4.073545545545545,"ft_order_side":"sell","order_filled_timestamp":1768806900000,"ft_is_entry":false,"ft_order_tag":"roi","cost":11.050347736856855}],"funding_fees":0.0,"weekday":0},{"pair":"ADA/USDT","stake_amount":10.4976,"max_stake_amount":10.4976,"amount":28.8,"open_date":"2026-01-19 04:30:00+00:00","close_date":"2026-01-19 11:00:00+00:00","open_rate":0.3645,"close_rate":0.37252702702702695,"fee_open":0.001,"fee_close":0.001,"trade_duration":390,"profit_ratio":0.01998001998001998,"profit_abs":0.209952,"exit_reason":"roi","initial_stop_loss_abs":0.353,"initial_stop_loss_ratio":-0.0318,"stop_loss_abs":0.353,"stop_loss_ratio":-0.0318,"min_rate":0.36060000000000003,"max_rate":0.37270000000000003,"is_open":false,"enter_tag":"","leverage":1.0,"is_short":false,"open_timestamp":1768797000000,"close_timestamp":1768820400000,"orders":[{"amount":28.8,"safe_price":0.3645,"ft_order_side":"buy","order_filled_timestamp":1768797000000,"ft_is_entry":true,"ft_order_tag":"","cost":10.5080976},{"amount":28.8,"safe_price":0.37252702702702695,"ft_order_side":"sell","order_filled_timestamp":1768820400000,"ft_is_entry":false,"ft_order_tag":"roi","cost":10.739507156756753}],"funding_fees":0.0,"weekday":0},{"pair":"VET/USDT","stake_amount":10.50729,"max_stake_amount":10.50729,"amount":986.6,"open_date":"2026-01-19 05:30:00+00:00","close_date":"2026-01-19 18:45:00+00:00","open_rate":0.01065,"close_rate":0.010884534534534532,"fee_open":0.001,"fee_close":0.001,"trade_duration":795,"profit_ratio":0.019980019980019977,"profit_abs":0.2101458,"exit_reason":"roi","initial_stop_loss_abs":0.01032,"initial_stop_loss_ratio":-0.0318,"stop_loss_abs":0.01032,"stop_loss_ratio":-0.0318,"min_rate":0.01059,"max_rate":0.01089,"is_open":false,"enter_tag":"","leverage":1.0,"is_short":false,"open_timestamp":1768800600000,"close_timestamp":1768848300000,"orders":[{"amount":986.6,"safe_price":0.010650000000000001,"ft_order_side":"buy","order_filled_timestamp":1768800600000,"ft_is_entry":true,"ft_order_tag":"","cost":10.51779729},{"amount":986.6,"safe_price":0.010884534534534532,"ft_order_side":"sell","order_filled_timestamp":1768848300000,"ft_is_entry":false,"ft_order_tag":"roi","cost":10.749420453543541}],"funding_fees":0.0,"weekday":0},{"pair":"ICP/USDT","stake_amount":10.67798,"max_stake_amount":10.67798,"amount":3.34,"open_date":"2026-01-25 20:00:00+00:00","close_date":"2026-01-26 00:15:00+00:00","open_rate":3.197,"close_rate":3.267404404404404,"fee_open":0.001,"fee_close":0.001,"trade_duration":255,"profit_ratio":0.01998001998001998,"profit_abs":0.2135596,"exit_reason":"roi","initial_stop_loss_abs":3.096,"initial_stop_loss_ratio":-0.0318,"stop_loss_abs":3.096,"stop_loss_ratio":-0.0318,"min_rate":3.196,"max_rate":3.279,"is_open":false,"enter_tag":"","leverage":1.0,"is_short":false,"open_timestamp":1769371200000,"close_timestamp":1769386500000,"orders":[{"amount":3.34,"safe_price":3.197,"ft_order_side":"buy","order_filled_timestamp":1769371200000,"ft_is_entry":true,"ft_order_tag":"","cost":10.688657979999999},{"amount":3.34,"safe_price":3.267404404404404,"ft_order_side":"sell","order_filled_timestamp":1769386500000,"ft_is_entry":false,"ft_order_tag":"roi","cost":10.924043841421419}],"funding_fees":0.0,"weekday":0},{"pair":"ADA/USDT","stake_amount":10.67844,"max_stake_amount":10.67844,"amount":31.8,"open_date":"2026-01-25 19:30:00+00:00","close_date":"2026-01-26 00:45:00+00:00","open_rate":0.3358,"close_rate":0.34319499499499495,"fee_open":0.001,"fee_close":0.001,"trade_duration":315,"profit_ratio":0.019980019980019977,"profit_abs":0.2135688,"exit_reason":"roi","initial_stop_loss_abs":0.3252,"initial_stop_loss_ratio":-0.0318,"stop_loss_abs":0.3252,"stop_loss_ratio":-0.0318,"min_rate":0.3327,"max_rate":0.34490000000000004,"is_open":false,"enter_tag":"","leverage":1.0,"is_short":false,"open_timestamp":1769369400000,"close_timestamp":1769388300000,"orders":[{"amount":31.8,"safe_price":0.33580000000000004,"ft_order_side":"buy","order_filled_timestamp":1769369400000,"ft_is_entry":true,"ft_order_tag":"","cost":10.689118440000001},{"amount":31.8,"safe_price":0.34319499499499495,"ft_order_side":"sell","order_filled_timestamp":1769388300000,"ft_is_entry":false,"ft_order_tag":"roi","cost":10.924514441681678}],"funding_fees":0.0,"weekday":0},{"pair":"VET/USDT","stake_amount":10.779187,"max_stake_amount":10.779187,"amount":1160.3,"open_date":"2026-01-29 15:45:00+00:00","close_date":"2026-01-30 01:30:00+00:00","open_rate":0.00929,"close_rate":0.009,"fee_open":0.001,"fee_close":0.001,"trade_duration":585,"profit_ratio":-0.03315199360225761,"profit_abs":-0.35770889,"exit_reason":"stop_loss","initial_stop_loss_abs":0.009,"initial_stop_loss_ratio":-0.0318,"stop_loss_abs":0.009,"stop_loss_ratio":-0.0318,"min_rate":0.00898,"max_rate":0.00962,"is_open":false,"enter_tag":"","leverage":1.0,"is_short":false,"open_timestamp":1769701500000,"close_timestamp":1769736600000,"orders":[{"amount":1160.3,"safe_price":0.009290000000000001,"ft_order_side":"buy","order_filled_timestamp":1769701500000,"ft_is_entry":true,"ft_order_tag":"","cost":10.789966187},{"amount":1160.3,"safe_price":0.009,"ft_order_side":"sell","order_filled_timestamp":1769736600000,"ft_is_entry":false,"ft_order_tag":"stop_loss","cost":10.453142699999997}],"funding_fees":0.0,"weekday":4},{"pair":"ADA/USDT","stake_amount":10.76236,"max_stake_amount":10.76236,"amount":32.3,"open_date":"2026-01-29 16:00:00+00:00","close_date":"2026-01-30 01:30:00+00:00","open_rate":0.3332,"close_rate":0.3227,"fee_open":0.001,"fee_close":0.001,"trade_duration":570,"profit_ratio":-0.0334476447921826,"profit_abs":-0.36033557,"exit_reason":"stop_loss","initial_stop_loss_abs":0.3227,"initial_stop_loss_ratio":-0.0318,"stop_loss_abs":0.3227,"stop_loss_ratio":-0.0318,"min_rate":0.318,"max_rate":0.341,"is_open":false,"enter_tag":"","leverage":1.0,"is_short":false,"open_timestamp":1769702400000,"close_timestamp":1769736600000,"orders":[{"amount":32.3,"safe_price":0.3332,"ft_order_side":"buy","order_filled_timestamp":1769702400000,"ft_is_entry":true,"ft_order_tag":"","cost":10.773122359999999},{"amount":32.3,"safe_price":0.3227,"ft_order_side":"sell","order_filled_timestamp":1769736600000,"ft_is_entry":false,"ft_order_tag":"stop_loss","cost":10.433633209999998}],"funding_fees":0.0,"weekday":4},{"pair":"ETH/USDT","stake_amount":10.683016,"max_stake_amount":10.683016,"amount":0.0038,"open_date":"2026-01-29 16:30:00+00:00","close_date":"2026-01-30 01:30:00+00:00","open_rate":2811.32,"close_rate":2721.920024,"fee_open":0.001,"fee_close":0.001,"trade_duration":540,"profit_ratio":-0.03373446545112674,"profit_abs":-0.36074622,"exit_reason":"stop_loss","initial_stop_loss_abs":2721.920024,"initial_stop_loss_ratio":-0.0318,"stop_loss_abs":2721.920024,"stop_loss_ratio":-0.0318,"min_rate":2689.0,"max_rate":2860.05,"is_open":false,"enter_tag":"","leverage":1.0,"is_short":false,"open_timestamp":1769704200000,"close_timestamp":1769736600000,"orders":[{"amount":0.0038,"safe_price":2811.32,"ft_order_side":"buy","order_filled_timestamp":1769704200000,"ft_is_entry":true,"ft_order_tag":"","cost":10.693699015999998},{"amount":0.0038,"safe_price":2721.920024,"ft_order_side":"sell","order_filled_timestamp":1769736600000,"ft_is_entry":false,"ft_order_tag":"stop_loss","cost":10.353639387291198}],"funding_fees":0.0,"weekday":4},{"pair":"ICP/USDT","stake_amount":10.55466,"max_stake_amount":10.55466,"amount":3.82,"open_date":"2026-01-31 14:30:00+00:00","close_date":"2026-01-31 17:00:00+00:00","open_rate":2.763,"close_rate":2.676,"fee_open":0.001,"fee_close":0.001,"trade_duration":150,"profit_ratio":-0.033422603455176746,"profit_abs":-0.35311698,"exit_reason":"stop_loss","initial_stop_loss_abs":2.676,"initial_stop_loss_ratio":-0.0318,"stop_loss_abs":2.676,"stop_loss_ratio":-0.0318,"min_rate":2.6,"max_rate":2.835,"is_open":false,"enter_tag":"","leverage":1.0,"is_short":false,"open_timestamp":1769869800000,"close_timestamp":1769878800000,"orders":[{"amount":3.82,"safe_price":2.763,"ft_order_side":"buy","order_filled_timestamp":1769869800000,"ft_is_entry":true,"ft_order_tag":"","cost":10.565214659999997},{"amount":3.82,"safe_price":2.676,"ft_order_side":"sell","order_filled_timestamp":1769878800000,"ft_is_entry":false,"ft_order_tag":"stop_loss","cost":10.232542319999999}],"funding_fees":0.0,"weekday":5},{"pair":"VET/USDT","stake_amount":10.565605,"max_stake_amount":10.565605,"amount":1274.5,"open_date":"2026-01-31 14:45:00+00:00","close_date":"2026-01-31 17:00:00+00:00","open_rate":0.00829,"close_rate":0.00803,"fee_open":0.001,"fee_close":0.001,"trade_duration":135,"profit_ratio":-0.03329842654329988,"profit_abs":-0.35216984,"exit_reason":"stop_loss","initial_stop_loss_abs":0.00803,"initial_stop_loss_ratio":-0.0318,"stop_loss_abs":0.00803,"stop_loss_ratio":-0.0318,"min_rate":0.007810000000000001,"max_rate":0.008570000000000001,"is_open":false,"enter_tag":"","leverage":1.0,"is_short":false,"open_timestamp":1769870700000,"close_timestamp":1769878800000,"orders":[{"amount":1274.5,"safe_price":0.00829,"ft_order_side":"buy","order_filled_timestamp":1769870700000,"ft_is_entry":true,"ft_order_tag":"","cost":10.576170605},{"amount":1274.5,"safe_price":0.00803,"ft_order_side":"sell","order_filled_timestamp":1769878800000,"ft_is_entry":false,"ft_order_tag":"stop_loss","cost":10.244469235}],"funding_fees":0.0,"weekday":5},{"pair":"ADA/USDT","stake_amount":10.55274,"max_stake_amount":10.55274,"amount":35.4,"open_date":"2026-01-31 15:15:00+00:00","close_date":"2026-01-31 17:00:00+00:00","open_rate":0.2981,"close_rate":0.2887,"fee_open":0.001,"fee_close":0.001,"trade_duration":105,"profit_ratio":-0.03346804151903112,"profit_abs":-0.35353272,"exit_reason":"stop_loss","initial_stop_loss_abs":0.2887,"initial_stop_loss_ratio":-0.0318,"stop_loss_abs":0.2887,"stop_loss_ratio":-0.0318,"min_rate":0.2771,"max_rate":0.3003,"is_open":false,"enter_tag":"","leverage":1.0,"is_short":false,"open_timestamp":1769872500000,"close_timestamp":1769878800000,"orders":[{"amount":35.4,"safe_price":0.29810000000000003,"ft_order_side":"buy","order_filled_timestamp":1769872500000,"ft_is_entry":true,"ft_order_tag":"","cost":10.56329274},{"amount":35.4,"safe_price":0.2887,"ft_order_side":"sell","order_filled_timestamp":1769878800000,"ft_is_entry":false,"ft_order_tag":"stop_loss","cost":10.230199979999998}],"funding_fees":0.0,"weekday":5},{"pair":"ETH/USDT","stake_amount":10.440937,"max_stake_amount":10.440937,"amount":0.0041,"open_date":"2026-01-31 15:30:00+00:00","close_date":"2026-01-31 17:00:00+00:00","open_rate":2546.57,"close_rate":2465.589074,"fee_open":0.001,"fee_close":0.001,"trade_duration":90,"profit_ratio":-0.033734465648957615,"profit_abs":-0.35257165,"exit_reason":"stop_loss","initial_stop_loss_abs":2465.589074,"initial_stop_loss_ratio":-0.0318,"stop_loss_abs":2465.589074,"stop_loss_ratio":-0.0318,"min_rate":2370.0,"max_rate":2551.26,"is_open":false,"enter_tag":"","leverage":1.0,"is_short":false,"open_timestamp":1769873400000,"close_timestamp":1769878800000,"orders":[{"amount":0.0041,"safe_price":2546.57,"ft_order_side":"buy","order_filled_timestamp":1769873400000,"ft_is_entry":true,"ft_order_tag":"","cost":10.451377937},{"amount":0.0041,"safe_price":2465.589074,"ft_order_side":"sell","order_filled_timestamp":1769878800000,"ft_is_entry":false,"ft_order_tag":"stop_loss","cost":10.119024118603399}],"funding_fees":0.0,"weekday":5},{"pair":"BTC/USDT","stake_amount":10.2562096,"max_stake_amount":10.2562096,"amount":0.00013,"open_date":"2026-01-31 18:00:00+00:00","close_date":"2026-01-31 18:30:00+00:00","open_rate":78893.92,"close_rate":76385.093344,"fee_open":0.001,"fee_close":0.001,"trade_duration":30,"profit_ratio":-0.03373446582524525,"profit_abs":-0.34633374,"exit_reason":"stop_loss","initial_stop_loss_abs":76385.093344,"initial_stop_loss_ratio":-0.0318,"stop_loss_abs":76385.093344,"stop_loss_ratio":-0.0318,"min_rate":75719.9,"max_rate":79143.64,"is_open":false,"enter_tag":"","leverage":1.0,"is_short":false,"open_timestamp":1769882400000,"close_timestamp":1769884200000,"orders":[{"amount":0.00013,"safe_price":78893.92,"ft_order_side":"buy","order_filled_timestamp":1769882400000,"ft_is_entry":true,"ft_order_tag":"","cost":10.266465809599998},{"amount":0.00013,"safe_price":76385.093344,"ft_order_side":"sell","order_filled_timestamp":1769884200000,"ft_is_entry":false,"ft_order_tag":"stop_loss","cost":9.939992196854718}],"funding_fees":0.0,"weekday":5},{"pair":"ADA/USDT","stake_amount":10.21016,"max_stake_amount":10.21016,"amount":35.8,"open_date":"2026-01-31 21:15:00+00:00","close_date":"2026-02-01 01:15:00+00:00","open_rate":0.2852,"close_rate":0.293,"fee_open":0.001,"fee_close":0.001,"trade_duration":240,"profit_ratio":0.02529658280008911,"profit_abs":0.25854044,"exit_reason":"roi","initial_stop_loss_abs":0.2762,"initial_stop_loss_ratio":-0.0318,"stop_loss_abs":0.2762,"stop_loss_ratio":-0.0318,"min_rate":0.2846,"max_rate":0.2967,"is_open":false,"enter_tag":"","leverage":1.0,"is_short":false,"open_timestamp":1769894100000,"close_timestamp":1769908500000,"orders":[{"amount":35.8,"safe_price":0.2852,"ft_order_side":"buy","order_filled_timestamp":1769894100000,"ft_is_entry":true,"ft_order_tag":"","cost":10.22037016},{"amount":35.8,"safe_price":0.293,"ft_order_side":"sell","order_filled_timestamp":1769908500000,"ft_is_entry":false,"ft_order_tag":"roi","cost":10.499889399999997}],"funding_fees":0.0,"weekday":6},{"pair":"VET/USDT","stake_amount":10.21802,"max_stake_amount":10.21802,"amount":1246.1,"open_date":"2026-01-31 21:30:00+00:00","close_date":"2026-02-01 01:30:00+00:00","open_rate":0.0082,"close_rate":0.00842,"fee_open":0.001,"fee_close":0.001,"trade_duration":240,"profit_ratio":0.024777661558564316,"profit_abs":0.25343182,"exit_reason":"roi","initial_stop_loss_abs":0.00794,"initial_stop_loss_ratio":-0.0318,"stop_loss_abs":0.00794,"stop_loss_ratio":-0.0318,"min_rate":0.00817,"max_rate":0.00851,"is_open":false,"enter_tag":"","leverage":1.0,"is_short":false,"open_timestamp":1769895000000,"close_timestamp":1769909400000,"orders":[{"amount":1246.1,"safe_price":0.0082,"ft_order_side":"buy","order_filled_timestamp":1769895000000,"ft_is_entry":true,"ft_order_tag":"","cost":10.22823802},{"amount":1246.1,"safe_price":0.00842,"ft_order_side":"sell","order_filled_timestamp":1769909400000,"ft_is_entry":false,"ft_order_tag":"roi","cost":10.502654161999999}],"funding_fees":0.0,"weekday":6},{"pair":"ICP/USDT","stake_amount":10.19175,"max_stake_amount":10.19175,"amount":3.81,"open_date":"2026-01-31 21:45:00+00:00","close_date":"2026-02-01 01:45:00+00:00","open_rate":2.675,"close_rate":2.735,"fee_open":0.001,"fee_close":0.001,"trade_duration":240,"profit_ratio":0.020387089545968053,"profit_abs":0.2079879,"exit_reason":"roi","initial_stop_loss_abs":2.59,"initial_stop_loss_ratio":-0.0318,"stop_loss_abs":2.59,"stop_loss_ratio":-0.0318,"min_rate":2.654,"max_rate":2.755,"is_open":false,"enter_tag":"","leverage":1.0,"is_short":false,"open_timestamp":1769895900000,"close_timestamp":1769910300000,"orders":[{"amount":3.81,"safe_price":2.675,"ft_order_side":"buy","order_filled_timestamp":1769895900000,"ft_is_entry":true,"ft_order_tag":"","cost":10.201941749999998},{"amount":3.81,"safe_price":2.735,"ft_order_side":"sell","order_filled_timestamp":1769910300000,"ft_is_entry":false,"ft_order_tag":"roi","cost":10.430770349999998}],"funding_fees":0.0,"weekday":6},{"pair":"ETH/USDT","stake_amount":10.16232,"max_stake_amount":10.16232,"amount":0.0042,"open_date":"2026-01-31 22:00:00+00:00","close_date":"2026-02-01 14:30:00+00:00","open_rate":2419.6,"close_rate":2342.65672,"fee_open":0.001,"fee_close":0.001,"trade_duration":990,"profit_ratio":-0.033734465119227654,"profit_abs":-0.34316325,"exit_reason":"stop_loss","initial_stop_loss_abs":2342.65672,"initial_stop_loss_ratio":-0.0318,"stop_loss_abs":2342.65672,"stop_loss_ratio":-0.0318,"min_rate":2326.96,"max_rate":2475.98,"is_open":false,"enter_tag":"","leverage":1.0,"is_short":false,"open_timestamp":1769896800000,"close_timestamp":1769956200000,"orders":[{"amount":0.0042,"safe_price":2419.6,"ft_order_side":"buy","order_filled_timestamp":1769896800000,"ft_is_entry":true,"ft_order_tag":"","cost":10.172482319999999},{"amount":0.0042,"safe_price":2342.65672,"ft_order_side":"sell","order_filled_timestamp":1769956200000,"ft_is_entry":false,"ft_order_tag":"stop_loss","cost":9.848997382223997}],"funding_fees":0.0,"weekday":6},{"pair":"BTC/USDT","stake_amount":10.1398726,"max_stake_amount":10.1398726,"amount":0.00013,"open_date":"2026-01-31 21:00:00+00:00","close_date":"2026-02-02 03:15:00+00:00","open_rate":77999.02,"close_rate":75518.651164,"fee_open":0.001,"fee_close":0.001,"trade_duration":1815,"profit_ratio":-0.033734465935320215,"profit_abs":-0.34240525,"exit_reason":"stop_loss","initial_stop_loss_abs":75518.651164,"initial_stop_loss_ratio":-0.0318,"stop_loss_abs":75518.651164,"stop_loss_ratio":-0.0318,"min_rate":75059.47,"max_rate":79424.0,"is_open":false,"enter_tag":"","leverage":1.0,"is_short":false,"open_timestamp":1769893200000,"close_timestamp":1770002100000,"orders":[{"amount":0.00013,"safe_price":77999.02,"ft_order_side":"buy","order_filled_timestamp":1769893200000,"ft_is_entry":true,"ft_order_tag":"","cost":10.150012472599999},{"amount":0.00013,"safe_price":75518.651164,"ft_order_side":"sell","order_filled_timestamp":1770002100000,"ft_is_entry":false,"ft_order_tag":"stop_loss","cost":9.827242075971316}],"funding_fees":0.0,"weekday":0},{"pair":"VET/USDT","stake_amount":10.224916,"max_stake_amount":10.224916,"amount":1268.6,"open_date":"2026-02-03 18:45:00+00:00","close_date":"2026-02-03 20:15:00+00:00","open_rate":0.00806,"close_rate":0.00847953953953954,"fee_open":0.001,"fee_close":0.001,"trade_duration":90,"profit_ratio":0.049950049950049945,"profit_abs":0.5112458,"exit_reason":"roi","initial_stop_loss_abs":0.00781,"initial_stop_loss_ratio":-0.0318,"stop_loss_abs":0.00781,"stop_loss_ratio":-0.0318,"min_rate":0.008,"max_rate":0.008570000000000001,"is_open":false,"enter_tag":"","leverage":1.0,"is_short":false,"open_timestamp":1770144300000,"close_timestamp":1770149700000,"orders":[{"amount":1268.6,"safe_price":0.008060000000000001,"ft_order_side":"buy","order_filled_timestamp":1770144300000,"ft_is_entry":true,"ft_order_tag":"","cost":10.235140915999999},{"amount":1268.6,"safe_price":0.00847953953953954,"ft_order_side":"sell","order_filled_timestamp":1770149700000,"ft_is_entry":false,"ft_order_tag":"roi","cost":10.767901003719718}],"funding_fees":0.0,"weekday":1},{"pair":"ADA/USDT","stake_amount":10.21926,"max_stake_amount":10.21926,"amount":36.2,"open_date":"2026-02-03 19:00:00+00:00","close_date":"2026-02-03 20:15:00+00:00","open_rate":0.2823,"close_rate":0.29699429429429425,"fee_open":0.001,"fee_close":0.001,"trade_duration":75,"profit_ratio":0.049950049950049945,"profit_abs":0.510963,"exit_reason":"roi","initial_stop_loss_abs":0.2734,"initial_stop_loss_ratio":-0.0318,"stop_loss_abs":0.2734,"stop_loss_ratio":-0.0318,"min_rate":0.28200000000000003,"max_rate":0.2979,"is_open":false,"enter_tag":"","leverage":1.0,"is_short":false,"open_timestamp":1770145200000,"close_timestamp":1770149700000,"orders":[{"amount":36.2,"safe_price":0.2823,"ft_order_side":"buy","order_filled_timestamp":1770145200000,"ft_is_entry":true,"ft_order_tag":"","cost":10.22947926},{"amount":36.2,"safe_price":0.29699429429429425,"ft_order_side":"sell","order_filled_timestamp":1770149700000,"ft_is_entry":false,"ft_order_tag":"roi","cost":10.761944646906905}],"funding_fees":0.0,"weekday":1},{"pair":"ETH/USDT","stake_amount":10.144242,"max_stake_amount":10.144242,"amount":0.0046,"open_date":"2026-02-03 20:00:00+00:00","close_date":"2026-02-03 21:00:00+00:00","open_rate":2205.27,"close_rate":2320.0588288288286,"fee_open":0.001,"fee_close":0.001,"trade_duration":60,"profit_ratio":0.04995004995004996,"profit_abs":0.5072121,"exit_reason":"roi","initial_stop_loss_abs":2135.142414,"initial_stop_loss_ratio":-0.0318,"stop_loss_abs":2135.142414,"stop_loss_ratio":-0.0318,"min_rate":2188.25,"max_rate":2343.82,"is_open":false,"enter_tag":"","leverage":1.0,"is_short":false,"open_timestamp":1770148800000,"close_timestamp":1770152400000,"orders":[{"amount":0.0046,"safe_price":2205.27,"ft_order_side":"buy","order_filled_timestamp":1770148800000,"ft_is_entry":true,"ft_order_tag":"","cost":10.154386242},{"amount":0.0046,"safe_price":2320.0588288288286,"ft_order_side":"sell","order_filled_timestamp":1770152400000,"ft_is_entry":false,"ft_order_tag":"roi","cost":10.682942883225222}],"funding_fees":0.0,"weekday":1},{"pair":"BTC/USDT","stake_amount":9.6314582,"max_stake_amount":9.6314582,"amount":0.00013,"open_date":"2026-02-03 18:30:00+00:00","close_date":"2026-02-03 22:30:00+00:00","open_rate":74088.14,"close_rate":76030.41,"fee_open":0.001,"fee_close":0.001,"trade_duration":240,"profit_ratio":0.02416528610973394,"profit_abs":0.23297969,"exit_reason":"roi","initial_stop_loss_abs":71732.137148,"initial_stop_loss_ratio":-0.0318,"stop_loss_abs":71732.137148,"stop_loss_ratio":-0.0318,"min_rate":72945.5,"max_rate":76960.0,"is_open":false,"enter_tag":"","leverage":1.0,"is_short":false,"open_timestamp":1770143400000,"close_timestamp":1770157800000,"orders":[{"amount":0.00013,"safe_price":74088.14,"ft_order_side":"buy","order_filled_timestamp":1770143400000,"ft_is_entry":true,"ft_order_tag":"","cost":9.641089658199999},{"amount":0.00013,"safe_price":76030.41,"ft_order_side":"sell","order_filled_timestamp":1770157800000,"ft_is_entry":false,"ft_order_tag":"roi","cost":9.8938372533}],"funding_fees":0.0,"weekday":1},{"pair":"ETH/USDT","stake_amount":10.506972,"max_stake_amount":10.506972,"amount":0.0049,"open_date":"2026-02-04 16:15:00+00:00","close_date":"2026-02-05 06:45:00+00:00","open_rate":2144.28,"close_rate":2076.091896,"fee_open":0.001,"fee_close":0.001,"trade_duration":870,"profit_ratio":-0.03373446535472664,"profit_abs":-0.35480153,"exit_reason":"stop_loss","initial_stop_loss_abs":2076.091896,"initial_stop_loss_ratio":-0.0318,"stop_loss_abs":2076.091896,"stop_loss_ratio":-0.0318,"min_rate":2068.2,"max_rate":2194.71,"is_open":false,"enter_tag":"","leverage":1.0,"is_short":false,"open_timestamp":1770221700000,"close_timestamp":1770273900000,"orders":[{"amount":0.0049,"safe_price":2144.28,"ft_order_side":"buy","order_filled_timestamp":1770221700000,"ft_is_entry":true,"ft_order_tag":"","cost":10.517478972},{"amount":0.0049,"safe_price":2076.091896,"ft_order_side":"sell","order_filled_timestamp":1770273900000,"ft_is_entry":false,"ft_order_tag":"stop_loss","cost":10.183023140690398}],"funding_fees":0.0,"weekday":3},{"pair":"ADA/USDT","stake_amount":10.49924,"max_stake_amount":10.49924,"amount":39.8,"open_date":"2026-02-05 15:45:00+00:00","close_date":"2026-02-05 17:15:00+00:00","open_rate":0.2638,"close_rate":0.2555,"fee_open":0.001,"fee_close":0.001,"trade_duration":90,"profit_ratio":-0.033398368121643325,"profit_abs":-0.35100814,"exit_reason":"stop_loss","initial_stop_loss_abs":0.2555,"initial_stop_loss_ratio":-0.0318,"stop_loss_abs":0.2555,"stop_loss_ratio":-0.0318,"min_rate":0.2553,"max_rate":0.2676,"is_open":false,"enter_tag":"","leverage":1.0,"is_short":false,"open_timestamp":1770306300000,"close_timestamp":1770311700000,"orders":[{"amount":39.8,"safe_price":0.26380000000000003,"ft_order_side":"buy","order_filled_timestamp":1770306300000,"ft_is_entry":true,"ft_order_tag":"","cost":10.50973924},{"amount":39.8,"safe_price":0.2555,"ft_order_side":"sell","order_filled_timestamp":1770311700000,"ft_is_entry":false,"ft_order_tag":"stop_loss","cost":10.179068899999997}],"funding_fees":0.0,"weekday":3},{"pair":"ICP/USDT","stake_amount":10.49846,"max_stake_amount":10.49846,"amount":4.34,"open_date":"2026-02-05 16:00:00+00:00","close_date":"2026-02-05 18:15:00+00:00","open_rate":2.419,"close_rate":2.343,"fee_open":0.001,"fee_close":0.001,"trade_duration":135,"profit_ratio":-0.03335317018657242,"profit_abs":-0.35050708,"exit_reason":"stop_loss","initial_stop_loss_abs":2.343,"initial_stop_loss_ratio":-0.0318,"stop_loss_abs":2.343,"stop_loss_ratio":-0.0318,"min_rate":2.322,"max_rate":2.465,"is_open":false,"enter_tag":"","leverage":1.0,"is_short":false,"open_timestamp":1770307200000,"close_timestamp":1770315300000,"orders":[{"amount":4.34,"safe_price":2.419,"ft_order_side":"buy","order_filled_timestamp":1770307200000,"ft_is_entry":true,"ft_order_tag":"","cost":10.508958459999999},{"amount":4.34,"safe_price":2.343,"ft_order_side":"sell","order_filled_timestamp":1770315300000,"ft_is_entry":false,"ft_order_tag":"stop_loss","cost":10.178788619999997}],"funding_fees":0.0,"weekday":3},{"pair":"ADA/USDT","stake_amount":10.43316,"max_stake_amount":10.43316,"amount":39.7,"open_date":"2026-02-05 17:30:00+00:00","close_date":"2026-02-05 18:30:00+00:00","open_rate":0.2628,"close_rate":0.2545,"fee_open":0.001,"fee_close":0.001,"trade_duration":60,"profit_ratio":-0.03351785201100269,"profit_abs":-0.35004681,"exit_reason":"stop_loss","initial_stop_loss_abs":0.2545,"initial_stop_loss_ratio":-0.0318,"stop_loss_abs":0.2545,"stop_loss_ratio":-0.0318,"min_rate":0.254,"max_rate":0.2636,"is_open":false,"enter_tag":"","leverage":1.0,"is_short":false,"open_timestamp":1770312600000,"close_timestamp":1770316200000,"orders":[{"amount":39.7,"safe_price":0.26280000000000003,"ft_order_side":"buy","order_filled_timestamp":1770312600000,"ft_is_entry":true,"ft_order_tag":"","cost":10.44359316},{"amount":39.7,"safe_price":0.2545,"ft_order_side":"sell","order_filled_timestamp":1770316200000,"ft_is_entry":false,"ft_order_tag":"stop_loss","cost":10.11375365}],"funding_fees":0.0,"weekday":3},{"pair":"BTC/USDT","stake_amount":10.123362,"max_stake_amount":10.123362,"amount":0.00015,"open_date":"2026-02-05 16:00:00+00:00","close_date":"2026-02-05 19:45:00+00:00","open_rate":67489.08,"close_rate":65342.927255999995,"fee_open":0.001,"fee_close":0.001,"trade_duration":225,"profit_ratio":-0.03373446526916689,"profit_abs":-0.34184771,"exit_reason":"stop_loss","initial_stop_loss_abs":65342.927255999995,"initial_stop_loss_ratio":-0.0318,"stop_loss_abs":65342.927255999995,"stop_loss_ratio":-0.0318,"min_rate":65200.0,"max_rate":68681.81,"is_open":false,"enter_tag":"","leverage":1.0,"is_short":false,"open_timestamp":1770307200000,"close_timestamp":1770320700000,"orders":[{"amount":0.00015,"safe_price":67489.08,"ft_order_side":"buy","order_filled_timestamp":1770307200000,"ft_is_entry":true,"ft_order_tag":"","cost":10.133485361999998},{"amount":0.00015,"safe_price":65342.927255999995,"ft_order_side":"sell","order_filled_timestamp":1770320700000,"ft_is_entry":false,"ft_order_tag":"stop_loss","cost":9.811240527488398}],"funding_fees":0.0,"weekday":3},{"pair":"VET/USDT","stake_amount":10.503792,"max_stake_amount":10.503792,"amount":1411.8,"open_date":"2026-02-05 15:30:00+00:00","close_date":"2026-02-05 20:15:00+00:00","open_rate":0.00744,"close_rate":0.00721,"fee_open":0.001,"fee_close":0.001,"trade_duration":285,"profit_ratio":-0.032850214301827205,"profit_abs":-0.34539687,"exit_reason":"stop_loss","initial_stop_loss_abs":0.00721,"initial_stop_loss_ratio":-0.0318,"stop_loss_abs":0.00721,"stop_loss_ratio":-0.0318,"min_rate":0.007110000000000001,"max_rate":0.007680000000000001,"is_open":false,"enter_tag":"","leverage":1.0,"is_short":false,"open_timestamp":1770305400000,"close_timestamp":1770322500000,"orders":[{"amount":1411.8,"safe_price":0.00744,"ft_order_side":"buy","order_filled_timestamp":1770305400000,"ft_is_entry":true,"ft_order_tag":"","cost":10.514295791999999},{"amount":1411.8,"safe_price":0.00721,"ft_order_side":"sell","order_filled_timestamp":1770322500000,"ft_is_entry":false,"ft_order_tag":"stop_loss","cost":10.189257077999999}],"funding_fees":0.0,"weekday":3},{"pair":"ETH/USDT","stake_amount":10.441872,"max_stake_amount":10.441872,"amount":0.0054,"open_date":"2026-02-05 15:30:00+00:00","close_date":"2026-02-05 20:15:00+00:00","open_rate":1933.68,"close_rate":1872.188976,"fee_open":0.001,"fee_close":0.001,"trade_duration":285,"profit_ratio":-0.033734465336384994,"profit_abs":-0.35260322,"exit_reason":"stop_loss","initial_stop_loss_abs":1872.188976,"initial_stop_loss_ratio":-0.0318,"stop_loss_abs":1872.188976,"stop_loss_ratio":-0.0318,"min_rate":1855.0,"max_rate":2018.33,"is_open":false,"enter_tag":"","leverage":1.0,"is_short":false,"open_timestamp":1770305400000,"close_timestamp":1770322500000,"orders":[{"amount":0.0054,"safe_price":1933.68,"ft_order_side":"buy","order_filled_timestamp":1770305400000,"ft_is_entry":true,"ft_order_tag":"","cost":10.452313872},{"amount":0.0054,"safe_price":1872.188976,"ft_order_side":"sell","order_filled_timestamp":1770322500000,"ft_is_entry":false,"ft_order_tag":"stop_loss","cost":10.1199302908704}],"funding_fees":0.0,"weekday":3},{"pair":"VET/USDT","stake_amount":10.089336,"max_stake_amount":10.089336,"amount":1405.2,"open_date":"2026-02-05 20:30:00+00:00","close_date":"2026-02-05 23:00:00+00:00","open_rate":0.00718,"close_rate":0.007553733733733733,"fee_open":0.001,"fee_close":0.001,"trade_duration":150,"profit_ratio":0.049950049950049945,"profit_abs":0.5044668,"exit_reason":"roi","initial_stop_loss_abs":0.00696,"initial_stop_loss_ratio":-0.0318,"stop_loss_abs":0.00696,"stop_loss_ratio":-0.0318,"min_rate":0.007150000000000001,"max_rate":0.007560000000000001,"is_open":false,"enter_tag":"","leverage":1.0,"is_short":false,"open_timestamp":1770323400000,"close_timestamp":1770332400000,"orders":[{"amount":1405.2,"safe_price":0.007180000000000001,"ft_order_side":"buy","order_filled_timestamp":1770323400000,"ft_is_entry":true,"ft_order_tag":"","cost":10.099425336},{"amount":1405.2,"safe_price":0.007553733733733733,"ft_order_side":"sell","order_filled_timestamp":1770332400000,"ft_is_entry":false,"ft_order_tag":"roi","cost":10.625121149285283}],"funding_fees":0.0,"weekday":3},{"pair":"ICP/USDT","stake_amount":10.1835,"max_stake_amount":10.1835,"amount":4.38,"open_date":"2026-02-05 23:15:00+00:00","close_date":"2026-02-05 23:30:00+00:00","open_rate":2.325,"close_rate":2.252,"fee_open":0.001,"fee_close":0.001,"trade_duration":15,"profit_ratio":-0.033333118494408814,"profit_abs":-0.33978726,"exit_reason":"stop_loss","initial_stop_loss_abs":2.252,"initial_stop_loss_ratio":-0.0318,"stop_loss_abs":2.252,"stop_loss_ratio":-0.0318,"min_rate":2.249,"max_rate":2.327,"is_open":false,"enter_tag":"","leverage":1.0,"is_short":false,"open_timestamp":1770333300000,"close_timestamp":1770334200000,"orders":[{"amount":4.38,"safe_price":2.325,"ft_order_side":"buy","order_filled_timestamp":1770333300000,"ft_is_entry":true,"ft_order_tag":"","cost":10.193683499999999},{"amount":4.38,"safe_price":2.252,"ft_order_side":"sell","order_filled_timestamp":1770334200000,"ft_is_entry":false,"ft_order_tag":"stop_loss","cost":9.873623759999997}],"funding_fees":0.0,"weekday":3},{"pair":"ADA/USDT","stake_amount":10.17738,"max_stake_amount":10.17738,"amount":40.1,"open_date":"2026-02-05 23:15:00+00:00","close_date":"2026-02-05 23:45:00+00:00","open_rate":0.2538,"close_rate":0.2458,"fee_open":0.001,"fee_close":0.001,"trade_duration":30,"profit_ratio":-0.03345590579633133,"profit_abs":-0.34083396,"exit_reason":"stop_loss","initial_stop_loss_abs":0.2458,"initial_stop_loss_ratio":-0.0318,"stop_loss_abs":0.2458,"stop_loss_ratio":-0.0318,"min_rate":0.24450000000000002,"max_rate":0.2543,"is_open":false,"enter_tag":"","leverage":1.0,"is_short":false,"open_timestamp":1770333300000,"close_timestamp":1770335100000,"orders":[{"amount":40.1,"safe_price":0.2538,"ft_order_side":"buy","order_filled_timestamp":1770333300000,"ft_is_entry":true,"ft_order_tag":"","cost":10.18755738},{"amount":40.1,"safe_price":0.2458,"ft_order_side":"sell","order_filled_timestamp":1770335100000,"ft_is_entry":false,"ft_order_tag":"stop_loss","cost":9.866436579999998}],"funding_fees":0.0,"weekday":3},{"pair":"BTC/USDT","stake_amount":9.661473,"max_stake_amount":9.661473,"amount":0.00015,"open_date":"2026-02-05 23:30:00+00:00","close_date":"2026-02-06 00:00:00+00:00","open_rate":64409.82,"close_rate":62361.587724,"fee_open":0.001,"fee_close":0.001,"trade_duration":30,"profit_ratio":-0.03373446526990505,"profit_abs":-0.32625055,"exit_reason":"stop_loss","initial_stop_loss_abs":62361.587724,"initial_stop_loss_ratio":-0.0318,"stop_loss_abs":62361.587724,"stop_loss_ratio":-0.0318,"min_rate":60100.0,"max_rate":64508.06,"is_open":false,"enter_tag":"","leverage":1.0,"is_short":false,"open_timestamp":1770334200000,"close_timestamp":1770336000000,"orders":[{"amount":0.00015,"safe_price":64409.82,"ft_order_side":"buy","order_filled_timestamp":1770334200000,"ft_is_entry":true,"ft_order_tag":"","cost":9.671134472999999},{"amount":0.00015,"safe_price":62361.587724,"ft_order_side":"sell","order_filled_timestamp":1770336000000,"ft_is_entry":false,"ft_order_tag":"stop_loss","cost":9.363592396758598}],"funding_fees":0.0,"weekday":4},{"pair":"ICP/USDT","stake_amount":10.0344,"max_stake_amount":10.0344,"amount":4.44,"open_date":"2026-02-05 23:45:00+00:00","close_date":"2026-02-06 00:00:00+00:00","open_rate":2.26,"close_rate":2.189,"fee_open":0.001,"fee_close":0.001,"trade_duration":15,"profit_ratio":-0.03335116211222406,"profit_abs":-0.33499356,"exit_reason":"stop_loss","initial_stop_loss_abs":2.189,"initial_stop_loss_ratio":-0.0318,"stop_loss_abs":2.189,"stop_loss_ratio":-0.0318,"min_rate":2.047,"max_rate":2.267,"is_open":false,"enter_tag":"","leverage":1.0,"is_short":false,"open_timestamp":1770335100000,"close_timestamp":1770336000000,"orders":[{"amount":4.44,"safe_price":2.26,"ft_order_side":"buy","order_filled_timestamp":1770335100000,"ft_is_entry":true,"ft_order_tag":"","cost":10.044434399999998},{"amount":4.44,"safe_price":2.189,"ft_order_side":"sell","order_filled_timestamp":1770336000000,"ft_is_entry":false,"ft_order_tag":"stop_loss","cost":9.72887916}],"funding_fees":0.0,"weekday":4},{"pair":"ADA/USDT","stake_amount":9.9182,"max_stake_amount":9.9182,"amount":40.4,"open_date":"2026-02-06 00:00:00+00:00","close_date":"2026-02-06 00:00:00+00:00","open_rate":0.2455,"close_rate":0.2377,"fee_open":0.001,"fee_close":0.001,"trade_duration":0,"profit_ratio":-0.033706415783808855,"profit_abs":-0.33464128,"exit_reason":"stop_loss","initial_stop_loss_abs":0.2377,"initial_stop_loss_ratio":-0.0318,"stop_loss_abs":0.2377,"stop_loss_ratio":-0.0318,"min_rate":0.2263,"max_rate":0.24630000000000002,"is_open":false,"enter_tag":"","leverage":1.0,"is_short":false,"open_timestamp":1770336000000,"close_timestamp":1770336000000,"orders":[{"amount":40.4,"safe_price":0.24550000000000002,"ft_order_side":"buy","order_filled_timestamp":1770336000000,"ft_is_entry":true,"ft_order_tag":"","cost":9.9281182},{"amount":40.4,"safe_price":0.2377,"ft_order_side":"sell","order_filled_timestamp":1770336000000,"ft_is_entry":false,"ft_order_tag":"stop_loss","cost":9.61268308}],"funding_fees":0.0,"weekday":4},{"pair":"VET/USDT","stake_amount":9.85715,"max_stake_amount":9.85715,"amount":1439.0,"open_date":"2026-02-06 00:15:00+00:00","close_date":"2026-02-06 00:15:00+00:00","open_rate":0.00685,"close_rate":0.00664,"fee_open":0.001,"fee_close":0.001,"trade_duration":0,"profit_ratio":-0.0325936836885742,"profit_abs":-0.32160211,"exit_reason":"stop_loss","initial_stop_loss_abs":0.00664,"initial_stop_loss_ratio":-0.0318,"stop_loss_abs":0.00664,"stop_loss_ratio":-0.0318,"min_rate":0.006580000000000001,"max_rate":0.006980000000000001,"is_open":false,"enter_tag":"","leverage":1.0,"is_short":false,"open_timestamp":1770336900000,"close_timestamp":1770336900000,"orders":[{"amount":1439.0,"safe_price":0.00685,"ft_order_side":"buy","order_filled_timestamp":1770336900000,"ft_is_entry":true,"ft_order_tag":"","cost":9.86700715},{"amount":1439.0,"safe_price":0.00664,"ft_order_side":"sell","order_filled_timestamp":1770336900000,"ft_is_entry":false,"ft_order_tag":"stop_loss","cost":9.564514959999999}],"funding_fees":0.0,"weekday":4},{"pair":"ICP/USDT","stake_amount":9.78408,"max_stake_amount":9.78408,"amount":4.28,"open_date":"2026-02-06 02:00:00+00:00","close_date":"2026-02-06 03:15:00+00:00","open_rate":2.286,"close_rate":2.214,"fee_open":0.001,"fee_close":0.001,"trade_duration":75,"profit_ratio":-0.03343113579334051,"profit_abs":-0.32742,"exit_reason":"stop_loss","initial_stop_loss_abs":2.214,"initial_stop_loss_ratio":-0.0318,"stop_loss_abs":2.214,"stop_loss_ratio":-0.0318,"min_rate":2.21,"max_rate":2.299,"is_open":false,"enter_tag":"","leverage":1.0,"is_short":false,"open_timestamp":1770343200000,"close_timestamp":1770347700000,"orders":[{"amount":4.28,"safe_price":2.286,"ft_order_side":"buy","order_filled_timestamp":1770343200000,"ft_is_entry":true,"ft_order_tag":"","cost":9.79386408},{"amount":4.28,"safe_price":2.214,"ft_order_side":"sell","order_filled_timestamp":1770347700000,"ft_is_entry":false,"ft_order_tag":"stop_loss","cost":9.485395919999998}],"funding_fees":0.0,"weekday":4},{"pair":"VET/USDT","stake_amount":9.79374,"max_stake_amount":9.79374,"amount":1349.0,"open_date":"2026-02-06 01:00:00+00:00","close_date":"2026-02-06 05:00:00+00:00","open_rate":0.00726,"close_rate":0.007470000000000001,"fee_open":0.001,"fee_close":0.001,"trade_duration":240,"profit_ratio":0.026869824390485547,"profit_abs":0.26341923,"exit_reason":"roi","initial_stop_loss_abs":0.00703,"initial_stop_loss_ratio":-0.0318,"stop_loss_abs":0.00703,"stop_loss_ratio":-0.0318,"min_rate":0.007240000000000001,"max_rate":0.00757,"is_open":false,"enter_tag":"","leverage":1.0,"is_short":false,"open_timestamp":1770339600000,"close_timestamp":1770354000000,"orders":[{"amount":1349.0,"safe_price":0.007260000000000001,"ft_order_side":"buy","order_filled_timestamp":1770339600000,"ft_is_entry":true,"ft_order_tag":"","cost":9.80353374},{"amount":1349.0,"safe_price":0.007470000000000001,"ft_order_side":"sell","order_filled_timestamp":1770354000000,"ft_is_entry":false,"ft_order_tag":"roi","cost":10.08710703}],"funding_fees":0.0,"weekday":4},{"pair":"ETH/USDT","stake_amount":9.66297,"max_stake_amount":9.66297,"amount":0.0051,"open_date":"2026-02-06 01:15:00+00:00","close_date":"2026-02-06 05:30:00+00:00","open_rate":1894.7,"close_rate":1936.425125125125,"fee_open":0.001,"fee_close":0.001,"trade_duration":255,"profit_ratio":0.01998001998001998,"profit_abs":0.1932594,"exit_reason":"roi","initial_stop_loss_abs":1834.4485399999999,"initial_stop_loss_ratio":-0.0318,"stop_loss_abs":1834.4485399999999,"stop_loss_ratio":-0.0318,"min_rate":1879.24,"max_rate":1947.84,"is_open":false,"enter_tag":"","leverage":1.0,"is_short":false,"open_timestamp":1770340500000,"close_timestamp":1770355800000,"orders":[{"amount":0.0051,"safe_price":1894.7,"ft_order_side":"buy","order_filled_timestamp":1770340500000,"ft_is_entry":true,"ft_order_tag":"","cost":9.67263297},{"amount":0.0051,"safe_price":1936.425125125125,"ft_order_side":"sell","order_filled_timestamp":1770355800000,"ft_is_entry":false,"ft_order_tag":"roi","cost":9.885643906276275}],"funding_fees":0.0,"weekday":4},{"pair":"BTC/USDT","stake_amount":9.6487755,"max_stake_amount":9.6487755,"amount":0.00015,"open_date":"2026-02-06 01:15:00+00:00","close_date":"2026-02-06 05:30:00+00:00","open_rate":64325.17,"close_rate":65741.74031031031,"fee_open":0.001,"fee_close":0.001,"trade_duration":255,"profit_ratio":0.01998001998001998,"profit_abs":0.19297551,"exit_reason":"roi","initial_stop_loss_abs":62279.629594,"initial_stop_loss_ratio":-0.0318,"stop_loss_abs":62279.629594,"stop_loss_ratio":-0.0318,"min_rate":63770.17,"max_rate":66010.0,"is_open":false,"enter_tag":"","leverage":1.0,"is_short":false,"open_timestamp":1770340500000,"close_timestamp":1770355800000,"orders":[{"amount":0.00015,"safe_price":64325.17,"ft_order_side":"buy","order_filled_timestamp":1770340500000,"ft_is_entry":true,"ft_order_tag":"","cost":9.658424275499998},{"amount":0.00015,"safe_price":65741.74031031031,"ft_order_side":"sell","order_filled_timestamp":1770355800000,"ft_is_entry":false,"ft_order_tag":"roi","cost":9.871122307593092}],"funding_fees":0.0,"weekday":4},{"pair":"ADA/USDT","stake_amount":9.78302,"max_stake_amount":9.78302,"amount":39.4,"open_date":"2026-02-06 01:45:00+00:00","close_date":"2026-02-06 05:45:00+00:00","open_rate":0.2483,"close_rate":0.2556,"fee_open":0.001,"fee_close":0.001,"trade_duration":240,"profit_ratio":0.027343176356466728,"profit_abs":0.26776634,"exit_reason":"roi","initial_stop_loss_abs":0.2405,"initial_stop_loss_ratio":-0.0318,"stop_loss_abs":0.2405,"stop_loss_ratio":-0.0318,"min_rate":0.2447,"max_rate":0.2589,"is_open":false,"enter_tag":"","leverage":1.0,"is_short":false,"open_timestamp":1770342300000,"close_timestamp":1770356700000,"orders":[{"amount":39.4,"safe_price":0.24830000000000002,"ft_order_side":"buy","order_filled_timestamp":1770342300000,"ft_is_entry":true,"ft_order_tag":"","cost":9.79280302},{"amount":39.4,"safe_price":0.2556,"ft_order_side":"sell","order_filled_timestamp":1770356700000,"ft_is_entry":false,"ft_order_tag":"roi","cost":10.080710639999998}],"funding_fees":0.0,"weekday":4}],"locks":[],"best_pair":{"key":"ICP/USDT","trades":16,"profit_mean":0.009179001249583754,"profit_mean_pct":0.92,"profit_total_abs":1.51799959,"profit_total":0.0303599918,"profit_total_pct":3.04,"duration_avg":"5:36:00","wins":11,"draws":0,"losses":5,"winrate":0.6875,"cagr":0.2032492437257758,"expectancy":0.094874974375,"expectancy_ratio":0.2780911906238581,"sortino":51.301324685020404,"sharpe":1.5754097139915242,"calmar":34.79662642881353,"sqn":1.1777,"profit_factor":1.8898918099963462,"max_drawdown_account":0.028252633116942538,"max_drawdown_abs":1.4978369800000002},"worst_pair":{"key":"ETH/USDT","trades":10,"profit_mean":-0.010250669220061868,"profit_mean_pct":-1.03,"profit_total_abs":-1.0990049599999998,"profit_total":-0.021980099199999995,"profit_total_pct":-2.2,"duration_avg":"11:21:00","wins":4,"draws":0,"losses":6,"winrate":0.4,"cagr":-0.12846151613060885,"expectancy":-0.10990049600000001,"expectancy_ratio":-0.3147234376693617,"sortino":-37.35269620540451,"sharpe":-1.151842666943101,"calmar":-22.543047591930776,"sqn":-1.0671,"profit_factor":0.47546093721773036,"max_drawdown_account":0.03157267948583171,"max_drawdown_abs":1.5879702},"results_per_pair":[{"key":"ICP/USDT","trades":16,"profit_mean":0.009179001249583754,"profit_mean_pct":0.92,"profit_total_abs":1.51799959,"profit_total":0.0303599918,"profit_total_pct":3.04,"duration_avg":"5:36:00","wins":11,"draws":0,"losses":5,"winrate":0.6875,"cagr":0.2032492437257758,"expectancy":0.094874974375,"expectancy_ratio":0.2780911906238581,"sortino":51.301324685020404,"sharpe":1.5754097139915242,"calmar":34.79662642881353,"sqn":1.1777,"profit_factor":1.8898918099963462,"max_drawdown_account":0.028252633116942538,"max_drawdown_abs":1.4978369800000002},{"key":"VET/USDT","trades":14,"profit_mean":0.006135879797942536,"profit_mean_pct":0.61,"profit_total_abs":0.82510332,"profit_total":0.0165020664,"profit_total_pct":1.65,"duration_avg":"6:32:00","wins":9,"draws":0,"losses":5,"winrate":0.6428571428571429,"cagr":0.1065597391811115,"expectancy":0.05893595142857143,"expectancy_ratio":0.171787583756416,"sortino":21.332494954868864,"sharpe":0.8468913313109855,"calmar":38.141212741579004,"sqn":0.6736,"profit_factor":1.4810052345179647,"max_drawdown_account":0.014010003799258207,"max_drawdown_abs":0.70987873},{"key":"ADA/USDT","trades":16,"profit_mean":-0.001383345483676324,"profit_mean_pct":-0.14,"profit_total_abs":-0.25853904999999994,"profit_total":-0.005170780999999998,"profit_total_pct":-0.52,"duration_avg":"6:48:00","wins":9,"draws":0,"losses":7,"winrate":0.5625,"cagr":-0.031562876216392866,"expectancy":-0.016158690625,"expectancy_ratio":-0.04669029039581951,"sortino":-8.685213909771862,"sharpe":-0.27757863322811044,"calmar":-6.1852563149347,"sqn":-0.2075,"profit_factor":0.8932793362381268,"max_drawdown_account":0.027070287209428362,"max_drawdown_abs":1.37653019},{"key":"BTC/USDT","trades":6,"profit_mean":-0.015132092701647247,"profit_mean_pct":-1.51,"profit_total_abs":-0.93088205,"profit_total":-0.018617641,"profit_total_pct":-1.86,"duration_avg":"7:12:00","wins":2,"draws":0,"losses":4,"winrate":0.3333333333333333,"cagr":-0.1097585750284098,"expectancy":-0.15514700833333334,"expectancy_ratio":-0.45737838737352865,"sortino":-39.25454475979253,"sharpe":-1.1565290832917623,"calmar":-26.82117533439906,"sqn":-1.3311,"profit_factor":0.31393241893970697,"max_drawdown_account":0.02247715119999995,"max_drawdown_abs":1.12385756},{"key":"ETH/USDT","trades":10,"profit_mean":-0.010250669220061868,"profit_mean_pct":-1.03,"profit_total_abs":-1.0990049599999998,"profit_total":-0.021980099199999995,"profit_total_pct":-2.2,"duration_avg":"11:21:00","wins":4,"draws":0,"losses":6,"winrate":0.4,"cagr":-0.12846151613060885,"expectancy":-0.10990049600000001,"expectancy_ratio":-0.3147234376693617,"sortino":-37.35269620540451,"sharpe":-1.151842666943101,"calmar":-22.543047591930776,"sqn":-1.0671,"profit_factor":0.47546093721773036,"max_drawdown_account":0.03157267948583171,"max_drawdown_abs":1.5879702},{"key":"TOTAL","trades":62,"profit_mean":0.00027957356476148793,"profit_mean_pct":0.03,"profit_total_abs":0.05467684999999997,"profit_total":0.0010935369999999995,"profit_total_pct":0.11,"duration_avg":"7:12:00","wins":35,"draws":0,"losses":27,"winrate":0.5645161290322581,"cagr":0.006784315437173838,"expectancy":0.00088188467741937,"expectancy_ratio":0.002561468658188071,"sortino":1.6794646927817791,"sharpe":0.055850789920980734,"calmar":0.3632713380010131,"sqn":0.0217,"profit_factor":1.0058818909928766,"max_drawdown_account":0.09747579122860302,"max_drawdown_abs":5.30699664}],"results_per_enter_tag":[{"key":"","trades":62,"profit_mean":0.00027957356476148793,"profit_mean_pct":0.03,"profit_total_abs":0.05467684999999997,"profit_total":0.0010935369999999995,"profit_total_pct":0.11,"duration_avg":"7:12:00","wins":35,"draws":0,"losses":27,"winrate":0.5645161290322581,"cagr":0.006784315437173838,"expectancy":0.00088188467741937,"expectancy_ratio":0.002561468658188071,"sortino":1.6794646927817791,"sharpe":0.055850789920980734,"calmar":0.3632713380010131,"sqn":0.0217,"profit_factor":1.0058818909928766,"max_drawdown_account":0.09747579122860302,"max_drawdown_abs":5.30699664},{"key":"TOTAL","trades":62,"profit_mean":0.00027957356476148793,"profit_mean_pct":0.03,"profit_total_abs":0.05467684999999997,"profit_total":0.0010935369999999995,"profit_total_pct":0.11,"duration_avg":"7:12:00","wins":35,"draws":0,"losses":27,"winrate":0.5645161290322581,"cagr":0.006784315437173838,"expectancy":0.00088188467741937,"expectancy_ratio":0.002561468658188071,"sortino":1.6794646927817791,"sharpe":0.055850789920980734,"calmar":0.3632713380010131,"sqn":0.0217,"profit_factor":1.0058818909928766,"max_drawdown_account":0.09747579122860302,"max_drawdown_abs":5.30699664}],"exit_reason_summary":[{"key":"roi","trades":35,"profit_mean":0.026335092022025195,"profit_mean_pct":2.63,"profit_total_abs":9.35047136,"profit_total":0.1870094272,"profit_total_pct":18.7,"duration_avg":"8:48:00","wins":35,"draws":0,"losses":0,"winrate":1.0,"cagr":1.8880605505346866,"expectancy":0.26715632457142857,"expectancy_ratio":100.0,"sortino":-100,"sharpe":24.62458895206002,"calmar":-100,"sqn":12.6691,"profit_factor":0.0,"max_drawdown_account":0.0,"max_drawdown_abs":0.0},{"key":"stop_loss","trades":27,"profit_mean":-0.033496098509469246,"profit_mean_pct":-3.35,"profit_total_abs":-9.29579451,"profit_total":-0.18591589020000002,"profit_total_pct":-18.59,"duration_avg":"5:07:00","wins":0,"draws":0,"losses":27,"winrate":0.0,"cagr":-0.7198692485418807,"expectancy":-0.3442886855555556,"expectancy_ratio":-1.0,"sortino":-285.53142090116165,"sharpe":-285.53142090116165,"calmar":-32.381310465326784,"sqn":-166.5261,"profit_factor":0.0,"max_drawdown_account":0.18591589020000002,"max_drawdown_abs":9.29579451},{"key":"TOTAL","trades":62,"profit_mean":0.00027957356476148793,"profit_mean_pct":0.03,"profit_total_abs":0.05467684999999997,"profit_total":0.0010935369999999995,"profit_total_pct":0.11,"duration_avg":"7:12:00","wins":35,"draws":0,"losses":27,"winrate":0.5645161290322581,"cagr":0.006784315437173838,"expectancy":0.00088188467741937,"expectancy_ratio":0.002561468658188071,"sortino":1.6794646927817791,"sharpe":0.055850789920980734,"calmar":0.3632713380010131,"sqn":0.0217,"profit_factor":1.0058818909928766,"max_drawdown_account":0.09747579122860302,"max_drawdown_abs":5.30699664}],"mix_tag_stats":[{"key":["","roi"],"trades":35,"profit_mean":0.026335092022025195,"profit_mean_pct":2.63,"profit_total_abs":9.35047136,"profit_total":0.1870094272,"profit_total_pct":18.7,"duration_avg":"8:48:00","wins":35,"draws":0,"losses":0,"winrate":1.0,"cagr":1.8880605505346866,"expectancy":0.26715632457142857,"expectancy_ratio":100.0,"sortino":-100,"sharpe":24.62458895206002,"calmar":-100,"sqn":12.6691,"profit_factor":0.0,"max_drawdown_account":0.0,"max_drawdown_abs":0.0},{"key":["","stop_loss"],"trades":27,"profit_mean":-0.033496098509469246,"profit_mean_pct":-3.35,"profit_total_abs":-9.29579451,"profit_total":-0.18591589020000002,"profit_total_pct":-18.59,"duration_avg":"5:07:00","wins":0,"draws":0,"losses":27,"winrate":0.0,"cagr":-0.7198692485418807,"expectancy":-0.3442886855555556,"expectancy_ratio":-1.0,"sortino":-285.53142090116165,"sharpe":-285.53142090116165,"calmar":-32.381310465326784,"sqn":-166.5261,"profit_factor":0.0,"max_drawdown_account":0.18591589020000002,"max_drawdown_abs":9.29579451},{"key":"TOTAL","trades":62,"profit_mean":0.00027957356476148793,"profit_mean_pct":0.03,"profit_total_abs":0.05467684999999997,"profit_total":0.0010935369999999995,"profit_total_pct":0.11,"duration_avg":"7:12:00","wins":35,"draws":0,"losses":27,"winrate":0.5645161290322581,"cagr":0.006784315437173838,"expectancy":0.00088188467741937,"expectancy_ratio":0.002561468658188071,"sortino":1.6794646927817791,"sharpe":0.055850789920980734,"calmar":0.3632713380010131,"sqn":0.0217,"profit_factor":1.0058818909928766,"max_drawdown_account":0.09747579122860302,"max_drawdown_abs":5.30699664}],"left_open_trades":[{"key":"TOTAL","trades":0,"profit_mean":0.0,"profit_mean_pct":0.0,"profit_total_abs":0.0,"profit_total":0.0,"profit_total_pct":0.0,"duration_avg":"0:00","wins":0,"draws":0,"losses":0,"winrate":0.0,"cagr":0.0,"expectancy":0.0,"expectancy_ratio":100.0,"sortino":0,"sharpe":0,"calmar":0,"sqn":0.0,"profit_factor":0.0,"max_drawdown_account":0.0,"max_drawdown_abs":0.0}],"total_trades":62,"trade_count_long":62,"trade_count_short":0,"total_volume":1264.3921506833708,"avg_stake_amount":10.1758969016129,"profit_mean":0.00027957356476148793,"profit_median":0.019980019980019977,"profit_total":0.0010935369999999995,"profit_total_long":0.0010935369999999995,"profit_total_short":0.0,"profit_total_abs":0.05467684999999997,"profit_total_long_abs":0.05467684999999997,"profit_total_short_abs":0.0,"cagr":0.006784315437173838,"expectancy":0.00088188467741937,"expectancy_ratio":0.002561468658188071,"sortino":1.6794646927817791,"sharpe":0.055850789920980734,"calmar":0.3632713380010131,"sqn":0.0217,"profit_factor":1.0058818909928766,"backtest_start":"2025-12-09 07:30:00","backtest_start_ts":1765265400000,"backtest_end":"2026-02-07 00:00:00","backtest_end_ts":1770422400000,"backtest_days":59,"backtest_run_start_ts":1770446735,"backtest_run_end_ts":1770446735,"trades_per_day":1.05,"market_change":-0.30314032222349885,"pairlist":["ICP/USDT","VET/USDT","ADA/USDT","ETH/USDT","BTC/USDT"],"stake_amount":"unlimited","stake_currency":"USDT","stake_currency_decimals":3,"starting_balance":50,"dry_run_wallet":50,"final_balance":50.05467685,"rejected_signals":0,"timedout_entry_orders":0,"timedout_exit_orders":0,"canceled_trade_entries":0,"canceled_entry_orders":0,"replaced_entry_orders":0,"max_open_trades":5,"max_open_trades_setting":5,"timeframe":"15m","timeframe_detail":"","timerange":"20251209-20260207","enable_protections":false,"strategy_name":"UniversalMACD","freqaimodel":"XGBoostRegressor","freqai_identifier":"qs_v9_scalp_5m1h_l2","stoploss":-0.0318,"trailing_stop":false,"trailing_stop_positive":null,"trailing_stop_positive_offset":0.0,"trailing_only_offset_is_reached":false,"use_custom_stoploss":false,"minimal_roi":{"0":0.1,"60":0.05,"240":0.02,"1440":0.01},"use_exit_signal":true,"exit_profit_only":false,"exit_profit_offset":0.0,"ignore_roi_if_entry_signal":false,"trading_mode":"spot","margin_mode":"","periodic_breakdown":{"day":[{"date":"11/12/2025","date_ts":1765411200000,"profit_abs":0.26038465,"wins":3,"draws":0,"losses":1,"trades":4,"profit_factor":1.78386908},{"date":"12/12/2025","date_ts":1765497600000,"profit_abs":0.0,"wins":0,"draws":0,"losses":0,"trades":0,"profit_factor":0.0},{"date":"13/12/2025","date_ts":1765584000000,"profit_abs":0.39771416,"wins":2,"draws":0,"losses":0,"trades":2,"profit_factor":0.0},{"date":"14/12/2025","date_ts":1765670400000,"profit_abs":0.09872192,"wins":1,"draws":0,"losses":0,"trades":1,"profit_factor":0.0},{"date":"15/12/2025","date_ts":1765756800000,"profit_abs":-0.33849514,"wins":0,"draws":0,"losses":1,"trades":1,"profit_factor":0.0},{"date":"16/12/2025","date_ts":1765843200000,"profit_abs":0.16946773,"wins":3,"draws":0,"losses":1,"trades":4,"profit_factor":1.511529},{"date":"17/12/2025","date_ts":1765929600000,"profit_abs":0.0,"wins":0,"draws":0,"losses":0,"trades":0,"profit_factor":0.0},{"date":"18/12/2025","date_ts":1766016000000,"profit_abs":0.1999414,"wins":1,"draws":0,"losses":0,"trades":1,"profit_factor":0.0},{"date":"19/12/2025","date_ts":1766102400000,"profit_abs":0.60265512,"wins":3,"draws":0,"losses":0,"trades":3,"profit_factor":0.0},{"date":"20/12/2025","date_ts":1766188800000,"profit_abs":0.0,"wins":0,"draws":0,"losses":0,"trades":0,"profit_factor":0.0},{"date":"21/12/2025","date_ts":1766275200000,"profit_abs":0.0,"wins":0,"draws":0,"losses":0,"trades":0,"profit_factor":0.0},{"date":"22/12/2025","date_ts":1766361600000,"profit_abs":0.0,"wins":0,"draws":0,"losses":0,"trades":0,"profit_factor":0.0},{"date":"23/12/2025","date_ts":1766448000000,"profit_abs":0.0,"wins":0,"draws":0,"losses":0,"trades":0,"profit_factor":0.0},{"date":"24/12/2025","date_ts":1766534400000,"profit_abs":0.0,"wins":0,"draws":0,"losses":0,"trades":0,"profit_factor":0.0},{"date":"25/12/2025","date_ts":1766620800000,"profit_abs":0.0,"wins":0,"draws":0,"losses":0,"trades":0,"profit_factor":0.0},{"date":"26/12/2025","date_ts":1766707200000,"profit_abs":0.0,"wins":0,"draws":0,"losses":0,"trades":0,"profit_factor":0.0},{"date":"27/12/2025","date_ts":1766793600000,"profit_abs":0.0,"wins":0,"draws":0,"losses":0,"trades":0,"profit_factor":0.0},{"date":"28/12/2025","date_ts":1766880000000,"profit_abs":0.0,"wins":0,"draws":0,"losses":0,"trades":0,"profit_factor":0.0},{"date":"29/12/2025","date_ts":1766966400000,"profit_abs":0.0,"wins":0,"draws":0,"losses":0,"trades":0,"profit_factor":0.0},{"date":"30/12/2025","date_ts":1767052800000,"profit_abs":0.0,"wins":0,"draws":0,"losses":0,"trades":0,"profit_factor":0.0},{"date":"31/12/2025","date_ts":1767139200000,"profit_abs":0.40752733,"wins":1,"draws":0,"losses":0,"trades":1,"profit_factor":0.0},{"date":"01/01/2026","date_ts":1767225600000,"profit_abs":0.2031312,"wins":1,"draws":0,"losses":0,"trades":1,"profit_factor":0.0},{"date":"02/01/2026","date_ts":1767312000000,"profit_abs":0.0,"wins":0,"draws":0,"losses":0,"trades":0,"profit_factor":0.0},{"date":"03/01/2026","date_ts":1767398400000,"profit_abs":0.0,"wins":0,"draws":0,"losses":0,"trades":0,"profit_factor":0.0},{"date":"04/01/2026","date_ts":1767484800000,"profit_abs":0.0,"wins":0,"draws":0,"losses":0,"trades":0,"profit_factor":0.0},{"date":"05/01/2026","date_ts":1767571200000,"profit_abs":0.0,"wins":0,"draws":0,"losses":0,"trades":0,"profit_factor":0.0},{"date":"06/01/2026","date_ts":1767657600000,"profit_abs":0.513888,"wins":1,"draws":0,"losses":0,"trades":1,"profit_factor":0.0},{"date":"07/01/2026","date_ts":1767744000000,"profit_abs":0.0,"wins":0,"draws":0,"losses":0,"trades":0,"profit_factor":0.0},{"date":"08/01/2026","date_ts":1767830400000,"profit_abs":0.0,"wins":0,"draws":0,"losses":0,"trades":0,"profit_factor":0.0},{"date":"09/01/2026","date_ts":1767916800000,"profit_abs":0.0,"wins":0,"draws":0,"losses":0,"trades":0,"profit_factor":0.0},{"date":"10/01/2026","date_ts":1768003200000,"profit_abs":0.0,"wins":0,"draws":0,"losses":0,"trades":0,"profit_factor":0.0},{"date":"11/01/2026","date_ts":1768089600000,"profit_abs":0.0,"wins":0,"draws":0,"losses":0,"trades":0,"profit_factor":0.0},{"date":"12/01/2026","date_ts":1768176000000,"profit_abs":0.0,"wins":0,"draws":0,"losses":0,"trades":0,"profit_factor":0.0},{"date":"13/01/2026","date_ts":1768262400000,"profit_abs":0.0,"wins":0,"draws":0,"losses":0,"trades":0,"profit_factor":0.0},{"date":"14/01/2026","date_ts":1768348800000,"profit_abs":0.0,"wins":0,"draws":0,"losses":0,"trades":0,"profit_factor":0.0},{"date":"15/01/2026","date_ts":1768435200000,"profit_abs":0.55743444,"wins":2,"draws":0,"losses":0,"trades":2,"profit_factor":0.0},{"date":"16/01/2026","date_ts":1768521600000,"profit_abs":0.0,"wins":0,"draws":0,"losses":0,"trades":0,"profit_factor":0.0},{"date":"17/01/2026","date_ts":1768608000000,"profit_abs":0.0,"wins":0,"draws":0,"losses":0,"trades":0,"profit_factor":0.0},{"date":"18/01/2026","date_ts":1768694400000,"profit_abs":0.0,"wins":0,"draws":0,"losses":0,"trades":0,"profit_factor":0.0},{"date":"19/01/2026","date_ts":1768780800000,"profit_abs":0.9447538,"wins":3,"draws":0,"losses":0,"trades":3,"profit_factor":0.0},{"date":"20/01/2026","date_ts":1768867200000,"profit_abs":0.0,"wins":0,"draws":0,"losses":0,"trades":0,"profit_factor":0.0},{"date":"21/01/2026","date_ts":1768953600000,"profit_abs":0.0,"wins":0,"draws":0,"losses":0,"trades":0,"profit_factor":0.0},{"date":"22/01/2026","date_ts":1769040000000,"profit_abs":0.0,"wins":0,"draws":0,"losses":0,"trades":0,"profit_factor":0.0},{"date":"23/01/2026","date_ts":1769126400000,"profit_abs":0.0,"wins":0,"draws":0,"losses":0,"trades":0,"profit_factor":0.0},{"date":"24/01/2026","date_ts":1769212800000,"profit_abs":0.0,"wins":0,"draws":0,"losses":0,"trades":0,"profit_factor":0.0},{"date":"25/01/2026","date_ts":1769299200000,"profit_abs":0.0,"wins":0,"draws":0,"losses":0,"trades":0,"profit_factor":0.0},{"date":"26/01/2026","date_ts":1769385600000,"profit_abs":0.4271284,"wins":2,"draws":0,"losses":0,"trades":2,"profit_factor":0.0},{"date":"27/01/2026","date_ts":1769472000000,"profit_abs":0.0,"wins":0,"draws":0,"losses":0,"trades":0,"profit_factor":0.0},{"date":"28/01/2026","date_ts":1769558400000,"profit_abs":0.0,"wins":0,"draws":0,"losses":0,"trades":0,"profit_factor":0.0},{"date":"29/01/2026","date_ts":1769644800000,"profit_abs":0.0,"wins":0,"draws":0,"losses":0,"trades":0,"profit_factor":0.0},{"date":"30/01/2026","date_ts":1769731200000,"profit_abs":-1.07879068,"wins":0,"draws":0,"losses":3,"trades":3,"profit_factor":0.0},{"date":"31/01/2026","date_ts":1769817600000,"profit_abs":-1.75772493,"wins":0,"draws":0,"losses":5,"trades":5,"profit_factor":0.0},{"date":"01/02/2026","date_ts":1769904000000,"profit_abs":0.37679691,"wins":3,"draws":0,"losses":1,"trades":4,"profit_factor":2.09801067},{"date":"02/02/2026","date_ts":1769990400000,"profit_abs":-0.34240525,"wins":0,"draws":0,"losses":1,"trades":1,"profit_factor":0.0},{"date":"03/02/2026","date_ts":1770076800000,"profit_abs":1.76240059,"wins":4,"draws":0,"losses":0,"trades":4,"profit_factor":0.0},{"date":"04/02/2026","date_ts":1770163200000,"profit_abs":0.0,"wins":0,"draws":0,"losses":0,"trades":0,"profit_factor":0.0},{"date":"05/02/2026","date_ts":1770249600000,"profit_abs":-2.62236578,"wins":1,"draws":0,"losses":9,"trades":10,"profit_factor":0.16133477},{"date":"06/02/2026","date_ts":1770336000000,"profit_abs":-0.72748702,"wins":4,"draws":0,"losses":5,"trades":9,"profit_factor":0.55773378}],"week":[{"date":"15/12/2025","date_ts":1765756800000,"profit_abs":0.41832559,"wins":6,"draws":0,"losses":2,"trades":8,"profit_factor":1.62373919},{"date":"22/12/2025","date_ts":1766361600000,"profit_abs":0.97206425,"wins":7,"draws":0,"losses":1,"trades":8,"profit_factor":3.93412232},{"date":"29/12/2025","date_ts":1766966400000,"profit_abs":0.0,"wins":0,"draws":0,"losses":0,"trades":0,"profit_factor":0.0},{"date":"05/01/2026","date_ts":1767571200000,"profit_abs":0.61065853,"wins":2,"draws":0,"losses":0,"trades":2,"profit_factor":0.0},{"date":"12/01/2026","date_ts":1768176000000,"profit_abs":0.513888,"wins":1,"draws":0,"losses":0,"trades":1,"profit_factor":0.0},{"date":"19/01/2026","date_ts":1768780800000,"profit_abs":1.50218824,"wins":5,"draws":0,"losses":0,"trades":5,"profit_factor":0.0},{"date":"26/01/2026","date_ts":1769385600000,"profit_abs":0.4271284,"wins":2,"draws":0,"losses":0,"trades":2,"profit_factor":0.0},{"date":"02/02/2026","date_ts":1769990400000,"profit_abs":-2.80212395,"wins":3,"draws":0,"losses":10,"trades":13,"profit_factor":0.20441311},{"date":"09/02/2026","date_ts":1770595200000,"profit_abs":-1.58745221,"wins":9,"draws":0,"losses":14,"trades":23,"profit_factor":0.66732215}],"month":[{"date":"31/12/2025","date_ts":1767139200000,"profit_abs":1.79791717,"wins":14,"draws":0,"losses":3,"trades":17,"profit_factor":2.79438166},{"date":"31/01/2026","date_ts":1769817600000,"profit_abs":-0.19017977,"wins":9,"draws":0,"losses":8,"trades":17,"profit_factor":0.93295303},{"date":"28/02/2026","date_ts":1772236800000,"profit_abs":-1.55306055,"wins":12,"draws":0,"losses":16,"trades":28,"profit_factor":0.71541639}],"year":[{"date":"31/12/2025","date_ts":1767139200000,"profit_abs":1.79791717,"wins":14,"draws":0,"losses":3,"trades":17,"profit_factor":2.79438166},{"date":"31/12/2026","date_ts":1798675200000,"profit_abs":-1.74324032,"wins":21,"draws":0,"losses":24,"trades":45,"profit_factor":0.78981465}],"weekday":[{"date":"Monday","date_ts":0,"profit_abs":0.69098181,"wins":5,"draws":0,"losses":2,"trades":7,"profit_factor":2.01480601},{"date":"Tuesday","date_ts":1,"profit_abs":2.44575632,"wins":8,"draws":0,"losses":1,"trades":9,"profit_factor":8.38238055},{"date":"Wednesday","date_ts":2,"profit_abs":0.40752733,"wins":1,"draws":0,"losses":0,"trades":1,"profit_factor":0.0},{"date":"Thursday","date_ts":3,"profit_abs":-1.40147409,"wins":8,"draws":0,"losses":10,"trades":18,"profit_factor":0.59483391},{"date":"Friday","date_ts":4,"profit_abs":-1.20362258,"wins":7,"draws":0,"losses":8,"trades":15,"profit_factor":0.55809253},{"date":"Saturday","date_ts":5,"profit_abs":-1.36001077,"wins":2,"draws":0,"losses":5,"trades":7,"profit_factor":0.22626644},{"date":"Sunday","date_ts":6,"profit_abs":0.47551883,"wins":4,"draws":0,"losses":1,"trades":5,"profit_factor":2.38569276}]},"backtest_best_day":0.17401543595988378,"backtest_worst_day":-0.25116197492201436,"backtest_best_day_abs":1.76240059,"backtest_worst_day_abs":-2.62236578,"winning_days":14,"draw_days":38,"losing_days":6,"daily_profit":[["2025-12-11",0.26038465],["2025-12-12",0.0],["2025-12-13",0.39771416],["2025-12-14",0.09872192],["2025-12-15",-0.33849514],["2025-12-16",0.16946773],["2025-12-17",0.0],["2025-12-18",0.1999414],["2025-12-19",0.60265512],["2025-12-20",0.0],["2025-12-21",0.0],["2025-12-22",0.0],["2025-12-23",0.0],["2025-12-24",0.0],["2025-12-25",0.0],["2025-12-26",0.0],["2025-12-27",0.0],["2025-12-28",0.0],["2025-12-29",0.0],["2025-12-30",0.0],["2025-12-31",0.40752733],["2026-01-01",0.2031312],["2026-01-02",0.0],["2026-01-03",0.0],["2026-01-04",0.0],["2026-01-05",0.0],["2026-01-06",0.513888],["2026-01-07",0.0],["2026-01-08",0.0],["2026-01-09",0.0],["2026-01-10",0.0],["2026-01-11",0.0],["2026-01-12",0.0],["2026-01-13",0.0],["2026-01-14",0.0],["2026-01-15",0.55743444],["2026-01-16",0.0],["2026-01-17",0.0],["2026-01-18",0.0],["2026-01-19",0.9447538],["2026-01-20",0.0],["2026-01-21",0.0],["2026-01-22",0.0],["2026-01-23",0.0],["2026-01-24",0.0],["2026-01-25",0.0],["2026-01-26",0.4271284],["2026-01-27",0.0],["2026-01-28",0.0],["2026-01-29",0.0],["2026-01-30",-1.07879068],["2026-01-31",-1.75772493],["2026-02-01",0.37679691],["2026-02-02",-0.34240525],["2026-02-03",1.76240059],["2026-02-04",0.0],["2026-02-05",-2.62236578],["2026-02-06",-0.72748702]],"wins":35,"losses":27,"draws":0,"winrate":0.5645161290322581,"holding_avg":"7:12:00","holding_avg_s":25920.0,"winner_holding_min":"0d 01:00","winner_holding_min_s":3600.0,"winner_holding_max":"1d 08:15","winner_holding_max_s":116100.0,"winner_holding_avg":"0d 08:48","winner_holding_avg_s":31680.0,"loser_holding_min":"0d 00:00","loser_holding_min_s":0.0,"loser_holding_max":"1d 06:15","loser_holding_max_s":108900.0,"loser_holding_avg":"0d 05:07","loser_holding_avg_s":18420.0,"max_consecutive_wins":17,"max_consecutive_losses":8,"max_drawdown_account":0.09747579122860302,"max_relative_drawdown":0.09747579122860302,"max_drawdown_abs":5.30699664,"drawdown_start":"2026-01-26 00:45:00","drawdown_start_ts":1769388300000.0,"drawdown_end":"2026-02-06 03:15:00","drawdown_end_ts":1770347700000.0,"drawdown_duration":"11 days 02:30:00","drawdown_duration_s":959400.0,"max_drawdown_low":-0.8627436300000009,"max_drawdown_high":4.44425301,"csum_min":49.137256369999996,"csum_max":54.44425301}},"strategy_comparison":[{"key":"UniversalMACD","trades":62,"profit_mean":0.00027957356476148793,"profit_mean_pct":0.03,"profit_total_abs":0.05467684999999997,"profit_total":0.0010935369999999995,"profit_total_pct":0.11,"duration_avg":"7:12:00","wins":35,"draws":0,"losses":27,"winrate":0.5645161290322581,"cagr":0.006784315437173838,"expectancy":0.00088188467741937,"expectancy_ratio":0.002561468658188071,"sortino":1.6794646927817791,"sharpe":0.055850789920980734,"calmar":0.3632713380010131,"sqn":0.0217,"profit_factor":1.0058818909928766,"max_drawdown_account":0.09747579122860302,"max_drawdown_abs":"5.307"}]}