{"strategy":{"PatternRecognition":{"trades":[{"pair":"ADA/USDT","stake_amount":9.86986,"max_stake_amount":9.86986,"amount":23.8,"open_date":"2025-12-06 02:20:00+00:00","close_date":"2025-12-09 21:45:00+00:00","open_rate":0.4147,"close_rate":0.4688,"fee_open":0.001,"fee_close":0.001,"trade_duration":5485,"profit_ratio":0.12819709829596496,"profit_abs":1.2665527,"exit_reason":"trailing_stop_loss","initial_stop_loss_abs":0.2953,"initial_stop_loss_ratio":-0.288,"stop_loss_abs":0.4688,"stop_loss_ratio":-0.032,"min_rate":0.4057,"max_rate":0.4842,"is_open":false,"enter_tag":"","leverage":1.0,"is_short":false,"open_timestamp":1764987600000,"close_timestamp":1765316700000,"orders":[{"amount":23.8,"safe_price":0.4147,"ft_order_side":"buy","order_filled_timestamp":1764987600000,"ft_is_entry":true,"ft_order_tag":"","cost":9.87972986},{"amount":23.8,"safe_price":0.4688,"ft_order_side":"sell","order_filled_timestamp":1765316700000,"ft_is_entry":false,"ft_order_tag":"trailing_stop_loss","cost":11.168597439999997}],"funding_fees":0.0,"weekday":1},{"pair":"ETH/USDT","stake_amount":9.691616,"max_stake_amount":9.691616,"amount":0.0032,"open_date":"2025-12-06 01:25:00+00:00","close_date":"2025-12-09 21:50:00+00:00","open_rate":3028.63,"close_rate":3289.1187999999997,"fee_open":0.001,"fee_close":0.001,"trade_duration":5545,"profit_ratio":0.08383894132565975,"profit_abs":0.81334736,"exit_reason":"trailing_stop_loss","initial_stop_loss_abs":2156.38456,"initial_stop_loss_ratio":-0.288,"stop_loss_abs":3289.1187999999997,"stop_loss_ratio":-0.032,"min_rate":2907.52,"max_rate":3397.85,"is_open":false,"enter_tag":"","leverage":1.0,"is_short":false,"open_timestamp":1764984300000,"close_timestamp":1765317000000,"orders":[{"amount":0.0032,"safe_price":3028.63,"ft_order_side":"buy","order_filled_timestamp":1764984300000,"ft_is_entry":true,"ft_order_tag":"","cost":9.701307616000001},{"amount":0.0032,"safe_price":3289.1187999999997,"ft_order_side":"sell","order_filled_timestamp":1765317000000,"ft_is_entry":false,"ft_order_tag":"trailing_stop_loss","cost":10.535705340159998}],"funding_fees":0.0,"weekday":1},{"pair":"ADA/USDT","stake_amount":10.30833,"max_stake_amount":10.30833,"amount":21.9,"open_date":"2025-12-09 22:45:00+00:00","close_date":"2025-12-31 16:40:00+00:00","open_rate":0.4707,"close_rate":0.3352,"fee_open":0.001,"fee_close":0.001,"trade_duration":31315,"profit_ratio":-0.2892919699803065,"profit_abs":-2.98509921,"exit_reason":"stop_loss","initial_stop_loss_abs":0.3352,"initial_stop_loss_ratio":-0.288,"stop_loss_abs":0.3352,"stop_loss_ratio":-0.288,"min_rate":0.3294,"max_rate":0.4761,"is_open":false,"enter_tag":"","leverage":1.0,"is_short":false,"open_timestamp":1765320300000,"close_timestamp":1767199200000,"orders":[{"amount":21.9,"safe_price":0.4707,"ft_order_side":"buy","order_filled_timestamp":1765320300000,"ft_is_entry":true,"ft_order_tag":"","cost":10.318638329999999},{"amount":21.9,"safe_price":0.3352,"ft_order_side":"sell","order_filled_timestamp":1767199200000,"ft_is_entry":false,"ft_order_tag":"stop_loss","cost":7.348220879999999}],"funding_fees":0.0,"weekday":2},{"pair":"ADA/USDT","stake_amount":8.95622,"max_stake_amount":8.95622,"amount":26.6,"open_date":"2026-01-01 05:40:00+00:00","close_date":"2026-01-02 18:50:00+00:00","open_rate":0.3367,"close_rate":0.3811,"fee_open":0.001,"fee_close":0.001,"trade_duration":2230,"profit_ratio":0.12960665707918456,"profit_abs":1.16194652,"exit_reason":"trailing_stop_loss","initial_stop_loss_abs":0.2398,"initial_stop_loss_ratio":-0.288,"stop_loss_abs":0.3811,"stop_loss_ratio":-0.032,"min_rate":0.33590000000000003,"max_rate":0.3936,"is_open":false,"enter_tag":"","leverage":1.0,"is_short":false,"open_timestamp":1767246000000,"close_timestamp":1767379800000,"orders":[{"amount":26.6,"safe_price":0.3367,"ft_order_side":"buy","order_filled_timestamp":1767246000000,"ft_is_entry":true,"ft_order_tag":"","cost":8.965176219999998},{"amount":26.6,"safe_price":0.3811,"ft_order_side":"sell","order_filled_timestamp":1767379800000,"ft_is_entry":false,"ft_order_tag":"trailing_stop_loss","cost":10.14739726}],"funding_fees":0.0,"weekday":4},{"pair":"XRP/USDT","stake_amount":9.74688,"max_stake_amount":9.74688,"amount":4.8,"open_date":"2025-12-06 02:00:00+00:00","close_date":"2026-01-05 18:00:00+00:00","open_rate":2.0306,"close_rate":2.209471671671672,"fee_open":0.001,"fee_close":0.001,"trade_duration":44160,"profit_ratio":0.0859140859140859,"profit_abs":0.83823168,"exit_reason":"roi","initial_stop_loss_abs":1.4458,"initial_stop_loss_ratio":-0.288,"stop_loss_abs":2.1433,"stop_loss_ratio":-0.032,"min_rate":1.7711000000000001,"max_rate":2.2141,"is_open":false,"enter_tag":"","leverage":1.0,"is_short":false,"open_timestamp":1764986400000,"close_timestamp":1767636000000,"orders":[{"amount":4.8,"safe_price":2.0306,"ft_order_side":"buy","order_filled_timestamp":1764986400000,"ft_is_entry":true,"ft_order_tag":"","cost":9.75662688},{"amount":4.8,"safe_price":2.209471671671672,"ft_order_side":"sell","order_filled_timestamp":1767636000000,"ft_is_entry":false,"ft_order_tag":"roi","cost":10.616069488048048}],"funding_fees":0.0,"weekday":0},{"pair":"ADA/USDT","stake_amount":9.9328,"max_stake_amount":9.9328,"amount":25.6,"open_date":"2026-01-02 20:10:00+00:00","close_date":"2026-01-06 07:20:00+00:00","open_rate":0.388,"close_rate":0.4172,"fee_open":0.001,"fee_close":0.001,"trade_duration":4990,"profit_ratio":0.07310936486194218,"profit_abs":0.72690688,"exit_reason":"trailing_stop_loss","initial_stop_loss_abs":0.2763,"initial_stop_loss_ratio":-0.288,"stop_loss_abs":0.4172,"stop_loss_ratio":-0.032,"min_rate":0.3826,"max_rate":0.4309,"is_open":false,"enter_tag":"","leverage":1.0,"is_short":false,"open_timestamp":1767384600000,"close_timestamp":1767684000000,"orders":[{"amount":25.6,"safe_price":0.388,"ft_order_side":"buy","order_filled_timestamp":1767384600000,"ft_is_entry":true,"ft_order_tag":"","cost":9.9427328},{"amount":25.6,"safe_price":0.4172,"ft_order_side":"sell","order_filled_timestamp":1767684000000,"ft_is_entry":false,"ft_order_tag":"trailing_stop_loss","cost":10.69100032}],"funding_fees":0.0,"weekday":1},{"pair":"BTC/USDT","stake_amount":9.8393482,"max_stake_amount":9.8393482,"amount":0.00011,"open_date":"2025-12-06 01:30:00+00:00","close_date":"2026-01-08 12:05:00+00:00","open_rate":89448.62,"close_rate":89948.25,"fee_open":0.001,"fee_close":0.001,"trade_duration":48155,"profit_ratio":0.003576502105134317,"profit_abs":0.03522564,"exit_reason":"roi","initial_stop_loss_abs":63687.41743999999,"initial_stop_loss_ratio":-0.288,"stop_loss_abs":63687.41743999999,"stop_loss_ratio":-0.288,"min_rate":84450.01,"max_rate":94789.08,"is_open":false,"enter_tag":"","leverage":1.0,"is_short":false,"open_timestamp":1764984600000,"close_timestamp":1767873900000,"orders":[{"amount":0.00011,"safe_price":89448.62,"ft_order_side":"buy","order_filled_timestamp":1764984600000,"ft_is_entry":true,"ft_order_tag":"","cost":9.849187548199998},{"amount":0.00011,"safe_price":89948.25,"ft_order_side":"sell","order_filled_timestamp":1767873900000,"ft_is_entry":false,"ft_order_tag":"roi","cost":9.9042018075}],"funding_fees":0.0,"weekday":3},{"pair":"SOL/USDT","stake_amount":9.7674,"max_stake_amount":9.7674,"amount":0.073,"open_date":"2025-12-06 03:50:00+00:00","close_date":"2026-01-08 14:25:00+00:00","open_rate":133.8,"close_rate":134.06786786786785,"fee_open":0.001,"fee_close":0.001,"trade_duration":48155,"profit_ratio":0.0,"profit_abs":0.0,"exit_reason":"roi","initial_stop_loss_abs":95.2656,"initial_stop_loss_ratio":-0.288,"stop_loss_abs":95.2656,"stop_loss_ratio":-0.288,"min_rate":116.88,"max_rate":144.93,"is_open":false,"enter_tag":"","leverage":1.0,"is_short":false,"open_timestamp":1764993000000,"close_timestamp":1767882300000,"orders":[{"amount":0.073,"safe_price":133.8,"ft_order_side":"buy","order_filled_timestamp":1764993000000,"ft_is_entry":true,"ft_order_tag":"","cost":9.7771674},{"amount":0.073,"safe_price":134.06786786786785,"ft_order_side":"sell","order_filled_timestamp":1767882300000,"ft_is_entry":false,"ft_order_tag":"roi","cost":9.796741308708706}],"funding_fees":0.0,"weekday":3},{"pair":"ETH/USDT","stake_amount":10.291101,"max_stake_amount":10.291101,"amount":0.0031,"open_date":"2025-12-09 23:15:00+00:00","close_date":"2026-01-13 22:10:00+00:00","open_rate":3319.71,"close_rate":3326.356066066066,"fee_open":0.001,"fee_close":0.001,"trade_duration":50335,"profit_ratio":0.0,"profit_abs":0.0,"exit_reason":"roi","initial_stop_loss_abs":2363.63352,"initial_stop_loss_ratio":-0.288,"stop_loss_abs":2363.63352,"stop_loss_ratio":-0.288,"min_rate":2775.19,"max_rate":3447.44,"is_open":false,"enter_tag":"","leverage":1.0,"is_short":false,"open_timestamp":1765322100000,"close_timestamp":1768342200000,"orders":[{"amount":0.0031,"safe_price":3319.71,"ft_order_side":"buy","order_filled_timestamp":1765322100000,"ft_is_entry":true,"ft_order_tag":"","cost":10.301392100999998},{"amount":0.0031,"safe_price":3326.356066066066,"ft_order_side":"sell","order_filled_timestamp":1768342200000,"ft_is_entry":false,"ft_order_tag":"roi","cost":10.322015508609608}],"funding_fees":0.0,"weekday":1},{"pair":"SOL/USDT","stake_amount":10.18628,"max_stake_amount":10.18628,"amount":0.076,"open_date":"2026-01-08 15:00:00+00:00","close_date":"2026-01-14 06:05:00+00:00","open_rate":134.03,"close_rate":143.98032,"fee_open":0.001,"fee_close":0.001,"trade_duration":8105,"profit_ratio":0.07209316637881336,"profit_abs":0.73509554,"exit_reason":"trailing_stop_loss","initial_stop_loss_abs":95.42936,"initial_stop_loss_ratio":-0.288,"stop_loss_abs":143.98032,"stop_loss_ratio":-0.032,"min_rate":133.4,"max_rate":148.74,"is_open":false,"enter_tag":"","leverage":1.0,"is_short":false,"open_timestamp":1767884400000,"close_timestamp":1768370700000,"orders":[{"amount":0.076,"safe_price":134.03,"ft_order_side":"buy","order_filled_timestamp":1767884400000,"ft_is_entry":true,"ft_order_tag":"","cost":10.19646628},{"amount":0.076,"safe_price":143.98032,"ft_order_side":"sell","order_filled_timestamp":1768370700000,"ft_is_entry":false,"ft_order_tag":"trailing_stop_loss","cost":10.953446824319998}],"funding_fees":0.0,"weekday":2},{"pair":"BTC/USDT","stake_amount":9.8948322,"max_stake_amount":9.8948322,"amount":0.00011,"open_date":"2026-01-08 12:30:00+00:00","close_date":"2026-01-16 15:25:00+00:00","open_rate":89953.02,"close_rate":94790.90632000001,"fee_open":0.001,"fee_close":0.001,"trade_duration":11695,"profit_ratio":0.05167690723187056,"profit_abs":0.51184566,"exit_reason":"trailing_stop_loss","initial_stop_loss_abs":64046.55024,"initial_stop_loss_ratio":-0.288,"stop_loss_abs":94790.90632000001,"stop_loss_ratio":-0.032,"min_rate":89311.0,"max_rate":97924.49,"is_open":false,"enter_tag":"","leverage":1.0,"is_short":false,"open_timestamp":1767875400000,"close_timestamp":1768577100000,"orders":[{"amount":0.00011,"safe_price":89953.02,"ft_order_side":"buy","order_filled_timestamp":1767875400000,"ft_is_entry":true,"ft_order_tag":"","cost":9.9047270322},{"amount":0.00011,"safe_price":94790.90632000001,"ft_order_side":"sell","order_filled_timestamp":1768577100000,"ft_is_entry":false,"ft_order_tag":"trailing_stop_loss","cost":10.4374266948952}],"funding_fees":0.0,"weekday":4},{"pair":"XRP/USDT","stake_amount":9.9897,"max_stake_amount":9.9897,"amount":4.2,"open_date":"2026-01-06 01:15:00+00:00","close_date":"2026-01-31 08:35:00+00:00","open_rate":2.3785,"close_rate":1.6935,"fee_open":0.001,"fee_close":0.001,"trade_duration":36440,"profit_ratio":-0.2894192206784177,"profit_abs":-2.8941024,"exit_reason":"stop_loss","initial_stop_loss_abs":1.6935,"initial_stop_loss_ratio":-0.288,"stop_loss_abs":1.6935,"stop_loss_ratio":-0.288,"min_rate":1.6880000000000002,"max_rate":2.4172000000000002,"is_open":false,"enter_tag":"","leverage":1.0,"is_short":false,"open_timestamp":1767662100000,"close_timestamp":1769848500000,"orders":[{"amount":4.2,"safe_price":2.3785,"ft_order_side":"buy","order_filled_timestamp":1767662100000,"ft_is_entry":true,"ft_order_tag":"","cost":9.999689699999998},{"amount":4.2,"safe_price":1.6935,"ft_order_side":"sell","order_filled_timestamp":1769848500000,"ft_is_entry":false,"ft_order_tag":"stop_loss","cost":7.1198127}],"funding_fees":0.0,"weekday":5},{"pair":"ADA/USDT","stake_amount":10.25946,"max_stake_amount":10.25946,"amount":24.3,"open_date":"2026-01-06 13:15:00+00:00","close_date":"2026-01-31 14:25:00+00:00","open_rate":0.4222,"close_rate":0.3007,"fee_open":0.001,"fee_close":0.001,"trade_duration":36070,"profit_ratio":-0.2892013244926556,"profit_abs":-2.97001647,"exit_reason":"stop_loss","initial_stop_loss_abs":0.3007,"initial_stop_loss_ratio":-0.288,"stop_loss_abs":0.3007,"stop_loss_ratio":-0.288,"min_rate":0.295,"max_rate":0.4374,"is_open":false,"enter_tag":"","leverage":1.0,"is_short":false,"open_timestamp":1767705300000,"close_timestamp":1769869500000,"orders":[{"amount":24.3,"safe_price":0.4222,"ft_order_side":"buy","order_filled_timestamp":1767705300000,"ft_is_entry":true,"ft_order_tag":"","cost":10.26971946},{"amount":24.3,"safe_price":0.3007,"ft_order_side":"sell","order_filled_timestamp":1769869500000,"ft_is_entry":false,"ft_order_tag":"stop_loss","cost":7.31431701}],"funding_fees":0.0,"weekday":5},{"pair":"ETH/USDT","stake_amount":10.00125,"max_stake_amount":10.00125,"amount":0.003,"open_date":"2026-01-13 22:50:00+00:00","close_date":"2026-01-31 17:10:00+00:00","open_rate":3333.75,"close_rate":2373.63,"fee_open":0.001,"fee_close":0.001,"trade_duration":25580,"profit_ratio":-0.28942257742257743,"profit_abs":-2.89748214,"exit_reason":"stop_loss","initial_stop_loss_abs":2373.63,"initial_stop_loss_ratio":-0.288,"stop_loss_abs":2373.63,"stop_loss_ratio":-0.288,"min_rate":2370.0,"max_rate":3402.89,"is_open":false,"enter_tag":"","leverage":1.0,"is_short":false,"open_timestamp":1768344600000,"close_timestamp":1769879400000,"orders":[{"amount":0.003,"safe_price":3333.75,"ft_order_side":"buy","order_filled_timestamp":1768344600000,"ft_is_entry":true,"ft_order_tag":"","cost":10.011251249999999},{"amount":0.003,"safe_price":2373.63,"ft_order_side":"sell","order_filled_timestamp":1769879400000,"ft_is_entry":false,"ft_order_tag":"stop_loss","cost":7.12801089}],"funding_fees":0.0,"weekday":5},{"pair":"SOL/USDT","stake_amount":10.29287,"max_stake_amount":10.29287,"amount":0.071,"open_date":"2026-01-14 10:45:00+00:00","close_date":"2026-01-31 17:10:00+00:00","open_rate":144.97,"close_rate":103.21864,"fee_open":0.001,"fee_close":0.001,"trade_duration":24865,"profit_ratio":-0.2894225770886994,"profit_abs":-2.98196795,"exit_reason":"stop_loss","initial_stop_loss_abs":103.21864,"initial_stop_loss_ratio":-0.288,"stop_loss_abs":103.21864,"stop_loss_ratio":-0.288,"min_rate":100.26,"max_rate":148.44,"is_open":false,"enter_tag":"","leverage":1.0,"is_short":false,"open_timestamp":1768387500000,"close_timestamp":1769879400000,"orders":[{"amount":0.071,"safe_price":144.97,"ft_order_side":"buy","order_filled_timestamp":1768387500000,"ft_is_entry":true,"ft_order_tag":"","cost":10.303162869999998},{"amount":0.071,"safe_price":103.21864,"ft_order_side":"sell","order_filled_timestamp":1769879400000,"ft_is_entry":false,"ft_order_tag":"stop_loss","cost":7.335851963439998}],"funding_fees":0.0,"weekday":5},{"pair":"BTC/USDT","stake_amount":10.4420107,"max_stake_amount":10.4420107,"amount":0.00011,"open_date":"2026-01-16 19:25:00+00:00","close_date":"2026-02-02 09:00:00+00:00","open_rate":94927.37,"close_rate":76881.28,"fee_open":0.001,"fee_close":0.001,"trade_duration":23855,"profit_ratio":-0.19172235507447655,"profit_abs":-2.00396885,"exit_reason":"force_exit","initial_stop_loss_abs":67588.28744,"initial_stop_loss_ratio":-0.288,"stop_loss_abs":67588.28744,"stop_loss_ratio":-0.288,"min_rate":74604.0,"max_rate":95639.45,"is_open":false,"enter_tag":"","leverage":1.0,"is_short":false,"open_timestamp":1768591500000,"close_timestamp":1770022800000,"orders":[{"amount":0.00011,"safe_price":94927.37,"ft_order_side":"buy","order_filled_timestamp":1768591500000,"ft_is_entry":true,"ft_order_tag":"","cost":10.452452710699998},{"amount":0.00011,"safe_price":76881.28,"ft_order_side":"sell","order_filled_timestamp":1770022800000,"ft_is_entry":false,"ft_order_tag":"force_exit","cost":8.465397740799999}],"funding_fees":0.0,"weekday":0},{"pair":"ETH/USDT","stake_amount":7.997412,"max_stake_amount":7.997412,"amount":0.0034,"open_date":"2026-01-31 18:45:00+00:00","close_date":"2026-02-02 09:05:00+00:00","open_rate":2352.18,"close_rate":2247.44,"fee_open":0.001,"fee_close":0.001,"trade_duration":2300,"profit_ratio":-0.04643793850727293,"profit_abs":-0.37175471,"exit_reason":"force_exit","initial_stop_loss_abs":1674.7521599999998,"initial_stop_loss_ratio":-0.288,"stop_loss_abs":1674.7521599999998,"stop_loss_ratio":-0.288,"min_rate":2157.14,"max_rate":2475.98,"is_open":false,"enter_tag":"","leverage":1.0,"is_short":false,"open_timestamp":1769885100000,"close_timestamp":1770023100000,"orders":[{"amount":0.0034,"safe_price":2352.18,"ft_order_side":"buy","order_filled_timestamp":1769885100000,"ft_is_entry":true,"ft_order_tag":"","cost":8.005409411999999},{"amount":0.0034,"safe_price":2247.44,"ft_order_side":"sell","order_filled_timestamp":1770023100000,"ft_is_entry":false,"ft_order_tag":"force_exit","cost":7.648937295999999}],"funding_fees":0.0,"weekday":0},{"pair":"ADA/USDT","stake_amount":7.48121,"max_stake_amount":7.48121,"amount":25.3,"open_date":"2026-01-31 16:45:00+00:00","close_date":"2026-02-02 09:05:00+00:00","open_rate":0.2957,"close_rate":0.289,"fee_open":0.001,"fee_close":0.001,"trade_duration":2420,"profit_ratio":-0.024610830495172733,"profit_abs":-0.18430291,"exit_reason":"force_exit","initial_stop_loss_abs":0.2106,"initial_stop_loss_ratio":-0.288,"stop_loss_abs":0.2106,"stop_loss_ratio":-0.288,"min_rate":0.2685,"max_rate":0.2992,"is_open":false,"enter_tag":"","leverage":1.0,"is_short":false,"open_timestamp":1769877900000,"close_timestamp":1770023100000,"orders":[{"amount":25.3,"safe_price":0.2957,"ft_order_side":"buy","order_filled_timestamp":1769877900000,"ft_is_entry":true,"ft_order_tag":"","cost":7.48869121},{"amount":25.3,"safe_price":0.289,"ft_order_side":"sell","order_filled_timestamp":1770023100000,"ft_is_entry":false,"ft_order_tag":"force_exit","cost":7.319011699999999}],"funding_fees":0.0,"weekday":0},{"pair":"SOL/USDT","stake_amount":6.3891,"max_stake_amount":6.3891,"amount":0.062,"open_date":"2026-01-31 19:15:00+00:00","close_date":"2026-02-02 09:05:00+00:00","open_rate":103.05,"close_rate":101.99,"fee_open":0.001,"fee_close":0.001,"trade_duration":2270,"profit_ratio":-0.012263718813937155,"profit_abs":-0.07843248,"exit_reason":"force_exit","initial_stop_loss_abs":73.3716,"initial_stop_loss_ratio":-0.288,"stop_loss_abs":73.3716,"stop_loss_ratio":-0.288,"min_rate":95.95,"max_rate":106.69,"is_open":false,"enter_tag":"","leverage":1.0,"is_short":false,"open_timestamp":1769886900000,"close_timestamp":1770023100000,"orders":[{"amount":0.062,"safe_price":103.05,"ft_order_side":"buy","order_filled_timestamp":1769886900000,"ft_is_entry":true,"ft_order_tag":"","cost":6.395489099999999},{"amount":0.062,"safe_price":101.99,"ft_order_side":"sell","order_filled_timestamp":1770023100000,"ft_is_entry":false,"ft_order_tag":"force_exit","cost":6.329703379999999}],"funding_fees":0.0,"weekday":0},{"pair":"XRP/USDT","stake_amount":8.54811,"max_stake_amount":8.54811,"amount":5.1,"open_date":"2026-01-31 13:50:00+00:00","close_date":"2026-02-02 07:00:00+00:00","open_rate":1.6761,"close_rate":1.5806,"fee_open":0.001,"fee_close":0.001,"trade_duration":2470,"profit_ratio":-0.05886166813319131,"profit_abs":-0.50365917,"exit_reason":"force_exit","initial_stop_loss_abs":1.1934,"initial_stop_loss_ratio":-0.288,"stop_loss_abs":1.1934,"stop_loss_ratio":-0.288,"min_rate":1.5028000000000001,"max_rate":1.681,"is_open":false,"enter_tag":"","leverage":1.0,"is_short":false,"open_timestamp":1769867400000,"close_timestamp":1770015600000,"orders":[{"amount":5.1,"safe_price":1.6761,"ft_order_side":"buy","order_filled_timestamp":1769867400000,"ft_is_entry":true,"ft_order_tag":"","cost":8.556658109999999},{"amount":5.1,"safe_price":1.5806,"ft_order_side":"sell","order_filled_timestamp":1770015600000,"ft_is_entry":false,"ft_order_tag":"force_exit","cost":8.069121059999999}],"funding_fees":0.0,"weekday":0}],"locks":[],"best_pair":{"key":"BTC/USDT","trades":3,"profit_mean":-0.04548964857915722,"profit_mean_pct":-4.55,"profit_total_abs":-1.45689755,"profit_total":-0.029137951000000002,"profit_total_pct":-2.91,"duration_avg":"19 days, 9:02:00","wins":2,"draws":0,"losses":1,"winrate":0.6666666666666666,"cagr":-0.16980335240126454,"expectancy":-0.4856325166666667,"expectancy_ratio":-0.24233536198263095,"sortino":-100,"sharpe":-0.4398216482203781,"calmar":-24.20931372354271,"sqn":-0.6294,"profit_factor":0.27299391405210716,"max_drawdown_account":0.03964559762733474,"max_drawdown_abs":2.00396885},"worst_pair":{"key":"ADA/USDT","trades":6,"profit_mean":-0.045365167455173855,"profit_mean_pct":-4.54,"profit_total_abs":-2.98401249,"profit_total":-0.0596802498,"profit_total_pct":-5.97,"duration_avg":"9 days, 13:12:00","wins":3,"draws":0,"losses":3,"winrate":0.5,"cagr":-0.32107731220725877,"expectancy":-0.497335415,"expectancy_ratio":-0.24302077193925298,"sortino":-0.7464659630224206,"sharpe":-0.541567906134531,"calmar":-23.7102702984871,"sqn":-0.6127,"profit_factor":0.513958456121494,"max_drawdown_account":0.08291107878607169,"max_drawdown_abs":4.25056519},"results_per_pair":[{"key":"BTC/USDT","trades":3,"profit_mean":-0.04548964857915722,"profit_mean_pct":-4.55,"profit_total_abs":-1.45689755,"profit_total":-0.029137951000000002,"profit_total_pct":-2.91,"duration_avg":"19 days, 9:02:00","wins":2,"draws":0,"losses":1,"winrate":0.6666666666666666,"cagr":-0.16980335240126454,"expectancy":-0.4856325166666667,"expectancy_ratio":-0.24233536198263095,"sortino":-100,"sharpe":-0.4398216482203781,"calmar":-24.20931372354271,"sqn":-0.6294,"profit_factor":0.27299391405210716,"max_drawdown_account":0.03964559762733474,"max_drawdown_abs":2.00396885},{"key":"SOL/USDT","trades":4,"profit_mean":-0.0573982823809558,"profit_mean_pct":-5.74,"profit_total_abs":-2.32530489,"profit_total":-0.0465060978,"profit_total_pct":-4.65,"duration_avg":"14 days, 11:29:00","wins":1,"draws":1,"losses":2,"winrate":0.25,"cagr":-0.25895337968747434,"expectancy":-0.5813262225,"expectancy_ratio":-0.6299020656260985,"sortino":-0.5275956466971863,"sharpe":-0.5386883599985287,"calmar":-25.395605232143296,"sqn":-0.7081,"profit_factor":0.24019586874780305,"max_drawdown_account":0.06032117210831217,"max_drawdown_abs":3.06040043},{"key":"ETH/USDT","trades":4,"profit_mean":-0.06300539365104765,"profit_mean_pct":-6.3,"profit_total_abs":-2.45588949,"profit_total":-0.049117789800000006,"profit_total_pct":-4.91,"duration_avg":"14 days, 13:00:00","wins":1,"draws":1,"losses":2,"winrate":0.25,"cagr":-0.2716347775957848,"expectancy":-0.6139723725,"expectancy_ratio":-0.6256059292553245,"sortino":-0.6405761634803984,"sharpe":-0.5835399903704988,"calmar":-25.14714434232951,"sqn":-0.7671,"profit_factor":0.24878814148935094,"max_drawdown_account":0.06433815168361698,"max_drawdown_abs":3.26923685},{"key":"XRP/USDT","trades":3,"profit_mean":-0.08745560096584104,"profit_mean_pct":-8.75,"profit_total_abs":-2.55952989,"profit_total":-0.051190597799999994,"profit_total_pct":-5.12,"duration_avg":"19 days, 5:30:00","wins":1,"draws":0,"losses":2,"winrate":0.3333333333333333,"cagr":-0.28156917439043616,"expectancy":-0.85317663,"expectancy_ratio":-0.5021992346567155,"sortino":-0.7053914733612912,"sharpe":-0.5461787156143281,"calmar":-25.22935663498003,"sqn":-0.7816,"profit_factor":0.2467011480149268,"max_drawdown_account":0.06683477095322919,"max_drawdown_abs":3.39776157},{"key":"ADA/USDT","trades":6,"profit_mean":-0.045365167455173855,"profit_mean_pct":-4.54,"profit_total_abs":-2.98401249,"profit_total":-0.0596802498,"profit_total_pct":-5.97,"duration_avg":"9 days, 13:12:00","wins":3,"draws":0,"losses":3,"winrate":0.5,"cagr":-0.32107731220725877,"expectancy":-0.497335415,"expectancy_ratio":-0.24302077193925298,"sortino":-0.7464659630224206,"sharpe":-0.541567906134531,"calmar":-23.7102702984871,"sqn":-0.6127,"profit_factor":0.513958456121494,"max_drawdown_account":0.08291107878607169,"max_drawdown_abs":4.25056519},{"key":"TOTAL","trades":20,"profit_mean":-0.05763207287470258,"profit_mean_pct":-5.76,"profit_total_abs":-11.781634310000001,"profit_total":-0.23563268620000002,"profit_total_pct":-23.56,"duration_avg":"14 days, 11:02:00","wins":8,"draws":2,"losses":10,"winrate":0.4,"cagr":-0.81566487872278,"expectancy":-0.5890817155000001,"expectancy_ratio":-0.42963390974555715,"sortino":-3.077058784967303,"sharpe":-2.5436916035807378,"calmar":-27.689349577293882,"sqn":-1.683,"profit_factor":0.3407321805088857,"max_drawdown_account":0.2803116956905661,"max_drawdown_abs":14.88568708}],"results_per_enter_tag":[{"key":"","trades":20,"profit_mean":-0.05763207287470258,"profit_mean_pct":-5.76,"profit_total_abs":-11.781634310000001,"profit_total":-0.23563268620000002,"profit_total_pct":-23.56,"duration_avg":"14 days, 11:02:00","wins":8,"draws":2,"losses":10,"winrate":0.4,"cagr":-0.81566487872278,"expectancy":-0.5890817155000001,"expectancy_ratio":-0.42963390974555715,"sortino":-3.077058784967303,"sharpe":-2.5436916035807378,"calmar":-27.689349577293882,"sqn":-1.683,"profit_factor":0.3407321805088857,"max_drawdown_account":0.2803116956905661,"max_drawdown_abs":14.88568708},{"key":"TOTAL","trades":20,"profit_mean":-0.05763207287470258,"profit_mean_pct":-5.76,"profit_total_abs":-11.781634310000001,"profit_total":-0.23563268620000002,"profit_total_pct":-23.56,"duration_avg":"14 days, 11:02:00","wins":8,"draws":2,"losses":10,"winrate":0.4,"cagr":-0.81566487872278,"expectancy":-0.5890817155000001,"expectancy_ratio":-0.42963390974555715,"sortino":-3.077058784967303,"sharpe":-2.5436916035807378,"calmar":-27.689349577293882,"sqn":-1.683,"profit_factor":0.3407321805088857,"max_drawdown_account":0.2803116956905661,"max_drawdown_abs":14.88568708}],"exit_reason_summary":[{"key":"trailing_stop_loss","trades":6,"profit_mean":0.08975368919557257,"profit_mean_pct":8.98,"profit_total_abs":5.21569466,"profit_total":0.1043138932,"profit_total_pct":10.43,"duration_avg":"4 days, 9:42:00","wins":6,"draws":0,"losses":0,"winrate":1.0,"cagr":0.8671782802334009,"expectancy":0.8692824433333333,"expectancy_ratio":100.0,"sortino":-100,"sharpe":6.551174611181032,"calmar":-100,"sqn":7.412,"profit_factor":0.0,"max_drawdown_account":0.0,"max_drawdown_abs":0.0},{"key":"roi","trades":4,"profit_mean":0.022372647004805055,"profit_mean_pct":2.24,"profit_total_abs":0.87345732,"profit_total":0.0174691464,"profit_total_pct":1.75,"duration_avg":"33 days, 3:01:00","wins":2,"draws":2,"losses":0,"winrate":0.5,"cagr":0.11514667950107715,"expectancy":0.21836433,"expectancy_ratio":100.0,"sortino":-100,"sharpe":0.8032886850901327,"calmar":-100,"sqn":1.056,"profit_factor":0.0,"max_drawdown_account":0.0,"max_drawdown_abs":0.0},{"key":"force_exit","trades":5,"profit_mean":-0.06677930220481014,"profit_mean_pct":-6.68,"profit_total_abs":-3.14211812,"profit_total":-0.0628423624,"profit_total_pct":-6.28,"duration_avg":"4 days, 15:03:00","wins":0,"draws":0,"losses":5,"winrate":0.0,"cagr":-0.335317746264724,"expectancy":-0.6284236240000001,"expectancy_ratio":-1.0,"sortino":-1.4715914814134579,"sharpe":-1.4715914814134579,"calmar":-32.93960892162553,"sqn":-1.787,"profit_factor":0.0,"max_drawdown_account":0.06284236239999999,"max_drawdown_abs":3.14211812},{"key":"stop_loss","trades":5,"profit_mean":-0.2893515339325313,"profit_mean_pct":-28.94,"profit_total_abs":-14.72866817,"profit_total":-0.2945733634,"profit_total_pct":-29.46,"duration_avg":"21 days, 10:14:00","wins":0,"draws":0,"losses":5,"winrate":0.0,"cagr":-0.8887520946846147,"expectancy":-2.945733634,"expectancy_ratio":-1.0,"sortino":-118.04176354170356,"sharpe":-118.04176354170356,"calmar":-32.93960892162552,"sqn":-143.3432,"profit_factor":0.0,"max_drawdown_account":0.29457336339999995,"max_drawdown_abs":14.72866817},{"key":"TOTAL","trades":20,"profit_mean":-0.05763207287470258,"profit_mean_pct":-5.76,"profit_total_abs":-11.781634310000001,"profit_total":-0.23563268620000002,"profit_total_pct":-23.56,"duration_avg":"14 days, 11:02:00","wins":8,"draws":2,"losses":10,"winrate":0.4,"cagr":-0.81566487872278,"expectancy":-0.5890817155000001,"expectancy_ratio":-0.42963390974555715,"sortino":-3.077058784967303,"sharpe":-2.5436916035807378,"calmar":-27.689349577293882,"sqn":-1.683,"profit_factor":0.3407321805088857,"max_drawdown_account":0.2803116956905661,"max_drawdown_abs":14.88568708}],"mix_tag_stats":[{"key":["","trailing_stop_loss"],"trades":6,"profit_mean":0.08975368919557257,"profit_mean_pct":8.98,"profit_total_abs":5.21569466,"profit_total":0.1043138932,"profit_total_pct":10.43,"duration_avg":"4 days, 9:42:00","wins":6,"draws":0,"losses":0,"winrate":1.0,"cagr":0.8671782802334009,"expectancy":0.8692824433333333,"expectancy_ratio":100.0,"sortino":-100,"sharpe":6.551174611181032,"calmar":-100,"sqn":7.412,"profit_factor":0.0,"max_drawdown_account":0.0,"max_drawdown_abs":0.0},{"key":["","roi"],"trades":4,"profit_mean":0.022372647004805055,"profit_mean_pct":2.24,"profit_total_abs":0.87345732,"profit_total":0.0174691464,"profit_total_pct":1.75,"duration_avg":"33 days, 3:01:00","wins":2,"draws":2,"losses":0,"winrate":0.5,"cagr":0.11514667950107715,"expectancy":0.21836433,"expectancy_ratio":100.0,"sortino":-100,"sharpe":0.8032886850901327,"calmar":-100,"sqn":1.056,"profit_factor":0.0,"max_drawdown_account":0.0,"max_drawdown_abs":0.0},{"key":["","force_exit"],"trades":5,"profit_mean":-0.06677930220481014,"profit_mean_pct":-6.68,"profit_total_abs":-3.14211812,"profit_total":-0.0628423624,"profit_total_pct":-6.28,"duration_avg":"4 days, 15:03:00","wins":0,"draws":0,"losses":5,"winrate":0.0,"cagr":-0.335317746264724,"expectancy":-0.6284236240000001,"expectancy_ratio":-1.0,"sortino":-1.4715914814134579,"sharpe":-1.4715914814134579,"calmar":-32.93960892162553,"sqn":-1.787,"profit_factor":0.0,"max_drawdown_account":0.06284236239999999,"max_drawdown_abs":3.14211812},{"key":["","stop_loss"],"trades":5,"profit_mean":-0.2893515339325313,"profit_mean_pct":-28.94,"profit_total_abs":-14.72866817,"profit_total":-0.2945733634,"profit_total_pct":-29.46,"duration_avg":"21 days, 10:14:00","wins":0,"draws":0,"losses":5,"winrate":0.0,"cagr":-0.8887520946846147,"expectancy":-2.945733634,"expectancy_ratio":-1.0,"sortino":-118.04176354170356,"sharpe":-118.04176354170356,"calmar":-32.93960892162552,"sqn":-143.3432,"profit_factor":0.0,"max_drawdown_account":0.29457336339999995,"max_drawdown_abs":14.72866817},{"key":"TOTAL","trades":20,"profit_mean":-0.05763207287470258,"profit_mean_pct":-5.76,"profit_total_abs":-11.781634310000001,"profit_total":-0.23563268620000002,"profit_total_pct":-23.56,"duration_avg":"14 days, 11:02:00","wins":8,"draws":2,"losses":10,"winrate":0.4,"cagr":-0.81566487872278,"expectancy":-0.5890817155000001,"expectancy_ratio":-0.42963390974555715,"sortino":-3.077058784967303,"sharpe":-2.5436916035807378,"calmar":-27.689349577293882,"sqn":-1.683,"profit_factor":0.3407321805088857,"max_drawdown_account":0.2803116956905661,"max_drawdown_abs":14.88568708}],"left_open_trades":[{"key":"SOL/USDT","trades":1,"profit_mean":-0.012263718813937155,"profit_mean_pct":-1.23,"profit_total_abs":-0.07843248,"profit_total":-0.0015686496,"profit_total_pct":-0.16,"duration_avg":"1 day, 13:50:00","wins":0,"draws":0,"losses":1,"winrate":0.0,"cagr":-0.009830783708146495,"expectancy":-0.07843248,"expectancy_ratio":-1.0,"sortino":-100,"sharpe":-100,"calmar":-32.939608921627,"sqn":-100.0,"profit_factor":0.0,"max_drawdown_account":0.0015686495999999294,"max_drawdown_abs":0.07843248},{"key":"ADA/USDT","trades":1,"profit_mean":-0.024610830495172733,"profit_mean_pct":-2.46,"profit_total_abs":-0.18430291,"profit_total":-0.0036860582,"profit_total_pct":-0.37,"duration_avg":"1 day, 16:20:00","wins":0,"draws":0,"losses":1,"winrate":0.0,"cagr":-0.0229716433908721,"expectancy":-0.18430291,"expectancy_ratio":-1.0,"sortino":-100,"sharpe":-100,"calmar":-32.93960892162559,"sqn":-100.0,"profit_factor":0.0,"max_drawdown_account":0.003686058199999991,"max_drawdown_abs":0.18430291},{"key":"ETH/USDT","trades":1,"profit_mean":-0.04643793850727293,"profit_mean_pct":-4.64,"profit_total_abs":-0.37175471,"profit_total":-0.0074350942,"profit_total_pct":-0.74,"duration_avg":"1 day, 14:20:00","wins":0,"draws":0,"losses":1,"winrate":0.0,"cagr":-0.045878853187698354,"expectancy":-0.37175471,"expectancy_ratio":-1.0,"sortino":-100,"sharpe":-100,"calmar":-32.93960892162573,"sqn":-100.0,"profit_factor":0.0,"max_drawdown_account":0.007435094199999952,"max_drawdown_abs":0.37175471},{"key":"XRP/USDT","trades":1,"profit_mean":-0.05886166813319131,"profit_mean_pct":-5.89,"profit_total_abs":-0.50365917,"profit_total":-0.010073183400000001,"profit_total_pct":-1.01,"duration_avg":"1 day, 17:10:00","wins":0,"draws":0,"losses":1,"winrate":0.0,"cagr":-0.06172577611635355,"expectancy":-0.50365917,"expectancy_ratio":-1.0,"sortino":-100,"sharpe":-100,"calmar":-32.9396089216256,"sqn":-100.0,"profit_factor":0.0,"max_drawdown_account":0.010073183399999977,"max_drawdown_abs":0.50365917},{"key":"BTC/USDT","trades":1,"profit_mean":-0.19172235507447655,"profit_mean_pct":-19.17,"profit_total_abs":-2.00396885,"profit_total":-0.040079377,"profit_total_pct":-4.01,"duration_avg":"16 days, 13:35:00","wins":0,"draws":0,"losses":1,"winrate":0.0,"cagr":-0.22695452069509092,"expectancy":-2.00396885,"expectancy_ratio":-1.0,"sortino":-100,"sharpe":-100,"calmar":-32.93960892162552,"sqn":-100.0,"profit_factor":0.0,"max_drawdown_account":0.04007937699999999,"max_drawdown_abs":2.00396885},{"key":"TOTAL","trades":5,"profit_mean":-0.06677930220481014,"profit_mean_pct":-6.68,"profit_total_abs":-3.14211812,"profit_total":-0.0628423624,"profit_total_pct":-6.28,"duration_avg":"4 days, 15:03:00","wins":0,"draws":0,"losses":5,"winrate":0.0,"cagr":-0.335317746264724,"expectancy":-0.6284236240000001,"expectancy_ratio":-1.0,"sortino":-1.4715914814134579,"sharpe":-1.4715914814134579,"calmar":-32.93960892162553,"sqn":-1.787,"profit_factor":0.0,"max_drawdown_account":0.06284236239999999,"max_drawdown_abs":3.14211812}],"total_trades":20,"trade_count_long":20,"trade_count_short":0,"total_volume":368.7266625025815,"avg_stake_amount":9.494289505000001,"profit_mean":-0.05763207287470258,"profit_median":-0.006131859406968578,"profit_total":-0.23563268620000002,"profit_total_long":-0.23563268620000002,"profit_total_short":0.0,"profit_total_abs":-11.781634310000001,"profit_total_long_abs":-11.781634310000001,"profit_total_short_abs":0.0,"cagr":-0.81566487872278,"expectancy":-0.5890817155000001,"expectancy_ratio":-0.42963390974555715,"sortino":-3.077058784967303,"sharpe":-2.5436916035807378,"calmar":-27.689349577293882,"sqn":-1.683,"profit_factor":0.3407321805088857,"backtest_start":"2025-12-06 00:00:00","backtest_start_ts":1764979200000,"backtest_end":"2026-02-02 09:05:00","backtest_end_ts":1770023100000,"backtest_days":58,"backtest_run_start_ts":1770209087,"backtest_run_end_ts":1770209094,"trades_per_day":0.34,"market_change":-0.23002828853766627,"pairlist":["BTC/USDT","ETH/USDT","ADA/USDT","SOL/USDT","XRP/USDT"],"stake_amount":"unlimited","stake_currency":"USDT","stake_currency_decimals":3,"starting_balance":50,"dry_run_wallet":50,"final_balance":38.21836569,"rejected_signals":0,"timedout_entry_orders":0,"timedout_exit_orders":0,"canceled_trade_entries":0,"canceled_entry_orders":0,"replaced_entry_orders":0,"max_open_trades":5,"max_open_trades_setting":5,"timeframe":"5m","timeframe_detail":"","timerange":"20251206-20260204","enable_protections":false,"strategy_name":"PatternRecognition","freqaimodel":"XGBoostRegressor","freqai_identifier":"qs_v9_scalp_5m1h_l2","stoploss":-0.288,"trailing_stop":true,"trailing_stop_positive":0.032,"trailing_stop_positive_offset":0.084,"trailing_only_offset_is_reached":true,"use_custom_stoploss":false,"minimal_roi":{"0":0.936,"5271":0.332,"18147":0.086,"48152":0},"use_exit_signal":true,"exit_profit_only":false,"exit_profit_offset":0.0,"ignore_roi_if_entry_signal":false,"trading_mode":"spot","margin_mode":"","periodic_breakdown":{"day":[{"date":"09/12/2025","date_ts":1765238400000,"profit_abs":2.07990006,"wins":2,"draws":0,"losses":0,"trades":2,"profit_factor":0.0},{"date":"10/12/2025","date_ts":1765324800000,"profit_abs":0.0,"wins":0,"draws":0,"losses":0,"trades":0,"profit_factor":0.0},{"date":"11/12/2025","date_ts":1765411200000,"profit_abs":0.0,"wins":0,"draws":0,"losses":0,"trades":0,"profit_factor":0.0},{"date":"12/12/2025","date_ts":1765497600000,"profit_abs":0.0,"wins":0,"draws":0,"losses":0,"trades":0,"profit_factor":0.0},{"date":"13/12/2025","date_ts":1765584000000,"profit_abs":0.0,"wins":0,"draws":0,"losses":0,"trades":0,"profit_factor":0.0},{"date":"14/12/2025","date_ts":1765670400000,"profit_abs":0.0,"wins":0,"draws":0,"losses":0,"trades":0,"profit_factor":0.0},{"date":"15/12/2025","date_ts":1765756800000,"profit_abs":0.0,"wins":0,"draws":0,"losses":0,"trades":0,"profit_factor":0.0},{"date":"16/12/2025","date_ts":1765843200000,"profit_abs":0.0,"wins":0,"draws":0,"losses":0,"trades":0,"profit_factor":0.0},{"date":"17/12/2025","date_ts":1765929600000,"profit_abs":0.0,"wins":0,"draws":0,"losses":0,"trades":0,"profit_factor":0.0},{"date":"18/12/2025","date_ts":1766016000000,"profit_abs":0.0,"wins":0,"draws":0,"losses":0,"trades":0,"profit_factor":0.0},{"date":"19/12/2025","date_ts":1766102400000,"profit_abs":0.0,"wins":0,"draws":0,"losses":0,"trades":0,"profit_factor":0.0},{"date":"20/12/2025","date_ts":1766188800000,"profit_abs":0.0,"wins":0,"draws":0,"losses":0,"trades":0,"profit_factor":0.0},{"date":"21/12/2025","date_ts":1766275200000,"profit_abs":0.0,"wins":0,"draws":0,"losses":0,"trades":0,"profit_factor":0.0},{"date":"22/12/2025","date_ts":1766361600000,"profit_abs":0.0,"wins":0,"draws":0,"losses":0,"trades":0,"profit_factor":0.0},{"date":"23/12/2025","date_ts":1766448000000,"profit_abs":0.0,"wins":0,"draws":0,"losses":0,"trades":0,"profit_factor":0.0},{"date":"24/12/2025","date_ts":1766534400000,"profit_abs":0.0,"wins":0,"draws":0,"losses":0,"trades":0,"profit_factor":0.0},{"date":"25/12/2025","date_ts":1766620800000,"profit_abs":0.0,"wins":0,"draws":0,"losses":0,"trades":0,"profit_factor":0.0},{"date":"26/12/2025","date_ts":1766707200000,"profit_abs":0.0,"wins":0,"draws":0,"losses":0,"trades":0,"profit_factor":0.0},{"date":"27/12/2025","date_ts":1766793600000,"profit_abs":0.0,"wins":0,"draws":0,"losses":0,"trades":0,"profit_factor":0.0},{"date":"28/12/2025","date_ts":1766880000000,"profit_abs":0.0,"wins":0,"draws":0,"losses":0,"trades":0,"profit_factor":0.0},{"date":"29/12/2025","date_ts":1766966400000,"profit_abs":0.0,"wins":0,"draws":0,"losses":0,"trades":0,"profit_factor":0.0},{"date":"30/12/2025","date_ts":1767052800000,"profit_abs":0.0,"wins":0,"draws":0,"losses":0,"trades":0,"profit_factor":0.0},{"date":"31/12/2025","date_ts":1767139200000,"profit_abs":-2.98509921,"wins":0,"draws":0,"losses":1,"trades":1,"profit_factor":0.0},{"date":"01/01/2026","date_ts":1767225600000,"profit_abs":0.0,"wins":0,"draws":0,"losses":0,"trades":0,"profit_factor":0.0},{"date":"02/01/2026","date_ts":1767312000000,"profit_abs":1.16194652,"wins":1,"draws":0,"losses":0,"trades":1,"profit_factor":0.0},{"date":"03/01/2026","date_ts":1767398400000,"profit_abs":0.0,"wins":0,"draws":0,"losses":0,"trades":0,"profit_factor":0.0},{"date":"04/01/2026","date_ts":1767484800000,"profit_abs":0.0,"wins":0,"draws":0,"losses":0,"trades":0,"profit_factor":0.0},{"date":"05/01/2026","date_ts":1767571200000,"profit_abs":0.83823168,"wins":1,"draws":0,"losses":0,"trades":1,"profit_factor":0.0},{"date":"06/01/2026","date_ts":1767657600000,"profit_abs":0.72690688,"wins":1,"draws":0,"losses":0,"trades":1,"profit_factor":0.0},{"date":"07/01/2026","date_ts":1767744000000,"profit_abs":0.0,"wins":0,"draws":0,"losses":0,"trades":0,"profit_factor":0.0},{"date":"08/01/2026","date_ts":1767830400000,"profit_abs":0.03522564,"wins":1,"draws":1,"losses":0,"trades":2,"profit_factor":0.0},{"date":"09/01/2026","date_ts":1767916800000,"profit_abs":0.0,"wins":0,"draws":0,"losses":0,"trades":0,"profit_factor":0.0},{"date":"10/01/2026","date_ts":1768003200000,"profit_abs":0.0,"wins":0,"draws":0,"losses":0,"trades":0,"profit_factor":0.0},{"date":"11/01/2026","date_ts":1768089600000,"profit_abs":0.0,"wins":0,"draws":0,"losses":0,"trades":0,"profit_factor":0.0},{"date":"12/01/2026","date_ts":1768176000000,"profit_abs":0.0,"wins":0,"draws":0,"losses":0,"trades":0,"profit_factor":0.0},{"date":"13/01/2026","date_ts":1768262400000,"profit_abs":0.0,"wins":0,"draws":1,"losses":0,"trades":1,"profit_factor":0.0},{"date":"14/01/2026","date_ts":1768348800000,"profit_abs":0.73509554,"wins":1,"draws":0,"losses":0,"trades":1,"profit_factor":0.0},{"date":"15/01/2026","date_ts":1768435200000,"profit_abs":0.0,"wins":0,"draws":0,"losses":0,"trades":0,"profit_factor":0.0},{"date":"16/01/2026","date_ts":1768521600000,"profit_abs":0.51184566,"wins":1,"draws":0,"losses":0,"trades":1,"profit_factor":0.0},{"date":"17/01/2026","date_ts":1768608000000,"profit_abs":0.0,"wins":0,"draws":0,"losses":0,"trades":0,"profit_factor":0.0},{"date":"18/01/2026","date_ts":1768694400000,"profit_abs":0.0,"wins":0,"draws":0,"losses":0,"trades":0,"profit_factor":0.0},{"date":"19/01/2026","date_ts":1768780800000,"profit_abs":0.0,"wins":0,"draws":0,"losses":0,"trades":0,"profit_factor":0.0},{"date":"20/01/2026","date_ts":1768867200000,"profit_abs":0.0,"wins":0,"draws":0,"losses":0,"trades":0,"profit_factor":0.0},{"date":"21/01/2026","date_ts":1768953600000,"profit_abs":0.0,"wins":0,"draws":0,"losses":0,"trades":0,"profit_factor":0.0},{"date":"22/01/2026","date_ts":1769040000000,"profit_abs":0.0,"wins":0,"draws":0,"losses":0,"trades":0,"profit_factor":0.0},{"date":"23/01/2026","date_ts":1769126400000,"profit_abs":0.0,"wins":0,"draws":0,"losses":0,"trades":0,"profit_factor":0.0},{"date":"24/01/2026","date_ts":1769212800000,"profit_abs":0.0,"wins":0,"draws":0,"losses":0,"trades":0,"profit_factor":0.0},{"date":"25/01/2026","date_ts":1769299200000,"profit_abs":0.0,"wins":0,"draws":0,"losses":0,"trades":0,"profit_factor":0.0},{"date":"26/01/2026","date_ts":1769385600000,"profit_abs":0.0,"wins":0,"draws":0,"losses":0,"trades":0,"profit_factor":0.0},{"date":"27/01/2026","date_ts":1769472000000,"profit_abs":0.0,"wins":0,"draws":0,"losses":0,"trades":0,"profit_factor":0.0},{"date":"28/01/2026","date_ts":1769558400000,"profit_abs":0.0,"wins":0,"draws":0,"losses":0,"trades":0,"profit_factor":0.0},{"date":"29/01/2026","date_ts":1769644800000,"profit_abs":0.0,"wins":0,"draws":0,"losses":0,"trades":0,"profit_factor":0.0},{"date":"30/01/2026","date_ts":1769731200000,"profit_abs":0.0,"wins":0,"draws":0,"losses":0,"trades":0,"profit_factor":0.0},{"date":"31/01/2026","date_ts":1769817600000,"profit_abs":-11.74356896,"wins":0,"draws":0,"losses":4,"trades":4,"profit_factor":0.0},{"date":"01/02/2026","date_ts":1769904000000,"profit_abs":0.0,"wins":0,"draws":0,"losses":0,"trades":0,"profit_factor":0.0},{"date":"02/02/2026","date_ts":1769990400000,"profit_abs":-3.14211812,"wins":0,"draws":0,"losses":5,"trades":5,"profit_factor":0.0}],"week":[{"date":"15/12/2025","date_ts":1765756800000,"profit_abs":2.07990006,"wins":2,"draws":0,"losses":0,"trades":2,"profit_factor":0.0},{"date":"22/12/2025","date_ts":1766361600000,"profit_abs":0.0,"wins":0,"draws":0,"losses":0,"trades":0,"profit_factor":0.0},{"date":"29/12/2025","date_ts":1766966400000,"profit_abs":0.0,"wins":0,"draws":0,"losses":0,"trades":0,"profit_factor":0.0},{"date":"05/01/2026","date_ts":1767571200000,"profit_abs":-0.98492101,"wins":2,"draws":0,"losses":1,"trades":3,"profit_factor":0.67005418},{"date":"12/01/2026","date_ts":1768176000000,"profit_abs":0.76213252,"wins":2,"draws":1,"losses":0,"trades":3,"profit_factor":0.0},{"date":"19/01/2026","date_ts":1768780800000,"profit_abs":1.2469412,"wins":2,"draws":1,"losses":0,"trades":3,"profit_factor":0.0},{"date":"26/01/2026","date_ts":1769385600000,"profit_abs":0.0,"wins":0,"draws":0,"losses":0,"trades":0,"profit_factor":0.0},{"date":"02/02/2026","date_ts":1769990400000,"profit_abs":-14.88568708,"wins":0,"draws":0,"losses":9,"trades":9,"profit_factor":0.0}],"month":[{"date":"31/12/2025","date_ts":1767139200000,"profit_abs":-0.90519915,"wins":2,"draws":0,"losses":1,"trades":3,"profit_factor":0.69676078},{"date":"31/01/2026","date_ts":1769817600000,"profit_abs":-7.73431704,"wins":6,"draws":2,"losses":4,"trades":12,"profit_factor":0.34139979},{"date":"28/02/2026","date_ts":1772236800000,"profit_abs":-3.14211812,"wins":0,"draws":0,"losses":5,"trades":5,"profit_factor":0.0}],"year":[{"date":"31/12/2025","date_ts":1767139200000,"profit_abs":-0.90519915,"wins":2,"draws":0,"losses":1,"trades":3,"profit_factor":0.69676078},{"date":"31/12/2026","date_ts":1798675200000,"profit_abs":-10.87643516,"wins":6,"draws":2,"losses":9,"trades":17,"profit_factor":0.26933603}],"weekday":[{"date":"Monday","date_ts":0,"profit_abs":-2.30388644,"wins":1,"draws":0,"losses":5,"trades":6,"profit_factor":0.26677281},{"date":"Tuesday","date_ts":1,"profit_abs":2.80680694,"wins":3,"draws":1,"losses":0,"trades":4,"profit_factor":0.0},{"date":"Wednesday","date_ts":2,"profit_abs":-2.25000367,"wins":1,"draws":0,"losses":1,"trades":2,"profit_factor":0.24625498},{"date":"Thursday","date_ts":3,"profit_abs":0.03522564,"wins":1,"draws":1,"losses":0,"trades":2,"profit_factor":0.0},{"date":"Friday","date_ts":4,"profit_abs":1.67379218,"wins":2,"draws":0,"losses":0,"trades":2,"profit_factor":0.0},{"date":"Saturday","date_ts":5,"profit_abs":-11.74356896,"wins":0,"draws":0,"losses":4,"trades":4,"profit_factor":0.0}]},"backtest_best_day":0.2120360396216247,"backtest_worst_day":-1.15746569968235,"backtest_best_day_abs":2.07990006,"backtest_worst_day_abs":-11.74356896,"winning_days":7,"draw_days":46,"losing_days":3,"daily_profit":[["2025-12-09",2.07990006],["2025-12-10",0.0],["2025-12-11",0.0],["2025-12-12",0.0],["2025-12-13",0.0],["2025-12-14",0.0],["2025-12-15",0.0],["2025-12-16",0.0],["2025-12-17",0.0],["2025-12-18",0.0],["2025-12-19",0.0],["2025-12-20",0.0],["2025-12-21",0.0],["2025-12-22",0.0],["2025-12-23",0.0],["2025-12-24",0.0],["2025-12-25",0.0],["2025-12-26",0.0],["2025-12-27",0.0],["2025-12-28",0.0],["2025-12-29",0.0],["2025-12-30",0.0],["2025-12-31",-2.98509921],["2026-01-01",0.0],["2026-01-02",1.16194652],["2026-01-03",0.0],["2026-01-04",0.0],["2026-01-05",0.83823168],["2026-01-06",0.72690688],["2026-01-07",0.0],["2026-01-08",0.03522564],["2026-01-09",0.0],["2026-01-10",0.0],["2026-01-11",0.0],["2026-01-12",0.0],["2026-01-13",0.0],["2026-01-14",0.73509554],["2026-01-15",0.0],["2026-01-16",0.51184566],["2026-01-17",0.0],["2026-01-18",0.0],["2026-01-19",0.0],["2026-01-20",0.0],["2026-01-21",0.0],["2026-01-22",0.0],["2026-01-23",0.0],["2026-01-24",0.0],["2026-01-25",0.0],["2026-01-26",0.0],["2026-01-27",0.0],["2026-01-28",0.0],["2026-01-29",0.0],["2026-01-30",0.0],["2026-01-31",-11.74356896],["2026-02-01",0.0],["2026-02-02",-3.14211812]],"wins":8,"losses":10,"draws":2,"winrate":0.4,"holding_avg":"14 days, 11:02:00","holding_avg_s":1249320.0,"winner_holding_min":"1d 13:10","winner_holding_min_s":133800.0,"winner_holding_max":"33d 10:35","winner_holding_max_s":2889300.0,"winner_holding_avg":"11d 07:36","winner_holding_avg_s":977760.0,"loser_holding_min":"1d 13:50","loser_holding_min_s":136200.0,"loser_holding_max":"25d 07:20","loser_holding_max_s":2186400.0,"loser_holding_avg":"13d 00:38","loser_holding_avg_s":1125480.0,"max_consecutive_wins":4,"max_consecutive_losses":9,"max_drawdown_account":0.2803116956905661,"max_relative_drawdown":0.2803116956905661,"max_drawdown_abs":14.88568708,"drawdown_start":"2026-01-16 15:25:00","drawdown_start_ts":1768577100000.0,"drawdown_end":"2026-02-02 09:05:00","drawdown_end_ts":1770023100000.0,"drawdown_duration":"16 days 17:40:00","drawdown_duration_s":1446000.0,"max_drawdown_low":-11.78163431,"max_drawdown_high":3.10405277,"csum_min":38.21836569,"csum_max":53.10405277}},"strategy_comparison":[{"key":"PatternRecognition","trades":20,"profit_mean":-0.05763207287470258,"profit_mean_pct":-5.76,"profit_total_abs":-11.781634310000001,"profit_total":-0.23563268620000002,"profit_total_pct":-23.56,"duration_avg":"14 days, 11:02:00","wins":8,"draws":2,"losses":10,"winrate":0.4,"cagr":-0.81566487872278,"expectancy":-0.5890817155000001,"expectancy_ratio":-0.42963390974555715,"sortino":-3.077058784967303,"sharpe":-2.5436916035807378,"calmar":-27.689349577293882,"sqn":-1.683,"profit_factor":0.3407321805088857,"max_drawdown_account":0.2803116956905661,"max_drawdown_abs":"14.886"}]}