{"strategy":{"MultiMa":{"trades":[{"pair":"DOT/USDT","stake_amount":16.48794,"max_stake_amount":16.48794,"amount":7.77,"open_date":"2026-01-03 14:00:00+00:00","close_date":"2026-01-06 08:45:00+00:00","open_rate":2.122,"close_rate":2.192,"fee_open":0.001,"fee_close":0.001,"trade_duration":4005,"profit_ratio":0.030923835824872587,"profit_abs":0.51038022,"exit_reason":"exit_signal","initial_stop_loss_abs":1.91,"initial_stop_loss_ratio":-0.1,"stop_loss_abs":1.91,"stop_loss_ratio":-0.1,"min_rate":2.096,"max_rate":2.246,"is_open":false,"enter_tag":"","leverage":1.0,"is_short":false,"open_timestamp":1767448800000,"close_timestamp":1767689100000,"orders":[{"amount":7.77,"safe_price":2.122,"ft_order_side":"buy","order_filled_timestamp":1767448800000,"ft_is_entry":true,"ft_order_tag":"","cost":16.504427939999996},{"amount":7.77,"safe_price":2.192,"ft_order_side":"sell","order_filled_timestamp":1767689100000,"ft_is_entry":false,"ft_order_tag":"exit_signal","cost":17.048871839999997}],"funding_fees":0.0,"weekday":1},{"pair":"XRP/USDT","stake_amount":16.30773,"max_stake_amount":16.30773,"amount":8.1,"open_date":"2026-01-03 14:15:00+00:00","close_date":"2026-01-06 09:15:00+00:00","open_rate":2.0133,"close_rate":2.3382,"fee_open":0.001,"fee_close":0.001,"trade_duration":4020,"profit_ratio":0.15905641073276297,"profit_abs":2.59644285,"exit_reason":"exit_signal","initial_stop_loss_abs":1.812,"initial_stop_loss_ratio":-0.1,"stop_loss_abs":1.812,"stop_loss_ratio":-0.1,"min_rate":1.9964,"max_rate":2.4172000000000002,"is_open":false,"enter_tag":"","leverage":1.0,"is_short":false,"open_timestamp":1767449700000,"close_timestamp":1767690900000,"orders":[{"amount":8.1,"safe_price":2.0133,"ft_order_side":"buy","order_filled_timestamp":1767449700000,"ft_is_entry":true,"ft_order_tag":"","cost":16.324037729999997},{"amount":8.1,"safe_price":2.3382,"ft_order_side":"sell","order_filled_timestamp":1767690900000,"ft_is_entry":false,"ft_order_tag":"exit_signal","cost":18.958359419999997}],"funding_fees":0.0,"weekday":1},{"pair":"ATOM/USDT","stake_amount":16.4946,"max_stake_amount":16.4946,"amount":7.43,"open_date":"2026-01-03 13:15:00+00:00","close_date":"2026-01-06 10:15:00+00:00","open_rate":2.22,"close_rate":2.383,"fee_open":0.001,"fee_close":0.001,"trade_duration":4140,"profit_ratio":0.07127872127872127,"profit_abs":1.17688971,"exit_reason":"exit_signal","initial_stop_loss_abs":1.999,"initial_stop_loss_ratio":-0.1,"stop_loss_abs":1.999,"stop_loss_ratio":-0.1,"min_rate":2.208,"max_rate":2.407,"is_open":false,"enter_tag":"","leverage":1.0,"is_short":false,"open_timestamp":1767446100000,"close_timestamp":1767694500000,"orders":[{"amount":7.43,"safe_price":2.22,"ft_order_side":"buy","order_filled_timestamp":1767446100000,"ft_is_entry":true,"ft_order_tag":"","cost":16.5110946},{"amount":7.43,"safe_price":2.383,"ft_order_side":"sell","order_filled_timestamp":1767694500000,"ft_is_entry":false,"ft_order_tag":"exit_signal","cost":17.72339569}],"funding_fees":0.0,"weekday":1},{"pair":"DOT/USDT","stake_amount":17.90712,"max_stake_amount":17.90712,"amount":7.92,"open_date":"2026-01-06 14:30:00+00:00","close_date":"2026-01-06 15:15:00+00:00","open_rate":2.261,"close_rate":2.224,"fee_open":0.001,"fee_close":0.001,"trade_duration":45,"profit_ratio":-0.01832974632620807,"profit_abs":-0.3285612,"exit_reason":"exit_signal","initial_stop_loss_abs":2.035,"initial_stop_loss_ratio":-0.1,"stop_loss_abs":2.035,"stop_loss_ratio":-0.1,"min_rate":2.208,"max_rate":2.261,"is_open":false,"enter_tag":"","leverage":1.0,"is_short":false,"open_timestamp":1767709800000,"close_timestamp":1767712500000,"orders":[{"amount":7.92,"safe_price":2.261,"ft_order_side":"buy","order_filled_timestamp":1767709800000,"ft_is_entry":true,"ft_order_tag":"","cost":17.925027119999996},{"amount":7.92,"safe_price":2.224,"ft_order_side":"sell","order_filled_timestamp":1767712500000,"ft_is_entry":false,"ft_order_tag":"exit_signal","cost":17.63169408}],"funding_fees":0.0,"weekday":1},{"pair":"ATOM/USDT","stake_amount":17.8932,"max_stake_amount":17.8932,"amount":7.4,"open_date":"2026-01-06 11:45:00+00:00","close_date":"2026-01-06 19:30:00+00:00","open_rate":2.418,"close_rate":2.416,"fee_open":0.001,"fee_close":0.001,"trade_duration":465,"profit_ratio":-0.002823479250278258,"profit_abs":-0.0505716,"exit_reason":"exit_signal","initial_stop_loss_abs":2.177,"initial_stop_loss_ratio":-0.1,"stop_loss_abs":2.177,"stop_loss_ratio":-0.1,"min_rate":2.375,"max_rate":2.55,"is_open":false,"enter_tag":"","leverage":1.0,"is_short":false,"open_timestamp":1767699900000,"close_timestamp":1767727800000,"orders":[{"amount":7.4,"safe_price":2.418,"ft_order_side":"buy","order_filled_timestamp":1767699900000,"ft_is_entry":true,"ft_order_tag":"","cost":17.9110932},{"amount":7.4,"safe_price":2.416,"ft_order_side":"sell","order_filled_timestamp":1767727800000,"ft_is_entry":false,"ft_order_tag":"exit_signal","cost":17.896278399999996}],"funding_fees":0.0,"weekday":1},{"pair":"ATOM/USDT","stake_amount":17.76726,"max_stake_amount":17.76726,"amount":7.17,"open_date":"2026-01-06 22:30:00+00:00","close_date":"2026-01-07 03:15:00+00:00","open_rate":2.478,"close_rate":2.461,"fee_open":0.001,"fee_close":0.001,"trade_duration":285,"profit_ratio":-0.008844666229654123,"profit_abs":-0.15730263,"exit_reason":"exit_signal","initial_stop_loss_abs":2.231,"initial_stop_loss_ratio":-0.1,"stop_loss_abs":2.231,"stop_loss_ratio":-0.1,"min_rate":2.449,"max_rate":2.549,"is_open":false,"enter_tag":"","leverage":1.0,"is_short":false,"open_timestamp":1767738600000,"close_timestamp":1767755700000,"orders":[{"amount":7.17,"safe_price":2.478,"ft_order_side":"buy","order_filled_timestamp":1767738600000,"ft_is_entry":true,"ft_order_tag":"","cost":17.78502726},{"amount":7.17,"safe_price":2.461,"ft_order_side":"sell","order_filled_timestamp":1767755700000,"ft_is_entry":false,"ft_order_tag":"exit_signal","cost":17.663015369999997}],"funding_fees":0.0,"weekday":2},{"pair":"DOT/USDT","stake_amount":17.72055,"max_stake_amount":17.72055,"amount":7.95,"open_date":"2026-01-07 08:15:00+00:00","close_date":"2026-01-07 10:45:00+00:00","open_rate":2.229,"close_rate":2.183,"fee_open":0.001,"fee_close":0.001,"trade_duration":150,"profit_ratio":-0.022593826093153146,"profit_abs":-0.4007754,"exit_reason":"exit_signal","initial_stop_loss_abs":2.007,"initial_stop_loss_ratio":-0.1,"stop_loss_abs":2.007,"stop_loss_ratio":-0.1,"min_rate":2.178,"max_rate":2.249,"is_open":false,"enter_tag":"","leverage":1.0,"is_short":false,"open_timestamp":1767773700000,"close_timestamp":1767782700000,"orders":[{"amount":7.95,"safe_price":2.229,"ft_order_side":"buy","order_filled_timestamp":1767773700000,"ft_is_entry":true,"ft_order_tag":"","cost":17.738270549999996},{"amount":7.95,"safe_price":2.183,"ft_order_side":"sell","order_filled_timestamp":1767782700000,"ft_is_entry":false,"ft_order_tag":"exit_signal","cost":17.372204849999996}],"funding_fees":0.0,"weekday":2},{"pair":"XRP/USDT","stake_amount":17.4624,"max_stake_amount":17.4624,"amount":8.0,"open_date":"2026-01-08 02:15:00+00:00","close_date":"2026-01-08 08:30:00+00:00","open_rate":2.1828,"close_rate":2.1313,"fee_open":0.001,"fee_close":0.001,"trade_duration":375,"profit_ratio":-0.025544411608182913,"profit_abs":-0.4465128,"exit_reason":"exit_signal","initial_stop_loss_abs":1.9646,"initial_stop_loss_ratio":-0.1,"stop_loss_abs":1.9646,"stop_loss_ratio":-0.1,"min_rate":2.0976,"max_rate":2.1925,"is_open":false,"enter_tag":"","leverage":1.0,"is_short":false,"open_timestamp":1767838500000,"close_timestamp":1767861000000,"orders":[{"amount":8.0,"safe_price":2.1828,"ft_order_side":"buy","order_filled_timestamp":1767838500000,"ft_is_entry":true,"ft_order_tag":"","cost":17.4798624},{"amount":8.0,"safe_price":2.1313,"ft_order_side":"sell","order_filled_timestamp":1767861000000,"ft_is_entry":false,"ft_order_tag":"exit_signal","cost":17.0674504}],"funding_fees":0.0,"weekday":3},{"pair":"ATOM/USDT","stake_amount":17.5932,"max_stake_amount":17.5932,"amount":7.24,"open_date":"2026-01-08 05:45:00+00:00","close_date":"2026-01-08 09:45:00+00:00","open_rate":2.43,"close_rate":2.424,"fee_open":0.001,"fee_close":0.001,"trade_duration":240,"profit_ratio":-0.004462204462204462,"profit_abs":-0.07858296,"exit_reason":"exit_signal","initial_stop_loss_abs":2.188,"initial_stop_loss_ratio":-0.1,"stop_loss_abs":2.188,"stop_loss_ratio":-0.1,"min_rate":2.395,"max_rate":2.449,"is_open":false,"enter_tag":"","leverage":1.0,"is_short":false,"open_timestamp":1767851100000,"close_timestamp":1767865500000,"orders":[{"amount":7.24,"safe_price":2.43,"ft_order_side":"buy","order_filled_timestamp":1767851100000,"ft_is_entry":true,"ft_order_tag":"","cost":17.6107932},{"amount":7.24,"safe_price":2.424,"ft_order_side":"sell","order_filled_timestamp":1767865500000,"ft_is_entry":false,"ft_order_tag":"exit_signal","cost":17.567309759999997}],"funding_fees":0.0,"weekday":3},{"pair":"DOT/USDT","stake_amount":17.41208,"max_stake_amount":17.41208,"amount":8.26,"open_date":"2026-01-09 06:15:00+00:00","close_date":"2026-01-09 12:15:00+00:00","open_rate":2.108,"close_rate":2.069,"fee_open":0.001,"fee_close":0.001,"trade_duration":360,"profit_ratio":-0.020461985832004807,"profit_abs":-0.35664202,"exit_reason":"exit_signal","initial_stop_loss_abs":1.898,"initial_stop_loss_ratio":-0.1,"stop_loss_abs":1.898,"stop_loss_ratio":-0.1,"min_rate":2.059,"max_rate":2.118,"is_open":false,"enter_tag":"","leverage":1.0,"is_short":false,"open_timestamp":1767939300000,"close_timestamp":1767960900000,"orders":[{"amount":8.26,"safe_price":2.108,"ft_order_side":"buy","order_filled_timestamp":1767939300000,"ft_is_entry":true,"ft_order_tag":"","cost":17.42949208},{"amount":8.26,"safe_price":2.069,"ft_order_side":"sell","order_filled_timestamp":1767960900000,"ft_is_entry":false,"ft_order_tag":"exit_signal","cost":17.107029939999997}],"funding_fees":0.0,"weekday":4},{"pair":"ATOM/USDT","stake_amount":17.4092,"max_stake_amount":17.4092,"amount":7.1,"open_date":"2026-01-09 07:30:00+00:00","close_date":"2026-01-10 10:30:00+00:00","open_rate":2.452,"close_rate":2.608,"fee_open":0.001,"fee_close":0.001,"trade_duration":1620,"profit_ratio":0.061496415493152844,"profit_abs":1.071674,"exit_reason":"exit_signal","initial_stop_loss_abs":2.207,"initial_stop_loss_ratio":-0.1,"stop_loss_abs":2.207,"stop_loss_ratio":-0.1,"min_rate":2.432,"max_rate":2.6710000000000003,"is_open":false,"enter_tag":"","leverage":1.0,"is_short":false,"open_timestamp":1767943800000,"close_timestamp":1768041000000,"orders":[{"amount":7.1,"safe_price":2.452,"ft_order_side":"buy","order_filled_timestamp":1767943800000,"ft_is_entry":true,"ft_order_tag":"","cost":17.426609199999998},{"amount":7.1,"safe_price":2.608,"ft_order_side":"sell","order_filled_timestamp":1768041000000,"ft_is_entry":false,"ft_order_tag":"exit_signal","cost":18.535316799999997}],"funding_fees":0.0,"weekday":5},{"pair":"DOT/USDT","stake_amount":17.2935,"max_stake_amount":17.2935,"amount":8.1,"open_date":"2026-01-09 16:15:00+00:00","close_date":"2026-01-10 11:30:00+00:00","open_rate":2.135,"close_rate":2.102,"fee_open":0.001,"fee_close":0.001,"trade_duration":1155,"profit_ratio":-0.017423794004590258,"profit_abs":-0.3016197,"exit_reason":"exit_signal","initial_stop_loss_abs":1.922,"initial_stop_loss_ratio":-0.1,"stop_loss_abs":1.922,"stop_loss_ratio":-0.1,"min_rate":2.058,"max_rate":2.144,"is_open":false,"enter_tag":"","leverage":1.0,"is_short":false,"open_timestamp":1767975300000,"close_timestamp":1768044600000,"orders":[{"amount":8.1,"safe_price":2.135,"ft_order_side":"buy","order_filled_timestamp":1767975300000,"ft_is_entry":true,"ft_order_tag":"","cost":17.310793499999996},{"amount":8.1,"safe_price":2.102,"ft_order_side":"sell","order_filled_timestamp":1768044600000,"ft_is_entry":false,"ft_order_tag":"exit_signal","cost":17.043226199999996}],"funding_fees":0.0,"weekday":5},{"pair":"XRP/USDT","stake_amount":17.1616,"max_stake_amount":17.1616,"amount":8.0,"open_date":"2026-01-09 15:30:00+00:00","close_date":"2026-01-10 13:00:00+00:00","open_rate":2.1452,"close_rate":2.1012,"fee_open":0.001,"fee_close":0.001,"trade_duration":1290,"profit_ratio":-0.022467929236528898,"profit_abs":-0.3859712,"exit_reason":"exit_signal","initial_stop_loss_abs":1.9307,"initial_stop_loss_ratio":-0.1,"stop_loss_abs":1.9307,"stop_loss_ratio":-0.1,"min_rate":2.0759,"max_rate":2.1622,"is_open":false,"enter_tag":"","leverage":1.0,"is_short":false,"open_timestamp":1767972600000,"close_timestamp":1768050000000,"orders":[{"amount":8.0,"safe_price":2.1452,"ft_order_side":"buy","order_filled_timestamp":1767972600000,"ft_is_entry":true,"ft_order_tag":"","cost":17.178761599999998},{"amount":8.0,"safe_price":2.1012,"ft_order_side":"sell","order_filled_timestamp":1768050000000,"ft_is_entry":false,"ft_order_tag":"exit_signal","cost":16.826409599999998}],"funding_fees":0.0,"weekday":5},{"pair":"DOT/USDT","stake_amount":17.4264,"max_stake_amount":17.4264,"amount":8.22,"open_date":"2026-01-10 13:15:00+00:00","close_date":"2026-01-10 23:15:00+00:00","open_rate":2.12,"close_rate":2.09,"fee_open":0.001,"fee_close":0.001,"trade_duration":600,"profit_ratio":-0.01612067178104914,"profit_abs":-0.2812062,"exit_reason":"exit_signal","initial_stop_loss_abs":1.909,"initial_stop_loss_ratio":-0.1,"stop_loss_abs":1.909,"stop_loss_ratio":-0.1,"min_rate":2.084,"max_rate":2.13,"is_open":false,"enter_tag":"","leverage":1.0,"is_short":false,"open_timestamp":1768050900000,"close_timestamp":1768086900000,"orders":[{"amount":8.22,"safe_price":2.12,"ft_order_side":"buy","order_filled_timestamp":1768050900000,"ft_is_entry":true,"ft_order_tag":"","cost":17.4438264},{"amount":8.22,"safe_price":2.09,"ft_order_side":"sell","order_filled_timestamp":1768086900000,"ft_is_entry":false,"ft_order_tag":"exit_signal","cost":17.196979799999998}],"funding_fees":0.0,"weekday":5},{"pair":"XRP/USDT","stake_amount":17.18146,"max_stake_amount":17.18146,"amount":8.2,"open_date":"2026-01-11 04:00:00+00:00","close_date":"2026-01-11 05:30:00+00:00","open_rate":2.0953,"close_rate":2.0903,"fee_open":0.001,"fee_close":0.001,"trade_duration":90,"profit_ratio":-0.004379527311804313,"profit_abs":-0.07532192,"exit_reason":"exit_signal","initial_stop_loss_abs":1.8858,"initial_stop_loss_ratio":-0.1,"stop_loss_abs":1.8858,"stop_loss_ratio":-0.1,"min_rate":2.0895,"max_rate":2.0954,"is_open":false,"enter_tag":"","leverage":1.0,"is_short":false,"open_timestamp":1768104000000,"close_timestamp":1768109400000,"orders":[{"amount":8.2,"safe_price":2.0953,"ft_order_side":"buy","order_filled_timestamp":1768104000000,"ft_is_entry":true,"ft_order_tag":"","cost":17.198641459999997},{"amount":8.2,"safe_price":2.0903,"ft_order_side":"sell","order_filled_timestamp":1768109400000,"ft_is_entry":false,"ft_order_tag":"exit_signal","cost":17.157600459999994}],"funding_fees":0.0,"weekday":6},{"pair":"XRP/USDT","stake_amount":17.2405,"max_stake_amount":17.2405,"amount":8.2,"open_date":"2026-01-11 12:30:00+00:00","close_date":"2026-01-11 17:30:00+00:00","open_rate":2.1025,"close_rate":2.0924,"fee_open":0.001,"fee_close":0.001,"trade_duration":300,"profit_ratio":-0.006792208980080562,"profit_abs":-0.11721818,"exit_reason":"exit_signal","initial_stop_loss_abs":1.8923,"initial_stop_loss_ratio":-0.1,"stop_loss_abs":1.8923,"stop_loss_ratio":-0.1,"min_rate":2.0839,"max_rate":2.11,"is_open":false,"enter_tag":"","leverage":1.0,"is_short":false,"open_timestamp":1768134600000,"close_timestamp":1768152600000,"orders":[{"amount":8.2,"safe_price":2.1025,"ft_order_side":"buy","order_filled_timestamp":1768134600000,"ft_is_entry":true,"ft_order_tag":"","cost":17.257740499999997},{"amount":8.2,"safe_price":2.0924,"ft_order_side":"sell","order_filled_timestamp":1768152600000,"ft_is_entry":false,"ft_order_tag":"exit_signal","cost":17.174837679999996}],"funding_fees":0.0,"weekday":6},{"pair":"DOT/USDT","stake_amount":17.27308,"max_stake_amount":17.27308,"amount":8.14,"open_date":"2026-01-12 04:15:00+00:00","close_date":"2026-01-12 09:00:00+00:00","open_rate":2.122,"close_rate":2.051,"fee_open":0.001,"fee_close":0.001,"trade_duration":285,"profit_ratio":-0.03539015178977479,"profit_abs":-0.61190822,"exit_reason":"exit_signal","initial_stop_loss_abs":1.91,"initial_stop_loss_ratio":-0.1,"stop_loss_abs":1.91,"stop_loss_ratio":-0.1,"min_rate":2.033,"max_rate":2.137,"is_open":false,"enter_tag":"","leverage":1.0,"is_short":false,"open_timestamp":1768191300000,"close_timestamp":1768208400000,"orders":[{"amount":8.14,"safe_price":2.122,"ft_order_side":"buy","order_filled_timestamp":1768191300000,"ft_is_entry":true,"ft_order_tag":"","cost":17.29035308},{"amount":8.14,"safe_price":2.051,"ft_order_side":"sell","order_filled_timestamp":1768208400000,"ft_is_entry":false,"ft_order_tag":"exit_signal","cost":16.71183514}],"funding_fees":0.0,"weekday":0},{"pair":"DOT/USDT","stake_amount":17.06302,"max_stake_amount":17.06302,"amount":8.06,"open_date":"2026-01-13 13:30:00+00:00","close_date":"2026-01-14 06:30:00+00:00","open_rate":2.117,"close_rate":2.275,"fee_open":0.001,"fee_close":0.001,"trade_duration":1020,"profit_ratio":0.07248679520762658,"profit_abs":1.23808048,"exit_reason":"exit_signal","initial_stop_loss_abs":1.906,"initial_stop_loss_ratio":-0.1,"stop_loss_abs":1.906,"stop_loss_ratio":-0.1,"min_rate":2.116,"max_rate":2.343,"is_open":false,"enter_tag":"","leverage":1.0,"is_short":false,"open_timestamp":1768311000000,"close_timestamp":1768372200000,"orders":[{"amount":8.06,"safe_price":2.117,"ft_order_side":"buy","order_filled_timestamp":1768311000000,"ft_is_entry":true,"ft_order_tag":"","cost":17.08008302},{"amount":8.06,"safe_price":2.275,"ft_order_side":"sell","order_filled_timestamp":1768372200000,"ft_is_entry":false,"ft_order_tag":"exit_signal","cost":18.354836499999998}],"funding_fees":0.0,"weekday":2},{"pair":"XRP/USDT","stake_amount":16.93546,"max_stake_amount":16.93546,"amount":8.2,"open_date":"2026-01-13 10:30:00+00:00","close_date":"2026-01-14 08:45:00+00:00","open_rate":2.0653,"close_rate":2.1457,"fee_open":0.001,"fee_close":0.001,"trade_duration":1335,"profit_ratio":0.0368531870008653,"profit_abs":0.6247498,"exit_reason":"exit_signal","initial_stop_loss_abs":1.8588,"initial_stop_loss_ratio":-0.1,"stop_loss_abs":1.8588,"stop_loss_ratio":-0.1,"min_rate":2.056,"max_rate":2.1924,"is_open":false,"enter_tag":"","leverage":1.0,"is_short":false,"open_timestamp":1768300200000,"close_timestamp":1768380300000,"orders":[{"amount":8.2,"safe_price":2.0653,"ft_order_side":"buy","order_filled_timestamp":1768300200000,"ft_is_entry":true,"ft_order_tag":"","cost":16.952395459999998},{"amount":8.2,"safe_price":2.1457,"ft_order_side":"sell","order_filled_timestamp":1768380300000,"ft_is_entry":false,"ft_order_tag":"exit_signal","cost":17.612334739999998}],"funding_fees":0.0,"weekday":2},{"pair":"XRP/USDT","stake_amount":17.61616,"max_stake_amount":17.61616,"amount":9.2,"open_date":"2026-01-27 03:00:00+00:00","close_date":"2026-01-27 05:30:00+00:00","open_rate":1.9148,"close_rate":1.9022000000000001,"fee_open":0.001,"fee_close":0.001,"trade_duration":150,"profit_ratio":-0.008565176206705348,"profit_abs":-0.1510364,"exit_reason":"exit_signal","initial_stop_loss_abs":1.7234,"initial_stop_loss_ratio":-0.1,"stop_loss_abs":1.7234,"stop_loss_ratio":-0.1,"min_rate":1.9015,"max_rate":1.9179,"is_open":false,"enter_tag":"","leverage":1.0,"is_short":false,"open_timestamp":1769482800000,"close_timestamp":1769491800000,"orders":[{"amount":9.2,"safe_price":1.9148,"ft_order_side":"buy","order_filled_timestamp":1769482800000,"ft_is_entry":true,"ft_order_tag":"","cost":17.63377616},{"amount":9.2,"safe_price":1.9022000000000001,"ft_order_side":"sell","order_filled_timestamp":1769491800000,"ft_is_entry":false,"ft_order_tag":"exit_signal","cost":17.517740239999995}],"funding_fees":0.0,"weekday":1},{"pair":"XRP/USDT","stake_amount":17.49657,"max_stake_amount":17.49657,"amount":9.1,"open_date":"2026-01-27 21:15:00+00:00","close_date":"2026-01-28 03:30:00+00:00","open_rate":1.9227,"close_rate":1.9003,"fee_open":0.001,"fee_close":0.001,"trade_duration":375,"profit_ratio":-0.013625008163937793,"profit_abs":-0.2386293,"exit_reason":"exit_signal","initial_stop_loss_abs":1.7305,"initial_stop_loss_ratio":-0.1,"stop_loss_abs":1.7305,"stop_loss_ratio":-0.1,"min_rate":1.8944,"max_rate":1.9264999999999999,"is_open":false,"enter_tag":"","leverage":1.0,"is_short":false,"open_timestamp":1769548500000,"close_timestamp":1769571000000,"orders":[{"amount":9.1,"safe_price":1.9227,"ft_order_side":"buy","order_filled_timestamp":1769548500000,"ft_is_entry":true,"ft_order_tag":"","cost":17.514066569999997},{"amount":9.1,"safe_price":1.9003,"ft_order_side":"sell","order_filled_timestamp":1769571000000,"ft_is_entry":false,"ft_order_tag":"exit_signal","cost":17.310022729999996}],"funding_fees":0.0,"weekday":2},{"pair":"DOT/USDT","stake_amount":17.5592,"max_stake_amount":17.5592,"amount":9.34,"open_date":"2026-01-28 11:30:00+00:00","close_date":"2026-01-28 15:15:00+00:00","open_rate":1.88,"close_rate":1.839,"fee_open":0.001,"fee_close":0.001,"trade_duration":225,"profit_ratio":-0.0237629391884711,"profit_abs":-0.41767546,"exit_reason":"exit_signal","initial_stop_loss_abs":1.692,"initial_stop_loss_ratio":-0.1,"stop_loss_abs":1.692,"stop_loss_ratio":-0.1,"min_rate":1.835,"max_rate":1.896,"is_open":false,"enter_tag":"","leverage":1.0,"is_short":false,"open_timestamp":1769599800000,"close_timestamp":1769613300000,"orders":[{"amount":9.34,"safe_price":1.88,"ft_order_side":"buy","order_filled_timestamp":1769599800000,"ft_is_entry":true,"ft_order_tag":"","cost":17.576759199999994},{"amount":9.34,"safe_price":1.839,"ft_order_side":"sell","order_filled_timestamp":1769613300000,"ft_is_entry":false,"ft_order_tag":"exit_signal","cost":17.19343626}],"funding_fees":0.0,"weekday":2},{"pair":"XRP/USDT","stake_amount":17.48201,"max_stake_amount":17.48201,"amount":9.1,"open_date":"2026-01-28 07:15:00+00:00","close_date":"2026-01-28 16:15:00+00:00","open_rate":1.9211,"close_rate":1.905,"fee_open":0.001,"fee_close":0.001,"trade_duration":540,"profit_ratio":-0.010361872784443187,"profit_abs":-0.18132751,"exit_reason":"exit_signal","initial_stop_loss_abs":1.729,"initial_stop_loss_ratio":-0.1,"stop_loss_abs":1.729,"stop_loss_ratio":-0.1,"min_rate":1.9016000000000002,"max_rate":1.9427,"is_open":false,"enter_tag":"","leverage":1.0,"is_short":false,"open_timestamp":1769584500000,"close_timestamp":1769616900000,"orders":[{"amount":9.1,"safe_price":1.9211,"ft_order_side":"buy","order_filled_timestamp":1769584500000,"ft_is_entry":true,"ft_order_tag":"","cost":17.499492009999997},{"amount":9.1,"safe_price":1.905,"ft_order_side":"sell","order_filled_timestamp":1769616900000,"ft_is_entry":false,"ft_order_tag":"exit_signal","cost":17.352835499999998}],"funding_fees":0.0,"weekday":2}],"locks":[],"best_pair":{"key":"ATOM/USDT","trades":5,"profit_mean":0.023328957365947457,"profit_mean_pct":2.33,"profit_total_abs":1.9621065199999999,"profit_total":0.0392421304,"profit_total_pct":3.92,"duration_avg":"22:30:00","wins":2,"draws":0,"losses":3,"winrate":0.4,"cagr":0.5733530468445516,"expectancy":0.392421304,"expectancy_ratio":4.109737695883982,"sortino":26.763277602897574,"sharpe":2.017024386099896,"calmar":432.06737617244977,"sqn":1.3091,"profit_factor":7.849562826473304,"max_drawdown_account":0.005597393503654565,"max_drawdown_abs":0.28645719000000003},"worst_pair":{"key":"DOT/USDT","trades":9,"profit_mean":-0.005630275998083571,"profit_mean_pct":-0.56,"profit_total_abs":-0.9499274999999999,"profit_total":-0.01899855,"profit_total_pct":-1.9,"duration_avg":"14:32:00","wins":2,"draws":0,"losses":7,"winrate":0.2222222222222222,"cagr":-0.2021581031323032,"expectancy":-0.10554750000000004,"expectancy_ratio":-0.2738051181812907,"sortino":-5.674086925627051,"sharpe":-1.0481310136727202,"calmar":-25.9307598876452,"sqn":-0.5345,"profit_factor":0.6479648480526263,"max_drawdown_account":0.045153347293492185,"max_drawdown_abs":2.28071274},"results_per_pair":[{"key":"ATOM/USDT","trades":5,"profit_mean":0.023328957365947457,"profit_mean_pct":2.33,"profit_total_abs":1.9621065199999999,"profit_total":0.0392421304,"profit_total_pct":3.92,"duration_avg":"22:30:00","wins":2,"draws":0,"losses":3,"winrate":0.4,"cagr":0.5733530468445516,"expectancy":0.392421304,"expectancy_ratio":4.109737695883982,"sortino":26.763277602897574,"sharpe":2.017024386099896,"calmar":432.06737617244977,"sqn":1.3091,"profit_factor":7.849562826473304,"max_drawdown_account":0.005597393503654565,"max_drawdown_abs":0.28645719000000003},{"key":"XRP/USDT","trades":9,"profit_mean":0.011574829271327252,"profit_mean_pct":1.16,"profit_total_abs":1.6251753399999997,"profit_total":0.0325035068,"profit_total_pct":3.25,"duration_avg":"15:42:00","wins":2,"draws":0,"losses":7,"winrate":0.2222222222222222,"cagr":0.4573424861316777,"expectancy":0.18057503777777772,"expectancy_ratio":0.7919871899412194,"sortino":7.763718978323876,"sharpe":1.1106763298419848,"calmar":102.78677849494649,"sqn":0.5664,"profit_factor":2.0182692442101398,"max_drawdown_account":0.019488468125558857,"max_drawdown_abs":1.0250240999999998},{"key":"DOT/USDT","trades":9,"profit_mean":-0.005630275998083571,"profit_mean_pct":-0.56,"profit_total_abs":-0.9499274999999999,"profit_total":-0.01899855,"profit_total_pct":-1.9,"duration_avg":"14:32:00","wins":2,"draws":0,"losses":7,"winrate":0.2222222222222222,"cagr":-0.2021581031323032,"expectancy":-0.10554750000000004,"expectancy_ratio":-0.2738051181812907,"sortino":-5.674086925627051,"sharpe":-1.0481310136727202,"calmar":-25.9307598876452,"sqn":-0.5345,"profit_factor":0.6479648480526263,"max_drawdown_account":0.045153347293492185,"max_drawdown_abs":2.28071274},{"key":"TOTAL","trades":23,"profit_mean":0.007397642012562189,"profit_mean_pct":0.74,"profit_total_abs":2.63735436,"profit_total":0.052747087199999994,"profit_total_pct":5.27,"duration_avg":"16:43:00","wins":6,"draws":0,"losses":17,"winrate":0.2608695652173913,"cagr":0.8316718346841394,"expectancy":0.11466758086956524,"expectancy_ratio":0.4255418689546422,"sortino":10.673734564249676,"sharpe":2.1800626404343895,"calmar":70.01040843921919,"sqn":0.7214,"profit_factor":1.5757331168209865,"max_drawdown_account":0.04643234408477393,"max_drawdown_abs":2.52052003}],"results_per_enter_tag":[{"key":"","trades":23,"profit_mean":0.007397642012562189,"profit_mean_pct":0.74,"profit_total_abs":2.63735436,"profit_total":0.052747087199999994,"profit_total_pct":5.27,"duration_avg":"16:43:00","wins":6,"draws":0,"losses":17,"winrate":0.2608695652173913,"cagr":0.8316718346841394,"expectancy":0.11466758086956524,"expectancy_ratio":0.4255418689546422,"sortino":10.673734564249676,"sharpe":2.1800626404343895,"calmar":70.01040843921919,"sqn":0.7214,"profit_factor":1.5757331168209865,"max_drawdown_account":0.04643234408477393,"max_drawdown_abs":2.52052003},{"key":"TOTAL","trades":23,"profit_mean":0.007397642012562189,"profit_mean_pct":0.74,"profit_total_abs":2.63735436,"profit_total":0.052747087199999994,"profit_total_pct":5.27,"duration_avg":"16:43:00","wins":6,"draws":0,"losses":17,"winrate":0.2608695652173913,"cagr":0.8316718346841394,"expectancy":0.11466758086956524,"expectancy_ratio":0.4255418689546422,"sortino":10.673734564249676,"sharpe":2.1800626404343895,"calmar":70.01040843921919,"sqn":0.7214,"profit_factor":1.5757331168209865,"max_drawdown_account":0.04643234408477393,"max_drawdown_abs":2.52052003}],"exit_reason_summary":[{"key":"exit_signal","trades":23,"profit_mean":0.007397642012562189,"profit_mean_pct":0.74,"profit_total_abs":2.63735436,"profit_total":0.052747087199999994,"profit_total_pct":5.27,"duration_avg":"16:43:00","wins":6,"draws":0,"losses":17,"winrate":0.2608695652173913,"cagr":0.8316718346841394,"expectancy":0.11466758086956524,"expectancy_ratio":0.4255418689546422,"sortino":10.673734564249676,"sharpe":2.1800626404343895,"calmar":70.01040843921919,"sqn":0.7214,"profit_factor":1.5757331168209865,"max_drawdown_account":0.04643234408477393,"max_drawdown_abs":2.52052003},{"key":"TOTAL","trades":23,"profit_mean":0.007397642012562189,"profit_mean_pct":0.74,"profit_total_abs":2.63735436,"profit_total":0.052747087199999994,"profit_total_pct":5.27,"duration_avg":"16:43:00","wins":6,"draws":0,"losses":17,"winrate":0.2608695652173913,"cagr":0.8316718346841394,"expectancy":0.11466758086956524,"expectancy_ratio":0.4255418689546422,"sortino":10.673734564249676,"sharpe":2.1800626404343895,"calmar":70.01040843921919,"sqn":0.7214,"profit_factor":1.5757331168209865,"max_drawdown_account":0.04643234408477393,"max_drawdown_abs":2.52052003}],"mix_tag_stats":[{"key":["","exit_signal"],"trades":23,"profit_mean":0.007397642012562189,"profit_mean_pct":0.74,"profit_total_abs":2.63735436,"profit_total":0.052747087199999994,"profit_total_pct":5.27,"duration_avg":"16:43:00","wins":6,"draws":0,"losses":17,"winrate":0.2608695652173913,"cagr":0.8316718346841394,"expectancy":0.11466758086956524,"expectancy_ratio":0.4255418689546422,"sortino":10.673734564249676,"sharpe":2.1800626404343895,"calmar":70.01040843921919,"sqn":0.7214,"profit_factor":1.5757331168209865,"max_drawdown_account":0.04643234408477393,"max_drawdown_abs":2.52052003},{"key":"TOTAL","trades":23,"profit_mean":0.007397642012562189,"profit_mean_pct":0.74,"profit_total_abs":2.63735436,"profit_total":0.052747087199999994,"profit_total_pct":5.27,"duration_avg":"16:43:00","wins":6,"draws":0,"losses":17,"winrate":0.2608695652173913,"cagr":0.8316718346841394,"expectancy":0.11466758086956524,"expectancy_ratio":0.4255418689546422,"sortino":10.673734564249676,"sharpe":2.1800626404343895,"calmar":70.01040843921919,"sqn":0.7214,"profit_factor":1.5757331168209865,"max_drawdown_account":0.04643234408477393,"max_drawdown_abs":2.52052003}],"left_open_trades":[{"key":"TOTAL","trades":0,"profit_mean":0.0,"profit_mean_pct":0.0,"profit_total_abs":0.0,"profit_total":0.0,"profit_total_pct":0.0,"duration_avg":"0:00","wins":0,"draws":0,"losses":0,"winrate":0.0,"cagr":0.0,"expectancy":0.0,"expectancy_ratio":100.0,"sortino":0,"sharpe":0,"calmar":0,"sqn":0.0,"profit_factor":0.0,"max_drawdown_account":0.0,"max_drawdown_abs":0.0}],"total_trades":23,"trade_count_long":23,"trade_count_short":0,"total_volume":800.6054456399999,"avg_stake_amount":17.312358260869562,"profit_mean":0.007397642012562189,"profit_median":-0.008844666229654123,"profit_total":0.052747087199999994,"profit_total_long":0.052747087199999994,"profit_total_short":0.0,"profit_total_abs":2.63735436,"profit_total_long_abs":2.63735436,"profit_total_short_abs":0.0,"cagr":0.8316718346841394,"expectancy":0.11466758086956524,"expectancy_ratio":0.4255418689546422,"sortino":10.673734564249676,"sharpe":2.1800626404343895,"calmar":70.01040843921919,"sqn":0.7214,"profit_factor":1.5757331168209865,"backtest_start":"2026-01-02 00:00:00","backtest_start_ts":1767312000000,"backtest_end":"2026-02-02 00:00:00","backtest_end_ts":1769990400000,"backtest_days":31,"backtest_run_start_ts":1770041825,"backtest_run_end_ts":1770041825,"trades_per_day":0.74,"market_change":-0.15562884867533597,"pairlist":["ATOM/USDT","XRP/USDT","DOT/USDT"],"stake_amount":"unlimited","stake_currency":"USDT","stake_currency_decimals":3,"starting_balance":50,"dry_run_wallet":50,"final_balance":52.63735436,"rejected_signals":0,"timedout_entry_orders":0,"timedout_exit_orders":0,"canceled_trade_entries":0,"canceled_entry_orders":0,"replaced_entry_orders":0,"max_open_trades":3,"max_open_trades_setting":3,"timeframe":"15m","timeframe_detail":"","timerange":"20251104-20260202","enable_protections":false,"strategy_name":"MultiMa","freqaimodel":"XGBoostRegressor","freqai_identifier":"qs_v9_scalp_5m1h_l2","stoploss":-0.1,"trailing_stop":false,"trailing_stop_positive":0.01,"trailing_stop_positive_offset":0.02,"trailing_only_offset_is_reached":false,"use_custom_stoploss":false,"minimal_roi":{},"use_exit_signal":true,"exit_profit_only":false,"exit_profit_offset":0.0,"ignore_roi_if_entry_signal":false,"trading_mode":"spot","margin_mode":"","periodic_breakdown":{"day":[{"date":"06/01/2026","date_ts":1767657600000,"profit_abs":3.90457998,"wins":3,"draws":0,"losses":2,"trades":5,"profit_factor":11.29871322},{"date":"07/01/2026","date_ts":1767744000000,"profit_abs":-0.55807803,"wins":0,"draws":0,"losses":2,"trades":2,"profit_factor":0.0},{"date":"08/01/2026","date_ts":1767830400000,"profit_abs":-0.52509576,"wins":0,"draws":0,"losses":2,"trades":2,"profit_factor":0.0},{"date":"09/01/2026","date_ts":1767916800000,"profit_abs":-0.35664202,"wins":0,"draws":0,"losses":1,"trades":1,"profit_factor":0.0},{"date":"10/01/2026","date_ts":1768003200000,"profit_abs":0.1028769,"wins":1,"draws":0,"losses":3,"trades":4,"profit_factor":1.10619035},{"date":"11/01/2026","date_ts":1768089600000,"profit_abs":-0.1925401,"wins":0,"draws":0,"losses":2,"trades":2,"profit_factor":0.0},{"date":"12/01/2026","date_ts":1768176000000,"profit_abs":-0.61190822,"wins":0,"draws":0,"losses":1,"trades":1,"profit_factor":0.0},{"date":"13/01/2026","date_ts":1768262400000,"profit_abs":0.0,"wins":0,"draws":0,"losses":0,"trades":0,"profit_factor":0.0},{"date":"14/01/2026","date_ts":1768348800000,"profit_abs":1.86283028,"wins":2,"draws":0,"losses":0,"trades":2,"profit_factor":0.0},{"date":"15/01/2026","date_ts":1768435200000,"profit_abs":0.0,"wins":0,"draws":0,"losses":0,"trades":0,"profit_factor":0.0},{"date":"16/01/2026","date_ts":1768521600000,"profit_abs":0.0,"wins":0,"draws":0,"losses":0,"trades":0,"profit_factor":0.0},{"date":"17/01/2026","date_ts":1768608000000,"profit_abs":0.0,"wins":0,"draws":0,"losses":0,"trades":0,"profit_factor":0.0},{"date":"18/01/2026","date_ts":1768694400000,"profit_abs":0.0,"wins":0,"draws":0,"losses":0,"trades":0,"profit_factor":0.0},{"date":"19/01/2026","date_ts":1768780800000,"profit_abs":0.0,"wins":0,"draws":0,"losses":0,"trades":0,"profit_factor":0.0},{"date":"20/01/2026","date_ts":1768867200000,"profit_abs":0.0,"wins":0,"draws":0,"losses":0,"trades":0,"profit_factor":0.0},{"date":"21/01/2026","date_ts":1768953600000,"profit_abs":0.0,"wins":0,"draws":0,"losses":0,"trades":0,"profit_factor":0.0},{"date":"22/01/2026","date_ts":1769040000000,"profit_abs":0.0,"wins":0,"draws":0,"losses":0,"trades":0,"profit_factor":0.0},{"date":"23/01/2026","date_ts":1769126400000,"profit_abs":0.0,"wins":0,"draws":0,"losses":0,"trades":0,"profit_factor":0.0},{"date":"24/01/2026","date_ts":1769212800000,"profit_abs":0.0,"wins":0,"draws":0,"losses":0,"trades":0,"profit_factor":0.0},{"date":"25/01/2026","date_ts":1769299200000,"profit_abs":0.0,"wins":0,"draws":0,"losses":0,"trades":0,"profit_factor":0.0},{"date":"26/01/2026","date_ts":1769385600000,"profit_abs":0.0,"wins":0,"draws":0,"losses":0,"trades":0,"profit_factor":0.0},{"date":"27/01/2026","date_ts":1769472000000,"profit_abs":-0.1510364,"wins":0,"draws":0,"losses":1,"trades":1,"profit_factor":0.0},{"date":"28/01/2026","date_ts":1769558400000,"profit_abs":-0.83763227,"wins":0,"draws":0,"losses":3,"trades":3,"profit_factor":0.0}],"week":[{"date":"12/01/2026","date_ts":1768176000000,"profit_abs":1.76319275,"wins":4,"draws":0,"losses":13,"trades":17,"profit_factor":1.49084006},{"date":"19/01/2026","date_ts":1768780800000,"profit_abs":1.86283028,"wins":2,"draws":0,"losses":0,"trades":2,"profit_factor":0.0},{"date":"26/01/2026","date_ts":1769385600000,"profit_abs":0.0,"wins":0,"draws":0,"losses":0,"trades":0,"profit_factor":0.0},{"date":"02/02/2026","date_ts":1769990400000,"profit_abs":-0.98866867,"wins":0,"draws":0,"losses":4,"trades":4,"profit_factor":0.0}],"month":[{"date":"31/01/2026","date_ts":1769817600000,"profit_abs":2.63735436,"wins":6,"draws":0,"losses":17,"trades":23,"profit_factor":1.57573312}],"year":[{"date":"31/12/2026","date_ts":1798675200000,"profit_abs":2.63735436,"wins":6,"draws":0,"losses":17,"trades":23,"profit_factor":1.57573312}],"weekday":[{"date":"Monday","date_ts":0,"profit_abs":-0.61190822,"wins":0,"draws":0,"losses":1,"trades":1,"profit_factor":0.0},{"date":"Tuesday","date_ts":1,"profit_abs":3.75354358,"wins":3,"draws":0,"losses":3,"trades":6,"profit_factor":8.07989747},{"date":"Wednesday","date_ts":2,"profit_abs":0.46711998,"wins":2,"draws":0,"losses":5,"trades":7,"profit_factor":1.33468262},{"date":"Thursday","date_ts":3,"profit_abs":-0.52509576,"wins":0,"draws":0,"losses":2,"trades":2,"profit_factor":0.0},{"date":"Friday","date_ts":4,"profit_abs":-0.35664202,"wins":0,"draws":0,"losses":1,"trades":1,"profit_factor":0.0},{"date":"Saturday","date_ts":5,"profit_abs":0.1028769,"wins":1,"draws":0,"losses":3,"trades":4,"profit_factor":1.10619035},{"date":"Sunday","date_ts":6,"profit_abs":-0.1925401,"wins":0,"draws":0,"losses":2,"trades":2,"profit_factor":0.0}]},"backtest_best_day":0.24010574225987052,"backtest_worst_day":-0.047749820136852084,"backtest_best_day_abs":3.90457998,"backtest_worst_day_abs":-0.83763227,"winning_days":3,"draw_days":13,"losing_days":7,"daily_profit":[["2026-01-06",3.90457998],["2026-01-07",-0.55807803],["2026-01-08",-0.52509576],["2026-01-09",-0.35664202],["2026-01-10",0.1028769],["2026-01-11",-0.1925401],["2026-01-12",-0.61190822],["2026-01-13",0.0],["2026-01-14",1.86283028],["2026-01-15",0.0],["2026-01-16",0.0],["2026-01-17",0.0],["2026-01-18",0.0],["2026-01-19",0.0],["2026-01-20",0.0],["2026-01-21",0.0],["2026-01-22",0.0],["2026-01-23",0.0],["2026-01-24",0.0],["2026-01-25",0.0],["2026-01-26",0.0],["2026-01-27",-0.1510364],["2026-01-28",-0.83763227]],"wins":6,"losses":17,"draws":0,"winrate":0.2608695652173913,"holding_avg":"16:43:00","holding_avg_s":60180.0,"winner_holding_min":"0d 17:00","winner_holding_min_s":61200.0,"winner_holding_max":"2d 21:00","winner_holding_max_s":248400.0,"winner_holding_avg":"1d 20:50","winner_holding_avg_s":161400.0,"loser_holding_min":"0d 00:45","loser_holding_min_s":2700.0,"loser_holding_max":"0d 21:30","loser_holding_max_s":77400.0,"loser_holding_avg":"0d 06:48","loser_holding_avg_s":24480.0,"max_consecutive_wins":3,"max_consecutive_losses":7,"max_drawdown_account":0.04643234408477393,"max_relative_drawdown":0.04643234408477393,"max_drawdown_abs":2.52052003,"drawdown_start":"2026-01-06 10:15:00","drawdown_start_ts":1767694500000.0,"drawdown_end":"2026-01-12 09:00:00","drawdown_end_ts":1768208400000.0,"drawdown_duration":"5 days 22:45:00","drawdown_duration_s":513900.0,"max_drawdown_low":1.76319275,"max_drawdown_high":4.28371278,"csum_min":50.51038022,"csum_max":54.28371278}},"strategy_comparison":[{"key":"MultiMa","trades":23,"profit_mean":0.007397642012562189,"profit_mean_pct":0.74,"profit_total_abs":2.63735436,"profit_total":0.052747087199999994,"profit_total_pct":5.27,"duration_avg":"16:43:00","wins":6,"draws":0,"losses":17,"winrate":0.2608695652173913,"cagr":0.8316718346841394,"expectancy":0.11466758086956524,"expectancy_ratio":0.4255418689546422,"sortino":10.673734564249676,"sharpe":2.1800626404343895,"calmar":70.01040843921919,"sqn":0.7214,"profit_factor":1.5757331168209865,"max_drawdown_account":0.04643234408477393,"max_drawdown_abs":"2.521"}]}