{"strategy":{"PatternRecognition":{"trades":[{"pair":"XRP/USDT","stake_amount":9.78796,"max_stake_amount":9.78796,"amount":5.2,"open_date":"2026-01-02 03:20:00+00:00","close_date":"2026-01-03 07:20:00+00:00","open_rate":1.8823,"close_rate":1.9904,"fee_open":0.001,"fee_close":0.001,"trade_duration":1680,"profit_ratio":0.05531699347775425,"profit_abs":0.54198196,"exit_reason":"trailing_stop_loss","initial_stop_loss_abs":1.3402,"initial_stop_loss_ratio":-0.288,"stop_loss_abs":1.9904,"stop_loss_ratio":-0.032,"min_rate":1.8708,"max_rate":2.0561,"is_open":false,"enter_tag":"","leverage":1.0,"is_short":false,"open_timestamp":1767324000000,"close_timestamp":1767424800000,"orders":[{"amount":5.2,"safe_price":1.8823,"ft_order_side":"buy","order_filled_timestamp":1767324000000,"ft_is_entry":true,"ft_order_tag":"","cost":9.797747959999999},{"amount":5.2,"safe_price":1.9904,"ft_order_side":"sell","order_filled_timestamp":1767424800000,"ft_is_entry":false,"ft_order_tag":"trailing_stop_loss","cost":10.360430079999999}],"funding_fees":0.0,"weekday":5},{"pair":"SOL/USDT","stake_amount":9.82644,"max_stake_amount":9.82644,"amount":0.078,"open_date":"2026-01-02 02:25:00+00:00","close_date":"2026-01-05 13:40:00+00:00","open_rate":125.98,"close_rate":133.34199999999998,"fee_open":0.001,"fee_close":0.001,"trade_duration":4995,"profit_ratio":0.056323085937066183,"profit_abs":0.55400888,"exit_reason":"trailing_stop_loss","initial_stop_loss_abs":89.69776,"initial_stop_loss_ratio":-0.288,"stop_loss_abs":133.34199999999998,"stop_loss_ratio":-0.032,"min_rate":125.94,"max_rate":137.75,"is_open":false,"enter_tag":"","leverage":1.0,"is_short":false,"open_timestamp":1767320700000,"close_timestamp":1767620400000,"orders":[{"amount":0.078,"safe_price":125.98,"ft_order_side":"buy","order_filled_timestamp":1767320700000,"ft_is_entry":true,"ft_order_tag":"","cost":9.83626644},{"amount":0.078,"safe_price":133.34199999999998,"ft_order_side":"sell","order_filled_timestamp":1767620400000,"ft_is_entry":false,"ft_order_tag":"trailing_stop_loss","cost":10.411076675999999}],"funding_fees":0.0,"weekday":0},{"pair":"ADA/USDT","stake_amount":9.97409,"max_stake_amount":9.97409,"amount":25.9,"open_date":"2026-01-03 07:45:00+00:00","close_date":"2026-01-06 07:20:00+00:00","open_rate":0.3851,"close_rate":0.4172,"fee_open":0.001,"fee_close":0.001,"trade_duration":4295,"profit_ratio":0.08119042733428607,"profit_abs":0.81061043,"exit_reason":"trailing_stop_loss","initial_stop_loss_abs":0.2742,"initial_stop_loss_ratio":-0.288,"stop_loss_abs":0.4172,"stop_loss_ratio":-0.032,"min_rate":0.3826,"max_rate":0.4309,"is_open":false,"enter_tag":"","leverage":1.0,"is_short":false,"open_timestamp":1767426300000,"close_timestamp":1767684000000,"orders":[{"amount":25.9,"safe_price":0.3851,"ft_order_side":"buy","order_filled_timestamp":1767426300000,"ft_is_entry":true,"ft_order_tag":"","cost":9.984064089999997},{"amount":25.9,"safe_price":0.4172,"ft_order_side":"sell","order_filled_timestamp":1767684000000,"ft_is_entry":false,"ft_order_tag":"trailing_stop_loss","cost":10.816285479999998}],"funding_fees":0.0,"weekday":1},{"pair":"XRP/USDT","stake_amount":9.94614,"max_stake_amount":9.94614,"amount":4.7,"open_date":"2026-01-05 13:45:00+00:00","close_date":"2026-01-06 07:35:00+00:00","open_rate":2.1162,"close_rate":2.3399,"fee_open":0.001,"fee_close":0.001,"trade_duration":1070,"profit_ratio":0.10349913766415042,"profit_abs":1.03044633,"exit_reason":"trailing_stop_loss","initial_stop_loss_abs":1.5068,"initial_stop_loss_ratio":-0.288,"stop_loss_abs":2.3399,"stop_loss_ratio":-0.032,"min_rate":2.1121,"max_rate":2.4172000000000002,"is_open":false,"enter_tag":"","leverage":1.0,"is_short":false,"open_timestamp":1767620700000,"close_timestamp":1767684900000,"orders":[{"amount":4.7,"safe_price":2.1162,"ft_order_side":"buy","order_filled_timestamp":1767620700000,"ft_is_entry":true,"ft_order_tag":"","cost":9.95608614},{"amount":4.7,"safe_price":2.3399,"ft_order_side":"sell","order_filled_timestamp":1767684900000,"ft_is_entry":false,"ft_order_tag":"trailing_stop_loss","cost":11.00852753}],"funding_fees":0.0,"weekday":1},{"pair":"ETH/USDT","stake_amount":9.60064,"max_stake_amount":9.60064,"amount":0.0032,"open_date":"2026-01-02 01:40:00+00:00","close_date":"2026-01-06 17:55:00+00:00","open_rate":3000.2,"close_rate":3202.97648,"fee_open":0.001,"fee_close":0.001,"trade_duration":6735,"profit_ratio":0.06545461175881646,"profit_abs":0.62903457,"exit_reason":"trailing_stop_loss","initial_stop_loss_abs":2136.1423999999997,"initial_stop_loss_ratio":-0.288,"stop_loss_abs":3202.97648,"stop_loss_ratio":-0.032,"min_rate":2992.49,"max_rate":3308.86,"is_open":false,"enter_tag":"","leverage":1.0,"is_short":false,"open_timestamp":1767318000000,"close_timestamp":1767722100000,"orders":[{"amount":0.0032,"safe_price":3000.2,"ft_order_side":"buy","order_filled_timestamp":1767318000000,"ft_is_entry":true,"ft_order_tag":"","cost":9.610240639999999},{"amount":0.0032,"safe_price":3202.97648,"ft_order_side":"sell","order_filled_timestamp":1767722100000,"ft_is_entry":false,"ft_order_tag":"trailing_stop_loss","cost":10.259774260735998}],"funding_fees":0.0,"weekday":1},{"pair":"BNB/USDT","stake_amount":9.49135,"max_stake_amount":9.49135,"amount":0.011,"open_date":"2026-01-02 01:25:00+00:00","close_date":"2026-01-14 15:55:00+00:00","open_rate":862.85,"close_rate":941.57,"fee_open":0.001,"fee_close":0.001,"trade_duration":18150,"profit_ratio":0.08905225851392624,"profit_abs":0.84607138,"exit_reason":"roi","initial_stop_loss_abs":614.3492,"initial_stop_loss_ratio":-0.288,"stop_loss_abs":924.13024,"stop_loss_ratio":-0.032,"min_rate":859.64,"max_rate":954.68,"is_open":false,"enter_tag":"","leverage":1.0,"is_short":false,"open_timestamp":1767317100000,"close_timestamp":1768406100000,"orders":[{"amount":0.011,"safe_price":862.85,"ft_order_side":"buy","order_filled_timestamp":1767317100000,"ft_is_entry":true,"ft_order_tag":"","cost":9.500841349999998},{"amount":0.011,"safe_price":941.57,"ft_order_side":"sell","order_filled_timestamp":1768406100000,"ft_is_entry":false,"ft_order_tag":"roi","cost":10.367627269999998}],"funding_fees":0.0,"weekday":2},{"pair":"BTC/USDT","stake_amount":9.7264145,"max_stake_amount":9.7264145,"amount":0.00011,"open_date":"2026-01-02 02:30:00+00:00","close_date":"2026-01-14 17:00:00+00:00","open_rate":88421.95,"close_rate":97192.92,"fee_open":0.001,"fee_close":0.001,"trade_duration":18150,"profit_ratio":0.09699829411810636,"profit_abs":0.94438906,"exit_reason":"roi","initial_stop_loss_abs":62956.4284,"initial_stop_loss_ratio":-0.288,"stop_loss_abs":94567.46288,"stop_loss_ratio":-0.032,"min_rate":88412.35,"max_rate":97693.66,"is_open":false,"enter_tag":"","leverage":1.0,"is_short":false,"open_timestamp":1767321000000,"close_timestamp":1768410000000,"orders":[{"amount":0.00011,"safe_price":88421.95,"ft_order_side":"buy","order_filled_timestamp":1767321000000,"ft_is_entry":true,"ft_order_tag":"","cost":9.7361409145},{"amount":0.00011,"safe_price":97192.92,"ft_order_side":"sell","order_filled_timestamp":1768410000000,"ft_is_entry":false,"ft_order_tag":"roi","cost":10.701912421199998}],"funding_fees":0.0,"weekday":2},{"pair":"LINK/USDT","stake_amount":10.71,"max_stake_amount":10.71,"amount":0.75,"open_date":"2026-01-14 16:25:00+00:00","close_date":"2026-01-31 14:20:00+00:00","open_rate":14.28,"close_rate":10.167359999999999,"fee_open":0.001,"fee_close":0.001,"trade_duration":24355,"profit_ratio":-0.28942257742257743,"profit_abs":-3.10281552,"exit_reason":"stop_loss","initial_stop_loss_abs":10.167359999999999,"initial_stop_loss_ratio":-0.288,"stop_loss_abs":10.167359999999999,"stop_loss_ratio":-0.288,"min_rate":10.15,"max_rate":14.4,"is_open":false,"enter_tag":"","leverage":1.0,"is_short":false,"open_timestamp":1768407900000,"close_timestamp":1769869200000,"orders":[{"amount":0.75,"safe_price":14.28,"ft_order_side":"buy","order_filled_timestamp":1768407900000,"ft_is_entry":true,"ft_order_tag":"","cost":10.720709999999999},{"amount":0.75,"safe_price":10.167359999999999,"ft_order_side":"sell","order_filled_timestamp":1769869200000,"ft_is_entry":false,"ft_order_tag":"stop_loss","cost":7.6331455199999985}],"funding_fees":0.0,"weekday":5},{"pair":"AVAX/USDT","stake_amount":10.4244,"max_stake_amount":10.4244,"amount":0.73,"open_date":"2026-01-06 08:30:00+00:00","close_date":"2026-01-31 14:25:00+00:00","open_rate":14.28,"close_rate":10.167359999999999,"fee_open":0.001,"fee_close":0.001,"trade_duration":36355,"profit_ratio":-0.2894225771542452,"profit_abs":-3.02007377,"exit_reason":"stop_loss","initial_stop_loss_abs":10.167359999999999,"initial_stop_loss_ratio":-0.288,"stop_loss_abs":10.167359999999999,"stop_loss_ratio":-0.288,"min_rate":10.04,"max_rate":14.95,"is_open":false,"enter_tag":"","leverage":1.0,"is_short":false,"open_timestamp":1767688200000,"close_timestamp":1769869500000,"orders":[{"amount":0.73,"safe_price":14.28,"ft_order_side":"buy","order_filled_timestamp":1767688200000,"ft_is_entry":true,"ft_order_tag":"","cost":10.434824399999997},{"amount":0.73,"safe_price":10.167359999999999,"ft_order_side":"sell","order_filled_timestamp":1769869500000,"ft_is_entry":false,"ft_order_tag":"stop_loss","cost":7.429594972799998}],"funding_fees":0.0,"weekday":5},{"pair":"ADA/USDT","stake_amount":10.582,"max_stake_amount":10.582,"amount":26.0,"open_date":"2026-01-06 18:35:00+00:00","close_date":"2026-01-31 17:05:00+00:00","open_rate":0.407,"close_rate":0.2898,"fee_open":0.001,"fee_close":0.001,"trade_duration":35910,"profit_ratio":-0.2893833439287985,"profit_abs":-3.0653168,"exit_reason":"stop_loss","initial_stop_loss_abs":0.2898,"initial_stop_loss_ratio":-0.288,"stop_loss_abs":0.2898,"stop_loss_ratio":-0.288,"min_rate":0.28950000000000004,"max_rate":0.4273,"is_open":false,"enter_tag":"","leverage":1.0,"is_short":false,"open_timestamp":1767724500000,"close_timestamp":1769879100000,"orders":[{"amount":26.0,"safe_price":0.40700000000000003,"ft_order_side":"buy","order_filled_timestamp":1767724500000,"ft_is_entry":true,"ft_order_tag":"","cost":10.592582},{"amount":26.0,"safe_price":0.2898,"ft_order_side":"sell","order_filled_timestamp":1769879100000,"ft_is_entry":false,"ft_order_tag":"stop_loss","cost":7.542334799999999}],"funding_fees":0.0,"weekday":5},{"pair":"ETH/USDT","stake_amount":10.779872,"max_stake_amount":10.779872,"amount":0.0032,"open_date":"2026-01-14 17:05:00+00:00","close_date":"2026-01-31 17:10:00+00:00","open_rate":3368.71,"close_rate":2398.52152,"fee_open":0.001,"fee_close":0.001,"trade_duration":24485,"profit_ratio":-0.28942257771319935,"profit_abs":-3.12305828,"exit_reason":"stop_loss","initial_stop_loss_abs":2398.52152,"initial_stop_loss_ratio":-0.288,"stop_loss_abs":2398.52152,"stop_loss_ratio":-0.288,"min_rate":2370.0,"max_rate":3400.01,"is_open":false,"enter_tag":"","leverage":1.0,"is_short":false,"open_timestamp":1768410300000,"close_timestamp":1769879400000,"orders":[{"amount":0.0032,"safe_price":3368.71,"ft_order_side":"buy","order_filled_timestamp":1768410300000,"ft_is_entry":true,"ft_order_tag":"","cost":10.790651872},{"amount":0.0032,"safe_price":2398.52152,"ft_order_side":"sell","order_filled_timestamp":1769879400000,"ft_is_entry":false,"ft_order_tag":"stop_loss","cost":7.682944132863999}],"funding_fees":0.0,"weekday":5},{"pair":"SOL/USDT","stake_amount":10.374,"max_stake_amount":10.374,"amount":0.075,"open_date":"2026-01-06 09:55:00+00:00","close_date":"2026-01-31 18:40:00+00:00","open_rate":138.32,"close_rate":98.48383999999999,"fee_open":0.001,"fee_close":0.001,"trade_duration":36525,"profit_ratio":-0.28942257761517454,"profit_abs":-3.00547229,"exit_reason":"stop_loss","initial_stop_loss_abs":98.48383999999999,"initial_stop_loss_ratio":-0.288,"stop_loss_abs":98.48383999999999,"stop_loss_ratio":-0.288,"min_rate":96.4,"max_rate":148.74,"is_open":false,"enter_tag":"","leverage":1.0,"is_short":false,"open_timestamp":1767693300000,"close_timestamp":1769884800000,"orders":[{"amount":0.075,"safe_price":138.32,"ft_order_side":"buy","order_filled_timestamp":1767693300000,"ft_is_entry":true,"ft_order_tag":"","cost":10.384373999999998},{"amount":0.075,"safe_price":98.48383999999999,"ft_order_side":"sell","order_filled_timestamp":1769884800000,"ft_is_entry":false,"ft_order_tag":"stop_loss","cost":7.393674287999998}],"funding_fees":0.0,"weekday":5},{"pair":"BTC/USDT","stake_amount":7.901551,"max_stake_amount":7.901551,"amount":0.0001,"open_date":"2026-01-31 17:25:00+00:00","close_date":"2026-02-01 00:00:00+00:00","open_rate":79015.51,"close_rate":78741.1,"fee_open":0.001,"fee_close":0.001,"trade_duration":395,"profit_ratio":-0.005463925565181635,"profit_abs":-0.04321666,"exit_reason":"force_exit","initial_stop_loss_abs":56259.043119999995,"initial_stop_loss_ratio":-0.288,"stop_loss_abs":56259.043119999995,"stop_loss_ratio":-0.288,"min_rate":75719.9,"max_rate":79293.3,"is_open":false,"enter_tag":"","leverage":1.0,"is_short":false,"open_timestamp":1769880300000,"close_timestamp":1769904000000,"orders":[{"amount":0.0001,"safe_price":79015.51,"ft_order_side":"buy","order_filled_timestamp":1769880300000,"ft_is_entry":true,"ft_order_tag":"","cost":7.909452550999998},{"amount":0.0001,"safe_price":78741.1,"ft_order_side":"sell","order_filled_timestamp":1769904000000,"ft_is_entry":false,"ft_order_tag":"force_exit","cost":7.88198411}],"funding_fees":0.0,"weekday":6},{"pair":"ETH/USDT","stake_amount":7.291758,"max_stake_amount":7.291758,"amount":0.0031,"open_date":"2026-01-31 18:45:00+00:00","close_date":"2026-02-01 00:00:00+00:00","open_rate":2352.18,"close_rate":2451.96,"fee_open":0.001,"fee_close":0.001,"trade_duration":315,"profit_ratio":0.04033746580194227,"profit_abs":0.29442517,"exit_reason":"force_exit","initial_stop_loss_abs":1674.7521599999998,"initial_stop_loss_ratio":-0.288,"stop_loss_abs":1674.7521599999998,"stop_loss_ratio":-0.288,"min_rate":2327.4,"max_rate":2473.77,"is_open":false,"enter_tag":"","leverage":1.0,"is_short":false,"open_timestamp":1769885100000,"close_timestamp":1769904000000,"orders":[{"amount":0.0031,"safe_price":2352.18,"ft_order_side":"buy","order_filled_timestamp":1769885100000,"ft_is_entry":true,"ft_order_tag":"","cost":7.299049757999998},{"amount":0.0031,"safe_price":2451.96,"ft_order_side":"sell","order_filled_timestamp":1769904000000,"ft_is_entry":false,"ft_order_tag":"force_exit","cost":7.608677075999999}],"funding_fees":0.0,"weekday":6},{"pair":"BNB/USDT","stake_amount":9.70416,"max_stake_amount":9.70416,"amount":0.012,"open_date":"2026-01-31 14:50:00+00:00","close_date":"2026-02-01 00:00:00+00:00","open_rate":808.68,"close_rate":781.39,"fee_open":0.001,"fee_close":0.001,"trade_duration":550,"profit_ratio":-0.03567692879905374,"profit_abs":-0.34656084,"exit_reason":"force_exit","initial_stop_loss_abs":575.7801599999999,"initial_stop_loss_ratio":-0.288,"stop_loss_abs":575.7801599999999,"stop_loss_ratio":-0.288,"min_rate":750.0,"max_rate":816.8,"is_open":false,"enter_tag":"","leverage":1.0,"is_short":false,"open_timestamp":1769871000000,"close_timestamp":1769904000000,"orders":[{"amount":0.012,"safe_price":808.68,"ft_order_side":"buy","order_filled_timestamp":1769871000000,"ft_is_entry":true,"ft_order_tag":"","cost":9.713864159999998},{"amount":0.012,"safe_price":781.39,"ft_order_side":"sell","order_filled_timestamp":1769904000000,"ft_is_entry":false,"ft_order_tag":"force_exit","cost":9.38605668}],"funding_fees":0.0,"weekday":6},{"pair":"ADA/USDT","stake_amount":7.33752,"max_stake_amount":7.33752,"amount":25.8,"open_date":"2026-01-31 17:45:00+00:00","close_date":"2026-02-01 00:00:00+00:00","open_rate":0.2844,"close_rate":0.2937,"fee_open":0.001,"fee_close":0.001,"trade_duration":375,"profit_ratio":0.030637084434552788,"profit_abs":0.22502502,"exit_reason":"force_exit","initial_stop_loss_abs":0.2025,"initial_stop_loss_ratio":-0.288,"stop_loss_abs":0.2025,"stop_loss_ratio":-0.288,"min_rate":0.2685,"max_rate":0.2958,"is_open":false,"enter_tag":"","leverage":1.0,"is_short":false,"open_timestamp":1769881500000,"close_timestamp":1769904000000,"orders":[{"amount":25.8,"safe_price":0.2844,"ft_order_side":"buy","order_filled_timestamp":1769881500000,"ft_is_entry":true,"ft_order_tag":"","cost":7.344857519999999},{"amount":25.8,"safe_price":0.2937,"ft_order_side":"sell","order_filled_timestamp":1769904000000,"ft_is_entry":false,"ft_order_tag":"force_exit","cost":7.58503746}],"funding_fees":0.0,"weekday":6},{"pair":"DOT/USDT","stake_amount":7.29756,"max_stake_amount":7.29756,"amount":4.66,"open_date":"2026-01-31 15:00:00+00:00","close_date":"2026-02-01 00:00:00+00:00","open_rate":1.566,"close_rate":1.548,"fee_open":0.001,"fee_close":0.001,"trade_duration":540,"profit_ratio":-0.013469289331358297,"profit_abs":-0.09839124,"exit_reason":"force_exit","initial_stop_loss_abs":1.115,"initial_stop_loss_ratio":-0.288,"stop_loss_abs":1.115,"stop_loss_ratio":-0.288,"min_rate":1.399,"max_rate":1.592,"is_open":false,"enter_tag":"","leverage":1.0,"is_short":false,"open_timestamp":1769871600000,"close_timestamp":1769904000000,"orders":[{"amount":4.66,"safe_price":1.566,"ft_order_side":"buy","order_filled_timestamp":1769871600000,"ft_is_entry":true,"ft_order_tag":"","cost":7.30485756},{"amount":4.66,"safe_price":1.548,"ft_order_side":"sell","order_filled_timestamp":1769904000000,"ft_is_entry":false,"ft_order_tag":"force_exit","cost":7.22089368}],"funding_fees":0.0,"weekday":6}],"locks":[],"best_pair":{"key":"XRP/USDT","trades":2,"profit_mean":0.07940806557095234,"profit_mean_pct":7.94,"profit_total_abs":1.57242829,"profit_total":0.0314485658,"profit_total_pct":3.14,"duration_avg":"22:55:00","wins":2,"draws":0,"losses":0,"winrate":1.0,"cagr":0.45751213275091174,"expectancy":0.786214145,"expectancy_ratio":100.0,"sortino":-100,"sharpe":4.10008755935016,"calmar":-100,"sqn":3.2191,"profit_factor":0.0,"max_drawdown_account":0.0,"max_drawdown_abs":0.0},"worst_pair":{"key":"LINK/USDT","trades":1,"profit_mean":-0.28942257742257743,"profit_mean_pct":-28.94,"profit_total_abs":-3.10281552,"profit_total":-0.0620563104,"profit_total_pct":-6.21,"duration_avg":"16 days, 21:55:00","wins":0,"draws":0,"losses":1,"winrate":0.0,"cagr":-0.541347268235382,"expectancy":-3.10281552,"expectancy_ratio":-1.0,"sortino":-100,"sharpe":-100,"calmar":-63.683243915142675,"sqn":-100.0,"profit_factor":0.0,"max_drawdown_account":0.0620563104,"max_drawdown_abs":3.10281552},"results_per_pair":[{"key":"XRP/USDT","trades":2,"profit_mean":0.07940806557095234,"profit_mean_pct":7.94,"profit_total_abs":1.57242829,"profit_total":0.0314485658,"profit_total_pct":3.14,"duration_avg":"22:55:00","wins":2,"draws":0,"losses":0,"winrate":1.0,"cagr":0.45751213275091174,"expectancy":0.786214145,"expectancy_ratio":100.0,"sortino":-100,"sharpe":4.10008755935016,"calmar":-100,"sqn":3.2191,"profit_factor":0.0,"max_drawdown_account":0.0,"max_drawdown_abs":0.0},{"key":"BTC/USDT","trades":2,"profit_mean":0.04576718427646236,"profit_mean_pct":4.58,"profit_total_abs":0.9011724,"profit_total":0.018023448,"profit_total_pct":1.8,"duration_avg":"6 days, 10:32:00","wins":1,"draws":0,"losses":1,"winrate":0.5,"cagr":0.24275734180797626,"expectancy":0.4505862,"expectancy_ratio":10.426215260503705,"sortino":-100,"sharpe":1.1621962205483074,"calmar":1353.0324560531924,"sqn":0.9125,"profit_factor":21.85243052100741,"max_drawdown_account":0.0008483104969440338,"max_drawdown_abs":0.04321666000000002},{"key":"BNB/USDT","trades":2,"profit_mean":0.02668766485743625,"profit_mean_pct":2.67,"profit_total_abs":0.49951054000000006,"profit_total":0.009990210800000001,"profit_total_pct":1.0,"duration_avg":"6 days, 11:50:00","wins":1,"draws":0,"losses":1,"winrate":0.5,"cagr":0.12856220255818274,"expectancy":0.24975527000000003,"expectancy_ratio":0.7206678919637892,"sortino":-100,"sharpe":0.5334494745916663,"calmar":93.34213816526487,"sqn":0.4188,"profit_factor":2.4413357839275784,"max_drawdown_account":0.006815882340445928,"max_drawdown_abs":0.34656084},{"key":"DOGE/USDT","trades":0,"profit_mean":0.0,"profit_mean_pct":0.0,"profit_total_abs":0.0,"profit_total":0.0,"profit_total_pct":0.0,"duration_avg":"0:00","wins":0,"draws":0,"losses":0,"winrate":0.0,"cagr":0.0,"expectancy":0.0,"expectancy_ratio":100.0,"sortino":0,"sharpe":0,"calmar":0,"sqn":0.0,"profit_factor":0.0,"max_drawdown_account":0.0,"max_drawdown_abs":0.0},{"key":"DOT/USDT","trades":1,"profit_mean":-0.013469289331358297,"profit_mean_pct":-1.35,"profit_total_abs":-0.09839124,"profit_total":-0.0019678248000000002,"profit_total_pct":-0.2,"duration_avg":"9:00:00","wins":0,"draws":0,"losses":1,"winrate":0.0,"cagr":-0.02368056489535375,"expectancy":-0.09839124,"expectancy_ratio":-1.0,"sortino":-100,"sharpe":-100,"calmar":-63.683243915143976,"sqn":-100.0,"profit_factor":0.0,"max_drawdown_account":0.00196782479999996,"max_drawdown_abs":0.09839124},{"key":"ADA/USDT","trades":3,"profit_mean":-0.05918527738665322,"profit_mean_pct":-5.92,"profit_total_abs":-2.02968135,"profit_total":-0.040593627,"profit_total_pct":-4.06,"duration_avg":"9 days, 9:27:00","wins":2,"draws":0,"losses":1,"winrate":0.6666666666666666,"cagr":-0.39600739517436656,"expectancy":-0.67656045,"expectancy_ratio":-0.22071469089263474,"sortino":-100,"sharpe":-0.7576861870404931,"calmar":-42.8511105095341,"sqn":-0.5609,"profit_factor":0.337855927322096,"max_drawdown_account":0.06032828131878041,"max_drawdown_abs":3.0653168},{"key":"ETH/USDT","trades":3,"profit_mean":-0.061210166717480204,"profit_mean_pct":-6.12,"profit_total_abs":-2.19959854,"profit_total":-0.0439919708,"profit_total_pct":-4.4,"duration_avg":"7 days, 7:12:00","wins":2,"draws":0,"losses":1,"winrate":0.6666666666666666,"cagr":-0.42152836634702395,"expectancy":-0.7331995133333333,"expectancy_ratio":-0.23476971852518014,"sortino":-100,"sharpe":-0.826222533080258,"calmar":-45.41696961950336,"sqn":-0.6116,"profit_factor":0.2956908444244595,"max_drawdown_account":0.061685124089854874,"max_drawdown_abs":3.12305828},{"key":"SOL/USDT","trades":2,"profit_mean":-0.11654974583905417,"profit_mean_pct":-11.65,"profit_total_abs":-2.45146341,"profit_total":-0.049029268200000004,"profit_total_pct":-4.9,"duration_avg":"14 days, 10:00:00","wins":1,"draws":0,"losses":1,"winrate":0.5,"cagr":-0.45754089737464043,"expectancy":-1.225731705,"expectancy_ratio":-0.4078333076230092,"sortino":-100,"sharpe":-0.8771904377742633,"calmar":-52.51984803727262,"sqn":-0.6887,"profit_factor":0.18433338475398156,"max_drawdown_account":0.05945072125010079,"max_drawdown_abs":3.00547229},{"key":"AVAX/USDT","trades":1,"profit_mean":-0.2894225771542452,"profit_mean_pct":-28.94,"profit_total_abs":-3.02007377,"profit_total":-0.0604014754,"profit_total_pct":-6.04,"duration_avg":"25 days, 5:55:00","wins":0,"draws":0,"losses":1,"winrate":0.0,"cagr":-0.5314042972580054,"expectancy":-3.02007377,"expectancy_ratio":-1.0,"sortino":-100,"sharpe":-100,"calmar":-63.683243915142604,"sqn":-100.0,"profit_factor":0.0,"max_drawdown_account":0.060401475400000064,"max_drawdown_abs":3.02007377},{"key":"LINK/USDT","trades":1,"profit_mean":-0.28942257742257743,"profit_mean_pct":-28.94,"profit_total_abs":-3.10281552,"profit_total":-0.0620563104,"profit_total_pct":-6.21,"duration_avg":"16 days, 21:55:00","wins":0,"draws":0,"losses":1,"winrate":0.0,"cagr":-0.541347268235382,"expectancy":-3.10281552,"expectancy_ratio":-1.0,"sortino":-100,"sharpe":-100,"calmar":-63.683243915142675,"sqn":-100.0,"profit_factor":0.0,"max_drawdown_account":0.0620563104,"max_drawdown_abs":3.10281552},{"key":"TOTAL","trades":17,"profit_mean":-0.05193379049935221,"profit_mean_pct":-5.19,"profit_total_abs":-9.9289126,"profit_total":-0.198578252,"profit_total_pct":-19.86,"duration_avg":"8 days, 18:40:00","wins":9,"draws":0,"losses":8,"winrate":0.5294117647058824,"cagr":-0.9323433738028226,"expectancy":-0.5840536823529411,"expectancy_ratio":-0.29563159921371807,"sortino":-4.493867062068736,"sharpe":-3.855496807514478,"calmar":-45.421796860385356,"sqn":-1.4245,"profit_factor":0.371782851670849,"max_drawdown_account":0.2784149490437261,"max_drawdown_abs":15.41208899}],"results_per_enter_tag":[{"key":"","trades":17,"profit_mean":-0.05193379049935221,"profit_mean_pct":-5.19,"profit_total_abs":-9.9289126,"profit_total":-0.198578252,"profit_total_pct":-19.86,"duration_avg":"8 days, 18:40:00","wins":9,"draws":0,"losses":8,"winrate":0.5294117647058824,"cagr":-0.9323433738028226,"expectancy":-0.5840536823529411,"expectancy_ratio":-0.29563159921371807,"sortino":-4.493867062068736,"sharpe":-3.855496807514478,"calmar":-45.421796860385356,"sqn":-1.4245,"profit_factor":0.371782851670849,"max_drawdown_account":0.2784149490437261,"max_drawdown_abs":15.41208899},{"key":"TOTAL","trades":17,"profit_mean":-0.05193379049935221,"profit_mean_pct":-5.19,"profit_total_abs":-9.9289126,"profit_total":-0.198578252,"profit_total_pct":-19.86,"duration_avg":"8 days, 18:40:00","wins":9,"draws":0,"losses":8,"winrate":0.5294117647058824,"cagr":-0.9323433738028226,"expectancy":-0.5840536823529411,"expectancy_ratio":-0.29563159921371807,"sortino":-4.493867062068736,"sharpe":-3.855496807514478,"calmar":-45.421796860385356,"sqn":-1.4245,"profit_factor":0.371782851670849,"max_drawdown_account":0.2784149490437261,"max_drawdown_abs":15.41208899}],"exit_reason_summary":[{"key":"trailing_stop_loss","trades":5,"profit_mean":0.07235685123441468,"profit_mean_pct":7.24,"profit_total_abs":3.5660821699999996,"profit_total":0.0713216434,"profit_total_pct":7.13,"duration_avg":"2 days, 14:35:00","wins":5,"draws":0,"losses":0,"winrate":1.0,"cagr":1.312198912656478,"expectancy":0.7132164339999999,"expectancy_ratio":100.0,"sortino":-100,"sharpe":12.248836115805107,"calmar":-100,"sqn":7.6936,"profit_factor":0.0,"max_drawdown_account":0.0,"max_drawdown_abs":0.0},{"key":"roi","trades":2,"profit_mean":0.0930252763160163,"profit_mean_pct":9.3,"profit_total_abs":1.79046044,"profit_total":0.0358092088,"profit_total_pct":3.58,"duration_avg":"12 days, 14:30:00","wins":2,"draws":0,"losses":0,"winrate":1.0,"cagr":0.534277234935409,"expectancy":0.89523022,"expectancy_ratio":100.0,"sortino":-100,"sharpe":23.194674431075622,"calmar":-100,"sqn":18.211,"profit_factor":0.0,"max_drawdown_account":0.0,"max_drawdown_abs":0.0},{"key":"force_exit","trades":5,"profit_mean":0.0032728813081802774,"profit_mean_pct":0.33,"profit_total_abs":0.03128145,"profit_total":0.000625629,"profit_total_pct":0.06,"duration_avg":"7:15:00","wins":2,"draws":0,"losses":3,"winrate":0.4,"cagr":0.007638464764700537,"expectancy":0.0062562900000000254,"expectancy_ratio":0.03844750485252302,"sortino":0.1509968901440154,"sharpe":0.08592090651568446,"calmar":5.777089185778751,"sqn":0.054,"profit_factor":1.0640791747542049,"max_drawdown_account":0.006896567272228477,"max_drawdown_abs":0.34656084},{"key":"stop_loss","trades":5,"profit_mean":-0.289414730766799,"profit_mean_pct":-28.94,"profit_total_abs":-15.31673666,"profit_total":-0.3063347332,"profit_total_pct":-30.63,"duration_avg":"21 days, 21:26:00","wins":0,"draws":0,"losses":5,"winrate":0.0,"cagr":-0.98832318552179,"expectancy":-3.063347332,"expectancy_ratio":-1.0,"sortino":-214.39980494244733,"sharpe":-214.39980494244733,"calmar":-63.68324391514264,"sqn":-134.6664,"profit_factor":0.0,"max_drawdown_account":0.3063347332000001,"max_drawdown_abs":15.31673666},{"key":"TOTAL","trades":17,"profit_mean":-0.05193379049935221,"profit_mean_pct":-5.19,"profit_total_abs":-9.9289126,"profit_total":-0.198578252,"profit_total_pct":-19.86,"duration_avg":"8 days, 18:40:00","wins":9,"draws":0,"losses":8,"winrate":0.5294117647058824,"cagr":-0.9323433738028226,"expectancy":-0.5840536823529411,"expectancy_ratio":-0.29563159921371807,"sortino":-4.493867062068736,"sharpe":-3.855496807514478,"calmar":-45.421796860385356,"sqn":-1.4245,"profit_factor":0.371782851670849,"max_drawdown_account":0.2784149490437261,"max_drawdown_abs":15.41208899}],"mix_tag_stats":[{"key":["","trailing_stop_loss"],"trades":5,"profit_mean":0.07235685123441468,"profit_mean_pct":7.24,"profit_total_abs":3.5660821699999996,"profit_total":0.0713216434,"profit_total_pct":7.13,"duration_avg":"2 days, 14:35:00","wins":5,"draws":0,"losses":0,"winrate":1.0,"cagr":1.312198912656478,"expectancy":0.7132164339999999,"expectancy_ratio":100.0,"sortino":-100,"sharpe":12.248836115805107,"calmar":-100,"sqn":7.6936,"profit_factor":0.0,"max_drawdown_account":0.0,"max_drawdown_abs":0.0},{"key":["","roi"],"trades":2,"profit_mean":0.0930252763160163,"profit_mean_pct":9.3,"profit_total_abs":1.79046044,"profit_total":0.0358092088,"profit_total_pct":3.58,"duration_avg":"12 days, 14:30:00","wins":2,"draws":0,"losses":0,"winrate":1.0,"cagr":0.534277234935409,"expectancy":0.89523022,"expectancy_ratio":100.0,"sortino":-100,"sharpe":23.194674431075622,"calmar":-100,"sqn":18.211,"profit_factor":0.0,"max_drawdown_account":0.0,"max_drawdown_abs":0.0},{"key":["","force_exit"],"trades":5,"profit_mean":0.0032728813081802774,"profit_mean_pct":0.33,"profit_total_abs":0.03128145,"profit_total":0.000625629,"profit_total_pct":0.06,"duration_avg":"7:15:00","wins":2,"draws":0,"losses":3,"winrate":0.4,"cagr":0.007638464764700537,"expectancy":0.0062562900000000254,"expectancy_ratio":0.03844750485252302,"sortino":0.1509968901440154,"sharpe":0.08592090651568446,"calmar":5.777089185778751,"sqn":0.054,"profit_factor":1.0640791747542049,"max_drawdown_account":0.006896567272228477,"max_drawdown_abs":0.34656084},{"key":["","stop_loss"],"trades":5,"profit_mean":-0.289414730766799,"profit_mean_pct":-28.94,"profit_total_abs":-15.31673666,"profit_total":-0.3063347332,"profit_total_pct":-30.63,"duration_avg":"21 days, 21:26:00","wins":0,"draws":0,"losses":5,"winrate":0.0,"cagr":-0.98832318552179,"expectancy":-3.063347332,"expectancy_ratio":-1.0,"sortino":-214.39980494244733,"sharpe":-214.39980494244733,"calmar":-63.68324391514264,"sqn":-134.6664,"profit_factor":0.0,"max_drawdown_account":0.3063347332000001,"max_drawdown_abs":15.31673666},{"key":"TOTAL","trades":17,"profit_mean":-0.05193379049935221,"profit_mean_pct":-5.19,"profit_total_abs":-9.9289126,"profit_total":-0.198578252,"profit_total_pct":-19.86,"duration_avg":"8 days, 18:40:00","wins":9,"draws":0,"losses":8,"winrate":0.5294117647058824,"cagr":-0.9323433738028226,"expectancy":-0.5840536823529411,"expectancy_ratio":-0.29563159921371807,"sortino":-4.493867062068736,"sharpe":-3.855496807514478,"calmar":-45.421796860385356,"sqn":-1.4245,"profit_factor":0.371782851670849,"max_drawdown_account":0.2784149490437261,"max_drawdown_abs":15.41208899}],"left_open_trades":[{"key":"ETH/USDT","trades":1,"profit_mean":0.04033746580194227,"profit_mean_pct":4.03,"profit_total_abs":0.29442517,"profit_total":0.0058885034,"profit_total_pct":0.59,"duration_avg":"5:15:00","wins":1,"draws":0,"losses":0,"winrate":1.0,"cagr":0.07404655890916656,"expectancy":0.29442517,"expectancy_ratio":100.0,"sortino":-100,"sharpe":-100,"calmar":-100,"sqn":-100.0,"profit_factor":0.0,"max_drawdown_account":0.0,"max_drawdown_abs":0.0},{"key":"ADA/USDT","trades":1,"profit_mean":0.030637084434552788,"profit_mean_pct":3.06,"profit_total_abs":0.22502502,"profit_total":0.004500500399999999,"profit_total_pct":0.45,"duration_avg":"6:15:00","wins":1,"draws":0,"losses":0,"winrate":1.0,"cagr":0.05615319073209357,"expectancy":0.22502502,"expectancy_ratio":100.0,"sortino":-100,"sharpe":-100,"calmar":-100,"sqn":-100.0,"profit_factor":0.0,"max_drawdown_account":0.0,"max_drawdown_abs":0.0},{"key":"BTC/USDT","trades":1,"profit_mean":-0.005463925565181635,"profit_mean_pct":-0.55,"profit_total_abs":-0.04321666,"profit_total":-0.0008643332,"profit_total_pct":-0.09,"duration_avg":"6:35:00","wins":0,"draws":0,"losses":1,"winrate":0.0,"cagr":-0.010465453281816584,"expectancy":-0.04321666,"expectancy_ratio":-1.0,"sortino":-100,"sharpe":-100,"calmar":-63.68324391514443,"sqn":-100.0,"profit_factor":0.0,"max_drawdown_account":0.0008643331999999759,"max_drawdown_abs":0.04321666},{"key":"DOT/USDT","trades":1,"profit_mean":-0.013469289331358297,"profit_mean_pct":-1.35,"profit_total_abs":-0.09839124,"profit_total":-0.0019678248000000002,"profit_total_pct":-0.2,"duration_avg":"9:00:00","wins":0,"draws":0,"losses":1,"winrate":0.0,"cagr":-0.02368056489535375,"expectancy":-0.09839124,"expectancy_ratio":-1.0,"sortino":-100,"sharpe":-100,"calmar":-63.683243915143976,"sqn":-100.0,"profit_factor":0.0,"max_drawdown_account":0.00196782479999996,"max_drawdown_abs":0.09839124},{"key":"BNB/USDT","trades":1,"profit_mean":-0.03567692879905374,"profit_mean_pct":-3.57,"profit_total_abs":-0.34656084,"profit_total":-0.0069312168,"profit_total_pct":-0.69,"duration_avg":"9:10:00","wins":0,"draws":0,"losses":1,"winrate":0.0,"cagr":-0.08114175342029795,"expectancy":-0.34656084,"expectancy_ratio":-1.0,"sortino":-100,"sharpe":-100,"calmar":-63.68324391514225,"sqn":-100.0,"profit_factor":0.0,"max_drawdown_account":0.006931216800000044,"max_drawdown_abs":0.34656084},{"key":"TOTAL","trades":5,"profit_mean":0.0032728813081802774,"profit_mean_pct":0.33,"profit_total_abs":0.03128145,"profit_total":0.000625629,"profit_total_pct":0.06,"duration_avg":"7:15:00","wins":2,"draws":0,"losses":3,"winrate":0.4,"cagr":0.007638464764700537,"expectancy":0.0062562900000000254,"expectancy_ratio":0.03844750485252302,"sortino":0.1509968901440154,"sharpe":0.08592090651568446,"calmar":5.777089185778751,"sqn":0.054,"profit_factor":1.0640791747542049,"max_drawdown_account":0.006896567272228477,"max_drawdown_abs":0.34656084}],"total_trades":17,"trade_count_long":17,"trade_count_short":0,"total_volume":312.20658779309997,"avg_stake_amount":9.456226794117649,"profit_mean":-0.05193379049935221,"profit_median":0.030637084434552788,"profit_total":-0.198578252,"profit_total_long":-0.198578252,"profit_total_short":0.0,"profit_total_abs":-9.9289126,"profit_total_long_abs":-9.9289126,"profit_total_short_abs":0.0,"cagr":-0.9323433738028226,"expectancy":-0.5840536823529411,"expectancy_ratio":-0.29563159921371807,"sortino":-4.493867062068736,"sharpe":-3.855496807514478,"calmar":-45.421796860385356,"sqn":-1.4245,"profit_factor":0.371782851670849,"backtest_start":"2026-01-02 00:00:00","backtest_start_ts":1767312000000,"backtest_end":"2026-02-01 00:00:00","backtest_end_ts":1769904000000,"backtest_days":30,"backtest_run_start_ts":1769916603,"backtest_run_end_ts":1769916607,"trades_per_day":0.57,"market_change":-0.1703875411838069,"pairlist":["BTC/USDT","ETH/USDT","BNB/USDT","SOL/USDT","ADA/USDT","XRP/USDT","DOT/USDT","DOGE/USDT","AVAX/USDT","LINK/USDT"],"stake_amount":"unlimited","stake_currency":"USDT","stake_currency_decimals":3,"starting_balance":50,"dry_run_wallet":50,"final_balance":40.071087399999996,"rejected_signals":1227,"timedout_entry_orders":0,"timedout_exit_orders":0,"canceled_trade_entries":0,"canceled_entry_orders":0,"replaced_entry_orders":0,"max_open_trades":5,"max_open_trades_setting":5,"timeframe":"5m","timeframe_detail":"","timerange":"20260102-20260201","enable_protections":false,"strategy_name":"PatternRecognition","freqaimodel":"XGBoostRegressor","freqai_identifier":"qs_v9_scalp_5m1h_l2","stoploss":-0.288,"trailing_stop":true,"trailing_stop_positive":0.032,"trailing_stop_positive_offset":0.084,"trailing_only_offset_is_reached":true,"use_custom_stoploss":false,"minimal_roi":{"0":0.936,"5271":0.332,"18147":0.086,"48152":0},"use_exit_signal":true,"exit_profit_only":false,"exit_profit_offset":0.0,"ignore_roi_if_entry_signal":false,"trading_mode":"spot","margin_mode":"","periodic_breakdown":{"day":[{"date":"03/01/2026","date_ts":1767398400000,"profit_abs":0.54198196,"wins":1,"draws":0,"losses":0,"trades":1,"profit_factor":0.0},{"date":"04/01/2026","date_ts":1767484800000,"profit_abs":0.0,"wins":0,"draws":0,"losses":0,"trades":0,"profit_factor":0.0},{"date":"05/01/2026","date_ts":1767571200000,"profit_abs":0.55400888,"wins":1,"draws":0,"losses":0,"trades":1,"profit_factor":0.0},{"date":"06/01/2026","date_ts":1767657600000,"profit_abs":2.47009133,"wins":3,"draws":0,"losses":0,"trades":3,"profit_factor":0.0},{"date":"07/01/2026","date_ts":1767744000000,"profit_abs":0.0,"wins":0,"draws":0,"losses":0,"trades":0,"profit_factor":0.0},{"date":"08/01/2026","date_ts":1767830400000,"profit_abs":0.0,"wins":0,"draws":0,"losses":0,"trades":0,"profit_factor":0.0},{"date":"09/01/2026","date_ts":1767916800000,"profit_abs":0.0,"wins":0,"draws":0,"losses":0,"trades":0,"profit_factor":0.0},{"date":"10/01/2026","date_ts":1768003200000,"profit_abs":0.0,"wins":0,"draws":0,"losses":0,"trades":0,"profit_factor":0.0},{"date":"11/01/2026","date_ts":1768089600000,"profit_abs":0.0,"wins":0,"draws":0,"losses":0,"trades":0,"profit_factor":0.0},{"date":"12/01/2026","date_ts":1768176000000,"profit_abs":0.0,"wins":0,"draws":0,"losses":0,"trades":0,"profit_factor":0.0},{"date":"13/01/2026","date_ts":1768262400000,"profit_abs":0.0,"wins":0,"draws":0,"losses":0,"trades":0,"profit_factor":0.0},{"date":"14/01/2026","date_ts":1768348800000,"profit_abs":1.79046044,"wins":2,"draws":0,"losses":0,"trades":2,"profit_factor":0.0},{"date":"15/01/2026","date_ts":1768435200000,"profit_abs":0.0,"wins":0,"draws":0,"losses":0,"trades":0,"profit_factor":0.0},{"date":"16/01/2026","date_ts":1768521600000,"profit_abs":0.0,"wins":0,"draws":0,"losses":0,"trades":0,"profit_factor":0.0},{"date":"17/01/2026","date_ts":1768608000000,"profit_abs":0.0,"wins":0,"draws":0,"losses":0,"trades":0,"profit_factor":0.0},{"date":"18/01/2026","date_ts":1768694400000,"profit_abs":0.0,"wins":0,"draws":0,"losses":0,"trades":0,"profit_factor":0.0},{"date":"19/01/2026","date_ts":1768780800000,"profit_abs":0.0,"wins":0,"draws":0,"losses":0,"trades":0,"profit_factor":0.0},{"date":"20/01/2026","date_ts":1768867200000,"profit_abs":0.0,"wins":0,"draws":0,"losses":0,"trades":0,"profit_factor":0.0},{"date":"21/01/2026","date_ts":1768953600000,"profit_abs":0.0,"wins":0,"draws":0,"losses":0,"trades":0,"profit_factor":0.0},{"date":"22/01/2026","date_ts":1769040000000,"profit_abs":0.0,"wins":0,"draws":0,"losses":0,"trades":0,"profit_factor":0.0},{"date":"23/01/2026","date_ts":1769126400000,"profit_abs":0.0,"wins":0,"draws":0,"losses":0,"trades":0,"profit_factor":0.0},{"date":"24/01/2026","date_ts":1769212800000,"profit_abs":0.0,"wins":0,"draws":0,"losses":0,"trades":0,"profit_factor":0.0},{"date":"25/01/2026","date_ts":1769299200000,"profit_abs":0.0,"wins":0,"draws":0,"losses":0,"trades":0,"profit_factor":0.0},{"date":"26/01/2026","date_ts":1769385600000,"profit_abs":0.0,"wins":0,"draws":0,"losses":0,"trades":0,"profit_factor":0.0},{"date":"27/01/2026","date_ts":1769472000000,"profit_abs":0.0,"wins":0,"draws":0,"losses":0,"trades":0,"profit_factor":0.0},{"date":"28/01/2026","date_ts":1769558400000,"profit_abs":0.0,"wins":0,"draws":0,"losses":0,"trades":0,"profit_factor":0.0},{"date":"29/01/2026","date_ts":1769644800000,"profit_abs":0.0,"wins":0,"draws":0,"losses":0,"trades":0,"profit_factor":0.0},{"date":"30/01/2026","date_ts":1769731200000,"profit_abs":0.0,"wins":0,"draws":0,"losses":0,"trades":0,"profit_factor":0.0},{"date":"31/01/2026","date_ts":1769817600000,"profit_abs":-15.31673666,"wins":0,"draws":0,"losses":5,"trades":5,"profit_factor":0.0},{"date":"01/02/2026","date_ts":1769904000000,"profit_abs":0.03128145,"wins":2,"draws":0,"losses":3,"trades":5,"profit_factor":1.06407917}],"week":[{"date":"05/01/2026","date_ts":1767571200000,"profit_abs":1.09599084,"wins":2,"draws":0,"losses":0,"trades":2,"profit_factor":0.0},{"date":"12/01/2026","date_ts":1768176000000,"profit_abs":2.47009133,"wins":3,"draws":0,"losses":0,"trades":3,"profit_factor":0.0},{"date":"19/01/2026","date_ts":1768780800000,"profit_abs":1.79046044,"wins":2,"draws":0,"losses":0,"trades":2,"profit_factor":0.0},{"date":"26/01/2026","date_ts":1769385600000,"profit_abs":0.0,"wins":0,"draws":0,"losses":0,"trades":0,"profit_factor":0.0},{"date":"02/02/2026","date_ts":1769990400000,"profit_abs":-15.28545521,"wins":2,"draws":0,"losses":8,"trades":10,"profit_factor":0.03286639}],"month":[{"date":"31/01/2026","date_ts":1769817600000,"profit_abs":-9.96019405,"wins":7,"draws":0,"losses":5,"trades":12,"profit_factor":0.34971827},{"date":"28/02/2026","date_ts":1772236800000,"profit_abs":0.03128145,"wins":2,"draws":0,"losses":3,"trades":5,"profit_factor":1.06407917}],"year":[{"date":"31/12/2026","date_ts":1798675200000,"profit_abs":-9.9289126,"wins":9,"draws":0,"losses":8,"trades":17,"profit_factor":0.37178285}],"weekday":[{"date":"Monday","date_ts":0,"profit_abs":0.55400888,"wins":1,"draws":0,"losses":0,"trades":1,"profit_factor":0.0},{"date":"Tuesday","date_ts":1,"profit_abs":2.47009133,"wins":3,"draws":0,"losses":0,"trades":3,"profit_factor":0.0},{"date":"Wednesday","date_ts":2,"profit_abs":1.79046044,"wins":2,"draws":0,"losses":0,"trades":2,"profit_factor":0.0},{"date":"Saturday","date_ts":5,"profit_abs":-14.7747547,"wins":1,"draws":0,"losses":5,"trades":6,"profit_factor":0.03538495},{"date":"Sunday","date_ts":6,"profit_abs":0.03128145,"wins":2,"draws":0,"losses":3,"trades":5,"profit_factor":1.06407917}]},"backtest_best_day":0.250144176757253,"backtest_worst_day":-1.447073653833995,"backtest_best_day_abs":2.47009133,"backtest_worst_day_abs":-15.31673666,"winning_days":5,"draw_days":24,"losing_days":1,"daily_profit":[["2026-01-03",0.54198196],["2026-01-04",0.0],["2026-01-05",0.55400888],["2026-01-06",2.47009133],["2026-01-07",0.0],["2026-01-08",0.0],["2026-01-09",0.0],["2026-01-10",0.0],["2026-01-11",0.0],["2026-01-12",0.0],["2026-01-13",0.0],["2026-01-14",1.79046044],["2026-01-15",0.0],["2026-01-16",0.0],["2026-01-17",0.0],["2026-01-18",0.0],["2026-01-19",0.0],["2026-01-20",0.0],["2026-01-21",0.0],["2026-01-22",0.0],["2026-01-23",0.0],["2026-01-24",0.0],["2026-01-25",0.0],["2026-01-26",0.0],["2026-01-27",0.0],["2026-01-28",0.0],["2026-01-29",0.0],["2026-01-30",0.0],["2026-01-31",-15.31673666],["2026-02-01",0.03128145]],"wins":9,"losses":8,"draws":0,"winrate":0.5294117647058824,"holding_avg":"8 days, 18:40:00","holding_avg_s":758400.0,"winner_holding_min":"0d 05:15","winner_holding_min_s":18900.0,"winner_holding_max":"12d 14:30","winner_holding_max_s":1089000.0,"winner_holding_avg":"4d 07:16","winner_holding_avg_s":371760.0,"loser_holding_min":"0d 06:35","loser_holding_min_s":23700.0,"loser_holding_max":"25d 08:45","loser_holding_max_s":2191500.0,"loser_holding_avg":"13d 19:29","loser_holding_avg_s":1193340.0,"max_consecutive_wins":7,"max_consecutive_losses":6,"max_drawdown_account":0.2784149490437261,"max_relative_drawdown":0.2784149490437261,"max_drawdown_abs":15.41208899,"drawdown_start":"2026-01-14 17:00:00","drawdown_start_ts":1768410000000.0,"drawdown_end":"2026-02-01 00:00:00","drawdown_end_ts":1769904000000.0,"drawdown_duration":"17 days 07:00:00","drawdown_duration_s":1494000.0,"max_drawdown_low":-10.055546380000003,"max_drawdown_high":5.356542609999999,"csum_min":39.94445362,"csum_max":55.35654261}},"strategy_comparison":[{"key":"PatternRecognition","trades":17,"profit_mean":-0.05193379049935221,"profit_mean_pct":-5.19,"profit_total_abs":-9.9289126,"profit_total":-0.198578252,"profit_total_pct":-19.86,"duration_avg":"8 days, 18:40:00","wins":9,"draws":0,"losses":8,"winrate":0.5294117647058824,"cagr":-0.9323433738028226,"expectancy":-0.5840536823529411,"expectancy_ratio":-0.29563159921371807,"sortino":-4.493867062068736,"sharpe":-3.855496807514478,"calmar":-45.421796860385356,"sqn":-1.4245,"profit_factor":0.371782851670849,"max_drawdown_account":0.2784149490437261,"max_drawdown_abs":"15.412"}]}