{"strategy":{"Diamond":{"trades":[{"pair":"EGLD/USDT","stake_amount":6.1408,"max_stake_amount":6.1408,"amount":1.01,"open_date":"2026-01-03 10:30:00+00:00","close_date":"2026-01-31 17:00:00+00:00","open_rate":6.08,"close_rate":4.57,"fee_open":0.001,"fee_close":0.001,"trade_duration":40710,"profit_ratio":-0.24985705084389292,"profit_abs":-1.5358565,"exit_reason":"stop_loss","initial_stop_loss_abs":4.57,"initial_stop_loss_ratio":-0.25,"stop_loss_abs":4.57,"stop_loss_ratio":-0.25,"min_rate":4.48,"max_rate":7.5600000000000005,"is_open":false,"enter_tag":"","leverage":1.0,"is_short":false,"open_timestamp":1767436200000,"close_timestamp":1769878800000,"orders":[{"amount":1.01,"safe_price":6.08,"ft_order_side":"buy","order_filled_timestamp":1767436200000,"ft_is_entry":true,"ft_order_tag":"","cost":6.146940799999999},{"amount":1.01,"safe_price":4.57,"ft_order_side":"sell","order_filled_timestamp":1769878800000,"ft_is_entry":false,"ft_order_tag":"stop_loss","cost":4.6203157}],"funding_fees":0.0,"weekday":5},{"pair":"ETH/USDT","stake_amount":6.02724,"max_stake_amount":6.02724,"amount":0.002,"open_date":"2026-01-02 03:30:00+00:00","close_date":"2026-01-31 18:30:00+00:00","open_rate":3013.62,"close_rate":2260.215,"fee_open":0.001,"fee_close":0.001,"trade_duration":42660,"profit_ratio":-0.2514985014985015,"profit_abs":-1.51735767,"exit_reason":"stop_loss","initial_stop_loss_abs":2260.215,"initial_stop_loss_ratio":-0.25,"stop_loss_abs":2260.215,"stop_loss_ratio":-0.25,"min_rate":2250.0,"max_rate":3402.89,"is_open":false,"enter_tag":"","leverage":1.0,"is_short":false,"open_timestamp":1767324600000,"close_timestamp":1769884200000,"orders":[{"amount":0.002,"safe_price":3013.62,"ft_order_side":"buy","order_filled_timestamp":1767324600000,"ft_is_entry":true,"ft_order_tag":"","cost":6.033267239999999},{"amount":0.002,"safe_price":2260.215,"ft_order_side":"sell","order_filled_timestamp":1769884200000,"ft_is_entry":false,"ft_order_tag":"stop_loss","cost":4.52495043}],"funding_fees":0.0,"weekday":5},{"pair":"AAVE/USDT","stake_amount":6.08874,"max_stake_amount":6.08874,"amount":0.038,"open_date":"2026-01-03 17:30:00+00:00","close_date":"2026-01-31 18:30:00+00:00","open_rate":160.23,"close_rate":120.17249999999999,"fee_open":0.001,"fee_close":0.001,"trade_duration":40380,"profit_ratio":-0.2514985006781339,"profit_abs":-1.53284029,"exit_reason":"stop_loss","initial_stop_loss_abs":120.17249999999999,"initial_stop_loss_ratio":-0.25,"stop_loss_abs":120.17249999999999,"stop_loss_ratio":-0.25,"min_rate":115.66,"max_rate":180.37,"is_open":false,"enter_tag":"","leverage":1.0,"is_short":false,"open_timestamp":1767461400000,"close_timestamp":1769884200000,"orders":[{"amount":0.038,"safe_price":160.23,"ft_order_side":"buy","order_filled_timestamp":1767461400000,"ft_is_entry":true,"ft_order_tag":"","cost":6.094828739999999},{"amount":0.038,"safe_price":120.17249999999999,"ft_order_side":"sell","order_filled_timestamp":1769884200000,"ft_is_entry":false,"ft_order_tag":"stop_loss","cost":4.571121554999999}],"funding_fees":0.0,"weekday":5},{"pair":"ETH/USDT","stake_amount":5.565034,"max_stake_amount":5.565034,"amount":0.0023,"open_date":"2026-01-31 23:00:00+00:00","close_date":"2026-02-01 11:00:00+00:00","open_rate":2419.58,"close_rate":2381.04,"fee_open":0.001,"fee_close":0.001,"trade_duration":720,"profit_ratio":-0.017894562037508874,"profit_abs":-0.09968343,"exit_reason":"force_exit","initial_stop_loss_abs":1814.685,"initial_stop_loss_ratio":-0.25,"stop_loss_abs":1814.685,"stop_loss_ratio":-0.25,"min_rate":2376.1,"max_rate":2475.98,"is_open":false,"enter_tag":"","leverage":1.0,"is_short":false,"open_timestamp":1769900400000,"close_timestamp":1769943600000,"orders":[{"amount":0.0023,"safe_price":2419.58,"ft_order_side":"buy","order_filled_timestamp":1769900400000,"ft_is_entry":true,"ft_order_tag":"","cost":5.570599033999999},{"amount":0.0023,"safe_price":2381.04,"ft_order_side":"sell","order_filled_timestamp":1769943600000,"ft_is_entry":false,"ft_order_tag":"force_exit","cost":5.481868391999999}],"funding_fees":0.0,"weekday":6},{"pair":"BNB/USDT","stake_amount":6.0515,"max_stake_amount":6.0515,"amount":0.007,"open_date":"2026-01-02 04:30:00+00:00","close_date":"2026-02-01 11:00:00+00:00","open_rate":864.5,"close_rate":769.85,"fee_open":0.001,"fee_close":0.001,"trade_duration":43590,"profit_ratio":-0.11126450183708715,"profit_abs":-0.67399045,"exit_reason":"force_exit","initial_stop_loss_abs":648.375,"initial_stop_loss_ratio":-0.25,"stop_loss_abs":648.375,"stop_loss_ratio":-0.25,"min_rate":750.0,"max_rate":959.52,"is_open":false,"enter_tag":"","leverage":1.0,"is_short":false,"open_timestamp":1767328200000,"close_timestamp":1769943600000,"orders":[{"amount":0.007,"safe_price":864.5,"ft_order_side":"buy","order_filled_timestamp":1767328200000,"ft_is_entry":true,"ft_order_tag":"","cost":6.057551499999999},{"amount":0.007,"safe_price":769.85,"ft_order_side":"sell","order_filled_timestamp":1769943600000,"ft_is_entry":false,"ft_order_tag":"force_exit","cost":5.39433895}],"funding_fees":0.0,"weekday":6},{"pair":"BCH/USDT","stake_amount":5.879,"max_stake_amount":5.879,"amount":0.01,"open_date":"2026-01-02 03:30:00+00:00","close_date":"2026-02-01 11:00:00+00:00","open_rate":587.9,"close_rate":527.6,"fee_open":0.001,"fee_close":0.001,"trade_duration":43650,"profit_ratio":-0.10436153402644303,"profit_abs":-0.614155,"exit_reason":"force_exit","initial_stop_loss_abs":440.92499999999995,"initial_stop_loss_ratio":-0.25,"stop_loss_abs":440.92499999999995,"stop_loss_ratio":-0.25,"min_rate":467.2,"max_rate":669.6,"is_open":false,"enter_tag":"","leverage":1.0,"is_short":false,"open_timestamp":1767324600000,"close_timestamp":1769943600000,"orders":[{"amount":0.01,"safe_price":587.9,"ft_order_side":"buy","order_filled_timestamp":1767324600000,"ft_is_entry":true,"ft_order_tag":"","cost":5.884878999999999},{"amount":0.01,"safe_price":527.6,"ft_order_side":"sell","order_filled_timestamp":1769943600000,"ft_is_entry":false,"ft_order_tag":"force_exit","cost":5.281276}],"funding_fees":0.0,"weekday":6},{"pair":"RUNE/USDT","stake_amount":6.1803,"max_stake_amount":6.1803,"amount":10.9,"open_date":"2026-01-27 03:30:00+00:00","close_date":"2026-02-01 11:00:00+00:00","open_rate":0.567,"close_rate":0.46900000000000003,"fee_open":0.001,"fee_close":0.001,"trade_duration":7650,"profit_ratio":-0.17449217449217444,"profit_abs":-1.0794924,"exit_reason":"force_exit","initial_stop_loss_abs":0.426,"initial_stop_loss_ratio":-0.25,"stop_loss_abs":0.426,"stop_loss_ratio":-0.25,"min_rate":0.443,"max_rate":0.5750000000000001,"is_open":false,"enter_tag":"","leverage":1.0,"is_short":false,"open_timestamp":1769484600000,"close_timestamp":1769943600000,"orders":[{"amount":10.9,"safe_price":0.5670000000000001,"ft_order_side":"buy","order_filled_timestamp":1769484600000,"ft_is_entry":true,"ft_order_tag":"","cost":6.1864803},{"amount":10.9,"safe_price":0.46900000000000003,"ft_order_side":"sell","order_filled_timestamp":1769943600000,"ft_is_entry":false,"ft_order_tag":"force_exit","cost":5.117212100000001}],"funding_fees":0.0,"weekday":6}],"locks":[],"best_pair":{"key":"BTC/USDT","trades":0,"profit_mean":0.0,"profit_mean_pct":0.0,"profit_total_abs":0.0,"profit_total":0.0,"profit_total_pct":0.0,"duration_avg":"0:00","wins":0,"draws":0,"losses":0,"winrate":0.0,"cagr":0.0,"expectancy":0.0,"expectancy_ratio":100.0,"sortino":0,"sharpe":0,"calmar":0,"sqn":0.0,"profit_factor":0.0,"max_drawdown_account":0.0,"max_drawdown_abs":0.0},"worst_pair":{"key":"ETH/USDT","trades":2,"profit_mean":-0.1346965317680052,"profit_mean_pct":-13.47,"profit_total_abs":-1.6170411,"profit_total":-0.032340822,"profit_total_pct":-3.23,"duration_avg":"15 days, 1:30:00","wins":0,"draws":0,"losses":2,"winrate":0.0,"cagr":-0.04916817034801779,"expectancy":-0.80852055,"expectancy_ratio":-1.0,"sortino":-0.1831235003774973,"sharpe":-0.1831235003774973,"calmar":-8.027299653169235,"sqn":-1.1406,"profit_factor":0.0,"max_drawdown_account":0.03234082200000003,"max_drawdown_abs":1.6170411},"results_per_pair":[{"key":"BTC/USDT","trades":0,"profit_mean":0.0,"profit_mean_pct":0.0,"profit_total_abs":0.0,"profit_total":0.0,"profit_total_pct":0.0,"duration_avg":"0:00","wins":0,"draws":0,"losses":0,"winrate":0.0,"cagr":0.0,"expectancy":0.0,"expectancy_ratio":100.0,"sortino":0,"sharpe":0,"calmar":0,"sqn":0.0,"profit_factor":0.0,"max_drawdown_account":0.0,"max_drawdown_abs":0.0},{"key":"SOL/USDT","trades":0,"profit_mean":0.0,"profit_mean_pct":0.0,"profit_total_abs":0.0,"profit_total":0.0,"profit_total_pct":0.0,"duration_avg":"0:00","wins":0,"draws":0,"losses":0,"winrate":0.0,"cagr":0.0,"expectancy":0.0,"expectancy_ratio":100.0,"sortino":0,"sharpe":0,"calmar":0,"sqn":0.0,"profit_factor":0.0,"max_drawdown_account":0.0,"max_drawdown_abs":0.0},{"key":"ADA/USDT","trades":0,"profit_mean":0.0,"profit_mean_pct":0.0,"profit_total_abs":0.0,"profit_total":0.0,"profit_total_pct":0.0,"duration_avg":"0:00","wins":0,"draws":0,"losses":0,"winrate":0.0,"cagr":0.0,"expectancy":0.0,"expectancy_ratio":100.0,"sortino":0,"sharpe":0,"calmar":0,"sqn":0.0,"profit_factor":0.0,"max_drawdown_account":0.0,"max_drawdown_abs":0.0},{"key":"XRP/USDT","trades":0,"profit_mean":0.0,"profit_mean_pct":0.0,"profit_total_abs":0.0,"profit_total":0.0,"profit_total_pct":0.0,"duration_avg":"0:00","wins":0,"draws":0,"losses":0,"winrate":0.0,"cagr":0.0,"expectancy":0.0,"expectancy_ratio":100.0,"sortino":0,"sharpe":0,"calmar":0,"sqn":0.0,"profit_factor":0.0,"max_drawdown_account":0.0,"max_drawdown_abs":0.0},{"key":"DOT/USDT","trades":0,"profit_mean":0.0,"profit_mean_pct":0.0,"profit_total_abs":0.0,"profit_total":0.0,"profit_total_pct":0.0,"duration_avg":"0:00","wins":0,"draws":0,"losses":0,"winrate":0.0,"cagr":0.0,"expectancy":0.0,"expectancy_ratio":100.0,"sortino":0,"sharpe":0,"calmar":0,"sqn":0.0,"profit_factor":0.0,"max_drawdown_account":0.0,"max_drawdown_abs":0.0},{"key":"DOGE/USDT","trades":0,"profit_mean":0.0,"profit_mean_pct":0.0,"profit_total_abs":0.0,"profit_total":0.0,"profit_total_pct":0.0,"duration_avg":"0:00","wins":0,"draws":0,"losses":0,"winrate":0.0,"cagr":0.0,"expectancy":0.0,"expectancy_ratio":100.0,"sortino":0,"sharpe":0,"calmar":0,"sqn":0.0,"profit_factor":0.0,"max_drawdown_account":0.0,"max_drawdown_abs":0.0},{"key":"AVAX/USDT","trades":0,"profit_mean":0.0,"profit_mean_pct":0.0,"profit_total_abs":0.0,"profit_total":0.0,"profit_total_pct":0.0,"duration_avg":"0:00","wins":0,"draws":0,"losses":0,"winrate":0.0,"cagr":0.0,"expectancy":0.0,"expectancy_ratio":100.0,"sortino":0,"sharpe":0,"calmar":0,"sqn":0.0,"profit_factor":0.0,"max_drawdown_account":0.0,"max_drawdown_abs":0.0},{"key":"LINK/USDT","trades":0,"profit_mean":0.0,"profit_mean_pct":0.0,"profit_total_abs":0.0,"profit_total":0.0,"profit_total_pct":0.0,"duration_avg":"0:00","wins":0,"draws":0,"losses":0,"winrate":0.0,"cagr":0.0,"expectancy":0.0,"expectancy_ratio":100.0,"sortino":0,"sharpe":0,"calmar":0,"sqn":0.0,"profit_factor":0.0,"max_drawdown_account":0.0,"max_drawdown_abs":0.0},{"key":"LTC/USDT","trades":0,"profit_mean":0.0,"profit_mean_pct":0.0,"profit_total_abs":0.0,"profit_total":0.0,"profit_total_pct":0.0,"duration_avg":"0:00","wins":0,"draws":0,"losses":0,"winrate":0.0,"cagr":0.0,"expectancy":0.0,"expectancy_ratio":100.0,"sortino":0,"sharpe":0,"calmar":0,"sqn":0.0,"profit_factor":0.0,"max_drawdown_account":0.0,"max_drawdown_abs":0.0},{"key":"TRX/USDT","trades":0,"profit_mean":0.0,"profit_mean_pct":0.0,"profit_total_abs":0.0,"profit_total":0.0,"profit_total_pct":0.0,"duration_avg":"0:00","wins":0,"draws":0,"losses":0,"winrate":0.0,"cagr":0.0,"expectancy":0.0,"expectancy_ratio":100.0,"sortino":0,"sharpe":0,"calmar":0,"sqn":0.0,"profit_factor":0.0,"max_drawdown_account":0.0,"max_drawdown_abs":0.0},{"key":"UNI/USDT","trades":0,"profit_mean":0.0,"profit_mean_pct":0.0,"profit_total_abs":0.0,"profit_total":0.0,"profit_total_pct":0.0,"duration_avg":"0:00","wins":0,"draws":0,"losses":0,"winrate":0.0,"cagr":0.0,"expectancy":0.0,"expectancy_ratio":100.0,"sortino":0,"sharpe":0,"calmar":0,"sqn":0.0,"profit_factor":0.0,"max_drawdown_account":0.0,"max_drawdown_abs":0.0},{"key":"ATOM/USDT","trades":0,"profit_mean":0.0,"profit_mean_pct":0.0,"profit_total_abs":0.0,"profit_total":0.0,"profit_total_pct":0.0,"duration_avg":"0:00","wins":0,"draws":0,"losses":0,"winrate":0.0,"cagr":0.0,"expectancy":0.0,"expectancy_ratio":100.0,"sortino":0,"sharpe":0,"calmar":0,"sqn":0.0,"profit_factor":0.0,"max_drawdown_account":0.0,"max_drawdown_abs":0.0},{"key":"XLM/USDT","trades":0,"profit_mean":0.0,"profit_mean_pct":0.0,"profit_total_abs":0.0,"profit_total":0.0,"profit_total_pct":0.0,"duration_avg":"0:00","wins":0,"draws":0,"losses":0,"winrate":0.0,"cagr":0.0,"expectancy":0.0,"expectancy_ratio":100.0,"sortino":0,"sharpe":0,"calmar":0,"sqn":0.0,"profit_factor":0.0,"max_drawdown_account":0.0,"max_drawdown_abs":0.0},{"key":"ETC/USDT","trades":0,"profit_mean":0.0,"profit_mean_pct":0.0,"profit_total_abs":0.0,"profit_total":0.0,"profit_total_pct":0.0,"duration_avg":"0:00","wins":0,"draws":0,"losses":0,"winrate":0.0,"cagr":0.0,"expectancy":0.0,"expectancy_ratio":100.0,"sortino":0,"sharpe":0,"calmar":0,"sqn":0.0,"profit_factor":0.0,"max_drawdown_account":0.0,"max_drawdown_abs":0.0},{"key":"NEAR/USDT","trades":0,"profit_mean":0.0,"profit_mean_pct":0.0,"profit_total_abs":0.0,"profit_total":0.0,"profit_total_pct":0.0,"duration_avg":"0:00","wins":0,"draws":0,"losses":0,"winrate":0.0,"cagr":0.0,"expectancy":0.0,"expectancy_ratio":100.0,"sortino":0,"sharpe":0,"calmar":0,"sqn":0.0,"profit_factor":0.0,"max_drawdown_account":0.0,"max_drawdown_abs":0.0},{"key":"FIL/USDT","trades":0,"profit_mean":0.0,"profit_mean_pct":0.0,"profit_total_abs":0.0,"profit_total":0.0,"profit_total_pct":0.0,"duration_avg":"0:00","wins":0,"draws":0,"losses":0,"winrate":0.0,"cagr":0.0,"expectancy":0.0,"expectancy_ratio":100.0,"sortino":0,"sharpe":0,"calmar":0,"sqn":0.0,"profit_factor":0.0,"max_drawdown_account":0.0,"max_drawdown_abs":0.0},{"key":"APT/USDT","trades":0,"profit_mean":0.0,"profit_mean_pct":0.0,"profit_total_abs":0.0,"profit_total":0.0,"profit_total_pct":0.0,"duration_avg":"0:00","wins":0,"draws":0,"losses":0,"winrate":0.0,"cagr":0.0,"expectancy":0.0,"expectancy_ratio":100.0,"sortino":0,"sharpe":0,"calmar":0,"sqn":0.0,"profit_factor":0.0,"max_drawdown_account":0.0,"max_drawdown_abs":0.0},{"key":"ARB/USDT","trades":0,"profit_mean":0.0,"profit_mean_pct":0.0,"profit_total_abs":0.0,"profit_total":0.0,"profit_total_pct":0.0,"duration_avg":"0:00","wins":0,"draws":0,"losses":0,"winrate":0.0,"cagr":0.0,"expectancy":0.0,"expectancy_ratio":100.0,"sortino":0,"sharpe":0,"calmar":0,"sqn":0.0,"profit_factor":0.0,"max_drawdown_account":0.0,"max_drawdown_abs":0.0},{"key":"OP/USDT","trades":0,"profit_mean":0.0,"profit_mean_pct":0.0,"profit_total_abs":0.0,"profit_total":0.0,"profit_total_pct":0.0,"duration_avg":"0:00","wins":0,"draws":0,"losses":0,"winrate":0.0,"cagr":0.0,"expectancy":0.0,"expectancy_ratio":100.0,"sortino":0,"sharpe":0,"calmar":0,"sqn":0.0,"profit_factor":0.0,"max_drawdown_account":0.0,"max_drawdown_abs":0.0},{"key":"ICP/USDT","trades":0,"profit_mean":0.0,"profit_mean_pct":0.0,"profit_total_abs":0.0,"profit_total":0.0,"profit_total_pct":0.0,"duration_avg":"0:00","wins":0,"draws":0,"losses":0,"winrate":0.0,"cagr":0.0,"expectancy":0.0,"expectancy_ratio":100.0,"sortino":0,"sharpe":0,"calmar":0,"sqn":0.0,"profit_factor":0.0,"max_drawdown_account":0.0,"max_drawdown_abs":0.0},{"key":"ALGO/USDT","trades":0,"profit_mean":0.0,"profit_mean_pct":0.0,"profit_total_abs":0.0,"profit_total":0.0,"profit_total_pct":0.0,"duration_avg":"0:00","wins":0,"draws":0,"losses":0,"winrate":0.0,"cagr":0.0,"expectancy":0.0,"expectancy_ratio":100.0,"sortino":0,"sharpe":0,"calmar":0,"sqn":0.0,"profit_factor":0.0,"max_drawdown_account":0.0,"max_drawdown_abs":0.0},{"key":"SAND/USDT","trades":0,"profit_mean":0.0,"profit_mean_pct":0.0,"profit_total_abs":0.0,"profit_total":0.0,"profit_total_pct":0.0,"duration_avg":"0:00","wins":0,"draws":0,"losses":0,"winrate":0.0,"cagr":0.0,"expectancy":0.0,"expectancy_ratio":100.0,"sortino":0,"sharpe":0,"calmar":0,"sqn":0.0,"profit_factor":0.0,"max_drawdown_account":0.0,"max_drawdown_abs":0.0},{"key":"MANA/USDT","trades":0,"profit_mean":0.0,"profit_mean_pct":0.0,"profit_total_abs":0.0,"profit_total":0.0,"profit_total_pct":0.0,"duration_avg":"0:00","wins":0,"draws":0,"losses":0,"winrate":0.0,"cagr":0.0,"expectancy":0.0,"expectancy_ratio":100.0,"sortino":0,"sharpe":0,"calmar":0,"sqn":0.0,"profit_factor":0.0,"max_drawdown_account":0.0,"max_drawdown_abs":0.0},{"key":"INJ/USDT","trades":0,"profit_mean":0.0,"profit_mean_pct":0.0,"profit_total_abs":0.0,"profit_total":0.0,"profit_total_pct":0.0,"duration_avg":"0:00","wins":0,"draws":0,"losses":0,"winrate":0.0,"cagr":0.0,"expectancy":0.0,"expectancy_ratio":100.0,"sortino":0,"sharpe":0,"calmar":0,"sqn":0.0,"profit_factor":0.0,"max_drawdown_account":0.0,"max_drawdown_abs":0.0},{"key":"GALA/USDT","trades":0,"profit_mean":0.0,"profit_mean_pct":0.0,"profit_total_abs":0.0,"profit_total":0.0,"profit_total_pct":0.0,"duration_avg":"0:00","wins":0,"draws":0,"losses":0,"winrate":0.0,"cagr":0.0,"expectancy":0.0,"expectancy_ratio":100.0,"sortino":0,"sharpe":0,"calmar":0,"sqn":0.0,"profit_factor":0.0,"max_drawdown_account":0.0,"max_drawdown_abs":0.0},{"key":"HBAR/USDT","trades":0,"profit_mean":0.0,"profit_mean_pct":0.0,"profit_total_abs":0.0,"profit_total":0.0,"profit_total_pct":0.0,"duration_avg":"0:00","wins":0,"draws":0,"losses":0,"winrate":0.0,"cagr":0.0,"expectancy":0.0,"expectancy_ratio":100.0,"sortino":0,"sharpe":0,"calmar":0,"sqn":0.0,"profit_factor":0.0,"max_drawdown_account":0.0,"max_drawdown_abs":0.0},{"key":"VET/USDT","trades":0,"profit_mean":0.0,"profit_mean_pct":0.0,"profit_total_abs":0.0,"profit_total":0.0,"profit_total_pct":0.0,"duration_avg":"0:00","wins":0,"draws":0,"losses":0,"winrate":0.0,"cagr":0.0,"expectancy":0.0,"expectancy_ratio":100.0,"sortino":0,"sharpe":0,"calmar":0,"sqn":0.0,"profit_factor":0.0,"max_drawdown_account":0.0,"max_drawdown_abs":0.0},{"key":"BCH/USDT","trades":1,"profit_mean":-0.10436153402644303,"profit_mean_pct":-10.44,"profit_total_abs":-0.614155,"profit_total":-0.0122831,"profit_total_pct":-1.23,"duration_avg":"30 days, 7:30:00","wins":0,"draws":0,"losses":1,"winrate":0.0,"cagr":-0.018775674289337796,"expectancy":-0.614155,"expectancy_ratio":-1.0,"sortino":-100,"sharpe":-100,"calmar":-8.027299653169287,"sqn":-100.0,"profit_factor":0.0,"max_drawdown_account":0.012283099999999934,"max_drawdown_abs":0.614155},{"key":"BNB/USDT","trades":1,"profit_mean":-0.11126450183708715,"profit_mean_pct":-11.13,"profit_total_abs":-0.67399045,"profit_total":-0.013479809,"profit_total_pct":-1.35,"duration_avg":"30 days, 6:30:00","wins":0,"draws":0,"losses":1,"winrate":0.0,"cagr":-0.020598309881208587,"expectancy":-0.67399045,"expectancy_ratio":-1.0,"sortino":-100,"sharpe":-100,"calmar":-8.027299653169267,"sqn":-100.0,"profit_factor":0.0,"max_drawdown_account":0.01347980899999996,"max_drawdown_abs":0.67399045},{"key":"RUNE/USDT","trades":1,"profit_mean":-0.17449217449217444,"profit_mean_pct":-17.45,"profit_total_abs":-1.0794924,"profit_total":-0.021589848,"profit_total_pct":-2.16,"duration_avg":"5 days, 7:30:00","wins":0,"draws":0,"losses":1,"winrate":0.0,"cagr":-0.03291910904461948,"expectancy":-1.0794924,"expectancy_ratio":-1.0,"sortino":-100,"sharpe":-100,"calmar":-8.027299653169248,"sqn":-100.0,"profit_factor":0.0,"max_drawdown_account":0.021589847999999988,"max_drawdown_abs":1.0794924},{"key":"AAVE/USDT","trades":1,"profit_mean":-0.2514985006781339,"profit_mean_pct":-25.15,"profit_total_abs":-1.53284029,"profit_total":-0.0306568058,"profit_total_pct":-3.07,"duration_avg":"28 days, 1:00:00","wins":0,"draws":0,"losses":1,"winrate":0.0,"cagr":-0.04662927373829284,"expectancy":-1.53284029,"expectancy_ratio":-1.0,"sortino":-100,"sharpe":-100,"calmar":-8.027299653169226,"sqn":-100.0,"profit_factor":0.0,"max_drawdown_account":0.030656805800000058,"max_drawdown_abs":1.53284029},{"key":"EGLD/USDT","trades":1,"profit_mean":-0.24985705084389292,"profit_mean_pct":-24.99,"profit_total_abs":-1.5358565,"profit_total":-0.03071713,"profit_total_pct":-3.07,"duration_avg":"28 days, 6:30:00","wins":0,"draws":0,"losses":1,"winrate":0.0,"cagr":-0.04672026182117206,"expectancy":-1.5358565,"expectancy_ratio":-1.0,"sortino":-100,"sharpe":-100,"calmar":-8.027299653169235,"sqn":-100.0,"profit_factor":0.0,"max_drawdown_account":0.030717130000000026,"max_drawdown_abs":1.5358565},{"key":"ETH/USDT","trades":2,"profit_mean":-0.1346965317680052,"profit_mean_pct":-13.47,"profit_total_abs":-1.6170411,"profit_total":-0.032340822,"profit_total_pct":-3.23,"duration_avg":"15 days, 1:30:00","wins":0,"draws":0,"losses":2,"winrate":0.0,"cagr":-0.04916817034801779,"expectancy":-0.80852055,"expectancy_ratio":-1.0,"sortino":-0.1831235003774973,"sharpe":-0.1831235003774973,"calmar":-8.027299653169235,"sqn":-1.1406,"profit_factor":0.0,"max_drawdown_account":0.03234082200000003,"max_drawdown_abs":1.6170411},{"key":"TOTAL","trades":7,"profit_mean":-0.16583811791624883,"profit_mean_pct":-16.58,"profit_total_abs":-7.05337574,"profit_total":-0.1410675148,"profit_total_pct":-14.11,"duration_avg":"21 days, 18:17:00","wins":0,"draws":0,"losses":7,"winrate":0.0,"cagr":-0.2080118605470852,"expectancy":-1.0076251057142858,"expectancy_ratio":-1.0,"sortino":-1.0838217241158563,"sharpe":-1.0838217241158563,"calmar":-8.027299653169244,"sqn":-4.7246,"profit_factor":0.0,"max_drawdown_account":0.1410675148,"max_drawdown_abs":7.05337574}],"results_per_enter_tag":[{"key":"","trades":7,"profit_mean":-0.16583811791624883,"profit_mean_pct":-16.58,"profit_total_abs":-7.05337574,"profit_total":-0.1410675148,"profit_total_pct":-14.11,"duration_avg":"21 days, 18:17:00","wins":0,"draws":0,"losses":7,"winrate":0.0,"cagr":-0.2080118605470852,"expectancy":-1.0076251057142858,"expectancy_ratio":-1.0,"sortino":-1.0838217241158563,"sharpe":-1.0838217241158563,"calmar":-8.027299653169244,"sqn":-4.7246,"profit_factor":0.0,"max_drawdown_account":0.1410675148,"max_drawdown_abs":7.05337574},{"key":"TOTAL","trades":7,"profit_mean":-0.16583811791624883,"profit_mean_pct":-16.58,"profit_total_abs":-7.05337574,"profit_total":-0.1410675148,"profit_total_pct":-14.11,"duration_avg":"21 days, 18:17:00","wins":0,"draws":0,"losses":7,"winrate":0.0,"cagr":-0.2080118605470852,"expectancy":-1.0076251057142858,"expectancy_ratio":-1.0,"sortino":-1.0838217241158563,"sharpe":-1.0838217241158563,"calmar":-8.027299653169244,"sqn":-4.7246,"profit_factor":0.0,"max_drawdown_account":0.1410675148,"max_drawdown_abs":7.05337574}],"exit_reason_summary":[{"key":"force_exit","trades":4,"profit_mean":-0.10200319309830339,"profit_mean_pct":-10.2,"profit_total_abs":-2.46732128,"profit_total":-0.0493464256,"profit_total_pct":-4.93,"duration_avg":"16 days, 14:22:00","wins":0,"draws":0,"losses":4,"winrate":0.0,"cagr":-0.07467417844768387,"expectancy":-0.61683032,"expectancy_ratio":-1.0,"sortino":-0.5689270929603963,"sharpe":-0.5689270929603963,"calmar":-8.027299653169244,"sqn":-3.0689,"profit_factor":0.0,"max_drawdown_account":0.0493464256,"max_drawdown_abs":2.46732128},{"key":"stop_loss","trades":3,"profit_mean":-0.2509513510068428,"profit_mean_pct":-25.1,"profit_total_abs":-4.58605446,"profit_total":-0.0917210892,"profit_total_pct":-9.17,"duration_avg":"28 days, 15:30:00","wins":0,"draws":0,"losses":3,"winrate":0.0,"cagr":-0.13717156296652377,"expectancy":-1.5286848199999998,"expectancy_ratio":-1.0,"sortino":-45.4287103512326,"sharpe":-45.4287103512326,"calmar":-8.027299653169244,"sqn":-266.7809,"profit_factor":0.0,"max_drawdown_account":0.0917210892,"max_drawdown_abs":4.58605446},{"key":"TOTAL","trades":7,"profit_mean":-0.16583811791624883,"profit_mean_pct":-16.58,"profit_total_abs":-7.05337574,"profit_total":-0.1410675148,"profit_total_pct":-14.11,"duration_avg":"21 days, 18:17:00","wins":0,"draws":0,"losses":7,"winrate":0.0,"cagr":-0.2080118605470852,"expectancy":-1.0076251057142858,"expectancy_ratio":-1.0,"sortino":-1.0838217241158563,"sharpe":-1.0838217241158563,"calmar":-8.027299653169244,"sqn":-4.7246,"profit_factor":0.0,"max_drawdown_account":0.1410675148,"max_drawdown_abs":7.05337574}],"mix_tag_stats":[{"key":["","force_exit"],"trades":4,"profit_mean":-0.10200319309830339,"profit_mean_pct":-10.2,"profit_total_abs":-2.46732128,"profit_total":-0.0493464256,"profit_total_pct":-4.93,"duration_avg":"16 days, 14:22:00","wins":0,"draws":0,"losses":4,"winrate":0.0,"cagr":-0.07467417844768387,"expectancy":-0.61683032,"expectancy_ratio":-1.0,"sortino":-0.5689270929603963,"sharpe":-0.5689270929603963,"calmar":-8.027299653169244,"sqn":-3.0689,"profit_factor":0.0,"max_drawdown_account":0.0493464256,"max_drawdown_abs":2.46732128},{"key":["","stop_loss"],"trades":3,"profit_mean":-0.2509513510068428,"profit_mean_pct":-25.1,"profit_total_abs":-4.58605446,"profit_total":-0.0917210892,"profit_total_pct":-9.17,"duration_avg":"28 days, 15:30:00","wins":0,"draws":0,"losses":3,"winrate":0.0,"cagr":-0.13717156296652377,"expectancy":-1.5286848199999998,"expectancy_ratio":-1.0,"sortino":-45.4287103512326,"sharpe":-45.4287103512326,"calmar":-8.027299653169244,"sqn":-266.7809,"profit_factor":0.0,"max_drawdown_account":0.0917210892,"max_drawdown_abs":4.58605446},{"key":"TOTAL","trades":7,"profit_mean":-0.16583811791624883,"profit_mean_pct":-16.58,"profit_total_abs":-7.05337574,"profit_total":-0.1410675148,"profit_total_pct":-14.11,"duration_avg":"21 days, 18:17:00","wins":0,"draws":0,"losses":7,"winrate":0.0,"cagr":-0.2080118605470852,"expectancy":-1.0076251057142858,"expectancy_ratio":-1.0,"sortino":-1.0838217241158563,"sharpe":-1.0838217241158563,"calmar":-8.027299653169244,"sqn":-4.7246,"profit_factor":0.0,"max_drawdown_account":0.1410675148,"max_drawdown_abs":7.05337574}],"left_open_trades":[{"key":"ETH/USDT","trades":1,"profit_mean":-0.017894562037508874,"profit_mean_pct":-1.79,"profit_total_abs":-0.09968343,"profit_total":-0.0019936686,"profit_total_pct":-0.2,"duration_avg":"12:00:00","wins":0,"draws":0,"losses":1,"winrate":0.0,"cagr":-0.0030558900989193782,"expectancy":-0.09968343,"expectancy_ratio":-1.0,"sortino":-100,"sharpe":-100,"calmar":-8.027299653169331,"sqn":-100.0,"profit_factor":0.0,"max_drawdown_account":0.001993668599999978,"max_drawdown_abs":0.09968343},{"key":"BCH/USDT","trades":1,"profit_mean":-0.10436153402644303,"profit_mean_pct":-10.44,"profit_total_abs":-0.614155,"profit_total":-0.0122831,"profit_total_pct":-1.23,"duration_avg":"30 days, 7:30:00","wins":0,"draws":0,"losses":1,"winrate":0.0,"cagr":-0.018775674289337796,"expectancy":-0.614155,"expectancy_ratio":-1.0,"sortino":-100,"sharpe":-100,"calmar":-8.027299653169287,"sqn":-100.0,"profit_factor":0.0,"max_drawdown_account":0.012283099999999934,"max_drawdown_abs":0.614155},{"key":"BNB/USDT","trades":1,"profit_mean":-0.11126450183708715,"profit_mean_pct":-11.13,"profit_total_abs":-0.67399045,"profit_total":-0.013479809,"profit_total_pct":-1.35,"duration_avg":"30 days, 6:30:00","wins":0,"draws":0,"losses":1,"winrate":0.0,"cagr":-0.020598309881208587,"expectancy":-0.67399045,"expectancy_ratio":-1.0,"sortino":-100,"sharpe":-100,"calmar":-8.027299653169267,"sqn":-100.0,"profit_factor":0.0,"max_drawdown_account":0.01347980899999996,"max_drawdown_abs":0.67399045},{"key":"RUNE/USDT","trades":1,"profit_mean":-0.17449217449217444,"profit_mean_pct":-17.45,"profit_total_abs":-1.0794924,"profit_total":-0.021589848,"profit_total_pct":-2.16,"duration_avg":"5 days, 7:30:00","wins":0,"draws":0,"losses":1,"winrate":0.0,"cagr":-0.03291910904461948,"expectancy":-1.0794924,"expectancy_ratio":-1.0,"sortino":-100,"sharpe":-100,"calmar":-8.027299653169248,"sqn":-100.0,"profit_factor":0.0,"max_drawdown_account":0.021589847999999988,"max_drawdown_abs":1.0794924},{"key":"TOTAL","trades":4,"profit_mean":-0.10200319309830339,"profit_mean_pct":-10.2,"profit_total_abs":-2.46732128,"profit_total":-0.0493464256,"profit_total_pct":-4.93,"duration_avg":"16 days, 14:22:00","wins":0,"draws":0,"losses":4,"winrate":0.0,"cagr":-0.07467417844768387,"expectancy":-0.61683032,"expectancy_ratio":-1.0,"sortino":-0.5689270929603963,"sharpe":-0.5689270929603963,"calmar":-8.027299653169244,"sqn":-3.0689,"profit_factor":0.0,"max_drawdown_account":0.0493464256,"max_drawdown_abs":2.46732128}],"total_trades":7,"trade_count_long":7,"trade_count_short":0,"total_volume":76.96562974099999,"avg_stake_amount":5.990373428571429,"profit_mean":-0.16583811791624883,"profit_median":-0.17449217449217444,"profit_total":-0.1410675148,"profit_total_long":-0.1410675148,"profit_total_short":0.0,"profit_total_abs":-7.05337574,"profit_total_long_abs":-7.05337574,"profit_total_short_abs":0.0,"cagr":-0.2080118605470852,"expectancy":-1.0076251057142858,"expectancy_ratio":-1.0,"sortino":-1.0838217241158563,"sharpe":-1.0838217241158563,"calmar":-8.027299653169244,"sqn":-4.7246,"profit_factor":0.0,"backtest_start":"2025-06-09 00:00:00","backtest_start_ts":1749427200000,"backtest_end":"2026-02-02 14:00:00","backtest_end_ts":1770040800000,"backtest_days":238,"backtest_run_start_ts":1770181689,"backtest_run_end_ts":1770181692,"trades_per_day":0.03,"market_change":-0.2248589141533941,"pairlist":["BTC/USDT","ETH/USDT","BNB/USDT","SOL/USDT","ADA/USDT","XRP/USDT","DOT/USDT","DOGE/USDT","AVAX/USDT","LINK/USDT","LTC/USDT","TRX/USDT","UNI/USDT","ATOM/USDT","XLM/USDT","ETC/USDT","BCH/USDT","NEAR/USDT","FIL/USDT","APT/USDT","ARB/USDT","OP/USDT","ICP/USDT","ALGO/USDT","AAVE/USDT","SAND/USDT","MANA/USDT","EGLD/USDT","RUNE/USDT","INJ/USDT","GALA/USDT","HBAR/USDT","VET/USDT"],"stake_amount":"unlimited","stake_currency":"USDT","stake_currency_decimals":3,"starting_balance":50,"dry_run_wallet":50,"final_balance":42.94662426,"rejected_signals":0,"timedout_entry_orders":0,"timedout_exit_orders":0,"canceled_trade_entries":0,"canceled_entry_orders":0,"replaced_entry_orders":0,"max_open_trades":8,"max_open_trades_setting":8,"timeframe":"15m","timeframe_detail":"","timerange":"20250609-20260204","enable_protections":false,"strategy_name":"Diamond","freqaimodel":"XGBoostRegressor","freqai_identifier":"qs_v9_scalp_5m1h_l2","stoploss":-0.25,"trailing_stop":false,"trailing_stop_positive":0.01,"trailing_stop_positive_offset":0.02,"trailing_only_offset_is_reached":false,"use_custom_stoploss":false,"minimal_roi":{},"use_exit_signal":true,"exit_profit_only":false,"exit_profit_offset":0.0,"ignore_roi_if_entry_signal":false,"trading_mode":"spot","margin_mode":"","periodic_breakdown":{"day":[{"date":"31/01/2026","date_ts":1769817600000,"profit_abs":-4.58605446,"wins":0,"draws":0,"losses":3,"trades":3,"profit_factor":0.0},{"date":"01/02/2026","date_ts":1769904000000,"profit_abs":-2.46732128,"wins":0,"draws":0,"losses":4,"trades":4,"profit_factor":0.0}],"week":[{"date":"02/02/2026","date_ts":1769990400000,"profit_abs":-7.05337574,"wins":0,"draws":0,"losses":7,"trades":7,"profit_factor":0.0}],"month":[{"date":"31/01/2026","date_ts":1769817600000,"profit_abs":-4.58605446,"wins":0,"draws":0,"losses":3,"trades":3,"profit_factor":0.0},{"date":"28/02/2026","date_ts":1772236800000,"profit_abs":-2.46732128,"wins":0,"draws":0,"losses":4,"trades":4,"profit_factor":0.0}],"year":[{"date":"31/12/2026","date_ts":1798675200000,"profit_abs":-7.05337574,"wins":0,"draws":0,"losses":7,"trades":7,"profit_factor":0.0}],"weekday":[{"date":"Saturday","date_ts":5,"profit_abs":-4.58605446,"wins":0,"draws":0,"losses":3,"trades":3,"profit_factor":0.0},{"date":"Sunday","date_ts":6,"profit_abs":-2.46732128,"wins":0,"draws":0,"losses":4,"trades":4,"profit_factor":0.0}]},"backtest_best_day":-0.4080127723932135,"backtest_worst_day":-0.7528540530205283,"backtest_best_day_abs":-2.46732128,"backtest_worst_day_abs":-4.58605446,"winning_days":0,"draw_days":0,"losing_days":2,"daily_profit":[["2026-01-31",-4.58605446],["2026-02-01",-2.46732128]],"wins":0,"losses":7,"draws":0,"winrate":0.0,"holding_avg":"21 days, 18:17:00","holding_avg_s":1880220.0,"winner_holding_min":"0d 00:00","winner_holding_min_s":0.0,"winner_holding_max":"0d 00:00","winner_holding_max_s":0.0,"winner_holding_avg":"0d 00:00","winner_holding_avg_s":0.0,"loser_holding_min":"0d 12:00","loser_holding_min_s":43200.0,"loser_holding_max":"30d 07:30","loser_holding_max_s":2619000.0,"loser_holding_avg":"21d 18:17","loser_holding_avg_s":1880220.0,"max_consecutive_wins":0,"max_consecutive_losses":7,"max_drawdown_account":0.1410675148,"max_relative_drawdown":0.1410675148,"max_drawdown_abs":7.05337574,"drawdown_start":"2026-01-31 17:00:00","drawdown_start_ts":1769878800000.0,"drawdown_end":"2026-02-01 11:00:00","drawdown_end_ts":1769943600000.0,"drawdown_duration":"0 days 18:00:00","drawdown_duration_s":64800.0,"max_drawdown_low":-7.05337574,"max_drawdown_high":0.0,"csum_min":42.94662426,"csum_max":48.4641435}},"strategy_comparison":[{"key":"Diamond","trades":7,"profit_mean":-0.16583811791624883,"profit_mean_pct":-16.58,"profit_total_abs":-7.05337574,"profit_total":-0.1410675148,"profit_total_pct":-14.11,"duration_avg":"21 days, 18:17:00","wins":0,"draws":0,"losses":7,"winrate":0.0,"cagr":-0.2080118605470852,"expectancy":-1.0076251057142858,"expectancy_ratio":-1.0,"sortino":-1.0838217241158563,"sharpe":-1.0838217241158563,"calmar":-8.027299653169244,"sqn":-4.7246,"profit_factor":0.0,"max_drawdown_account":0.1410675148,"max_drawdown_abs":"7.053"}]}