{"strategy":{"UniversalMACD":{"trades":[{"pair":"VET/USDT","stake_amount":9.899784,"max_stake_amount":9.899784,"amount":861.6,"open_date":"2025-12-12 16:25:00+00:00","close_date":"2025-12-13 02:05:00+00:00","open_rate":0.01149,"close_rate":0.011743033033033033,"fee_open":0.001,"fee_close":0.001,"trade_duration":580,"profit_ratio":0.01998001998001998,"profit_abs":0.19799568,"exit_reason":"roi","initial_stop_loss_abs":0.01113,"initial_stop_loss_ratio":-0.0318,"stop_loss_abs":0.01113,"stop_loss_ratio":-0.0318,"min_rate":0.011380000000000001,"max_rate":0.011750000000000002,"is_open":false,"enter_tag":"","leverage":1.0,"is_short":false,"open_timestamp":1765556700000,"close_timestamp":1765591500000,"orders":[{"amount":861.6,"safe_price":0.01149,"ft_order_side":"buy","order_filled_timestamp":1765556700000,"ft_is_entry":true,"ft_order_tag":"","cost":9.909683783999998},{"amount":861.6,"safe_price":0.011743033033033033,"ft_order_side":"sell","order_filled_timestamp":1765591500000,"ft_is_entry":false,"ft_order_tag":"roi","cost":10.127915058522522}],"funding_fees":0.0,"weekday":5},{"pair":"AVAX/USDT","stake_amount":9.842,"max_stake_amount":9.842,"amount":0.76,"open_date":"2025-12-12 16:10:00+00:00","close_date":"2025-12-13 03:15:00+00:00","open_rate":12.95,"close_rate":13.235185185185182,"fee_open":0.001,"fee_close":0.001,"trade_duration":665,"profit_ratio":0.01998001998001998,"profit_abs":0.19684,"exit_reason":"roi","initial_stop_loss_abs":12.538189999999998,"initial_stop_loss_ratio":-0.0318,"stop_loss_abs":12.538189999999998,"stop_loss_ratio":-0.0318,"min_rate":12.81,"max_rate":13.25,"is_open":false,"enter_tag":"","leverage":1.0,"is_short":false,"open_timestamp":1765555800000,"close_timestamp":1765595700000,"orders":[{"amount":0.76,"safe_price":12.95,"ft_order_side":"buy","order_filled_timestamp":1765555800000,"ft_is_entry":true,"ft_order_tag":"","cost":9.851841999999998},{"amount":0.76,"safe_price":13.235185185185182,"ft_order_side":"sell","order_filled_timestamp":1765595700000,"ft_is_entry":false,"ft_order_tag":"roi","cost":10.068799481481477}],"funding_fees":0.0,"weekday":5},{"pair":"ETH/USDT","stake_amount":9.82848,"max_stake_amount":9.82848,"amount":0.0032,"open_date":"2025-12-12 16:00:00+00:00","close_date":"2025-12-13 16:00:00+00:00","open_rate":3071.4,"close_rate":3109.63,"fee_open":0.001,"fee_close":0.001,"trade_duration":1440,"profit_ratio":0.010424220810770919,"profit_abs":0.1025567,"exit_reason":"roi","initial_stop_loss_abs":2973.72948,"initial_stop_loss_ratio":-0.0318,"stop_loss_abs":2973.72948,"stop_loss_ratio":-0.0318,"min_rate":3045.31,"max_rate":3135.68,"is_open":false,"enter_tag":"","leverage":1.0,"is_short":false,"open_timestamp":1765555200000,"close_timestamp":1765641600000,"orders":[{"amount":0.0032,"safe_price":3071.4,"ft_order_side":"buy","order_filled_timestamp":1765555200000,"ft_is_entry":true,"ft_order_tag":"","cost":9.83830848},{"amount":0.0032,"safe_price":3109.63,"ft_order_side":"sell","order_filled_timestamp":1765641600000,"ft_is_entry":false,"ft_order_tag":"roi","cost":9.960766816}],"funding_fees":0.0,"weekday":5},{"pair":"ETH/USDT","stake_amount":9.870861,"max_stake_amount":9.870861,"amount":0.0033,"open_date":"2025-12-15 15:40:00+00:00","close_date":"2025-12-15 18:35:00+00:00","open_rate":2991.17,"close_rate":2896.0507939999998,"fee_open":0.001,"fee_close":0.001,"trade_duration":175,"profit_ratio":-0.033734465694352476,"profit_abs":-0.33332121,"exit_reason":"stop_loss","initial_stop_loss_abs":2896.0507939999998,"initial_stop_loss_ratio":-0.0318,"stop_loss_abs":2896.0507939999998,"stop_loss_ratio":-0.0318,"min_rate":2894.57,"max_rate":3028.61,"is_open":false,"enter_tag":"","leverage":1.0,"is_short":false,"open_timestamp":1765813200000,"close_timestamp":1765823700000,"orders":[{"amount":0.0033,"safe_price":2991.17,"ft_order_side":"buy","order_filled_timestamp":1765813200000,"ft_is_entry":true,"ft_order_tag":"","cost":9.880731861},{"amount":0.0033,"safe_price":2896.0507939999998,"ft_order_side":"sell","order_filled_timestamp":1765823700000,"ft_is_entry":false,"ft_order_tag":"stop_loss","cost":9.566524587820199}],"funding_fees":0.0,"weekday":0},{"pair":"AVAX/USDT","stake_amount":9.9145,"max_stake_amount":9.9145,"amount":0.79,"open_date":"2025-12-15 15:35:00+00:00","close_date":"2025-12-16 04:40:00+00:00","open_rate":12.55,"close_rate":12.15091,"fee_open":0.001,"fee_close":0.001,"trade_duration":785,"profit_ratio":-0.03373446564530331,"profit_abs":-0.33479482,"exit_reason":"stop_loss","initial_stop_loss_abs":12.15091,"initial_stop_loss_ratio":-0.0318,"stop_loss_abs":12.15091,"stop_loss_ratio":-0.0318,"min_rate":12.13,"max_rate":12.56,"is_open":false,"enter_tag":"","leverage":1.0,"is_short":false,"open_timestamp":1765812900000,"close_timestamp":1765860000000,"orders":[{"amount":0.79,"safe_price":12.55,"ft_order_side":"buy","order_filled_timestamp":1765812900000,"ft_is_entry":true,"ft_order_tag":"","cost":9.9244145},{"amount":0.79,"safe_price":12.15091,"ft_order_side":"sell","order_filled_timestamp":1765860000000,"ft_is_entry":false,"ft_order_tag":"stop_loss","cost":9.608818118899999}],"funding_fees":0.0,"weekday":1},{"pair":"ICP/USDT","stake_amount":9.97328,"max_stake_amount":9.97328,"amount":3.32,"open_date":"2025-12-15 17:00:00+00:00","close_date":"2025-12-16 11:30:00+00:00","open_rate":3.004,"close_rate":3.070154154154154,"fee_open":0.001,"fee_close":0.001,"trade_duration":1110,"profit_ratio":0.01998001998001998,"profit_abs":0.1994656,"exit_reason":"roi","initial_stop_loss_abs":2.909,"initial_stop_loss_ratio":-0.0318,"stop_loss_abs":2.909,"stop_loss_ratio":-0.0318,"min_rate":2.95,"max_rate":3.091,"is_open":false,"enter_tag":"","leverage":1.0,"is_short":false,"open_timestamp":1765818000000,"close_timestamp":1765884600000,"orders":[{"amount":3.32,"safe_price":3.004,"ft_order_side":"buy","order_filled_timestamp":1765818000000,"ft_is_entry":true,"ft_order_tag":"","cost":9.983253279999998},{"amount":3.32,"safe_price":3.070154154154154,"ft_order_side":"sell","order_filled_timestamp":1765884600000,"ft_is_entry":false,"ft_order_tag":"roi","cost":10.20310470358358}],"funding_fees":0.0,"weekday":1},{"pair":"VET/USDT","stake_amount":9.905511,"max_stake_amount":9.905511,"amount":1032.9,"open_date":"2025-12-18 19:55:00+00:00","close_date":"2025-12-19 00:00:00+00:00","open_rate":0.00959,"close_rate":0.00980119119119119,"fee_open":0.001,"fee_close":0.001,"trade_duration":245,"profit_ratio":0.019980019980019977,"profit_abs":0.19811022,"exit_reason":"roi","initial_stop_loss_abs":0.00929,"initial_stop_loss_ratio":-0.0318,"stop_loss_abs":0.00929,"stop_loss_ratio":-0.0318,"min_rate":0.009540000000000002,"max_rate":0.0099,"is_open":false,"enter_tag":"","leverage":1.0,"is_short":false,"open_timestamp":1766087700000,"close_timestamp":1766102400000,"orders":[{"amount":1032.9,"safe_price":0.009590000000000001,"ft_order_side":"buy","order_filled_timestamp":1766087700000,"ft_is_entry":true,"ft_order_tag":"","cost":9.915416511000002},{"amount":1032.9,"safe_price":0.00980119119119119,"ft_order_side":"sell","order_filled_timestamp":1766102400000,"ft_is_entry":false,"ft_order_tag":"roi","cost":10.133774031762762}],"funding_fees":0.0,"weekday":4},{"pair":"ICP/USDT","stake_amount":9.88968,"max_stake_amount":9.88968,"amount":3.56,"open_date":"2025-12-18 20:00:00+00:00","close_date":"2025-12-19 03:25:00+00:00","open_rate":2.778,"close_rate":2.8391771771771768,"fee_open":0.001,"fee_close":0.001,"trade_duration":445,"profit_ratio":0.01998001998001998,"profit_abs":0.1977936,"exit_reason":"roi","initial_stop_loss_abs":2.69,"initial_stop_loss_ratio":-0.0318,"stop_loss_abs":2.69,"stop_loss_ratio":-0.0318,"min_rate":2.749,"max_rate":2.862,"is_open":false,"enter_tag":"","leverage":1.0,"is_short":false,"open_timestamp":1766088000000,"close_timestamp":1766114700000,"orders":[{"amount":3.56,"safe_price":2.778,"ft_order_side":"buy","order_filled_timestamp":1766088000000,"ft_is_entry":true,"ft_order_tag":"","cost":9.899569679999999},{"amount":3.56,"safe_price":2.8391771771771768,"ft_order_side":"sell","order_filled_timestamp":1766114700000,"ft_is_entry":false,"ft_order_tag":"roi","cost":10.1175782215015}],"funding_fees":0.0,"weekday":4},{"pair":"ADA/USDT","stake_amount":9.88568,"max_stake_amount":9.88568,"amount":27.8,"open_date":"2025-12-18 17:35:00+00:00","close_date":"2025-12-19 06:55:00+00:00","open_rate":0.3556,"close_rate":0.363431031031031,"fee_open":0.001,"fee_close":0.001,"trade_duration":800,"profit_ratio":0.019980019980019977,"profit_abs":0.1977136,"exit_reason":"roi","initial_stop_loss_abs":0.3443,"initial_stop_loss_ratio":-0.0318,"stop_loss_abs":0.3443,"stop_loss_ratio":-0.0318,"min_rate":0.3466,"max_rate":0.3637,"is_open":false,"enter_tag":"","leverage":1.0,"is_short":false,"open_timestamp":1766079300000,"close_timestamp":1766127300000,"orders":[{"amount":27.8,"safe_price":0.3556,"ft_order_side":"buy","order_filled_timestamp":1766079300000,"ft_is_entry":true,"ft_order_tag":"","cost":9.895565679999999},{"amount":27.8,"safe_price":0.363431031031031,"ft_order_side":"sell","order_filled_timestamp":1766127300000,"ft_is_entry":false,"ft_order_tag":"roi","cost":10.113486045325324}],"funding_fees":0.0,"weekday":4},{"pair":"AVAX/USDT","stake_amount":9.8515,"max_stake_amount":9.8515,"amount":0.85,"open_date":"2025-12-18 17:35:00+00:00","close_date":"2025-12-19 07:00:00+00:00","open_rate":11.59,"close_rate":11.845235235235233,"fee_open":0.001,"fee_close":0.001,"trade_duration":805,"profit_ratio":0.019980019980019983,"profit_abs":0.19703,"exit_reason":"roi","initial_stop_loss_abs":11.221438,"initial_stop_loss_ratio":-0.0318,"stop_loss_abs":11.221438,"stop_loss_ratio":-0.0318,"min_rate":11.26,"max_rate":11.88,"is_open":false,"enter_tag":"","leverage":1.0,"is_short":false,"open_timestamp":1766079300000,"close_timestamp":1766127600000,"orders":[{"amount":0.85,"safe_price":11.59,"ft_order_side":"buy","order_filled_timestamp":1766079300000,"ft_is_entry":true,"ft_order_tag":"","cost":9.861351499999998},{"amount":0.85,"safe_price":11.845235235235233,"ft_order_side":"sell","order_filled_timestamp":1766127600000,"ft_is_entry":false,"ft_order_tag":"roi","cost":10.078518399899897}],"funding_fees":0.0,"weekday":4},{"pair":"ICP/USDT","stake_amount":10.03848,"max_stake_amount":10.03848,"amount":3.02,"open_date":"2026-01-06 16:35:00+00:00","close_date":"2026-01-06 21:15:00+00:00","open_rate":3.324,"close_rate":3.3972012012012005,"fee_open":0.001,"fee_close":0.001,"trade_duration":280,"profit_ratio":0.01998001998001998,"profit_abs":0.2007696,"exit_reason":"roi","initial_stop_loss_abs":3.219,"initial_stop_loss_ratio":-0.0318,"stop_loss_abs":3.219,"stop_loss_ratio":-0.0318,"min_rate":3.222,"max_rate":3.411,"is_open":false,"enter_tag":"","leverage":1.0,"is_short":false,"open_timestamp":1767717300000,"close_timestamp":1767734100000,"orders":[{"amount":3.02,"safe_price":3.324,"ft_order_side":"buy","order_filled_timestamp":1767717300000,"ft_is_entry":true,"ft_order_tag":"","cost":10.048518479999998},{"amount":3.02,"safe_price":3.3972012012012005,"ft_order_side":"sell","order_filled_timestamp":1767734100000,"ft_is_entry":false,"ft_order_tag":"roi","cost":10.269807175255252}],"funding_fees":0.0,"weekday":1},{"pair":"ICP/USDT","stake_amount":10.09203,"max_stake_amount":10.09203,"amount":2.29,"open_date":"2026-01-15 03:00:00+00:00","close_date":"2026-01-15 05:15:00+00:00","open_rate":4.407,"close_rate":4.6363933933933925,"fee_open":0.001,"fee_close":0.001,"trade_duration":135,"profit_ratio":0.04995004995004995,"profit_abs":0.5046015,"exit_reason":"roi","initial_stop_loss_abs":4.267,"initial_stop_loss_ratio":-0.0318,"stop_loss_abs":4.267,"stop_loss_ratio":-0.0318,"min_rate":4.367,"max_rate":4.666,"is_open":false,"enter_tag":"","leverage":1.0,"is_short":false,"open_timestamp":1768446000000,"close_timestamp":1768454100000,"orders":[{"amount":2.29,"safe_price":4.407,"ft_order_side":"buy","order_filled_timestamp":1768446000000,"ft_is_entry":true,"ft_order_tag":"","cost":10.102122029999999},{"amount":2.29,"safe_price":4.6363933933933925,"ft_order_side":"sell","order_filled_timestamp":1768454100000,"ft_is_entry":false,"ft_order_tag":"roi","cost":10.627958211741738}],"funding_fees":0.0,"weekday":3},{"pair":"ICP/USDT","stake_amount":10.17184,"max_stake_amount":10.17184,"amount":2.39,"open_date":"2026-01-15 08:30:00+00:00","close_date":"2026-01-15 13:10:00+00:00","open_rate":4.256,"close_rate":4.349725725725726,"fee_open":0.001,"fee_close":0.001,"trade_duration":280,"profit_ratio":0.01998001998001998,"profit_abs":0.2034368,"exit_reason":"roi","initial_stop_loss_abs":4.121,"initial_stop_loss_ratio":-0.0318,"stop_loss_abs":4.121,"stop_loss_ratio":-0.0318,"min_rate":4.171,"max_rate":4.3629999999999995,"is_open":false,"enter_tag":"","leverage":1.0,"is_short":false,"open_timestamp":1768465800000,"close_timestamp":1768482600000,"orders":[{"amount":2.39,"safe_price":4.256,"ft_order_side":"buy","order_filled_timestamp":1768465800000,"ft_is_entry":true,"ft_order_tag":"","cost":10.18201184},{"amount":2.39,"safe_price":4.349725725725726,"ft_order_side":"sell","order_filled_timestamp":1768482600000,"ft_is_entry":false,"ft_order_tag":"roi","cost":10.40624032896897}],"funding_fees":0.0,"weekday":3},{"pair":"ICP/USDT","stake_amount":10.218,"max_stake_amount":10.218,"amount":2.62,"open_date":"2026-01-18 23:55:00+00:00","close_date":"2026-01-19 00:00:00+00:00","open_rate":3.9,"close_rate":3.776,"fee_open":0.001,"fee_close":0.001,"trade_duration":5,"profit_ratio":-0.03372934757550142,"profit_abs":-0.34499112,"exit_reason":"stop_loss","initial_stop_loss_abs":3.776,"initial_stop_loss_ratio":-0.0318,"stop_loss_abs":3.776,"stop_loss_ratio":-0.0318,"min_rate":3.446,"max_rate":3.911,"is_open":false,"enter_tag":"","leverage":1.0,"is_short":false,"open_timestamp":1768780500000,"close_timestamp":1768780800000,"orders":[{"amount":2.62,"safe_price":3.9,"ft_order_side":"buy","order_filled_timestamp":1768780500000,"ft_is_entry":true,"ft_order_tag":"","cost":10.228217999999998},{"amount":2.62,"safe_price":3.776,"ft_order_side":"sell","order_filled_timestamp":1768780800000,"ft_is_entry":false,"ft_order_tag":"stop_loss","cost":9.903013119999999}],"funding_fees":0.0,"weekday":0},{"pair":"VET/USDT","stake_amount":10.241244,"max_stake_amount":10.241244,"amount":924.3,"open_date":"2026-01-18 23:55:00+00:00","close_date":"2026-01-19 00:00:00+00:00","open_rate":0.01108,"close_rate":0.01073,"fee_open":0.001,"fee_close":0.001,"trade_duration":5,"profit_ratio":-0.03352333557726574,"profit_abs":-0.34366398,"exit_reason":"stop_loss","initial_stop_loss_abs":0.01073,"initial_stop_loss_ratio":-0.0318,"stop_loss_abs":0.01073,"stop_loss_ratio":-0.0318,"min_rate":0.01007,"max_rate":0.011090000000000001,"is_open":false,"enter_tag":"","leverage":1.0,"is_short":false,"open_timestamp":1768780500000,"close_timestamp":1768780800000,"orders":[{"amount":924.3,"safe_price":0.011080000000000001,"ft_order_side":"buy","order_filled_timestamp":1768780500000,"ft_is_entry":true,"ft_order_tag":"","cost":10.251485244},{"amount":924.3,"safe_price":0.01073,"ft_order_side":"sell","order_filled_timestamp":1768780800000,"ft_is_entry":false,"ft_order_tag":"stop_loss","cost":9.927656738999998}],"funding_fees":0.0,"weekday":0},{"pair":"AVAX/USDT","stake_amount":9.9946,"max_stake_amount":9.9946,"amount":0.77,"open_date":"2026-01-19 00:00:00+00:00","close_date":"2026-01-19 00:00:00+00:00","open_rate":12.98,"close_rate":12.567236,"fee_open":0.001,"fee_close":0.001,"trade_duration":0,"profit_ratio":-0.03373446536254452,"profit_abs":-0.33749965,"exit_reason":"stop_loss","initial_stop_loss_abs":12.567236,"initial_stop_loss_ratio":-0.0318,"stop_loss_abs":12.567236,"stop_loss_ratio":-0.0318,"min_rate":12.09,"max_rate":12.99,"is_open":false,"enter_tag":"","leverage":1.0,"is_short":false,"open_timestamp":1768780800000,"close_timestamp":1768780800000,"orders":[{"amount":0.77,"safe_price":12.98,"ft_order_side":"buy","order_filled_timestamp":1768780800000,"ft_is_entry":true,"ft_order_tag":"","cost":10.004594599999999},{"amount":0.77,"safe_price":12.567236,"ft_order_side":"sell","order_filled_timestamp":1768780800000,"ft_is_entry":false,"ft_order_tag":"stop_loss","cost":9.686448491719998}],"funding_fees":0.0,"weekday":0},{"pair":"ICP/USDT","stake_amount":10.00296,"max_stake_amount":10.00296,"amount":2.64,"open_date":"2026-01-19 01:40:00+00:00","close_date":"2026-01-19 05:40:00+00:00","open_rate":3.789,"close_rate":3.918,"fee_open":0.001,"fee_close":0.001,"trade_duration":240,"profit_ratio":0.031979896587972595,"profit_abs":0.32021352,"exit_reason":"roi","initial_stop_loss_abs":3.669,"initial_stop_loss_ratio":-0.0318,"stop_loss_abs":3.669,"stop_loss_ratio":-0.0318,"min_rate":3.743,"max_rate":3.966,"is_open":false,"enter_tag":"","leverage":1.0,"is_short":false,"open_timestamp":1768786800000,"close_timestamp":1768801200000,"orders":[{"amount":2.64,"safe_price":3.789,"ft_order_side":"buy","order_filled_timestamp":1768786800000,"ft_is_entry":true,"ft_order_tag":"","cost":10.012962960000001},{"amount":2.64,"safe_price":3.918,"ft_order_side":"sell","order_filled_timestamp":1768801200000,"ft_is_entry":false,"ft_order_tag":"roi","cost":10.35386352}],"funding_fees":0.0,"weekday":0},{"pair":"ADA/USDT","stake_amount":10.02708,"max_stake_amount":10.02708,"amount":27.6,"open_date":"2026-01-19 01:25:00+00:00","close_date":"2026-01-19 10:45:00+00:00","open_rate":0.3633,"close_rate":0.37130060060060055,"fee_open":0.001,"fee_close":0.001,"trade_duration":560,"profit_ratio":0.01998001998001998,"profit_abs":0.2005416,"exit_reason":"roi","initial_stop_loss_abs":0.3518,"initial_stop_loss_ratio":-0.0318,"stop_loss_abs":0.3518,"stop_loss_ratio":-0.0318,"min_rate":0.36060000000000003,"max_rate":0.3714,"is_open":false,"enter_tag":"","leverage":1.0,"is_short":false,"open_timestamp":1768785900000,"close_timestamp":1768819500000,"orders":[{"amount":27.6,"safe_price":0.3633,"ft_order_side":"buy","order_filled_timestamp":1768785900000,"ft_is_entry":true,"ft_order_tag":"","cost":10.03710708},{"amount":27.6,"safe_price":0.37130060060060055,"ft_order_side":"sell","order_filled_timestamp":1768819500000,"ft_is_entry":false,"ft_order_tag":"roi","cost":10.258144473153152}],"funding_fees":0.0,"weekday":0},{"pair":"VET/USDT","stake_amount":10.038483,"max_stake_amount":10.038483,"amount":937.3,"open_date":"2026-01-19 01:30:00+00:00","close_date":"2026-01-19 19:15:00+00:00","open_rate":0.01071,"close_rate":0.010945855855855856,"fee_open":0.001,"fee_close":0.001,"trade_duration":1065,"profit_ratio":0.01998001998001998,"profit_abs":0.20076966,"exit_reason":"roi","initial_stop_loss_abs":0.01037,"initial_stop_loss_ratio":-0.0318,"stop_loss_abs":0.01037,"stop_loss_ratio":-0.0318,"min_rate":0.01059,"max_rate":0.01106,"is_open":false,"enter_tag":"","leverage":1.0,"is_short":false,"open_timestamp":1768786200000,"close_timestamp":1768850100000,"orders":[{"amount":937.3,"safe_price":0.01071,"ft_order_side":"buy","order_filled_timestamp":1768786200000,"ft_is_entry":true,"ft_order_tag":"","cost":10.048521482999998},{"amount":937.3,"safe_price":0.010945855855855856,"ft_order_side":"sell","order_filled_timestamp":1768850100000,"ft_is_entry":false,"ft_order_tag":"roi","cost":10.269810244387386}],"funding_fees":0.0,"weekday":0},{"pair":"AVAX/USDT","stake_amount":9.954,"max_stake_amount":9.954,"amount":0.79,"open_date":"2026-01-19 01:30:00+00:00","close_date":"2026-01-20 05:45:00+00:00","open_rate":12.6,"close_rate":12.75135135135135,"fee_open":0.001,"fee_close":0.001,"trade_duration":1695,"profit_ratio":0.009990009990009992,"profit_abs":0.09954,"exit_reason":"roi","initial_stop_loss_abs":12.199319999999998,"initial_stop_loss_ratio":-0.0318,"stop_loss_abs":12.199319999999998,"stop_loss_ratio":-0.0318,"min_rate":12.54,"max_rate":12.86,"is_open":false,"enter_tag":"","leverage":1.0,"is_short":false,"open_timestamp":1768786200000,"close_timestamp":1768887900000,"orders":[{"amount":0.79,"safe_price":12.6,"ft_order_side":"buy","order_filled_timestamp":1768786200000,"ft_is_entry":true,"ft_order_tag":"","cost":9.963954},{"amount":0.79,"safe_price":12.75135135135135,"ft_order_side":"sell","order_filled_timestamp":1768887900000,"ft_is_entry":false,"ft_order_tag":"roi","cost":10.083641135135133}],"funding_fees":0.0,"weekday":1},{"pair":"VET/USDT","stake_amount":10.20117,"max_stake_amount":10.20117,"amount":1096.9,"open_date":"2026-01-29 15:20:00+00:00","close_date":"2026-01-30 01:40:00+00:00","open_rate":0.0093,"close_rate":0.00901,"fee_open":0.001,"fee_close":0.001,"trade_duration":620,"profit_ratio":-0.033118494506747025,"profit_abs":-0.33818524,"exit_reason":"stop_loss","initial_stop_loss_abs":0.00901,"initial_stop_loss_ratio":-0.0318,"stop_loss_abs":0.00901,"stop_loss_ratio":-0.0318,"min_rate":0.00898,"max_rate":0.00962,"is_open":false,"enter_tag":"","leverage":1.0,"is_short":false,"open_timestamp":1769700000000,"close_timestamp":1769737200000,"orders":[{"amount":1096.9,"safe_price":0.009300000000000001,"ft_order_side":"buy","order_filled_timestamp":1769700000000,"ft_is_entry":true,"ft_order_tag":"","cost":10.21137117},{"amount":1096.9,"safe_price":0.00901,"ft_order_side":"sell","order_filled_timestamp":1769737200000,"ft_is_entry":false,"ft_order_tag":"stop_loss","cost":9.892952069}],"funding_fees":0.0,"weekday":4},{"pair":"AVAX/USDT","stake_amount":10.0924,"max_stake_amount":10.0924,"amount":0.92,"open_date":"2026-01-29 15:15:00+00:00","close_date":"2026-01-31 07:35:00+00:00","open_rate":10.97,"close_rate":10.621154,"fee_open":0.001,"fee_close":0.001,"trade_duration":2420,"profit_ratio":-0.033734465368169944,"profit_abs":-0.34080218,"exit_reason":"stop_loss","initial_stop_loss_abs":10.621154,"initial_stop_loss_ratio":-0.0318,"stop_loss_abs":10.621154,"stop_loss_ratio":-0.0318,"min_rate":10.58,"max_rate":11.17,"is_open":false,"enter_tag":"","leverage":1.0,"is_short":false,"open_timestamp":1769699700000,"close_timestamp":1769844900000,"orders":[{"amount":0.92,"safe_price":10.97,"ft_order_side":"buy","order_filled_timestamp":1769699700000,"ft_is_entry":true,"ft_order_tag":"","cost":10.102492400000001},{"amount":0.92,"safe_price":10.621154,"ft_order_side":"sell","order_filled_timestamp":1769844900000,"ft_is_entry":false,"ft_order_tag":"stop_loss","cost":9.781233141680001}],"funding_fees":0.0,"weekday":5},{"pair":"VET/USDT","stake_amount":10.06638,"max_stake_amount":10.06638,"amount":1207.0,"open_date":"2026-01-31 14:40:00+00:00","close_date":"2026-01-31 17:10:00+00:00","open_rate":0.00834,"close_rate":0.00808,"fee_open":0.001,"fee_close":0.001,"trade_duration":150,"profit_ratio":-0.03311077411796836,"profit_abs":-0.33363894,"exit_reason":"stop_loss","initial_stop_loss_abs":0.00808,"initial_stop_loss_ratio":-0.0318,"stop_loss_abs":0.00808,"stop_loss_ratio":-0.0318,"min_rate":0.007810000000000001,"max_rate":0.008570000000000001,"is_open":false,"enter_tag":"","leverage":1.0,"is_short":false,"open_timestamp":1769870400000,"close_timestamp":1769879400000,"orders":[{"amount":1207.0,"safe_price":0.00834,"ft_order_side":"buy","order_filled_timestamp":1769870400000,"ft_is_entry":true,"ft_order_tag":"","cost":10.07644638},{"amount":1207.0,"safe_price":0.00808,"ft_order_side":"sell","order_filled_timestamp":1769879400000,"ft_is_entry":false,"ft_order_tag":"stop_loss","cost":9.76231256}],"funding_fees":0.0,"weekday":5},{"pair":"AVAX/USDT","stake_amount":9.9891,"max_stake_amount":9.9891,"amount":0.99,"open_date":"2026-01-31 14:50:00+00:00","close_date":"2026-01-31 17:10:00+00:00","open_rate":10.09,"close_rate":9.769138,"fee_open":0.001,"fee_close":0.001,"trade_duration":140,"profit_ratio":-0.03373446587249632,"profit_abs":-0.33731393,"exit_reason":"stop_loss","initial_stop_loss_abs":9.769138,"initial_stop_loss_ratio":-0.0318,"stop_loss_abs":9.769138,"stop_loss_ratio":-0.0318,"min_rate":9.54,"max_rate":10.29,"is_open":false,"enter_tag":"","leverage":1.0,"is_short":false,"open_timestamp":1769871000000,"close_timestamp":1769879400000,"orders":[{"amount":0.99,"safe_price":10.09,"ft_order_side":"buy","order_filled_timestamp":1769871000000,"ft_is_entry":true,"ft_order_tag":"","cost":9.999089099999999},{"amount":0.99,"safe_price":9.769138,"ft_order_side":"sell","order_filled_timestamp":1769879400000,"ft_is_entry":false,"ft_order_tag":"stop_loss","cost":9.681118066619998}],"funding_fees":0.0,"weekday":5},{"pair":"VET/USDT","stake_amount":9.93395,"max_stake_amount":9.93395,"amount":1232.5,"open_date":"2026-01-31 17:20:00+00:00","close_date":"2026-01-31 18:40:00+00:00","open_rate":0.00806,"close_rate":0.00781,"fee_open":0.001,"fee_close":0.001,"trade_duration":80,"profit_ratio":-0.03295339946118337,"profit_abs":-0.32768478,"exit_reason":"stop_loss","initial_stop_loss_abs":0.00781,"initial_stop_loss_ratio":-0.0318,"stop_loss_abs":0.00781,"stop_loss_ratio":-0.0318,"min_rate":0.00759,"max_rate":0.008110000000000001,"is_open":false,"enter_tag":"","leverage":1.0,"is_short":false,"open_timestamp":1769880000000,"close_timestamp":1769884800000,"orders":[{"amount":1232.5,"safe_price":0.008060000000000001,"ft_order_side":"buy","order_filled_timestamp":1769880000000,"ft_is_entry":true,"ft_order_tag":"","cost":9.94388395},{"amount":1232.5,"safe_price":0.00781,"ft_order_side":"sell","order_filled_timestamp":1769884800000,"ft_is_entry":false,"ft_order_tag":"stop_loss","cost":9.635450825}],"funding_fees":0.0,"weekday":5},{"pair":"ETH/USDT","stake_amount":9.69792,"max_stake_amount":9.69792,"amount":0.004,"open_date":"2026-01-31 17:20:00+00:00","close_date":"2026-01-31 18:40:00+00:00","open_rate":2424.48,"close_rate":2347.381536,"fee_open":0.001,"fee_close":0.001,"trade_duration":80,"profit_ratio":-0.033734465313608054,"profit_abs":-0.3274813,"exit_reason":"stop_loss","initial_stop_loss_abs":2347.381536,"initial_stop_loss_ratio":-0.0318,"stop_loss_abs":2347.381536,"stop_loss_ratio":-0.0318,"min_rate":2250.0,"max_rate":2431.32,"is_open":false,"enter_tag":"","leverage":1.0,"is_short":false,"open_timestamp":1769880000000,"close_timestamp":1769884800000,"orders":[{"amount":0.004,"safe_price":2424.48,"ft_order_side":"buy","order_filled_timestamp":1769880000000,"ft_is_entry":true,"ft_order_tag":"","cost":9.707617919999999},{"amount":0.004,"safe_price":2347.381536,"ft_order_side":"sell","order_filled_timestamp":1769884800000,"ft_is_entry":false,"ft_order_tag":"stop_loss","cost":9.398915670143998}],"funding_fees":0.0,"weekday":5},{"pair":"ADA/USDT","stake_amount":9.918,"max_stake_amount":9.918,"amount":34.8,"open_date":"2026-01-31 17:25:00+00:00","close_date":"2026-01-31 18:40:00+00:00","open_rate":0.285,"close_rate":0.276,"fee_open":0.001,"fee_close":0.001,"trade_duration":75,"profit_ratio":-0.03351385456648614,"profit_abs":-0.3327228,"exit_reason":"stop_loss","initial_stop_loss_abs":0.276,"initial_stop_loss_ratio":-0.0318,"stop_loss_abs":0.276,"stop_loss_ratio":-0.0318,"min_rate":0.2685,"max_rate":0.2872,"is_open":false,"enter_tag":"","leverage":1.0,"is_short":false,"open_timestamp":1769880300000,"close_timestamp":1769884800000,"orders":[{"amount":34.8,"safe_price":0.28500000000000003,"ft_order_side":"buy","order_filled_timestamp":1769880300000,"ft_is_entry":true,"ft_order_tag":"","cost":9.927918},{"amount":34.8,"safe_price":0.276,"ft_order_side":"sell","order_filled_timestamp":1769884800000,"ft_is_entry":false,"ft_order_tag":"stop_loss","cost":9.614404799999999}],"funding_fees":0.0,"weekday":5},{"pair":"ICP/USDT","stake_amount":9.9324,"max_stake_amount":9.9324,"amount":3.72,"open_date":"2026-01-31 17:30:00+00:00","close_date":"2026-01-31 18:40:00+00:00","open_rate":2.67,"close_rate":2.586,"fee_open":0.001,"fee_close":0.001,"trade_duration":70,"profit_ratio":-0.03339581766548059,"profit_abs":-0.33203232,"exit_reason":"stop_loss","initial_stop_loss_abs":2.586,"initial_stop_loss_ratio":-0.0318,"stop_loss_abs":2.586,"stop_loss_ratio":-0.0318,"min_rate":2.472,"max_rate":2.681,"is_open":false,"enter_tag":"","leverage":1.0,"is_short":false,"open_timestamp":1769880600000,"close_timestamp":1769884800000,"orders":[{"amount":3.72,"safe_price":2.67,"ft_order_side":"buy","order_filled_timestamp":1769880600000,"ft_is_entry":true,"ft_order_tag":"","cost":9.942332399999998},{"amount":3.72,"safe_price":2.586,"ft_order_side":"sell","order_filled_timestamp":1769884800000,"ft_is_entry":false,"ft_order_tag":"stop_loss","cost":9.62953992}],"funding_fees":0.0,"weekday":5},{"pair":"AVAX/USDT","stake_amount":9.8879,"max_stake_amount":9.8879,"amount":1.01,"open_date":"2026-01-31 17:40:00+00:00","close_date":"2026-01-31 18:40:00+00:00","open_rate":9.79,"close_rate":9.478677999999999,"fee_open":0.001,"fee_close":0.001,"trade_duration":60,"profit_ratio":-0.03373446505152934,"profit_abs":-0.33389658,"exit_reason":"stop_loss","initial_stop_loss_abs":9.478677999999999,"initial_stop_loss_ratio":-0.0318,"stop_loss_abs":9.478677999999999,"stop_loss_ratio":-0.0318,"min_rate":9.16,"max_rate":9.86,"is_open":false,"enter_tag":"","leverage":1.0,"is_short":false,"open_timestamp":1769881200000,"close_timestamp":1769884800000,"orders":[{"amount":1.01,"safe_price":9.79,"ft_order_side":"buy","order_filled_timestamp":1769881200000,"ft_is_entry":true,"ft_order_tag":"","cost":9.897787899999997},{"amount":1.01,"safe_price":9.478677999999999,"ft_order_side":"sell","order_filled_timestamp":1769884800000,"ft_is_entry":false,"ft_order_tag":"stop_loss","cost":9.583038244779997}],"funding_fees":0.0,"weekday":5},{"pair":"VET/USDT","stake_amount":9.606075,"max_stake_amount":9.606075,"amount":1217.5,"open_date":"2026-01-31 18:45:00+00:00","close_date":"2026-01-31 21:50:00+00:00","open_rate":0.00789,"close_rate":0.008300690690690692,"fee_open":0.001,"fee_close":0.001,"trade_duration":185,"profit_ratio":0.04995004995004994,"profit_abs":0.48030375,"exit_reason":"roi","initial_stop_loss_abs":0.00764,"initial_stop_loss_ratio":-0.0318,"stop_loss_abs":0.00764,"stop_loss_ratio":-0.0318,"min_rate":0.007840000000000001,"max_rate":0.008320000000000001,"is_open":false,"enter_tag":"","leverage":1.0,"is_short":false,"open_timestamp":1769885100000,"close_timestamp":1769896200000,"orders":[{"amount":1217.5,"safe_price":0.007890000000000001,"ft_order_side":"buy","order_filled_timestamp":1769885100000,"ft_is_entry":true,"ft_order_tag":"","cost":9.615681075},{"amount":1217.5,"safe_price":0.008300690690690692,"ft_order_side":"sell","order_filled_timestamp":1769896200000,"ft_is_entry":false,"ft_order_tag":"roi","cost":10.116197006831833}],"funding_fees":0.0,"weekday":5},{"pair":"ETH/USDT","stake_amount":9.40872,"max_stake_amount":9.40872,"amount":0.004,"open_date":"2026-01-31 18:45:00+00:00","close_date":"2026-01-31 22:45:00+00:00","open_rate":2352.18,"close_rate":2413.41,"fee_open":0.001,"fee_close":0.001,"trade_duration":240,"profit_ratio":0.02398115875400777,"profit_abs":0.22585764,"exit_reason":"roi","initial_stop_loss_abs":2277.3806759999998,"initial_stop_loss_ratio":-0.0318,"stop_loss_abs":2277.3806759999998,"stop_loss_ratio":-0.0318,"min_rate":2327.4,"max_rate":2433.66,"is_open":false,"enter_tag":"","leverage":1.0,"is_short":false,"open_timestamp":1769885100000,"close_timestamp":1769899500000,"orders":[{"amount":0.004,"safe_price":2352.18,"ft_order_side":"buy","order_filled_timestamp":1769885100000,"ft_is_entry":true,"ft_order_tag":"","cost":9.418128719999999},{"amount":0.004,"safe_price":2413.41,"ft_order_side":"sell","order_filled_timestamp":1769899500000,"ft_is_entry":false,"ft_order_tag":"roi","cost":9.66329364}],"funding_fees":0.0,"weekday":5},{"pair":"ICP/USDT","stake_amount":9.5978,"max_stake_amount":9.5978,"amount":3.7,"open_date":"2026-01-31 19:10:00+00:00","close_date":"2026-01-31 23:10:00+00:00","open_rate":2.594,"close_rate":2.688,"fee_open":0.001,"fee_close":0.001,"trade_duration":240,"profit_ratio":0.03416706654948753,"profit_abs":0.3282566,"exit_reason":"roi","initial_stop_loss_abs":2.512,"initial_stop_loss_ratio":-0.0318,"stop_loss_abs":2.512,"stop_loss_ratio":-0.0318,"min_rate":2.58,"max_rate":2.689,"is_open":false,"enter_tag":"","leverage":1.0,"is_short":false,"open_timestamp":1769886600000,"close_timestamp":1769901000000,"orders":[{"amount":3.7,"safe_price":2.594,"ft_order_side":"buy","order_filled_timestamp":1769886600000,"ft_is_entry":true,"ft_order_tag":"","cost":9.607397799999998},{"amount":3.7,"safe_price":2.688,"ft_order_side":"sell","order_filled_timestamp":1769901000000,"ft_is_entry":false,"ft_order_tag":"roi","cost":9.955545599999999}],"funding_fees":0.0,"weekday":5},{"pair":"ETH/USDT","stake_amount":9.77625,"max_stake_amount":9.77625,"amount":0.0045,"open_date":"2026-02-02 03:40:00+00:00","close_date":"2026-02-02 07:40:00+00:00","open_rate":2172.5,"close_rate":2234.78,"fee_open":0.001,"fee_close":0.001,"trade_duration":240,"profit_ratio":0.026612154243914887,"profit_abs":0.26042724,"exit_reason":"roi","initial_stop_loss_abs":2103.4145,"initial_stop_loss_ratio":-0.0318,"stop_loss_abs":2103.4145,"stop_loss_ratio":-0.0318,"min_rate":2157.14,"max_rate":2268.0,"is_open":false,"enter_tag":"","leverage":1.0,"is_short":false,"open_timestamp":1770003600000,"close_timestamp":1770018000000,"orders":[{"amount":0.0045,"safe_price":2172.5,"ft_order_side":"buy","order_filled_timestamp":1770003600000,"ft_is_entry":true,"ft_order_tag":"","cost":9.786026249999997},{"amount":0.0045,"safe_price":2234.78,"ft_order_side":"sell","order_filled_timestamp":1770018000000,"ft_is_entry":false,"ft_order_tag":"roi","cost":10.066566509999998}],"funding_fees":0.0,"weekday":0},{"pair":"VET/USDT","stake_amount":9.862713,"max_stake_amount":9.862713,"amount":1231.3,"open_date":"2026-02-03 18:55:00+00:00","close_date":"2026-02-03 19:55:00+00:00","open_rate":0.00801,"close_rate":0.008426936936936935,"fee_open":0.001,"fee_close":0.001,"trade_duration":60,"profit_ratio":0.04995004995004994,"profit_abs":0.49313565,"exit_reason":"roi","initial_stop_loss_abs":0.00776,"initial_stop_loss_ratio":-0.0318,"stop_loss_abs":0.00776,"stop_loss_ratio":-0.0318,"min_rate":0.008,"max_rate":0.008490000000000001,"is_open":false,"enter_tag":"","leverage":1.0,"is_short":false,"open_timestamp":1770144900000,"close_timestamp":1770148500000,"orders":[{"amount":1231.3,"safe_price":0.008010000000000001,"ft_order_side":"buy","order_filled_timestamp":1770144900000,"ft_is_entry":true,"ft_order_tag":"","cost":9.872575713},{"amount":1231.3,"safe_price":0.008426936936936935,"ft_order_side":"sell","order_filled_timestamp":1770148500000,"ft_is_entry":false,"ft_order_tag":"roi","cost":10.386463537900898}],"funding_fees":0.0,"weekday":1},{"pair":"ETH/USDT","stake_amount":9.831074,"max_stake_amount":9.831074,"amount":0.0046,"open_date":"2026-02-03 18:30:00+00:00","close_date":"2026-02-03 20:25:00+00:00","open_rate":2137.19,"close_rate":2248.435125125125,"fee_open":0.001,"fee_close":0.001,"trade_duration":115,"profit_ratio":0.049950049950049945,"profit_abs":0.4915537,"exit_reason":"roi","initial_stop_loss_abs":2069.227358,"initial_stop_loss_ratio":-0.0318,"stop_loss_abs":2069.227358,"stop_loss_ratio":-0.0318,"min_rate":2110.0,"max_rate":2255.33,"is_open":false,"enter_tag":"","leverage":1.0,"is_short":false,"open_timestamp":1770143400000,"close_timestamp":1770150300000,"orders":[{"amount":0.0046,"safe_price":2137.19,"ft_order_side":"buy","order_filled_timestamp":1770143400000,"ft_is_entry":true,"ft_order_tag":"","cost":9.840905073999998},{"amount":0.0046,"safe_price":2248.435125125125,"ft_order_side":"sell","order_filled_timestamp":1770150300000,"ft_is_entry":false,"ft_order_tag":"roi","cost":10.35314437715115}],"funding_fees":0.0,"weekday":1},{"pair":"VET/USDT","stake_amount":10.05779,"max_stake_amount":10.05779,"amount":1361.0,"open_date":"2026-02-05 15:35:00+00:00","close_date":"2026-02-05 19:35:00+00:00","open_rate":0.00739,"close_rate":0.00757,"fee_open":0.001,"fee_close":0.001,"trade_duration":240,"profit_ratio":0.02231057170164071,"profit_abs":0.22461944,"exit_reason":"roi","initial_stop_loss_abs":0.00716,"initial_stop_loss_ratio":-0.0318,"stop_loss_abs":0.00716,"stop_loss_ratio":-0.0318,"min_rate":0.007320000000000001,"max_rate":0.007680000000000001,"is_open":false,"enter_tag":"","leverage":1.0,"is_short":false,"open_timestamp":1770305700000,"close_timestamp":1770320100000,"orders":[{"amount":1361.0,"safe_price":0.007390000000000001,"ft_order_side":"buy","order_filled_timestamp":1770305700000,"ft_is_entry":true,"ft_order_tag":"","cost":10.06784779},{"amount":1361.0,"safe_price":0.00757,"ft_order_side":"sell","order_filled_timestamp":1770320100000,"ft_is_entry":false,"ft_order_tag":"roi","cost":10.31307277}],"funding_fees":0.0,"weekday":3},{"pair":"ETH/USDT","stake_amount":10.055136,"max_stake_amount":10.055136,"amount":0.0052,"open_date":"2026-02-05 15:30:00+00:00","close_date":"2026-02-05 20:20:00+00:00","open_rate":1933.68,"close_rate":1872.188976,"fee_open":0.001,"fee_close":0.001,"trade_duration":290,"profit_ratio":-0.033734465189196386,"profit_abs":-0.33954384,"exit_reason":"stop_loss","initial_stop_loss_abs":1872.188976,"initial_stop_loss_ratio":-0.0318,"stop_loss_abs":1872.188976,"stop_loss_ratio":-0.0318,"min_rate":1868.0,"max_rate":2018.33,"is_open":false,"enter_tag":"","leverage":1.0,"is_short":false,"open_timestamp":1770305400000,"close_timestamp":1770322800000,"orders":[{"amount":0.0052,"safe_price":1933.68,"ft_order_side":"buy","order_filled_timestamp":1770305400000,"ft_is_entry":true,"ft_order_tag":"","cost":10.065191135999997},{"amount":0.0052,"safe_price":1872.188976,"ft_order_side":"sell","order_filled_timestamp":1770322800000,"ft_is_entry":false,"ft_order_tag":"stop_loss","cost":9.745118057875198}],"funding_fees":0.0,"weekday":3},{"pair":"AVAX/USDT","stake_amount":9.975,"max_stake_amount":9.975,"amount":1.14,"open_date":"2026-02-05 15:35:00+00:00","close_date":"2026-02-05 20:20:00+00:00","open_rate":8.75,"close_rate":8.47175,"fee_open":0.001,"fee_close":0.001,"trade_duration":285,"profit_ratio":-0.03373446603521792,"profit_abs":-0.3368378,"exit_reason":"stop_loss","initial_stop_loss_abs":8.47175,"initial_stop_loss_ratio":-0.0318,"stop_loss_abs":8.47175,"stop_loss_ratio":-0.0318,"min_rate":8.41,"max_rate":9.09,"is_open":false,"enter_tag":"","leverage":1.0,"is_short":false,"open_timestamp":1770305700000,"close_timestamp":1770322800000,"orders":[{"amount":1.14,"safe_price":8.75,"ft_order_side":"buy","order_filled_timestamp":1770305700000,"ft_is_entry":true,"ft_order_tag":"","cost":9.984974999999999},{"amount":1.14,"safe_price":8.47175,"ft_order_side":"sell","order_filled_timestamp":1770322800000,"ft_is_entry":false,"ft_order_tag":"stop_loss","cost":9.667452794999999}],"funding_fees":0.0,"weekday":3},{"pair":"AVAX/USDT","stake_amount":9.8884,"max_stake_amount":9.8884,"amount":1.18,"open_date":"2026-02-05 20:50:00+00:00","close_date":"2026-02-06 00:05:00+00:00","open_rate":8.38,"close_rate":8.113516,"fee_open":0.001,"fee_close":0.001,"trade_duration":195,"profit_ratio":-0.03373446564761641,"profit_abs":-0.33391347,"exit_reason":"stop_loss","initial_stop_loss_abs":8.113516,"initial_stop_loss_ratio":-0.0318,"stop_loss_abs":8.113516,"stop_loss_ratio":-0.0318,"min_rate":8.05,"max_rate":8.57,"is_open":false,"enter_tag":"","leverage":1.0,"is_short":false,"open_timestamp":1770324600000,"close_timestamp":1770336300000,"orders":[{"amount":1.18,"safe_price":8.38,"ft_order_side":"buy","order_filled_timestamp":1770324600000,"ft_is_entry":true,"ft_order_tag":"","cost":9.8982884},{"amount":1.18,"safe_price":8.113516,"ft_order_side":"sell","order_filled_timestamp":1770336300000,"ft_is_entry":false,"ft_order_tag":"stop_loss","cost":9.583522828879998}],"funding_fees":0.0,"weekday":4},{"pair":"ICP/USDT","stake_amount":9.95421,"max_stake_amount":9.95421,"amount":4.43,"open_date":"2026-02-05 20:35:00+00:00","close_date":"2026-02-06 00:10:00+00:00","open_rate":2.247,"close_rate":2.176,"fee_open":0.001,"fee_close":0.001,"trade_duration":215,"profit_ratio":-0.03353255556192806,"profit_abs":-0.33412389,"exit_reason":"stop_loss","initial_stop_loss_abs":2.176,"initial_stop_loss_ratio":-0.0318,"stop_loss_abs":2.176,"stop_loss_ratio":-0.0318,"min_rate":2.047,"max_rate":2.333,"is_open":false,"enter_tag":"","leverage":1.0,"is_short":false,"open_timestamp":1770323700000,"close_timestamp":1770336600000,"orders":[{"amount":4.43,"safe_price":2.247,"ft_order_side":"buy","order_filled_timestamp":1770323700000,"ft_is_entry":true,"ft_order_tag":"","cost":9.964164209999996},{"amount":4.43,"safe_price":2.176,"ft_order_side":"sell","order_filled_timestamp":1770336600000,"ft_is_entry":false,"ft_order_tag":"stop_loss","cost":9.64931968}],"funding_fees":0.0,"weekday":4},{"pair":"ETH/USDT","stake_amount":9.807703,"max_stake_amount":9.807703,"amount":0.0053,"open_date":"2026-02-05 20:50:00+00:00","close_date":"2026-02-06 00:10:00+00:00","open_rate":1850.51,"close_rate":1791.6637819999999,"fee_open":0.001,"fee_close":0.001,"trade_duration":200,"profit_ratio":-0.033734465896614364,"profit_abs":-0.33118848,"exit_reason":"stop_loss","initial_stop_loss_abs":1791.6637819999999,"initial_stop_loss_ratio":-0.0318,"stop_loss_abs":1791.6637819999999,"stop_loss_ratio":-0.0318,"min_rate":1760.0,"max_rate":1912.35,"is_open":false,"enter_tag":"","leverage":1.0,"is_short":false,"open_timestamp":1770324600000,"close_timestamp":1770336600000,"orders":[{"amount":0.0053,"safe_price":1850.51,"ft_order_side":"buy","order_filled_timestamp":1770324600000,"ft_is_entry":true,"ft_order_tag":"","cost":9.817510702999998},{"amount":0.0053,"safe_price":1791.6637819999999,"ft_order_side":"sell","order_filled_timestamp":1770336600000,"ft_is_entry":false,"ft_order_tag":"stop_loss","cost":9.505313862644599}],"funding_fees":0.0,"weekday":4},{"pair":"BTC/USDT","stake_amount":9.3834975,"max_stake_amount":9.3834975,"amount":0.00015,"open_date":"2026-02-05 20:55:00+00:00","close_date":"2026-02-06 00:10:00+00:00","open_rate":62556.65,"close_rate":60567.348529999996,"fee_open":0.001,"fee_close":0.001,"trade_duration":195,"profit_ratio":-0.03373446550470895,"profit_abs":-0.31686382,"exit_reason":"stop_loss","initial_stop_loss_abs":60567.348529999996,"initial_stop_loss_ratio":-0.0318,"stop_loss_abs":60567.348529999996,"stop_loss_ratio":-0.0318,"min_rate":60100.0,"max_rate":64908.0,"is_open":false,"enter_tag":"","leverage":1.0,"is_short":false,"open_timestamp":1770324900000,"close_timestamp":1770336600000,"orders":[{"amount":0.00015,"safe_price":62556.65,"ft_order_side":"buy","order_filled_timestamp":1770324900000,"ft_is_entry":true,"ft_order_tag":"","cost":9.392880997499997},{"amount":0.00015,"safe_price":60567.348529999996,"ft_order_side":"sell","order_filled_timestamp":1770336600000,"ft_is_entry":false,"ft_order_tag":"stop_loss","cost":9.094187381779498}],"funding_fees":0.0,"weekday":4},{"pair":"ICP/USDT","stake_amount":9.70455,"max_stake_amount":9.70455,"amount":4.65,"open_date":"2026-02-06 00:15:00+00:00","close_date":"2026-02-06 00:15:00+00:00","open_rate":2.087,"close_rate":2.021,"fee_open":0.001,"fee_close":0.001,"trade_duration":0,"profit_ratio":-0.03355915766073888,"profit_abs":-0.3260022,"exit_reason":"stop_loss","initial_stop_loss_abs":2.021,"initial_stop_loss_ratio":-0.0318,"stop_loss_abs":2.021,"stop_loss_ratio":-0.0318,"min_rate":2.004,"max_rate":2.1390000000000002,"is_open":false,"enter_tag":"","leverage":1.0,"is_short":false,"open_timestamp":1770336900000,"close_timestamp":1770336900000,"orders":[{"amount":4.65,"safe_price":2.087,"ft_order_side":"buy","order_filled_timestamp":1770336900000,"ft_is_entry":true,"ft_order_tag":"","cost":9.71425455},{"amount":4.65,"safe_price":2.021,"ft_order_side":"sell","order_filled_timestamp":1770336900000,"ft_is_entry":false,"ft_order_tag":"stop_loss","cost":9.407047649999999}],"funding_fees":0.0,"weekday":4},{"pair":"ADA/USDT","stake_amount":9.6306,"max_stake_amount":9.6306,"amount":42.0,"open_date":"2026-02-06 00:15:00+00:00","close_date":"2026-02-06 00:15:00+00:00","open_rate":0.2293,"close_rate":0.2221,"fee_open":0.001,"fee_close":0.001,"trade_duration":0,"profit_ratio":-0.033335177687554486,"profit_abs":-0.3213588,"exit_reason":"stop_loss","initial_stop_loss_abs":0.2221,"initial_stop_loss_ratio":-0.0318,"stop_loss_abs":0.2221,"stop_loss_ratio":-0.0318,"min_rate":0.22110000000000002,"max_rate":0.2358,"is_open":false,"enter_tag":"","leverage":1.0,"is_short":false,"open_timestamp":1770336900000,"close_timestamp":1770336900000,"orders":[{"amount":42.0,"safe_price":0.2293,"ft_order_side":"buy","order_filled_timestamp":1770336900000,"ft_is_entry":true,"ft_order_tag":"","cost":9.640230599999999},{"amount":42.0,"safe_price":0.2221,"ft_order_side":"sell","order_filled_timestamp":1770336900000,"ft_is_entry":false,"ft_order_tag":"stop_loss","cost":9.337528199999998}],"funding_fees":0.0,"weekday":4},{"pair":"ETH/USDT","stake_amount":9.46134,"max_stake_amount":9.46134,"amount":0.0054,"open_date":"2026-02-06 00:20:00+00:00","close_date":"2026-02-06 01:20:00+00:00","open_rate":1752.1,"close_rate":1891.88,"fee_open":0.001,"fee_close":0.001,"trade_duration":60,"profit_ratio":0.07762115196051615,"profit_abs":0.73513451,"exit_reason":"roi","initial_stop_loss_abs":1696.3832199999997,"initial_stop_loss_ratio":-0.0318,"stop_loss_abs":1696.3832199999997,"stop_loss_ratio":-0.0318,"min_rate":1747.8,"max_rate":1914.87,"is_open":false,"enter_tag":"","leverage":1.0,"is_short":false,"open_timestamp":1770337200000,"close_timestamp":1770340800000,"orders":[{"amount":0.0054,"safe_price":1752.1,"ft_order_side":"buy","order_filled_timestamp":1770337200000,"ft_is_entry":true,"ft_order_tag":"","cost":9.47080134},{"amount":0.0054,"safe_price":1891.88,"ft_order_side":"sell","order_filled_timestamp":1770340800000,"ft_is_entry":false,"ft_order_tag":"roi","cost":10.226368152}],"funding_fees":0.0,"weekday":4},{"pair":"BTC/USDT","stake_amount":9.0115215,"max_stake_amount":9.0115215,"amount":0.00015,"open_date":"2026-02-06 00:20:00+00:00","close_date":"2026-02-06 01:20:00+00:00","open_rate":60076.81,"close_rate":64113.23,"fee_open":0.001,"fee_close":0.001,"trade_duration":60,"profit_ratio":0.06505541175907328,"profit_abs":0.58683449,"exit_reason":"roi","initial_stop_loss_abs":58166.367441999995,"initial_stop_loss_ratio":-0.0318,"stop_loss_abs":58166.367441999995,"stop_loss_ratio":-0.0318,"min_rate":60057.51,"max_rate":64933.33,"is_open":false,"enter_tag":"","leverage":1.0,"is_short":false,"open_timestamp":1770337200000,"close_timestamp":1770340800000,"orders":[{"amount":0.00015,"safe_price":60076.81,"ft_order_side":"buy","order_filled_timestamp":1770337200000,"ft_is_entry":true,"ft_order_tag":"","cost":9.020533021499999},{"amount":0.00015,"safe_price":64113.23,"ft_order_side":"sell","order_filled_timestamp":1770340800000,"ft_is_entry":false,"ft_order_tag":"roi","cost":9.626601484499998}],"funding_fees":0.0,"weekday":4},{"pair":"VET/USDT","stake_amount":9.579679,"max_stake_amount":9.579679,"amount":1317.7,"open_date":"2026-02-06 00:40:00+00:00","close_date":"2026-02-06 04:40:00+00:00","open_rate":0.00727,"close_rate":0.0074600000000000005,"fee_open":0.001,"fee_close":0.001,"trade_duration":240,"profit_ratio":0.02408458127277098,"profit_abs":0.23095328,"exit_reason":"roi","initial_stop_loss_abs":0.00704,"initial_stop_loss_ratio":-0.0318,"stop_loss_abs":0.00704,"stop_loss_ratio":-0.0318,"min_rate":0.00717,"max_rate":0.00757,"is_open":false,"enter_tag":"","leverage":1.0,"is_short":false,"open_timestamp":1770338400000,"close_timestamp":1770352800000,"orders":[{"amount":1317.7,"safe_price":0.00727,"ft_order_side":"buy","order_filled_timestamp":1770338400000,"ft_is_entry":true,"ft_order_tag":"","cost":9.589258679},{"amount":1317.7,"safe_price":0.0074600000000000005,"ft_order_side":"sell","order_filled_timestamp":1770352800000,"ft_is_entry":false,"ft_order_tag":"roi","cost":9.839872042}],"funding_fees":0.0,"weekday":4},{"pair":"ADA/USDT","stake_amount":9.57085,"max_stake_amount":9.57085,"amount":39.5,"open_date":"2026-02-06 00:45:00+00:00","close_date":"2026-02-06 04:45:00+00:00","open_rate":0.2423,"close_rate":0.2505,"fee_open":0.001,"fee_close":0.001,"trade_duration":240,"profit_ratio":0.03177672513206974,"profit_abs":0.3044344,"exit_reason":"roi","initial_stop_loss_abs":0.2346,"initial_stop_loss_ratio":-0.0318,"stop_loss_abs":0.2346,"stop_loss_ratio":-0.0318,"min_rate":0.2409,"max_rate":0.2539,"is_open":false,"enter_tag":"","leverage":1.0,"is_short":false,"open_timestamp":1770338700000,"close_timestamp":1770353100000,"orders":[{"amount":39.5,"safe_price":0.24230000000000002,"ft_order_side":"buy","order_filled_timestamp":1770338700000,"ft_is_entry":true,"ft_order_tag":"","cost":9.58042085},{"amount":39.5,"safe_price":0.2505,"ft_order_side":"sell","order_filled_timestamp":1770353100000,"ft_is_entry":false,"ft_order_tag":"roi","cost":9.90464475}],"funding_fees":0.0,"weekday":4},{"pair":"ICP/USDT","stake_amount":9.57251,"max_stake_amount":9.57251,"amount":4.31,"open_date":"2026-02-06 00:45:00+00:00","close_date":"2026-02-06 04:50:00+00:00","open_rate":2.221,"close_rate":2.2699109109109106,"fee_open":0.001,"fee_close":0.001,"trade_duration":245,"profit_ratio":0.01998001998001998,"profit_abs":0.1914502,"exit_reason":"roi","initial_stop_loss_abs":2.151,"initial_stop_loss_ratio":-0.0318,"stop_loss_abs":2.151,"stop_loss_ratio":-0.0318,"min_rate":2.205,"max_rate":2.299,"is_open":false,"enter_tag":"","leverage":1.0,"is_short":false,"open_timestamp":1770338700000,"close_timestamp":1770353400000,"orders":[{"amount":4.31,"safe_price":2.221,"ft_order_side":"buy","order_filled_timestamp":1770338700000,"ft_is_entry":true,"ft_order_tag":"","cost":9.582082509999998},{"amount":4.31,"safe_price":2.2699109109109106,"ft_order_side":"sell","order_filled_timestamp":1770353400000,"ft_is_entry":false,"ft_order_tag":"roi","cost":9.793099342052049}],"funding_fees":0.0,"weekday":4}],"locks":[],"best_pair":{"key":"ICP/USDT","trades":12,"profit_mean":0.006815019543663419,"profit_mean_pct":0.68,"profit_total_abs":0.8088378900000001,"profit_total":0.0161767578,"profit_total_pct":1.62,"duration_avg":"4:32:00","wins":8,"draws":0,"losses":4,"winrate":0.6666666666666666,"cagr":0.10437075518626648,"expectancy":0.06740315749999998,"expectancy_ratio":0.20163237091367026,"sortino":38.170727504339126,"sharpe":0.8833952844288633,"calmar":39.024516400423494,"sqn":0.754,"profit_factor":1.604897112741011,"max_drawdown_account":0.013422962408280148,"max_drawdown_abs":0.6886794099999999},"worst_pair":{"key":"AVAX/USDT","trades":10,"profit_mean":-0.01861912090328278,"profit_mean_pct":-1.86,"profit_total_abs":-1.86164843,"profit_total":-0.0372329686,"profit_total_pct":-3.72,"duration_avg":"11:45:00","wins":3,"draws":0,"losses":7,"winrate":0.3,"cagr":-0.2092213351586335,"expectancy":-0.186164843,"expectancy_ratio":-0.5533424922285262,"sortino":-263.5170103085074,"sharpe":-2.6104767556396693,"calmar":-29.400182924980854,"sqn":-2.4185,"profit_factor":0.20951072538781979,"max_drawdown_account":0.04100832701819485,"max_drawdown_abs":2.05848843},"results_per_pair":[{"key":"ICP/USDT","trades":12,"profit_mean":0.006815019543663419,"profit_mean_pct":0.68,"profit_total_abs":0.8088378900000001,"profit_total":0.0161767578,"profit_total_pct":1.62,"duration_avg":"4:32:00","wins":8,"draws":0,"losses":4,"winrate":0.6666666666666666,"cagr":0.10437075518626648,"expectancy":0.06740315749999998,"expectancy_ratio":0.20163237091367026,"sortino":38.170727504339126,"sharpe":0.8833952844288633,"calmar":39.024516400423494,"sqn":0.754,"profit_factor":1.604897112741011,"max_drawdown_account":0.013422962408280148,"max_drawdown_abs":0.6886794099999999},{"key":"VET/USDT","trades":11,"profit_mean":0.00668448265012791,"profit_mean_pct":0.67,"profit_total_abs":0.68271474,"profit_total":0.0136542948,"profit_total_pct":1.37,"duration_avg":"5:15:00","wins":7,"draws":0,"losses":4,"winrate":0.6363636363636364,"cagr":0.08752011671397186,"expectancy":0.062064976363636365,"expectancy_ratio":0.18483093134272455,"sortino":37.62983946351409,"sharpe":0.6974381268863536,"calmar":19.504787999247686,"sqn":0.6192,"profit_factor":1.5082850611924925,"max_drawdown_account":0.02266848320119915,"max_drawdown_abs":1.14240328},{"key":"ETH/USDT","trades":9,"profit_mean":0.005961208180609821,"profit_mean_pct":0.6,"profit_total_abs":0.48399496,"profit_total":0.0096798992,"profit_total_pct":0.97,"duration_avg":"5:16:00","wins":5,"draws":0,"losses":4,"winrate":0.5555555555555556,"cagr":0.06140780295304715,"expectancy":0.053777217777777775,"expectancy_ratio":0.16154956390522002,"sortino":35.811833724128036,"sharpe":0.40789081193183163,"calmar":23.562173808755563,"sqn":0.3959,"profit_factor":1.3634865187867449,"max_drawdown_account":0.013303009468158366,"max_drawdown_abs":0.6707323199999999},{"key":"BTC/USDT","trades":2,"profit_mean":0.015660473127182165,"profit_mean_pct":1.57,"profit_total_abs":0.26997066999999997,"profit_total":0.0053994134,"profit_total_pct":0.54,"duration_avg":"2:08:00","wins":1,"draws":0,"losses":1,"winrate":0.5,"cagr":0.033874396480267466,"expectancy":0.13498533499999998,"expectancy_ratio":0.4260042531835917,"sortino":-100,"sharpe":0.19347173686320784,"calmar":27.58915196377495,"sqn":0.2987,"profit_factor":1.8520085063671832,"max_drawdown_account":0.006337276400000036,"max_drawdown_abs":0.31686382},{"key":"ADA/USDT","trades":5,"profit_mean":0.0009775465676138142,"profit_mean_pct":0.1,"profit_total_abs":0.048607999999999985,"profit_total":0.0009721599999999997,"profit_total_pct":0.1,"duration_avg":"5:35:00","wins":3,"draws":0,"losses":2,"winrate":0.6,"cagr":0.006029392729321348,"expectancy":0.009721599999999997,"expectancy_ratio":0.029725954682106925,"sortino":2.770135056491741,"sharpe":0.05668653168949511,"calmar":2.4255807517449903,"sqn":0.07,"profit_factor":1.0743148867052674,"max_drawdown_account":0.01297825881876954,"max_drawdown_abs":0.6540816},{"key":"AVAX/USDT","trades":10,"profit_mean":-0.01861912090328278,"profit_mean_pct":-1.86,"profit_total_abs":-1.86164843,"profit_total":-0.0372329686,"profit_total_pct":-3.72,"duration_avg":"11:45:00","wins":3,"draws":0,"losses":7,"winrate":0.3,"cagr":-0.2092213351586335,"expectancy":-0.186164843,"expectancy_ratio":-0.5533424922285262,"sortino":-263.5170103085074,"sharpe":-2.6104767556396693,"calmar":-29.400182924980854,"sqn":-2.4185,"profit_factor":0.20951072538781979,"max_drawdown_account":0.04100832701819485,"max_drawdown_abs":2.05848843},{"key":"TOTAL","trades":49,"profit_mean":0.0012036303542951438,"profit_mean_pct":0.12,"profit_total_abs":0.4324778300000003,"profit_total":0.008649556600000005,"profit_total_pct":0.86,"duration_avg":"6:19:00","wins":27,"draws":0,"losses":22,"winrate":0.5510204081632653,"cagr":0.05472479585961176,"expectancy":0.008826078163265277,"expectancy_ratio":0.026461896133294305,"sortino":21.31365866490015,"sharpe":0.42507408864673624,"calmar":4.331925618737478,"sqn":0.1856,"profit_factor":1.0589378595696106,"max_drawdown_account":0.06465576796622048,"max_drawdown_abs":3.3445263200000004}],"results_per_enter_tag":[{"key":"","trades":49,"profit_mean":0.0012036303542951438,"profit_mean_pct":0.12,"profit_total_abs":0.4324778300000003,"profit_total":0.008649556600000005,"profit_total_pct":0.86,"duration_avg":"6:19:00","wins":27,"draws":0,"losses":22,"winrate":0.5510204081632653,"cagr":0.05472479585961176,"expectancy":0.008826078163265277,"expectancy_ratio":0.026461896133294305,"sortino":21.31365866490015,"sharpe":0.42507408864673624,"calmar":4.331925618737478,"sqn":0.1856,"profit_factor":1.0589378595696106,"max_drawdown_account":0.06465576796622048,"max_drawdown_abs":3.3445263200000004},{"key":"TOTAL","trades":49,"profit_mean":0.0012036303542951438,"profit_mean_pct":0.12,"profit_total_abs":0.4324778300000003,"profit_total":0.008649556600000005,"profit_total_pct":0.86,"duration_avg":"6:19:00","wins":27,"draws":0,"losses":22,"winrate":0.5510204081632653,"cagr":0.05472479585961176,"expectancy":0.008826078163265277,"expectancy_ratio":0.026461896133294305,"sortino":21.31365866490015,"sharpe":0.42507408864673624,"calmar":4.331925618737478,"sqn":0.1856,"profit_factor":1.0589378595696106,"max_drawdown_account":0.06465576796622048,"max_drawdown_abs":3.3445263200000004}],"exit_reason_summary":[{"key":"roi","trades":27,"profit_mean":0.02953938475269163,"profit_mean_pct":2.95,"profit_total_abs":7.77033898,"profit_total":0.1554067796,"profit_total_pct":15.54,"duration_avg":"7:43:00","wins":27,"draws":0,"losses":0,"winrate":1.0,"cagr":1.4440259263782957,"expectancy":0.28779033259259257,"expectancy_ratio":100.0,"sortino":-100,"sharpe":16.373473323109867,"calmar":-100,"sqn":9.5493,"profit_factor":0.0,"max_drawdown_account":0.0,"max_drawdown_abs":0.0},{"key":"stop_loss","trades":22,"profit_mean":-0.033572068225555085,"profit_mean_pct":-3.36,"profit_total_abs":-7.337861149999999,"profit_total":-0.146757223,"profit_total_pct":-14.68,"duration_avg":"4:35:00","wins":0,"draws":0,"losses":22,"winrate":0.0,"cagr":-0.6253852650867934,"expectancy":-0.33353914318181815,"expectancy_ratio":-1.0,"sortino":-361.6293299509285,"sharpe":-361.6293299509285,"calmar":-32.38131046532677,"sqn":-232.6249,"profit_factor":0.0,"max_drawdown_account":0.14675722300000005,"max_drawdown_abs":7.337861149999999},{"key":"TOTAL","trades":49,"profit_mean":0.0012036303542951438,"profit_mean_pct":0.12,"profit_total_abs":0.4324778300000003,"profit_total":0.008649556600000005,"profit_total_pct":0.86,"duration_avg":"6:19:00","wins":27,"draws":0,"losses":22,"winrate":0.5510204081632653,"cagr":0.05472479585961176,"expectancy":0.008826078163265277,"expectancy_ratio":0.026461896133294305,"sortino":21.31365866490015,"sharpe":0.42507408864673624,"calmar":4.331925618737478,"sqn":0.1856,"profit_factor":1.0589378595696106,"max_drawdown_account":0.06465576796622048,"max_drawdown_abs":3.3445263200000004}],"mix_tag_stats":[{"key":["","roi"],"trades":27,"profit_mean":0.02953938475269163,"profit_mean_pct":2.95,"profit_total_abs":7.77033898,"profit_total":0.1554067796,"profit_total_pct":15.54,"duration_avg":"7:43:00","wins":27,"draws":0,"losses":0,"winrate":1.0,"cagr":1.4440259263782957,"expectancy":0.28779033259259257,"expectancy_ratio":100.0,"sortino":-100,"sharpe":16.373473323109867,"calmar":-100,"sqn":9.5493,"profit_factor":0.0,"max_drawdown_account":0.0,"max_drawdown_abs":0.0},{"key":["","stop_loss"],"trades":22,"profit_mean":-0.033572068225555085,"profit_mean_pct":-3.36,"profit_total_abs":-7.337861149999999,"profit_total":-0.146757223,"profit_total_pct":-14.68,"duration_avg":"4:35:00","wins":0,"draws":0,"losses":22,"winrate":0.0,"cagr":-0.6253852650867934,"expectancy":-0.33353914318181815,"expectancy_ratio":-1.0,"sortino":-361.6293299509285,"sharpe":-361.6293299509285,"calmar":-32.38131046532677,"sqn":-232.6249,"profit_factor":0.0,"max_drawdown_account":0.14675722300000005,"max_drawdown_abs":7.337861149999999},{"key":"TOTAL","trades":49,"profit_mean":0.0012036303542951438,"profit_mean_pct":0.12,"profit_total_abs":0.4324778300000003,"profit_total":0.008649556600000005,"profit_total_pct":0.86,"duration_avg":"6:19:00","wins":27,"draws":0,"losses":22,"winrate":0.5510204081632653,"cagr":0.05472479585961176,"expectancy":0.008826078163265277,"expectancy_ratio":0.026461896133294305,"sortino":21.31365866490015,"sharpe":0.42507408864673624,"calmar":4.331925618737478,"sqn":0.1856,"profit_factor":1.0589378595696106,"max_drawdown_account":0.06465576796622048,"max_drawdown_abs":3.3445263200000004}],"left_open_trades":[{"key":"TOTAL","trades":0,"profit_mean":0.0,"profit_mean_pct":0.0,"profit_total_abs":0.0,"profit_total":0.0,"profit_total_pct":0.0,"duration_avg":"0:00","wins":0,"draws":0,"losses":0,"winrate":0.0,"cagr":0.0,"expectancy":0.0,"expectancy_ratio":100.0,"sortino":0,"sharpe":0,"calmar":0,"sqn":0.0,"profit_factor":0.0,"max_drawdown_account":0.0,"max_drawdown_abs":0.0}],"total_trades":49,"trade_count_long":49,"trade_count_short":0,"total_volume":968.556920501998,"avg_stake_amount":9.859074122448979,"profit_mean":0.0012036303542951438,"profit_median":0.019980019980019977,"profit_total":0.008649556600000005,"profit_total_long":0.008649556600000005,"profit_total_short":0.0,"profit_total_abs":0.4324778300000003,"profit_total_long_abs":0.4324778300000003,"profit_total_short_abs":0.0,"cagr":0.05472479585961176,"expectancy":0.008826078163265277,"expectancy_ratio":0.026461896133294305,"sortino":21.31365866490015,"sharpe":0.42507408864673624,"calmar":4.331925618737478,"sqn":0.1856,"profit_factor":1.0589378595696106,"backtest_start":"2025-12-09 02:30:00","backtest_start_ts":1765247400000,"backtest_end":"2026-02-07 00:00:00","backtest_end_ts":1770422400000,"backtest_days":59,"backtest_run_start_ts":1770446706,"backtest_run_end_ts":1770446706,"trades_per_day":0.83,"market_change":-0.3063285826446041,"pairlist":["ICP/USDT","VET/USDT","ADA/USDT","ETH/USDT","BTC/USDT","AVAX/USDT"],"stake_amount":"unlimited","stake_currency":"USDT","stake_currency_decimals":3,"starting_balance":50,"dry_run_wallet":50,"final_balance":50.43247783,"rejected_signals":1,"timedout_entry_orders":0,"timedout_exit_orders":0,"canceled_trade_entries":0,"canceled_entry_orders":0,"replaced_entry_orders":0,"max_open_trades":5,"max_open_trades_setting":5,"timeframe":"5m","timeframe_detail":"","timerange":"20251209-20260207","enable_protections":false,"strategy_name":"UniversalMACD","freqaimodel":"XGBoostRegressor","freqai_identifier":"qs_v9_scalp_5m1h_l2","stoploss":-0.0318,"trailing_stop":false,"trailing_stop_positive":null,"trailing_stop_positive_offset":0.0,"trailing_only_offset_is_reached":false,"use_custom_stoploss":false,"minimal_roi":{"0":0.1,"60":0.05,"240":0.02,"1440":0.01},"use_exit_signal":true,"exit_profit_only":false,"exit_profit_offset":0.0,"ignore_roi_if_entry_signal":false,"trading_mode":"spot","margin_mode":"","periodic_breakdown":{"day":[{"date":"13/12/2025","date_ts":1765584000000,"profit_abs":0.49739238,"wins":3,"draws":0,"losses":0,"trades":3,"profit_factor":0.0},{"date":"14/12/2025","date_ts":1765670400000,"profit_abs":0.0,"wins":0,"draws":0,"losses":0,"trades":0,"profit_factor":0.0},{"date":"15/12/2025","date_ts":1765756800000,"profit_abs":-0.33332121,"wins":0,"draws":0,"losses":1,"trades":1,"profit_factor":0.0},{"date":"16/12/2025","date_ts":1765843200000,"profit_abs":-0.13532922,"wins":1,"draws":0,"losses":1,"trades":2,"profit_factor":0.59578461},{"date":"17/12/2025","date_ts":1765929600000,"profit_abs":0.0,"wins":0,"draws":0,"losses":0,"trades":0,"profit_factor":0.0},{"date":"18/12/2025","date_ts":1766016000000,"profit_abs":0.0,"wins":0,"draws":0,"losses":0,"trades":0,"profit_factor":0.0},{"date":"19/12/2025","date_ts":1766102400000,"profit_abs":0.79064742,"wins":4,"draws":0,"losses":0,"trades":4,"profit_factor":0.0},{"date":"20/12/2025","date_ts":1766188800000,"profit_abs":0.0,"wins":0,"draws":0,"losses":0,"trades":0,"profit_factor":0.0},{"date":"21/12/2025","date_ts":1766275200000,"profit_abs":0.0,"wins":0,"draws":0,"losses":0,"trades":0,"profit_factor":0.0},{"date":"22/12/2025","date_ts":1766361600000,"profit_abs":0.0,"wins":0,"draws":0,"losses":0,"trades":0,"profit_factor":0.0},{"date":"23/12/2025","date_ts":1766448000000,"profit_abs":0.0,"wins":0,"draws":0,"losses":0,"trades":0,"profit_factor":0.0},{"date":"24/12/2025","date_ts":1766534400000,"profit_abs":0.0,"wins":0,"draws":0,"losses":0,"trades":0,"profit_factor":0.0},{"date":"25/12/2025","date_ts":1766620800000,"profit_abs":0.0,"wins":0,"draws":0,"losses":0,"trades":0,"profit_factor":0.0},{"date":"26/12/2025","date_ts":1766707200000,"profit_abs":0.0,"wins":0,"draws":0,"losses":0,"trades":0,"profit_factor":0.0},{"date":"27/12/2025","date_ts":1766793600000,"profit_abs":0.0,"wins":0,"draws":0,"losses":0,"trades":0,"profit_factor":0.0},{"date":"28/12/2025","date_ts":1766880000000,"profit_abs":0.0,"wins":0,"draws":0,"losses":0,"trades":0,"profit_factor":0.0},{"date":"29/12/2025","date_ts":1766966400000,"profit_abs":0.0,"wins":0,"draws":0,"losses":0,"trades":0,"profit_factor":0.0},{"date":"30/12/2025","date_ts":1767052800000,"profit_abs":0.0,"wins":0,"draws":0,"losses":0,"trades":0,"profit_factor":0.0},{"date":"31/12/2025","date_ts":1767139200000,"profit_abs":0.0,"wins":0,"draws":0,"losses":0,"trades":0,"profit_factor":0.0},{"date":"01/01/2026","date_ts":1767225600000,"profit_abs":0.0,"wins":0,"draws":0,"losses":0,"trades":0,"profit_factor":0.0},{"date":"02/01/2026","date_ts":1767312000000,"profit_abs":0.0,"wins":0,"draws":0,"losses":0,"trades":0,"profit_factor":0.0},{"date":"03/01/2026","date_ts":1767398400000,"profit_abs":0.0,"wins":0,"draws":0,"losses":0,"trades":0,"profit_factor":0.0},{"date":"04/01/2026","date_ts":1767484800000,"profit_abs":0.0,"wins":0,"draws":0,"losses":0,"trades":0,"profit_factor":0.0},{"date":"05/01/2026","date_ts":1767571200000,"profit_abs":0.0,"wins":0,"draws":0,"losses":0,"trades":0,"profit_factor":0.0},{"date":"06/01/2026","date_ts":1767657600000,"profit_abs":0.2007696,"wins":1,"draws":0,"losses":0,"trades":1,"profit_factor":0.0},{"date":"07/01/2026","date_ts":1767744000000,"profit_abs":0.0,"wins":0,"draws":0,"losses":0,"trades":0,"profit_factor":0.0},{"date":"08/01/2026","date_ts":1767830400000,"profit_abs":0.0,"wins":0,"draws":0,"losses":0,"trades":0,"profit_factor":0.0},{"date":"09/01/2026","date_ts":1767916800000,"profit_abs":0.0,"wins":0,"draws":0,"losses":0,"trades":0,"profit_factor":0.0},{"date":"10/01/2026","date_ts":1768003200000,"profit_abs":0.0,"wins":0,"draws":0,"losses":0,"trades":0,"profit_factor":0.0},{"date":"11/01/2026","date_ts":1768089600000,"profit_abs":0.0,"wins":0,"draws":0,"losses":0,"trades":0,"profit_factor":0.0},{"date":"12/01/2026","date_ts":1768176000000,"profit_abs":0.0,"wins":0,"draws":0,"losses":0,"trades":0,"profit_factor":0.0},{"date":"13/01/2026","date_ts":1768262400000,"profit_abs":0.0,"wins":0,"draws":0,"losses":0,"trades":0,"profit_factor":0.0},{"date":"14/01/2026","date_ts":1768348800000,"profit_abs":0.0,"wins":0,"draws":0,"losses":0,"trades":0,"profit_factor":0.0},{"date":"15/01/2026","date_ts":1768435200000,"profit_abs":0.7080383,"wins":2,"draws":0,"losses":0,"trades":2,"profit_factor":0.0},{"date":"16/01/2026","date_ts":1768521600000,"profit_abs":0.0,"wins":0,"draws":0,"losses":0,"trades":0,"profit_factor":0.0},{"date":"17/01/2026","date_ts":1768608000000,"profit_abs":0.0,"wins":0,"draws":0,"losses":0,"trades":0,"profit_factor":0.0},{"date":"18/01/2026","date_ts":1768694400000,"profit_abs":0.0,"wins":0,"draws":0,"losses":0,"trades":0,"profit_factor":0.0},{"date":"19/01/2026","date_ts":1768780800000,"profit_abs":-0.30462997,"wins":3,"draws":0,"losses":3,"trades":6,"profit_factor":0.70313447},{"date":"20/01/2026","date_ts":1768867200000,"profit_abs":0.09954,"wins":1,"draws":0,"losses":0,"trades":1,"profit_factor":0.0},{"date":"21/01/2026","date_ts":1768953600000,"profit_abs":0.0,"wins":0,"draws":0,"losses":0,"trades":0,"profit_factor":0.0},{"date":"22/01/2026","date_ts":1769040000000,"profit_abs":0.0,"wins":0,"draws":0,"losses":0,"trades":0,"profit_factor":0.0},{"date":"23/01/2026","date_ts":1769126400000,"profit_abs":0.0,"wins":0,"draws":0,"losses":0,"trades":0,"profit_factor":0.0},{"date":"24/01/2026","date_ts":1769212800000,"profit_abs":0.0,"wins":0,"draws":0,"losses":0,"trades":0,"profit_factor":0.0},{"date":"25/01/2026","date_ts":1769299200000,"profit_abs":0.0,"wins":0,"draws":0,"losses":0,"trades":0,"profit_factor":0.0},{"date":"26/01/2026","date_ts":1769385600000,"profit_abs":0.0,"wins":0,"draws":0,"losses":0,"trades":0,"profit_factor":0.0},{"date":"27/01/2026","date_ts":1769472000000,"profit_abs":0.0,"wins":0,"draws":0,"losses":0,"trades":0,"profit_factor":0.0},{"date":"28/01/2026","date_ts":1769558400000,"profit_abs":0.0,"wins":0,"draws":0,"losses":0,"trades":0,"profit_factor":0.0},{"date":"29/01/2026","date_ts":1769644800000,"profit_abs":0.0,"wins":0,"draws":0,"losses":0,"trades":0,"profit_factor":0.0},{"date":"30/01/2026","date_ts":1769731200000,"profit_abs":-0.33818524,"wins":0,"draws":0,"losses":1,"trades":1,"profit_factor":0.0},{"date":"31/01/2026","date_ts":1769817600000,"profit_abs":-1.63115484,"wins":3,"draws":0,"losses":8,"trades":11,"profit_factor":0.38806593},{"date":"01/02/2026","date_ts":1769904000000,"profit_abs":0.0,"wins":0,"draws":0,"losses":0,"trades":0,"profit_factor":0.0},{"date":"02/02/2026","date_ts":1769990400000,"profit_abs":0.26042724,"wins":1,"draws":0,"losses":0,"trades":1,"profit_factor":0.0},{"date":"03/02/2026","date_ts":1770076800000,"profit_abs":0.98468935,"wins":2,"draws":0,"losses":0,"trades":2,"profit_factor":0.0},{"date":"04/02/2026","date_ts":1770163200000,"profit_abs":0.0,"wins":0,"draws":0,"losses":0,"trades":0,"profit_factor":0.0},{"date":"05/02/2026","date_ts":1770249600000,"profit_abs":-0.4517622,"wins":1,"draws":0,"losses":2,"trades":3,"profit_factor":0.33208979},{"date":"06/02/2026","date_ts":1770336000000,"profit_abs":0.08535622,"wins":5,"draws":0,"losses":6,"trades":11,"profit_factor":1.04347256}],"week":[{"date":"15/12/2025","date_ts":1765756800000,"profit_abs":0.16407117,"wins":3,"draws":0,"losses":1,"trades":4,"profit_factor":1.49223141},{"date":"22/12/2025","date_ts":1766361600000,"profit_abs":0.6553182,"wins":5,"draws":0,"losses":1,"trades":6,"profit_factor":2.95737258},{"date":"29/12/2025","date_ts":1766966400000,"profit_abs":0.0,"wins":0,"draws":0,"losses":0,"trades":0,"profit_factor":0.0},{"date":"05/01/2026","date_ts":1767571200000,"profit_abs":0.0,"wins":0,"draws":0,"losses":0,"trades":0,"profit_factor":0.0},{"date":"12/01/2026","date_ts":1768176000000,"profit_abs":0.2007696,"wins":1,"draws":0,"losses":0,"trades":1,"profit_factor":0.0},{"date":"19/01/2026","date_ts":1768780800000,"profit_abs":0.40340833,"wins":5,"draws":0,"losses":3,"trades":8,"profit_factor":1.39312621},{"date":"26/01/2026","date_ts":1769385600000,"profit_abs":0.09954,"wins":1,"draws":0,"losses":0,"trades":1,"profit_factor":0.0},{"date":"02/02/2026","date_ts":1769990400000,"profit_abs":-1.70891284,"wins":4,"draws":0,"losses":9,"trades":13,"profit_factor":0.43107507},{"date":"09/02/2026","date_ts":1770595200000,"profit_abs":0.61828337,"wins":8,"draws":0,"losses":8,"trades":16,"profit_factor":1.23421312}],"month":[{"date":"31/12/2025","date_ts":1767139200000,"profit_abs":0.81938937,"wins":8,"draws":0,"losses":2,"trades":10,"profit_factor":2.22641777},{"date":"31/01/2026","date_ts":1769817600000,"profit_abs":-1.26562215,"wins":10,"draws":0,"losses":12,"trades":22,"profit_factor":0.68594304},{"date":"28/02/2026","date_ts":1772236800000,"profit_abs":0.87871061,"wins":9,"draws":0,"losses":8,"trades":17,"profit_factor":1.33286607}],"year":[{"date":"31/12/2025","date_ts":1767139200000,"profit_abs":0.81938937,"wins":8,"draws":0,"losses":2,"trades":10,"profit_factor":2.22641777},{"date":"31/12/2026","date_ts":1798675200000,"profit_abs":-0.38691154,"wins":19,"draws":0,"losses":20,"trades":39,"profit_factor":0.94199006}],"weekday":[{"date":"Monday","date_ts":0,"profit_abs":-0.37752394,"wins":4,"draws":0,"losses":4,"trades":8,"profit_factor":0.72230186},{"date":"Tuesday","date_ts":1,"profit_abs":1.14966973,"wins":5,"draws":0,"losses":1,"trades":6,"profit_factor":4.43395316},{"date":"Thursday","date_ts":3,"profit_abs":0.2562761,"wins":3,"draws":0,"losses":2,"trades":5,"profit_factor":1.37889275},{"date":"Friday","date_ts":4,"profit_abs":0.5378184,"wins":9,"draws":0,"losses":7,"trades":16,"profit_factor":1.23366789},{"date":"Saturday","date_ts":5,"profit_abs":-1.13376246,"wins":6,"draws":0,"losses":8,"trades":14,"profit_factor":0.57466461}]},"backtest_best_day":0.09990009990009988,"backtest_worst_day":-0.1598134321633769,"backtest_best_day_abs":0.98468935,"backtest_worst_day_abs":-1.63115484,"winning_days":8,"draw_days":42,"losing_days":6,"daily_profit":[["2025-12-13",0.49739238],["2025-12-14",0.0],["2025-12-15",-0.33332121],["2025-12-16",-0.13532922],["2025-12-17",0.0],["2025-12-18",0.0],["2025-12-19",0.79064742],["2025-12-20",0.0],["2025-12-21",0.0],["2025-12-22",0.0],["2025-12-23",0.0],["2025-12-24",0.0],["2025-12-25",0.0],["2025-12-26",0.0],["2025-12-27",0.0],["2025-12-28",0.0],["2025-12-29",0.0],["2025-12-30",0.0],["2025-12-31",0.0],["2026-01-01",0.0],["2026-01-02",0.0],["2026-01-03",0.0],["2026-01-04",0.0],["2026-01-05",0.0],["2026-01-06",0.2007696],["2026-01-07",0.0],["2026-01-08",0.0],["2026-01-09",0.0],["2026-01-10",0.0],["2026-01-11",0.0],["2026-01-12",0.0],["2026-01-13",0.0],["2026-01-14",0.0],["2026-01-15",0.7080383],["2026-01-16",0.0],["2026-01-17",0.0],["2026-01-18",0.0],["2026-01-19",-0.30462997],["2026-01-20",0.09954],["2026-01-21",0.0],["2026-01-22",0.0],["2026-01-23",0.0],["2026-01-24",0.0],["2026-01-25",0.0],["2026-01-26",0.0],["2026-01-27",0.0],["2026-01-28",0.0],["2026-01-29",0.0],["2026-01-30",-0.33818524],["2026-01-31",-1.63115484],["2026-02-01",0.0],["2026-02-02",0.26042724],["2026-02-03",0.98468935],["2026-02-04",0.0],["2026-02-05",-0.4517622],["2026-02-06",0.08535622]],"wins":27,"losses":22,"draws":0,"winrate":0.5510204081632653,"holding_avg":"6:19:00","holding_avg_s":22740.0,"winner_holding_min":"0d 01:00","winner_holding_min_s":3600.0,"winner_holding_max":"1d 04:15","winner_holding_max_s":101700.0,"winner_holding_avg":"0d 07:43","winner_holding_avg_s":27780.0,"loser_holding_min":"0d 00:00","loser_holding_min_s":0.0,"loser_holding_max":"1d 16:20","loser_holding_max_s":145200.0,"loser_holding_avg":"0d 04:35","loser_holding_avg_s":16500.0,"max_consecutive_wins":8,"max_consecutive_losses":9,"max_drawdown_account":0.06465576796622048,"max_relative_drawdown":0.06465576796622048,"max_drawdown_abs":3.3445263200000004,"drawdown_start":"2026-01-15 13:10:00","drawdown_start_ts":1768482600000.0,"drawdown_end":"2026-02-06 00:15:00","drawdown_end_ts":1770336900000.0,"drawdown_duration":"21 days 11:05:00","drawdown_duration_s":1854300.0,"max_drawdown_low":-1.61632905,"max_drawdown_high":1.7281972700000003,"csum_min":48.38367095,"csum_max":51.72819727}},"strategy_comparison":[{"key":"UniversalMACD","trades":49,"profit_mean":0.0012036303542951438,"profit_mean_pct":0.12,"profit_total_abs":0.4324778300000003,"profit_total":0.008649556600000005,"profit_total_pct":0.86,"duration_avg":"6:19:00","wins":27,"draws":0,"losses":22,"winrate":0.5510204081632653,"cagr":0.05472479585961176,"expectancy":0.008826078163265277,"expectancy_ratio":0.026461896133294305,"sortino":21.31365866490015,"sharpe":0.42507408864673624,"calmar":4.331925618737478,"sqn":0.1856,"profit_factor":1.0589378595696106,"max_drawdown_account":0.06465576796622048,"max_drawdown_abs":"3.345"}]}