{"strategy":{"PatternRecognition":{"trades":[{"pair":"ADA/USDT","stake_amount":9.89266,"max_stake_amount":9.89266,"amount":22.7,"open_date":"2025-12-03 02:00:00+00:00","close_date":"2025-12-09 21:45:00+00:00","open_rate":0.4358,"close_rate":0.4688,"fee_open":0.001,"fee_close":0.001,"trade_duration":9825,"profit_ratio":0.07357351230687624,"profit_abs":0.72856558,"exit_reason":"trailing_stop_loss","initial_stop_loss_abs":0.3103,"initial_stop_loss_ratio":-0.288,"stop_loss_abs":0.4688,"stop_loss_ratio":-0.032,"min_rate":0.4057,"max_rate":0.4842,"is_open":false,"enter_tag":"","leverage":1.0,"is_short":false,"open_timestamp":1764727200000,"close_timestamp":1765316700000,"orders":[{"amount":22.7,"safe_price":0.4358,"ft_order_side":"buy","order_filled_timestamp":1764727200000,"ft_is_entry":true,"ft_order_tag":"","cost":9.902552659999998},{"amount":22.7,"safe_price":0.4688,"ft_order_side":"sell","order_filled_timestamp":1765316700000,"ft_is_entry":false,"ft_order_tag":"trailing_stop_loss","cost":10.652401759999998}],"funding_fees":0.0,"weekday":1},{"pair":"ETH/USDT","stake_amount":9.610208,"max_stake_amount":9.610208,"amount":0.0032,"open_date":"2025-12-03 01:00:00+00:00","close_date":"2025-12-09 21:50:00+00:00","open_rate":3003.19,"close_rate":3289.1187999999997,"fee_open":0.001,"fee_close":0.001,"trade_duration":9890,"profit_ratio":0.09302013308898487,"profit_abs":0.89483677,"exit_reason":"trailing_stop_loss","initial_stop_loss_abs":2138.27128,"initial_stop_loss_ratio":-0.288,"stop_loss_abs":3289.1187999999997,"stop_loss_ratio":-0.032,"min_rate":2907.52,"max_rate":3397.85,"is_open":false,"enter_tag":"","leverage":1.0,"is_short":false,"open_timestamp":1764723600000,"close_timestamp":1765317000000,"orders":[{"amount":0.0032,"safe_price":3003.19,"ft_order_side":"buy","order_filled_timestamp":1764723600000,"ft_is_entry":true,"ft_order_tag":"","cost":9.619818208},{"amount":0.0032,"safe_price":3289.1187999999997,"ft_order_side":"sell","order_filled_timestamp":1765317000000,"ft_is_entry":false,"ft_order_tag":"trailing_stop_loss","cost":10.535705340159998}],"funding_fees":0.0,"weekday":1},{"pair":"DOGE/USDT","stake_amount":9.79808,"max_stake_amount":9.79808,"amount":67.0,"open_date":"2025-12-03 01:20:00+00:00","close_date":"2026-01-05 11:55:00+00:00","open_rate":0.14624,"close_rate":0.1477,"fee_open":0.001,"fee_close":0.001,"trade_duration":48155,"profit_ratio":0.007965639393429327,"profit_abs":0.07812602,"exit_reason":"roi","initial_stop_loss_abs":0.10413,"initial_stop_loss_ratio":-0.288,"stop_loss_abs":0.10413,"stop_loss_ratio":-0.288,"min_rate":0.11612000000000001,"max_rate":0.15418,"is_open":false,"enter_tag":"","leverage":1.0,"is_short":false,"open_timestamp":1764724800000,"close_timestamp":1767614100000,"orders":[{"amount":67.0,"safe_price":0.14624,"ft_order_side":"buy","order_filled_timestamp":1764724800000,"ft_is_entry":true,"ft_order_tag":"","cost":9.80787808},{"amount":67.0,"safe_price":0.1477,"ft_order_side":"sell","order_filled_timestamp":1767614100000,"ft_is_entry":false,"ft_order_tag":"roi","cost":9.905795899999998}],"funding_fees":0.0,"weekday":0},{"pair":"BNB/USDT","stake_amount":9.70871,"max_stake_amount":9.70871,"amount":0.011,"open_date":"2025-12-03 01:25:00+00:00","close_date":"2026-01-05 12:00:00+00:00","open_rate":882.61,"close_rate":906.99,"fee_open":0.001,"fee_close":0.001,"trade_duration":48155,"profit_ratio":0.02556942723041,"profit_abs":0.2484944,"exit_reason":"roi","initial_stop_loss_abs":628.41832,"initial_stop_loss_ratio":-0.288,"stop_loss_abs":628.41832,"stop_loss_ratio":-0.288,"min_rate":818.39,"max_rate":928.24,"is_open":false,"enter_tag":"","leverage":1.0,"is_short":false,"open_timestamp":1764725100000,"close_timestamp":1767614400000,"orders":[{"amount":0.011,"safe_price":882.61,"ft_order_side":"buy","order_filled_timestamp":1764725100000,"ft_is_entry":true,"ft_order_tag":"","cost":9.718418709999998},{"amount":0.011,"safe_price":906.99,"ft_order_side":"sell","order_filled_timestamp":1767614400000,"ft_is_entry":false,"ft_order_tag":"roi","cost":9.986866889999998}],"funding_fees":0.0,"weekday":0},{"pair":"XRP/USDT","stake_amount":9.7308,"max_stake_amount":9.7308,"amount":4.5,"open_date":"2025-12-03 01:55:00+00:00","close_date":"2026-01-05 15:30:00+00:00","open_rate":2.1624,"close_rate":2.1667291291291284,"fee_open":0.001,"fee_close":0.001,"trade_duration":48335,"profit_ratio":0.0,"profit_abs":0.0,"exit_reason":"roi","initial_stop_loss_abs":1.5397,"initial_stop_loss_ratio":-0.288,"stop_loss_abs":1.5397,"stop_loss_ratio":-0.288,"min_rate":1.7711000000000001,"max_rate":2.219,"is_open":false,"enter_tag":"","leverage":1.0,"is_short":false,"open_timestamp":1764726900000,"close_timestamp":1767627000000,"orders":[{"amount":4.5,"safe_price":2.1624,"ft_order_side":"buy","order_filled_timestamp":1764726900000,"ft_is_entry":true,"ft_order_tag":"","cost":9.740530799999997},{"amount":4.5,"safe_price":2.1667291291291284,"ft_order_side":"sell","order_filled_timestamp":1767627000000,"ft_is_entry":false,"ft_order_tag":"roi","cost":9.760031362162158}],"funding_fees":0.0,"weekday":0},{"pair":"SOL/USDT","stake_amount":10.19054,"max_stake_amount":10.19054,"amount":0.074,"open_date":"2025-12-09 22:05:00+00:00","close_date":"2026-01-12 08:40:00+00:00","open_rate":137.71,"close_rate":139.57,"fee_open":0.001,"fee_close":0.001,"trade_duration":48155,"profit_ratio":0.011481656097152428,"profit_abs":0.11712128,"exit_reason":"roi","initial_stop_loss_abs":98.04952,"initial_stop_loss_ratio":-0.288,"stop_loss_abs":98.04952,"stop_loss_ratio":-0.288,"min_rate":116.88,"max_rate":144.4,"is_open":false,"enter_tag":"","leverage":1.0,"is_short":false,"open_timestamp":1765317900000,"close_timestamp":1768207200000,"orders":[{"amount":0.074,"safe_price":137.71,"ft_order_side":"buy","order_filled_timestamp":1765317900000,"ft_is_entry":true,"ft_order_tag":"","cost":10.200730539999999},{"amount":0.074,"safe_price":139.57,"ft_order_side":"sell","order_filled_timestamp":1768207200000,"ft_is_entry":false,"ft_order_tag":"roi","cost":10.338508179999998}],"funding_fees":0.0,"weekday":0},{"pair":"AVAX/USDT","stake_amount":10.213,"max_stake_amount":10.213,"amount":0.7,"open_date":"2025-12-09 22:05:00+00:00","close_date":"2026-01-13 22:05:00+00:00","open_rate":14.59,"close_rate":14.619209209209208,"fee_open":0.001,"fee_close":0.001,"trade_duration":50400,"profit_ratio":0.0,"profit_abs":0.0,"exit_reason":"roi","initial_stop_loss_abs":10.388079999999999,"initial_stop_loss_ratio":-0.288,"stop_loss_abs":10.388079999999999,"stop_loss_ratio":-0.288,"min_rate":11.26,"max_rate":14.83,"is_open":false,"enter_tag":"","leverage":1.0,"is_short":false,"open_timestamp":1765317900000,"close_timestamp":1768341900000,"orders":[{"amount":0.7,"safe_price":14.59,"ft_order_side":"buy","order_filled_timestamp":1765317900000,"ft_is_entry":true,"ft_order_tag":"","cost":10.223212999999998},{"amount":0.7,"safe_price":14.619209209209208,"ft_order_side":"sell","order_filled_timestamp":1768341900000,"ft_is_entry":false,"ft_order_tag":"roi","cost":10.24367989289289}],"funding_fees":0.0,"weekday":1},{"pair":"DOGE/USDT","stake_amount":10.19682,"max_stake_amount":10.19682,"amount":69.0,"open_date":"2026-01-05 12:00:00+00:00","close_date":"2026-01-31 14:25:00+00:00","open_rate":0.14778,"close_rate":0.10522,"fee_open":0.001,"fee_close":0.001,"trade_duration":37585,"profit_ratio":-0.28941825531350496,"profit_abs":-2.954097,"exit_reason":"stop_loss","initial_stop_loss_abs":0.10522,"initial_stop_loss_ratio":-0.288,"stop_loss_abs":0.10522,"stop_loss_ratio":-0.288,"min_rate":0.1051,"max_rate":0.15656,"is_open":false,"enter_tag":"","leverage":1.0,"is_short":false,"open_timestamp":1767614400000,"close_timestamp":1769869500000,"orders":[{"amount":69.0,"safe_price":0.14778000000000002,"ft_order_side":"buy","order_filled_timestamp":1767614400000,"ft_is_entry":true,"ft_order_tag":"","cost":10.207016820000002},{"amount":69.0,"safe_price":0.10522,"ft_order_side":"sell","order_filled_timestamp":1769869500000,"ft_is_entry":false,"ft_order_tag":"stop_loss","cost":7.267440179999999}],"funding_fees":0.0,"weekday":5},{"pair":"XRP/USDT","stake_amount":10.1473,"max_stake_amount":10.1473,"amount":4.7,"open_date":"2026-01-13 22:35:00+00:00","close_date":"2026-01-31 17:10:00+00:00","open_rate":2.159,"close_rate":1.5373,"fee_open":0.001,"fee_close":0.001,"trade_duration":25595,"profit_ratio":-0.2893800502415602,"profit_abs":-2.93936261,"exit_reason":"stop_loss","initial_stop_loss_abs":1.5373,"initial_stop_loss_ratio":-0.288,"stop_loss_abs":1.5373,"stop_loss_ratio":-0.288,"min_rate":1.5173,"max_rate":2.1924,"is_open":false,"enter_tag":"","leverage":1.0,"is_short":false,"open_timestamp":1768343700000,"close_timestamp":1769879400000,"orders":[{"amount":4.7,"safe_price":2.159,"ft_order_side":"buy","order_filled_timestamp":1768343700000,"ft_is_entry":true,"ft_order_tag":"","cost":10.157447299999998},{"amount":4.7,"safe_price":1.5373,"ft_order_side":"sell","order_filled_timestamp":1769879400000,"ft_is_entry":false,"ft_order_tag":"stop_loss","cost":7.23253531}],"funding_fees":0.0,"weekday":5},{"pair":"ETH/USDT","stake_amount":10.173536,"max_stake_amount":10.173536,"amount":0.0032,"open_date":"2026-01-05 15:40:00+00:00","close_date":"2026-01-31 18:40:00+00:00","open_rate":3179.23,"close_rate":2263.61176,"fee_open":0.001,"fee_close":0.001,"trade_duration":37620,"profit_ratio":-0.28942257726232146,"profit_abs":-2.94739546,"exit_reason":"stop_loss","initial_stop_loss_abs":2263.61176,"initial_stop_loss_ratio":-0.288,"stop_loss_abs":2263.61176,"stop_loss_ratio":-0.288,"min_rate":2250.0,"max_rate":3402.89,"is_open":false,"enter_tag":"","leverage":1.0,"is_short":false,"open_timestamp":1767627600000,"close_timestamp":1769884800000,"orders":[{"amount":0.0032,"safe_price":3179.23,"ft_order_side":"buy","order_filled_timestamp":1767627600000,"ft_is_entry":true,"ft_order_tag":"","cost":10.183709535999999},{"amount":0.0032,"safe_price":2263.61176,"ft_order_side":"sell","order_filled_timestamp":1769884800000,"ft_is_entry":false,"ft_order_tag":"stop_loss","cost":7.250801189631999}],"funding_fees":0.0,"weekday":5},{"pair":"BTC/USDT","stake_amount":9.31209,"max_stake_amount":9.31209,"amount":0.0001,"open_date":"2026-01-05 11:55:00+00:00","close_date":"2026-02-01 00:00:00+00:00","open_rate":93120.9,"close_rate":78741.1,"fee_open":0.001,"fee_close":0.001,"trade_duration":38165,"profit_ratio":-0.15611022740464145,"profit_abs":-1.4551662,"exit_reason":"force_exit","initial_stop_loss_abs":66302.0808,"initial_stop_loss_ratio":-0.288,"stop_loss_abs":66302.0808,"stop_loss_ratio":-0.288,"min_rate":75719.9,"max_rate":97924.49,"is_open":false,"enter_tag":"","leverage":1.0,"is_short":false,"open_timestamp":1767614100000,"close_timestamp":1769904000000,"orders":[{"amount":0.0001,"safe_price":93120.9,"ft_order_side":"buy","order_filled_timestamp":1767614100000,"ft_is_entry":true,"ft_order_tag":"","cost":9.321402089999998},{"amount":0.0001,"safe_price":78741.1,"ft_order_side":"sell","order_filled_timestamp":1769904000000,"ft_is_entry":false,"ft_order_tag":"force_exit","cost":7.88198411}],"funding_fees":0.0,"weekday":6},{"pair":"ETH/USDT","stake_amount":7.05654,"max_stake_amount":7.05654,"amount":0.003,"open_date":"2026-01-31 18:45:00+00:00","close_date":"2026-02-01 00:00:00+00:00","open_rate":2352.18,"close_rate":2451.96,"fee_open":0.001,"fee_close":0.001,"trade_duration":315,"profit_ratio":0.04033746525392573,"profit_abs":0.28492758,"exit_reason":"force_exit","initial_stop_loss_abs":1674.7521599999998,"initial_stop_loss_ratio":-0.288,"stop_loss_abs":1674.7521599999998,"stop_loss_ratio":-0.288,"min_rate":2327.4,"max_rate":2473.77,"is_open":false,"enter_tag":"","leverage":1.0,"is_short":false,"open_timestamp":1769885100000,"close_timestamp":1769904000000,"orders":[{"amount":0.003,"safe_price":2352.18,"ft_order_side":"buy","order_filled_timestamp":1769885100000,"ft_is_entry":true,"ft_order_tag":"","cost":7.063596539999999},{"amount":0.003,"safe_price":2451.96,"ft_order_side":"sell","order_filled_timestamp":1769904000000,"ft_is_entry":false,"ft_order_tag":"force_exit","cost":7.3632358799999995}],"funding_fees":0.0,"weekday":6},{"pair":"BNB/USDT","stake_amount":9.93586,"max_stake_amount":9.93586,"amount":0.011,"open_date":"2026-01-12 09:10:00+00:00","close_date":"2026-02-01 00:00:00+00:00","open_rate":903.26,"close_rate":781.39,"fee_open":0.001,"fee_close":0.001,"trade_duration":28250,"profit_ratio":-0.13665081901248674,"profit_abs":-1.35910115,"exit_reason":"force_exit","initial_stop_loss_abs":643.12112,"initial_stop_loss_ratio":-0.288,"stop_loss_abs":643.12112,"stop_loss_ratio":-0.288,"min_rate":750.0,"max_rate":959.52,"is_open":false,"enter_tag":"","leverage":1.0,"is_short":false,"open_timestamp":1768209000000,"close_timestamp":1769904000000,"orders":[{"amount":0.011,"safe_price":903.26,"ft_order_side":"buy","order_filled_timestamp":1768209000000,"ft_is_entry":true,"ft_order_tag":"","cost":9.945795859999999},{"amount":0.011,"safe_price":781.39,"ft_order_side":"sell","order_filled_timestamp":1769904000000,"ft_is_entry":false,"ft_order_tag":"force_exit","cost":8.603885289999997}],"funding_fees":0.0,"weekday":6},{"pair":"ADA/USDT","stake_amount":7.22376,"max_stake_amount":7.22376,"amount":25.4,"open_date":"2026-01-31 17:45:00+00:00","close_date":"2026-02-01 00:00:00+00:00","open_rate":0.2844,"close_rate":0.2937,"fee_open":0.001,"fee_close":0.001,"trade_duration":375,"profit_ratio":0.03063708443455279,"profit_abs":0.22153626,"exit_reason":"force_exit","initial_stop_loss_abs":0.2025,"initial_stop_loss_ratio":-0.288,"stop_loss_abs":0.2025,"stop_loss_ratio":-0.288,"min_rate":0.2685,"max_rate":0.2958,"is_open":false,"enter_tag":"","leverage":1.0,"is_short":false,"open_timestamp":1769881500000,"close_timestamp":1769904000000,"orders":[{"amount":25.4,"safe_price":0.2844,"ft_order_side":"buy","order_filled_timestamp":1769881500000,"ft_is_entry":true,"ft_order_tag":"","cost":7.230983759999999},{"amount":25.4,"safe_price":0.2937,"ft_order_side":"sell","order_filled_timestamp":1769904000000,"ft_is_entry":false,"ft_order_tag":"force_exit","cost":7.467439979999999}],"funding_fees":0.0,"weekday":6},{"pair":"DOT/USDT","stake_amount":9.05148,"max_stake_amount":9.05148,"amount":5.78,"open_date":"2026-01-31 15:00:00+00:00","close_date":"2026-02-01 00:00:00+00:00","open_rate":1.566,"close_rate":1.548,"fee_open":0.001,"fee_close":0.001,"trade_duration":540,"profit_ratio":-0.013469289331358297,"profit_abs":-0.12203892,"exit_reason":"force_exit","initial_stop_loss_abs":1.115,"initial_stop_loss_ratio":-0.288,"stop_loss_abs":1.115,"stop_loss_ratio":-0.288,"min_rate":1.399,"max_rate":1.592,"is_open":false,"enter_tag":"","leverage":1.0,"is_short":false,"open_timestamp":1769871600000,"close_timestamp":1769904000000,"orders":[{"amount":5.78,"safe_price":1.566,"ft_order_side":"buy","order_filled_timestamp":1769871600000,"ft_is_entry":true,"ft_order_tag":"","cost":9.06053148},{"amount":5.78,"safe_price":1.548,"ft_order_side":"sell","order_filled_timestamp":1769904000000,"ft_is_entry":false,"ft_order_tag":"force_exit","cost":8.956387439999999}],"funding_fees":0.0,"weekday":6}],"locks":[],"best_pair":{"key":"ADA/USDT","trades":2,"profit_mean":0.052105298370714516,"profit_mean_pct":5.21,"profit_total_abs":0.9501018400000001,"profit_total":0.0190020368,"profit_total_pct":1.9,"duration_avg":"3 days, 13:00:00","wins":2,"draws":0,"losses":0,"winrate":1.0,"cagr":0.12132515997747606,"expectancy":0.47505092000000004,"expectancy_ratio":100.0,"sortino":-100,"sharpe":1.1933346817289745,"calmar":-100,"sqn":1.8739,"profit_factor":0.0,"max_drawdown_account":0.0,"max_drawdown_abs":0.0},"worst_pair":{"key":"XRP/USDT","trades":2,"profit_mean":-0.1446900251207801,"profit_mean_pct":-14.47,"profit_total_abs":-2.93936261,"profit_total":-0.0587872522,"profit_total_pct":-5.88,"duration_avg":"25 days, 16:05:00","wins":0,"draws":1,"losses":1,"winrate":0.0,"cagr":-0.3082739670970869,"expectancy":-1.469681305,"expectancy_ratio":-1.0,"sortino":-100,"sharpe":-0.6368324391514266,"calmar":-31.84162195757129,"sqn":-1.0,"profit_factor":0.0,"max_drawdown_account":0.05878725220000007,"max_drawdown_abs":2.93936261},"results_per_pair":[{"key":"ADA/USDT","trades":2,"profit_mean":0.052105298370714516,"profit_mean_pct":5.21,"profit_total_abs":0.9501018400000001,"profit_total":0.0190020368,"profit_total_pct":1.9,"duration_avg":"3 days, 13:00:00","wins":2,"draws":0,"losses":0,"winrate":1.0,"cagr":0.12132515997747606,"expectancy":0.47505092000000004,"expectancy_ratio":100.0,"sortino":-100,"sharpe":1.1933346817289745,"calmar":-100,"sqn":1.8739,"profit_factor":0.0,"max_drawdown_account":0.0,"max_drawdown_abs":0.0},{"key":"SOL/USDT","trades":1,"profit_mean":0.011481656097152428,"profit_mean_pct":1.15,"profit_total_abs":0.11712128,"profit_total":0.0023424255999999997,"profit_total_pct":0.23,"duration_avg":"33 days, 10:35:00","wins":1,"draws":0,"losses":0,"winrate":1.0,"cagr":0.01433486498512404,"expectancy":0.11712128,"expectancy_ratio":100.0,"sortino":-100,"sharpe":-100,"calmar":-100,"sqn":-100.0,"profit_factor":0.0,"max_drawdown_account":0.0,"max_drawdown_abs":0.0},{"key":"AVAX/USDT","trades":1,"profit_mean":0.0,"profit_mean_pct":0.0,"profit_total_abs":0.0,"profit_total":0.0,"profit_total_pct":0.0,"duration_avg":"35 days, 0:00:00","wins":0,"draws":1,"losses":0,"winrate":0.0,"cagr":0.0,"expectancy":0.0,"expectancy_ratio":100.0,"sortino":-100,"sharpe":-100,"calmar":-100,"sqn":-100.0,"profit_factor":0.0,"max_drawdown_account":0.0,"max_drawdown_abs":0.0},{"key":"LINK/USDT","trades":0,"profit_mean":0.0,"profit_mean_pct":0.0,"profit_total_abs":0.0,"profit_total":0.0,"profit_total_pct":0.0,"duration_avg":"0:00","wins":0,"draws":0,"losses":0,"winrate":0.0,"cagr":0.0,"expectancy":0.0,"expectancy_ratio":100.0,"sortino":0,"sharpe":0,"calmar":0,"sqn":0.0,"profit_factor":0.0,"max_drawdown_account":0.0,"max_drawdown_abs":0.0},{"key":"DOT/USDT","trades":1,"profit_mean":-0.013469289331358297,"profit_mean_pct":-1.35,"profit_total_abs":-0.12203892,"profit_total":-0.0024407784,"profit_total_pct":-0.24,"duration_avg":"9:00:00","wins":0,"draws":0,"losses":1,"winrate":0.0,"cagr":-0.014756261889098843,"expectancy":-0.12203892,"expectancy_ratio":-1.0,"sortino":-100,"sharpe":-100,"calmar":-31.841621957570972,"sqn":-100.0,"profit_factor":0.0,"max_drawdown_account":0.0024407784000000277,"max_drawdown_abs":0.12203892},{"key":"BNB/USDT","trades":2,"profit_mean":-0.05554069589103837,"profit_mean_pct":-5.55,"profit_total_abs":-1.11060675,"profit_total":-0.022212135,"profit_total_pct":-2.22,"duration_avg":"26 days, 12:42:00","wins":1,"draws":0,"losses":1,"winrate":0.5,"cagr":-0.12772201422833696,"expectancy":-0.555303375,"expectancy_ratio":-0.408581344368666,"sortino":-100,"sharpe":-0.43995543875481524,"calmar":-26.149100831891335,"sqn":-0.6908,"profit_factor":0.18283731126266797,"max_drawdown_account":0.027047599460014882,"max_drawdown_abs":1.35910115},{"key":"BTC/USDT","trades":1,"profit_mean":-0.15611022740464145,"profit_mean_pct":-15.61,"profit_total_abs":-1.4551662,"profit_total":-0.029103324,"profit_total_pct":-2.91,"duration_avg":"26 days, 12:05:00","wins":0,"draws":0,"losses":1,"winrate":0.0,"cagr":-0.1644562983164891,"expectancy":-1.4551662,"expectancy_ratio":-1.0,"sortino":-100,"sharpe":-100,"calmar":-31.841621957571316,"sqn":-100.0,"profit_factor":0.0,"max_drawdown_account":0.029103324000000014,"max_drawdown_abs":1.4551662},{"key":"ETH/USDT","trades":3,"profit_mean":-0.05202165963980362,"profit_mean_pct":-5.2,"profit_total_abs":-1.7676311100000002,"profit_total":-0.0353526222,"profit_total_pct":-3.54,"duration_avg":"11 days, 1:42:00","wins":2,"draws":0,"losses":1,"winrate":0.6666666666666666,"cagr":-0.19664239198266587,"expectancy":-0.58921037,"expectancy_ratio":-0.1999088273006977,"sortino":-100,"sharpe":-0.3338376455077331,"calmar":-19.438024697080138,"sqn":-0.4942,"profit_factor":0.40027351809790734,"max_drawdown_account":0.05791148271718872,"max_drawdown_abs":2.94739546},{"key":"DOGE/USDT","trades":2,"profit_mean":-0.14072630796003782,"profit_mean_pct":-14.07,"profit_total_abs":-2.87597098,"profit_total":-0.057519419599999996,"profit_total_pct":-5.75,"duration_avg":"29 days, 18:30:00","wins":1,"draws":0,"losses":1,"winrate":0.5,"cagr":-0.3025862640688147,"expectancy":-1.43798549,"expectancy_ratio":-0.48677666643986306,"sortino":-100,"sharpe":-0.6040161300939265,"calmar":-31.04795455907546,"sqn":-0.9485,"profit_factor":0.026446667120273982,"max_drawdown_account":0.05898976728522553,"max_drawdown_abs":2.954097},{"key":"XRP/USDT","trades":2,"profit_mean":-0.1446900251207801,"profit_mean_pct":-14.47,"profit_total_abs":-2.93936261,"profit_total":-0.0587872522,"profit_total_pct":-5.88,"duration_avg":"25 days, 16:05:00","wins":0,"draws":1,"losses":1,"winrate":0.0,"cagr":-0.3082739670970869,"expectancy":-1.469681305,"expectancy_ratio":-1.0,"sortino":-100,"sharpe":-0.6368324391514266,"calmar":-31.84162195757129,"sqn":-1.0,"profit_factor":0.0,"max_drawdown_account":0.05878725220000007,"max_drawdown_abs":2.93936261},{"key":"TOTAL","trades":15,"profit_mean":-0.05945775338403612,"profit_mean_pct":-5.95,"profit_total_abs":-9.20355345,"profit_total":-0.18407106899999998,"profit_total_pct":-18.41,"duration_avg":"19 days, 23:17:00","wins":7,"draws":2,"losses":6,"winrate":0.4666666666666667,"cagr":-0.7098973543828733,"expectancy":-0.6135702300000001,"expectancy_ratio":-0.44592320738867164,"sortino":-2.7295362285321847,"sharpe":-2.2289409040173522,"calmar":-26.83963257694521,"sqn":-1.7461,"profit_factor":0.2185253148616541,"max_drawdown_account":0.2183756195477367,"max_drawdown_abs":11.370194840000002}],"results_per_enter_tag":[{"key":"","trades":15,"profit_mean":-0.05945775338403612,"profit_mean_pct":-5.95,"profit_total_abs":-9.20355345,"profit_total":-0.18407106899999998,"profit_total_pct":-18.41,"duration_avg":"19 days, 23:17:00","wins":7,"draws":2,"losses":6,"winrate":0.4666666666666667,"cagr":-0.7098973543828733,"expectancy":-0.6135702300000001,"expectancy_ratio":-0.44592320738867164,"sortino":-2.7295362285321847,"sharpe":-2.2289409040173522,"calmar":-26.83963257694521,"sqn":-1.7461,"profit_factor":0.2185253148616541,"max_drawdown_account":0.2183756195477367,"max_drawdown_abs":11.370194840000002},{"key":"TOTAL","trades":15,"profit_mean":-0.05945775338403612,"profit_mean_pct":-5.95,"profit_total_abs":-9.20355345,"profit_total":-0.18407106899999998,"profit_total_pct":-18.41,"duration_avg":"19 days, 23:17:00","wins":7,"draws":2,"losses":6,"winrate":0.4666666666666667,"cagr":-0.7098973543828733,"expectancy":-0.6135702300000001,"expectancy_ratio":-0.44592320738867164,"sortino":-2.7295362285321847,"sharpe":-2.2289409040173522,"calmar":-26.83963257694521,"sqn":-1.7461,"profit_factor":0.2185253148616541,"max_drawdown_account":0.2183756195477367,"max_drawdown_abs":11.370194840000002}],"exit_reason_summary":[{"key":"trailing_stop_loss","trades":2,"profit_mean":0.08329682269793055,"profit_mean_pct":8.33,"profit_total_abs":1.62340235,"profit_total":0.032468047,"profit_total_pct":3.25,"duration_avg":"6 days, 20:18:00","wins":2,"draws":0,"losses":0,"winrate":1.0,"cagr":0.21455197483626764,"expectancy":0.811701175,"expectancy_ratio":100.0,"sortino":-100,"sharpe":6.217765556827125,"calmar":-100,"sqn":9.7636,"profit_factor":0.0,"max_drawdown_account":0.0,"max_drawdown_abs":0.0},{"key":"roi","trades":5,"profit_mean":0.009003344544198353,"profit_mean_pct":0.9,"profit_total_abs":0.4437417,"profit_total":0.008874834,"profit_total_pct":0.89,"duration_avg":"33 days, 18:40:00","wins":3,"draws":2,"losses":0,"winrate":0.6,"cagr":0.05522119846899742,"expectancy":0.08874834000000001,"expectancy_ratio":100.0,"sortino":-100,"sharpe":1.5381893432943525,"calmar":-100,"sqn":1.9323,"profit_factor":0.0,"max_drawdown_account":0.0,"max_drawdown_abs":0.0},{"key":"force_exit","trades":5,"profit_mean":-0.04705115721200159,"profit_mean_pct":-4.71,"profit_total_abs":-2.42984243,"profit_total":-0.0485968486,"profit_total_pct":-4.86,"duration_avg":"9 days, 9:29:00","wins":2,"draws":0,"losses":3,"winrate":0.4,"cagr":-0.261442075095336,"expectancy":-0.4859684860000001,"expectancy_ratio":-0.4965100108579613,"sortino":-1.2744894011554317,"sharpe":-1.010878841648798,"calmar":-30.589059243917426,"sqn":-1.2699,"profit_factor":0.17248331523673108,"max_drawdown_account":0.0505867954,"max_drawdown_abs":2.52933977},{"key":"stop_loss","trades":3,"profit_mean":-0.2894069609391289,"profit_mean_pct":-28.94,"profit_total_abs":-8.84085507,"profit_total":-0.1768171014,"profit_total_pct":-17.68,"duration_avg":"23 days, 8:00:00","wins":0,"draws":0,"losses":3,"winrate":0.0,"cagr":-0.6938487300455491,"expectancy":-2.94695169,"expectancy_ratio":-1.0,"sortino":-467.3505972168847,"sharpe":-467.3505972168847,"calmar":-31.841621957571316,"sqn":-691.8969,"profit_factor":0.0,"max_drawdown_account":0.17681710140000007,"max_drawdown_abs":8.84085507},{"key":"TOTAL","trades":15,"profit_mean":-0.05945775338403612,"profit_mean_pct":-5.95,"profit_total_abs":-9.20355345,"profit_total":-0.18407106899999998,"profit_total_pct":-18.41,"duration_avg":"19 days, 23:17:00","wins":7,"draws":2,"losses":6,"winrate":0.4666666666666667,"cagr":-0.7098973543828733,"expectancy":-0.6135702300000001,"expectancy_ratio":-0.44592320738867164,"sortino":-2.7295362285321847,"sharpe":-2.2289409040173522,"calmar":-26.83963257694521,"sqn":-1.7461,"profit_factor":0.2185253148616541,"max_drawdown_account":0.2183756195477367,"max_drawdown_abs":11.370194840000002}],"mix_tag_stats":[{"key":["","trailing_stop_loss"],"trades":2,"profit_mean":0.08329682269793055,"profit_mean_pct":8.33,"profit_total_abs":1.62340235,"profit_total":0.032468047,"profit_total_pct":3.25,"duration_avg":"6 days, 20:18:00","wins":2,"draws":0,"losses":0,"winrate":1.0,"cagr":0.21455197483626764,"expectancy":0.811701175,"expectancy_ratio":100.0,"sortino":-100,"sharpe":6.217765556827125,"calmar":-100,"sqn":9.7636,"profit_factor":0.0,"max_drawdown_account":0.0,"max_drawdown_abs":0.0},{"key":["","roi"],"trades":5,"profit_mean":0.009003344544198353,"profit_mean_pct":0.9,"profit_total_abs":0.4437417,"profit_total":0.008874834,"profit_total_pct":0.89,"duration_avg":"33 days, 18:40:00","wins":3,"draws":2,"losses":0,"winrate":0.6,"cagr":0.05522119846899742,"expectancy":0.08874834000000001,"expectancy_ratio":100.0,"sortino":-100,"sharpe":1.5381893432943525,"calmar":-100,"sqn":1.9323,"profit_factor":0.0,"max_drawdown_account":0.0,"max_drawdown_abs":0.0},{"key":["","force_exit"],"trades":5,"profit_mean":-0.04705115721200159,"profit_mean_pct":-4.71,"profit_total_abs":-2.42984243,"profit_total":-0.0485968486,"profit_total_pct":-4.86,"duration_avg":"9 days, 9:29:00","wins":2,"draws":0,"losses":3,"winrate":0.4,"cagr":-0.261442075095336,"expectancy":-0.4859684860000001,"expectancy_ratio":-0.4965100108579613,"sortino":-1.2744894011554317,"sharpe":-1.010878841648798,"calmar":-30.589059243917426,"sqn":-1.2699,"profit_factor":0.17248331523673108,"max_drawdown_account":0.0505867954,"max_drawdown_abs":2.52933977},{"key":["","stop_loss"],"trades":3,"profit_mean":-0.2894069609391289,"profit_mean_pct":-28.94,"profit_total_abs":-8.84085507,"profit_total":-0.1768171014,"profit_total_pct":-17.68,"duration_avg":"23 days, 8:00:00","wins":0,"draws":0,"losses":3,"winrate":0.0,"cagr":-0.6938487300455491,"expectancy":-2.94695169,"expectancy_ratio":-1.0,"sortino":-467.3505972168847,"sharpe":-467.3505972168847,"calmar":-31.841621957571316,"sqn":-691.8969,"profit_factor":0.0,"max_drawdown_account":0.17681710140000007,"max_drawdown_abs":8.84085507},{"key":"TOTAL","trades":15,"profit_mean":-0.05945775338403612,"profit_mean_pct":-5.95,"profit_total_abs":-9.20355345,"profit_total":-0.18407106899999998,"profit_total_pct":-18.41,"duration_avg":"19 days, 23:17:00","wins":7,"draws":2,"losses":6,"winrate":0.4666666666666667,"cagr":-0.7098973543828733,"expectancy":-0.6135702300000001,"expectancy_ratio":-0.44592320738867164,"sortino":-2.7295362285321847,"sharpe":-2.2289409040173522,"calmar":-26.83963257694521,"sqn":-1.7461,"profit_factor":0.2185253148616541,"max_drawdown_account":0.2183756195477367,"max_drawdown_abs":11.370194840000002}],"left_open_trades":[{"key":"ETH/USDT","trades":1,"profit_mean":0.04033746525392573,"profit_mean_pct":4.03,"profit_total_abs":0.28492758,"profit_total":0.005698551600000001,"profit_total_pct":0.57,"duration_avg":"5:15:00","wins":1,"draws":0,"losses":0,"winrate":1.0,"cagr":0.03517219930086113,"expectancy":0.28492758,"expectancy_ratio":100.0,"sortino":-100,"sharpe":-100,"calmar":-100,"sqn":-100.0,"profit_factor":0.0,"max_drawdown_account":0.0,"max_drawdown_abs":0.0},{"key":"ADA/USDT","trades":1,"profit_mean":0.03063708443455279,"profit_mean_pct":3.06,"profit_total_abs":0.22153626,"profit_total":0.0044307252,"profit_total_pct":0.44,"duration_avg":"6:15:00","wins":1,"draws":0,"losses":0,"winrate":1.0,"cagr":0.027258950841581697,"expectancy":0.22153626,"expectancy_ratio":100.0,"sortino":-100,"sharpe":-100,"calmar":-100,"sqn":-100.0,"profit_factor":0.0,"max_drawdown_account":0.0,"max_drawdown_abs":0.0},{"key":"DOT/USDT","trades":1,"profit_mean":-0.013469289331358297,"profit_mean_pct":-1.35,"profit_total_abs":-0.12203892,"profit_total":-0.0024407784,"profit_total_pct":-0.24,"duration_avg":"9:00:00","wins":0,"draws":0,"losses":1,"winrate":0.0,"cagr":-0.014756261889098843,"expectancy":-0.12203892,"expectancy_ratio":-1.0,"sortino":-100,"sharpe":-100,"calmar":-31.841621957570972,"sqn":-100.0,"profit_factor":0.0,"max_drawdown_account":0.0024407784000000277,"max_drawdown_abs":0.12203892},{"key":"BNB/USDT","trades":1,"profit_mean":-0.13665081901248674,"profit_mean_pct":-13.67,"profit_total_abs":-1.35910115,"profit_total":-0.027182023000000003,"profit_total_pct":-2.72,"duration_avg":"19 days, 14:50:00","wins":0,"draws":0,"losses":1,"winrate":0.0,"cagr":-0.15434707170353124,"expectancy":-1.35910115,"expectancy_ratio":-1.0,"sortino":-100,"sharpe":-100,"calmar":-31.841621957571316,"sqn":-100.0,"profit_factor":0.0,"max_drawdown_account":0.027182023000000013,"max_drawdown_abs":1.35910115},{"key":"BTC/USDT","trades":1,"profit_mean":-0.15611022740464145,"profit_mean_pct":-15.61,"profit_total_abs":-1.4551662,"profit_total":-0.029103324,"profit_total_pct":-2.91,"duration_avg":"26 days, 12:05:00","wins":0,"draws":0,"losses":1,"winrate":0.0,"cagr":-0.1644562983164891,"expectancy":-1.4551662,"expectancy_ratio":-1.0,"sortino":-100,"sharpe":-100,"calmar":-31.841621957571316,"sqn":-100.0,"profit_factor":0.0,"max_drawdown_account":0.029103324000000014,"max_drawdown_abs":1.4551662},{"key":"TOTAL","trades":5,"profit_mean":-0.04705115721200159,"profit_mean_pct":-4.71,"profit_total_abs":-2.42984243,"profit_total":-0.0485968486,"profit_total_pct":-4.86,"duration_avg":"9 days, 9:29:00","wins":2,"draws":0,"losses":3,"winrate":0.4,"cagr":-0.261442075095336,"expectancy":-0.4859684860000001,"expectancy_ratio":-0.4965100108579613,"sortino":-1.2744894011554317,"sharpe":-1.010878841648798,"calmar":-30.589059243917426,"sqn":-1.2699,"profit_factor":0.17248331523673108,"max_drawdown_account":0.0505867954,"max_drawdown_abs":2.52933977}],"total_trades":15,"trade_count_long":15,"trade_count_short":0,"total_volume":275.830324088847,"avg_stake_amount":9.482758933333335,"profit_mean":-0.05945775338403612,"profit_median":0.0,"profit_total":-0.18407106899999998,"profit_total_long":-0.18407106899999998,"profit_total_short":0.0,"profit_total_abs":-9.20355345,"profit_total_long_abs":-9.20355345,"profit_total_short_abs":0.0,"cagr":-0.7098973543828733,"expectancy":-0.6135702300000001,"expectancy_ratio":-0.44592320738867164,"sortino":-2.7295362285321847,"sharpe":-2.2289409040173522,"calmar":-26.83963257694521,"sqn":-1.7461,"profit_factor":0.2185253148616541,"backtest_start":"2025-12-03 00:00:00","backtest_start_ts":1764720000000,"backtest_end":"2026-02-01 00:00:00","backtest_end_ts":1769904000000,"backtest_days":60,"backtest_run_start_ts":1769916564,"backtest_run_end_ts":1769916570,"trades_per_day":0.25,"market_change":-0.2314145670820122,"pairlist":["BTC/USDT","ETH/USDT","BNB/USDT","SOL/USDT","ADA/USDT","XRP/USDT","DOT/USDT","DOGE/USDT","AVAX/USDT","LINK/USDT"],"stake_amount":"unlimited","stake_currency":"USDT","stake_currency_decimals":3,"starting_balance":50,"dry_run_wallet":50,"final_balance":40.79644655,"rejected_signals":1688,"timedout_entry_orders":0,"timedout_exit_orders":0,"canceled_trade_entries":0,"canceled_entry_orders":0,"replaced_entry_orders":0,"max_open_trades":5,"max_open_trades_setting":5,"timeframe":"5m","timeframe_detail":"","timerange":"20251203-20260201","enable_protections":false,"strategy_name":"PatternRecognition","freqaimodel":"XGBoostRegressor","freqai_identifier":"qs_v9_scalp_5m1h_l2","stoploss":-0.288,"trailing_stop":true,"trailing_stop_positive":0.032,"trailing_stop_positive_offset":0.084,"trailing_only_offset_is_reached":true,"use_custom_stoploss":false,"minimal_roi":{"0":0.936,"5271":0.332,"18147":0.086,"48152":0},"use_exit_signal":true,"exit_profit_only":false,"exit_profit_offset":0.0,"ignore_roi_if_entry_signal":false,"trading_mode":"spot","margin_mode":"","periodic_breakdown":{"day":[{"date":"09/12/2025","date_ts":1765238400000,"profit_abs":1.62340235,"wins":2,"draws":0,"losses":0,"trades":2,"profit_factor":0.0},{"date":"10/12/2025","date_ts":1765324800000,"profit_abs":0.0,"wins":0,"draws":0,"losses":0,"trades":0,"profit_factor":0.0},{"date":"11/12/2025","date_ts":1765411200000,"profit_abs":0.0,"wins":0,"draws":0,"losses":0,"trades":0,"profit_factor":0.0},{"date":"12/12/2025","date_ts":1765497600000,"profit_abs":0.0,"wins":0,"draws":0,"losses":0,"trades":0,"profit_factor":0.0},{"date":"13/12/2025","date_ts":1765584000000,"profit_abs":0.0,"wins":0,"draws":0,"losses":0,"trades":0,"profit_factor":0.0},{"date":"14/12/2025","date_ts":1765670400000,"profit_abs":0.0,"wins":0,"draws":0,"losses":0,"trades":0,"profit_factor":0.0},{"date":"15/12/2025","date_ts":1765756800000,"profit_abs":0.0,"wins":0,"draws":0,"losses":0,"trades":0,"profit_factor":0.0},{"date":"16/12/2025","date_ts":1765843200000,"profit_abs":0.0,"wins":0,"draws":0,"losses":0,"trades":0,"profit_factor":0.0},{"date":"17/12/2025","date_ts":1765929600000,"profit_abs":0.0,"wins":0,"draws":0,"losses":0,"trades":0,"profit_factor":0.0},{"date":"18/12/2025","date_ts":1766016000000,"profit_abs":0.0,"wins":0,"draws":0,"losses":0,"trades":0,"profit_factor":0.0},{"date":"19/12/2025","date_ts":1766102400000,"profit_abs":0.0,"wins":0,"draws":0,"losses":0,"trades":0,"profit_factor":0.0},{"date":"20/12/2025","date_ts":1766188800000,"profit_abs":0.0,"wins":0,"draws":0,"losses":0,"trades":0,"profit_factor":0.0},{"date":"21/12/2025","date_ts":1766275200000,"profit_abs":0.0,"wins":0,"draws":0,"losses":0,"trades":0,"profit_factor":0.0},{"date":"22/12/2025","date_ts":1766361600000,"profit_abs":0.0,"wins":0,"draws":0,"losses":0,"trades":0,"profit_factor":0.0},{"date":"23/12/2025","date_ts":1766448000000,"profit_abs":0.0,"wins":0,"draws":0,"losses":0,"trades":0,"profit_factor":0.0},{"date":"24/12/2025","date_ts":1766534400000,"profit_abs":0.0,"wins":0,"draws":0,"losses":0,"trades":0,"profit_factor":0.0},{"date":"25/12/2025","date_ts":1766620800000,"profit_abs":0.0,"wins":0,"draws":0,"losses":0,"trades":0,"profit_factor":0.0},{"date":"26/12/2025","date_ts":1766707200000,"profit_abs":0.0,"wins":0,"draws":0,"losses":0,"trades":0,"profit_factor":0.0},{"date":"27/12/2025","date_ts":1766793600000,"profit_abs":0.0,"wins":0,"draws":0,"losses":0,"trades":0,"profit_factor":0.0},{"date":"28/12/2025","date_ts":1766880000000,"profit_abs":0.0,"wins":0,"draws":0,"losses":0,"trades":0,"profit_factor":0.0},{"date":"29/12/2025","date_ts":1766966400000,"profit_abs":0.0,"wins":0,"draws":0,"losses":0,"trades":0,"profit_factor":0.0},{"date":"30/12/2025","date_ts":1767052800000,"profit_abs":0.0,"wins":0,"draws":0,"losses":0,"trades":0,"profit_factor":0.0},{"date":"31/12/2025","date_ts":1767139200000,"profit_abs":0.0,"wins":0,"draws":0,"losses":0,"trades":0,"profit_factor":0.0},{"date":"01/01/2026","date_ts":1767225600000,"profit_abs":0.0,"wins":0,"draws":0,"losses":0,"trades":0,"profit_factor":0.0},{"date":"02/01/2026","date_ts":1767312000000,"profit_abs":0.0,"wins":0,"draws":0,"losses":0,"trades":0,"profit_factor":0.0},{"date":"03/01/2026","date_ts":1767398400000,"profit_abs":0.0,"wins":0,"draws":0,"losses":0,"trades":0,"profit_factor":0.0},{"date":"04/01/2026","date_ts":1767484800000,"profit_abs":0.0,"wins":0,"draws":0,"losses":0,"trades":0,"profit_factor":0.0},{"date":"05/01/2026","date_ts":1767571200000,"profit_abs":0.32662042,"wins":2,"draws":1,"losses":0,"trades":3,"profit_factor":0.0},{"date":"06/01/2026","date_ts":1767657600000,"profit_abs":0.0,"wins":0,"draws":0,"losses":0,"trades":0,"profit_factor":0.0},{"date":"07/01/2026","date_ts":1767744000000,"profit_abs":0.0,"wins":0,"draws":0,"losses":0,"trades":0,"profit_factor":0.0},{"date":"08/01/2026","date_ts":1767830400000,"profit_abs":0.0,"wins":0,"draws":0,"losses":0,"trades":0,"profit_factor":0.0},{"date":"09/01/2026","date_ts":1767916800000,"profit_abs":0.0,"wins":0,"draws":0,"losses":0,"trades":0,"profit_factor":0.0},{"date":"10/01/2026","date_ts":1768003200000,"profit_abs":0.0,"wins":0,"draws":0,"losses":0,"trades":0,"profit_factor":0.0},{"date":"11/01/2026","date_ts":1768089600000,"profit_abs":0.0,"wins":0,"draws":0,"losses":0,"trades":0,"profit_factor":0.0},{"date":"12/01/2026","date_ts":1768176000000,"profit_abs":0.11712128,"wins":1,"draws":0,"losses":0,"trades":1,"profit_factor":0.0},{"date":"13/01/2026","date_ts":1768262400000,"profit_abs":0.0,"wins":0,"draws":1,"losses":0,"trades":1,"profit_factor":0.0},{"date":"14/01/2026","date_ts":1768348800000,"profit_abs":0.0,"wins":0,"draws":0,"losses":0,"trades":0,"profit_factor":0.0},{"date":"15/01/2026","date_ts":1768435200000,"profit_abs":0.0,"wins":0,"draws":0,"losses":0,"trades":0,"profit_factor":0.0},{"date":"16/01/2026","date_ts":1768521600000,"profit_abs":0.0,"wins":0,"draws":0,"losses":0,"trades":0,"profit_factor":0.0},{"date":"17/01/2026","date_ts":1768608000000,"profit_abs":0.0,"wins":0,"draws":0,"losses":0,"trades":0,"profit_factor":0.0},{"date":"18/01/2026","date_ts":1768694400000,"profit_abs":0.0,"wins":0,"draws":0,"losses":0,"trades":0,"profit_factor":0.0},{"date":"19/01/2026","date_ts":1768780800000,"profit_abs":0.0,"wins":0,"draws":0,"losses":0,"trades":0,"profit_factor":0.0},{"date":"20/01/2026","date_ts":1768867200000,"profit_abs":0.0,"wins":0,"draws":0,"losses":0,"trades":0,"profit_factor":0.0},{"date":"21/01/2026","date_ts":1768953600000,"profit_abs":0.0,"wins":0,"draws":0,"losses":0,"trades":0,"profit_factor":0.0},{"date":"22/01/2026","date_ts":1769040000000,"profit_abs":0.0,"wins":0,"draws":0,"losses":0,"trades":0,"profit_factor":0.0},{"date":"23/01/2026","date_ts":1769126400000,"profit_abs":0.0,"wins":0,"draws":0,"losses":0,"trades":0,"profit_factor":0.0},{"date":"24/01/2026","date_ts":1769212800000,"profit_abs":0.0,"wins":0,"draws":0,"losses":0,"trades":0,"profit_factor":0.0},{"date":"25/01/2026","date_ts":1769299200000,"profit_abs":0.0,"wins":0,"draws":0,"losses":0,"trades":0,"profit_factor":0.0},{"date":"26/01/2026","date_ts":1769385600000,"profit_abs":0.0,"wins":0,"draws":0,"losses":0,"trades":0,"profit_factor":0.0},{"date":"27/01/2026","date_ts":1769472000000,"profit_abs":0.0,"wins":0,"draws":0,"losses":0,"trades":0,"profit_factor":0.0},{"date":"28/01/2026","date_ts":1769558400000,"profit_abs":0.0,"wins":0,"draws":0,"losses":0,"trades":0,"profit_factor":0.0},{"date":"29/01/2026","date_ts":1769644800000,"profit_abs":0.0,"wins":0,"draws":0,"losses":0,"trades":0,"profit_factor":0.0},{"date":"30/01/2026","date_ts":1769731200000,"profit_abs":0.0,"wins":0,"draws":0,"losses":0,"trades":0,"profit_factor":0.0},{"date":"31/01/2026","date_ts":1769817600000,"profit_abs":-8.84085507,"wins":0,"draws":0,"losses":3,"trades":3,"profit_factor":0.0},{"date":"01/02/2026","date_ts":1769904000000,"profit_abs":-2.42984243,"wins":2,"draws":0,"losses":3,"trades":5,"profit_factor":0.17248332}],"week":[{"date":"15/12/2025","date_ts":1765756800000,"profit_abs":1.62340235,"wins":2,"draws":0,"losses":0,"trades":2,"profit_factor":0.0},{"date":"22/12/2025","date_ts":1766361600000,"profit_abs":0.0,"wins":0,"draws":0,"losses":0,"trades":0,"profit_factor":0.0},{"date":"29/12/2025","date_ts":1766966400000,"profit_abs":0.0,"wins":0,"draws":0,"losses":0,"trades":0,"profit_factor":0.0},{"date":"05/01/2026","date_ts":1767571200000,"profit_abs":0.32662042,"wins":2,"draws":1,"losses":0,"trades":3,"profit_factor":0.0},{"date":"12/01/2026","date_ts":1768176000000,"profit_abs":0.11712128,"wins":1,"draws":0,"losses":0,"trades":1,"profit_factor":0.0},{"date":"19/01/2026","date_ts":1768780800000,"profit_abs":0.0,"wins":0,"draws":1,"losses":0,"trades":1,"profit_factor":0.0},{"date":"26/01/2026","date_ts":1769385600000,"profit_abs":0.0,"wins":0,"draws":0,"losses":0,"trades":0,"profit_factor":0.0},{"date":"02/02/2026","date_ts":1769990400000,"profit_abs":-11.2706975,"wins":2,"draws":0,"losses":6,"trades":8,"profit_factor":0.0430039}],"month":[{"date":"31/12/2025","date_ts":1767139200000,"profit_abs":1.62340235,"wins":2,"draws":0,"losses":0,"trades":2,"profit_factor":0.0},{"date":"31/01/2026","date_ts":1769817600000,"profit_abs":-8.39711337,"wins":3,"draws":2,"losses":3,"trades":8,"profit_factor":0.05019217},{"date":"28/02/2026","date_ts":1772236800000,"profit_abs":-2.42984243,"wins":2,"draws":0,"losses":3,"trades":5,"profit_factor":0.17248332}],"year":[{"date":"31/12/2025","date_ts":1767139200000,"profit_abs":1.62340235,"wins":2,"draws":0,"losses":0,"trades":2,"profit_factor":0.0},{"date":"31/12/2026","date_ts":1798675200000,"profit_abs":-10.8269558,"wins":5,"draws":2,"losses":6,"trades":13,"profit_factor":0.08068205}],"weekday":[{"date":"Monday","date_ts":0,"profit_abs":0.4437417,"wins":3,"draws":1,"losses":0,"trades":4,"profit_factor":0.0},{"date":"Tuesday","date_ts":1,"profit_abs":1.62340235,"wins":2,"draws":1,"losses":0,"trades":3,"profit_factor":0.0},{"date":"Saturday","date_ts":5,"profit_abs":-8.84085507,"wins":0,"draws":0,"losses":3,"trades":3,"profit_factor":0.0},{"date":"Sunday","date_ts":6,"profit_abs":-2.42984243,"wins":2,"draws":0,"losses":3,"trades":5,"profit_factor":0.17248332}]},"backtest_best_day":0.1665936453958611,"backtest_worst_day":-0.8682208828173866,"backtest_best_day_abs":1.62340235,"backtest_worst_day_abs":-8.84085507,"winning_days":3,"draw_days":50,"losing_days":2,"daily_profit":[["2025-12-09",1.62340235],["2025-12-10",0.0],["2025-12-11",0.0],["2025-12-12",0.0],["2025-12-13",0.0],["2025-12-14",0.0],["2025-12-15",0.0],["2025-12-16",0.0],["2025-12-17",0.0],["2025-12-18",0.0],["2025-12-19",0.0],["2025-12-20",0.0],["2025-12-21",0.0],["2025-12-22",0.0],["2025-12-23",0.0],["2025-12-24",0.0],["2025-12-25",0.0],["2025-12-26",0.0],["2025-12-27",0.0],["2025-12-28",0.0],["2025-12-29",0.0],["2025-12-30",0.0],["2025-12-31",0.0],["2026-01-01",0.0],["2026-01-02",0.0],["2026-01-03",0.0],["2026-01-04",0.0],["2026-01-05",0.32662042],["2026-01-06",0.0],["2026-01-07",0.0],["2026-01-08",0.0],["2026-01-09",0.0],["2026-01-10",0.0],["2026-01-11",0.0],["2026-01-12",0.11712128],["2026-01-13",0.0],["2026-01-14",0.0],["2026-01-15",0.0],["2026-01-16",0.0],["2026-01-17",0.0],["2026-01-18",0.0],["2026-01-19",0.0],["2026-01-20",0.0],["2026-01-21",0.0],["2026-01-22",0.0],["2026-01-23",0.0],["2026-01-24",0.0],["2026-01-25",0.0],["2026-01-26",0.0],["2026-01-27",0.0],["2026-01-28",0.0],["2026-01-29",0.0],["2026-01-30",0.0],["2026-01-31",-8.84085507],["2026-02-01",-2.42984243]],"wins":7,"losses":6,"draws":2,"winrate":0.4666666666666667,"holding_avg":"19 days, 23:17:00","holding_avg_s":1725420.0,"winner_holding_min":"0d 05:15","winner_holding_min_s":18900.0,"winner_holding_max":"33d 10:35","winner_holding_max_s":2889300.0,"winner_holding_avg":"16d 08:33","winner_holding_avg_s":1413180.0,"loser_holding_min":"0d 09:00","loser_holding_min_s":32400.0,"loser_holding_max":"26d 12:05","loser_holding_max_s":2289900.0,"loser_holding_avg":"19d 09:59","loser_holding_avg_s":1677540.0,"max_consecutive_wins":4,"max_consecutive_losses":5,"max_drawdown_account":0.2183756195477367,"max_relative_drawdown":0.2183756195477367,"max_drawdown_abs":11.370194840000002,"drawdown_start":"2026-01-12 08:40:00","drawdown_start_ts":1768207200000.0,"drawdown_end":"2026-02-01 00:00:00","drawdown_end_ts":1769904000000.0,"drawdown_duration":"19 days 15:20:00","drawdown_duration_s":1696800.0,"max_drawdown_low":-9.303050790000002,"max_drawdown_high":2.06714405,"csum_min":40.69694921,"csum_max":52.06714405}},"strategy_comparison":[{"key":"PatternRecognition","trades":15,"profit_mean":-0.05945775338403612,"profit_mean_pct":-5.95,"profit_total_abs":-9.20355345,"profit_total":-0.18407106899999998,"profit_total_pct":-18.41,"duration_avg":"19 days, 23:17:00","wins":7,"draws":2,"losses":6,"winrate":0.4666666666666667,"cagr":-0.7098973543828733,"expectancy":-0.6135702300000001,"expectancy_ratio":-0.44592320738867164,"sortino":-2.7295362285321847,"sharpe":-2.2289409040173522,"calmar":-26.83963257694521,"sqn":-1.7461,"profit_factor":0.2185253148616541,"max_drawdown_account":0.2183756195477367,"max_drawdown_abs":"11.37"}]}