{"strategy":{"AIStrategy":{"trades":[{"pair":"DOT/USDT","stake_amount":9.89482,"max_stake_amount":9.89482,"amount":4.94,"open_date":"2026-01-02 12:55:00+00:00","close_date":"2026-01-03 10:15:00+00:00","open_rate":2.003,"close_rate":2.117,"fee_open":0.001,"fee_close":0.001,"trade_duration":1280,"profit_ratio":0.05480291051933588,"profit_abs":0.5428072,"exit_reason":"exit_signal","initial_stop_loss_abs":1.312,"initial_stop_loss_ratio":-0.345,"stop_loss_abs":1.312,"stop_loss_ratio":-0.345,"min_rate":1.979,"max_rate":2.22,"is_open":false,"enter_tag":"","leverage":1.0,"is_short":false,"open_timestamp":1767358500000,"close_timestamp":1767435300000,"orders":[{"amount":4.94,"safe_price":2.003,"ft_order_side":"buy","order_filled_timestamp":1767358500000,"ft_is_entry":true,"ft_order_tag":"","cost":9.90471482},{"amount":4.94,"safe_price":2.117,"ft_order_side":"sell","order_filled_timestamp":1767435300000,"ft_is_entry":false,"ft_order_tag":"exit_signal","cost":10.46843798}],"funding_fees":0.0,"weekday":5},{"pair":"ETH/USDT","stake_amount":9.861632,"max_stake_amount":9.861632,"amount":0.0032,"open_date":"2026-01-02 14:50:00+00:00","close_date":"2026-01-03 10:15:00+00:00","open_rate":3081.76,"close_rate":3098.16,"fee_open":0.001,"fee_close":0.001,"trade_duration":1165,"profit_ratio":0.003313000161797602,"profit_abs":0.03270426,"exit_reason":"exit_signal","initial_stop_loss_abs":2018.5528000000002,"initial_stop_loss_ratio":-0.345,"stop_loss_abs":2018.5528000000002,"stop_loss_ratio":-0.345,"min_rate":3055.13,"max_rate":3150.01,"is_open":false,"enter_tag":"","leverage":1.0,"is_short":false,"open_timestamp":1767365400000,"close_timestamp":1767435300000,"orders":[{"amount":0.0032,"safe_price":3081.76,"ft_order_side":"buy","order_filled_timestamp":1767365400000,"ft_is_entry":true,"ft_order_tag":"","cost":9.871493632000002},{"amount":0.0032,"safe_price":3098.16,"ft_order_side":"sell","order_filled_timestamp":1767435300000,"ft_is_entry":false,"ft_order_tag":"exit_signal","cost":9.924026111999998}],"funding_fees":0.0,"weekday":5},{"pair":"XRP/USDT","stake_amount":9.78129,"max_stake_amount":9.78129,"amount":5.1,"open_date":"2026-01-02 14:55:00+00:00","close_date":"2026-01-03 10:15:00+00:00","open_rate":1.9179,"close_rate":2.0086,"fee_open":0.001,"fee_close":0.001,"trade_duration":1160,"profit_ratio":0.04519881807540184,"profit_abs":0.44254485,"exit_reason":"exit_signal","initial_stop_loss_abs":1.2563,"initial_stop_loss_ratio":-0.345,"stop_loss_abs":1.2563,"stop_loss_ratio":-0.345,"min_rate":1.8987,"max_rate":2.0561,"is_open":false,"enter_tag":"","leverage":1.0,"is_short":false,"open_timestamp":1767365700000,"close_timestamp":1767435300000,"orders":[{"amount":5.1,"safe_price":1.9179,"ft_order_side":"buy","order_filled_timestamp":1767365700000,"ft_is_entry":true,"ft_order_tag":"","cost":9.791071289999998},{"amount":5.1,"safe_price":2.0086,"ft_order_side":"sell","order_filled_timestamp":1767435300000,"ft_is_entry":false,"ft_order_tag":"exit_signal","cost":10.254103859999999}],"funding_fees":0.0,"weekday":5},{"pair":"DOGE/USDT","stake_amount":9.897,"max_stake_amount":9.897,"amount":75.0,"open_date":"2026-01-02 13:35:00+00:00","close_date":"2026-01-03 10:45:00+00:00","open_rate":0.13196,"close_rate":0.14273000000000002,"fee_open":0.001,"fee_close":0.001,"trade_duration":1270,"profit_ratio":0.07945457089136991,"profit_abs":0.78714825,"exit_reason":"exit_signal","initial_stop_loss_abs":0.08644,"initial_stop_loss_ratio":-0.345,"stop_loss_abs":0.08644,"stop_loss_ratio":-0.345,"min_rate":0.12955,"max_rate":0.14498000000000003,"is_open":false,"enter_tag":"","leverage":1.0,"is_short":false,"open_timestamp":1767360900000,"close_timestamp":1767437100000,"orders":[{"amount":75.0,"safe_price":0.13196000000000002,"ft_order_side":"buy","order_filled_timestamp":1767360900000,"ft_is_entry":true,"ft_order_tag":"","cost":9.906897},{"amount":75.0,"safe_price":0.14273000000000002,"ft_order_side":"sell","order_filled_timestamp":1767437100000,"ft_is_entry":false,"ft_order_tag":"exit_signal","cost":10.715454750000001}],"funding_fees":0.0,"weekday":5},{"pair":"DOT/USDT","stake_amount":10.25214,"max_stake_amount":10.25214,"amount":4.82,"open_date":"2026-01-03 12:55:00+00:00","close_date":"2026-01-04 02:50:00+00:00","open_rate":2.127,"close_rate":2.122,"fee_open":0.001,"fee_close":0.001,"trade_duration":835,"profit_ratio":-0.0043440339632159096,"profit_abs":-0.04458018,"exit_reason":"exit_signal","initial_stop_loss_abs":1.394,"initial_stop_loss_ratio":-0.345,"stop_loss_abs":1.394,"stop_loss_ratio":-0.345,"min_rate":2.112,"max_rate":2.15,"is_open":false,"enter_tag":"","leverage":1.0,"is_short":false,"open_timestamp":1767444900000,"close_timestamp":1767495000000,"orders":[{"amount":4.82,"safe_price":2.127,"ft_order_side":"buy","order_filled_timestamp":1767444900000,"ft_is_entry":true,"ft_order_tag":"","cost":10.262392139999998},{"amount":4.82,"safe_price":2.122,"ft_order_side":"sell","order_filled_timestamp":1767495000000,"ft_is_entry":false,"ft_order_tag":"exit_signal","cost":10.23826804}],"funding_fees":0.0,"weekday":6},{"pair":"ETH/USDT","stake_amount":10.225281,"max_stake_amount":10.225281,"amount":0.0033,"open_date":"2026-01-03 12:35:00+00:00","close_date":"2026-01-04 04:10:00+00:00","open_rate":3098.57,"close_rate":3146.83,"fee_open":0.001,"fee_close":0.001,"trade_duration":935,"profit_ratio":0.013545805766088027,"profit_abs":0.13864818,"exit_reason":"exit_signal","initial_stop_loss_abs":2029.5633500000001,"initial_stop_loss_ratio":-0.345,"stop_loss_abs":2029.5633500000001,"stop_loss_ratio":-0.345,"min_rate":3096.0,"max_rate":3167.22,"is_open":false,"enter_tag":"","leverage":1.0,"is_short":false,"open_timestamp":1767443700000,"close_timestamp":1767499800000,"orders":[{"amount":0.0033,"safe_price":3098.57,"ft_order_side":"buy","order_filled_timestamp":1767443700000,"ft_is_entry":true,"ft_order_tag":"","cost":10.235506281},{"amount":0.0033,"safe_price":3146.83,"ft_order_side":"sell","order_filled_timestamp":1767499800000,"ft_is_entry":false,"ft_order_tag":"exit_signal","cost":10.394923538999999}],"funding_fees":0.0,"weekday":6},{"pair":"DOGE/USDT","stake_amount":10.24848,"max_stake_amount":10.24848,"amount":72.0,"open_date":"2026-01-03 18:35:00+00:00","close_date":"2026-01-04 07:30:00+00:00","open_rate":0.14234,"close_rate":0.15164000000000002,"fee_open":0.001,"fee_close":0.001,"trade_duration":775,"profit_ratio":0.0632079737039692,"profit_abs":0.64843344,"exit_reason":"exit_signal","initial_stop_loss_abs":0.09324,"initial_stop_loss_ratio":-0.345,"stop_loss_abs":0.09324,"stop_loss_ratio":-0.345,"min_rate":0.14127,"max_rate":0.15413000000000002,"is_open":false,"enter_tag":"","leverage":1.0,"is_short":false,"open_timestamp":1767465300000,"close_timestamp":1767511800000,"orders":[{"amount":72.0,"safe_price":0.14234000000000002,"ft_order_side":"buy","order_filled_timestamp":1767465300000,"ft_is_entry":true,"ft_order_tag":"","cost":10.25872848},{"amount":72.0,"safe_price":0.15164000000000002,"ft_order_side":"sell","order_filled_timestamp":1767511800000,"ft_is_entry":false,"ft_order_tag":"exit_signal","cost":10.92899808}],"funding_fees":0.0,"weekday":6},{"pair":"XRP/USDT","stake_amount":10.22703,"max_stake_amount":10.22703,"amount":5.1,"open_date":"2026-01-03 13:40:00+00:00","close_date":"2026-01-04 08:55:00+00:00","open_rate":2.0053,"close_rate":2.0753,"fee_open":0.001,"fee_close":0.001,"trade_duration":1155,"profit_ratio":0.03283974789485187,"profit_abs":0.33618894,"exit_reason":"exit_signal","initial_stop_loss_abs":1.3135,"initial_stop_loss_ratio":-0.345,"stop_loss_abs":1.3135,"stop_loss_ratio":-0.345,"min_rate":1.9964,"max_rate":2.085,"is_open":false,"enter_tag":"","leverage":1.0,"is_short":false,"open_timestamp":1767447600000,"close_timestamp":1767516900000,"orders":[{"amount":5.1,"safe_price":2.0053,"ft_order_side":"buy","order_filled_timestamp":1767447600000,"ft_is_entry":true,"ft_order_tag":"","cost":10.237257029999999},{"amount":5.1,"safe_price":2.0753,"ft_order_side":"sell","order_filled_timestamp":1767516900000,"ft_is_entry":false,"ft_order_tag":"exit_signal","cost":10.594614029999997}],"funding_fees":0.0,"weekday":6},{"pair":"DOT/USDT","stake_amount":10.272,"max_stake_amount":10.272,"amount":4.8,"open_date":"2026-01-04 05:25:00+00:00","close_date":"2026-01-04 08:55:00+00:00","open_rate":2.14,"close_rate":2.133,"fee_open":0.001,"fee_close":0.001,"trade_duration":210,"profit_ratio":-0.005262494514830963,"profit_abs":-0.0541104,"exit_reason":"exit_signal","initial_stop_loss_abs":1.402,"initial_stop_loss_ratio":-0.345,"stop_loss_abs":1.402,"stop_loss_ratio":-0.345,"min_rate":2.12,"max_rate":2.158,"is_open":false,"enter_tag":"","leverage":1.0,"is_short":false,"open_timestamp":1767504300000,"close_timestamp":1767516900000,"orders":[{"amount":4.8,"safe_price":2.14,"ft_order_side":"buy","order_filled_timestamp":1767504300000,"ft_is_entry":true,"ft_order_tag":"","cost":10.282271999999999},{"amount":4.8,"safe_price":2.133,"ft_order_side":"sell","order_filled_timestamp":1767516900000,"ft_is_entry":false,"ft_order_tag":"exit_signal","cost":10.248638399999999}],"funding_fees":0.0,"weekday":6},{"pair":"XRP/USDT","stake_amount":10.34145,"max_stake_amount":10.34145,"amount":4.9,"open_date":"2026-01-04 12:40:00+00:00","close_date":"2026-01-04 13:40:00+00:00","open_rate":2.1105,"close_rate":2.0953,"fee_open":0.001,"fee_close":0.001,"trade_duration":60,"profit_ratio":-0.009185697032178908,"profit_abs":-0.09508842,"exit_reason":"exit_signal","initial_stop_loss_abs":1.3824,"initial_stop_loss_ratio":-0.345,"stop_loss_abs":1.3824,"stop_loss_ratio":-0.345,"min_rate":2.0914,"max_rate":2.1198,"is_open":false,"enter_tag":"","leverage":1.0,"is_short":false,"open_timestamp":1767530400000,"close_timestamp":1767534000000,"orders":[{"amount":4.9,"safe_price":2.1105,"ft_order_side":"buy","order_filled_timestamp":1767530400000,"ft_is_entry":true,"ft_order_tag":"","cost":10.35179145},{"amount":4.9,"safe_price":2.0953,"ft_order_side":"sell","order_filled_timestamp":1767534000000,"ft_is_entry":false,"ft_order_tag":"exit_signal","cost":10.277236969999999}],"funding_fees":0.0,"weekday":6},{"pair":"DOT/USDT","stake_amount":10.44504,"max_stake_amount":10.44504,"amount":4.89,"open_date":"2026-01-04 09:00:00+00:00","close_date":"2026-01-04 17:55:00+00:00","open_rate":2.136,"close_rate":2.165,"fee_open":0.001,"fee_close":0.001,"trade_duration":535,"profit_ratio":0.011551650596594416,"profit_abs":0.12077811,"exit_reason":"exit_signal","initial_stop_loss_abs":1.4,"initial_stop_loss_ratio":-0.345,"stop_loss_abs":1.4,"stop_loss_ratio":-0.345,"min_rate":2.129,"max_rate":2.18,"is_open":false,"enter_tag":"","leverage":1.0,"is_short":false,"open_timestamp":1767517200000,"close_timestamp":1767549300000,"orders":[{"amount":4.89,"safe_price":2.136,"ft_order_side":"buy","order_filled_timestamp":1767517200000,"ft_is_entry":true,"ft_order_tag":"","cost":10.45548504},{"amount":4.89,"safe_price":2.165,"ft_order_side":"sell","order_filled_timestamp":1767549300000,"ft_is_entry":false,"ft_order_tag":"exit_signal","cost":10.59743685}],"funding_fees":0.0,"weekday":6},{"pair":"ETH/USDT","stake_amount":10.446381,"max_stake_amount":10.446381,"amount":0.0033,"open_date":"2026-01-05 00:55:00+00:00","close_date":"2026-01-05 04:50:00+00:00","open_rate":3165.57,"close_rate":3163.26,"fee_open":0.001,"fee_close":0.001,"trade_duration":235,"profit_ratio":-0.002726270498812971,"profit_abs":-0.02850814,"exit_reason":"exit_signal","initial_stop_loss_abs":2073.44835,"initial_stop_loss_ratio":-0.345,"stop_loss_abs":2073.44835,"stop_loss_ratio":-0.345,"min_rate":3157.46,"max_rate":3220.82,"is_open":false,"enter_tag":"","leverage":1.0,"is_short":false,"open_timestamp":1767574500000,"close_timestamp":1767588600000,"orders":[{"amount":0.0033,"safe_price":3165.57,"ft_order_side":"buy","order_filled_timestamp":1767574500000,"ft_is_entry":true,"ft_order_tag":"","cost":10.456827381},{"amount":0.0033,"safe_price":3163.26,"ft_order_side":"sell","order_filled_timestamp":1767588600000,"ft_is_entry":false,"ft_order_tag":"exit_signal","cost":10.449196758}],"funding_fees":0.0,"weekday":0},{"pair":"XRP/USDT","stake_amount":10.34832,"max_stake_amount":10.34832,"amount":4.8,"open_date":"2026-01-05 02:05:00+00:00","close_date":"2026-01-05 05:15:00+00:00","open_rate":2.1559,"close_rate":2.1318,"fee_open":0.001,"fee_close":0.001,"trade_duration":190,"profit_ratio":-0.01315429317655766,"profit_abs":-0.13626096,"exit_reason":"exit_signal","initial_stop_loss_abs":1.4122,"initial_stop_loss_ratio":-0.345,"stop_loss_abs":1.4122,"stop_loss_ratio":-0.345,"min_rate":2.1182,"max_rate":2.16,"is_open":false,"enter_tag":"","leverage":1.0,"is_short":false,"open_timestamp":1767578700000,"close_timestamp":1767590100000,"orders":[{"amount":4.8,"safe_price":2.1559,"ft_order_side":"buy","order_filled_timestamp":1767578700000,"ft_is_entry":true,"ft_order_tag":"","cost":10.358668319999998},{"amount":4.8,"safe_price":2.1318,"ft_order_side":"sell","order_filled_timestamp":1767590100000,"ft_is_entry":false,"ft_order_tag":"exit_signal","cost":10.242872639999998}],"funding_fees":0.0,"weekday":0},{"pair":"DOGE/USDT","stake_amount":10.3836,"max_stake_amount":10.3836,"amount":68.0,"open_date":"2026-01-05 23:10:00+00:00","close_date":"2026-01-05 23:25:00+00:00","open_rate":0.1527,"close_rate":0.15203000000000003,"fee_open":0.001,"fee_close":0.001,"trade_duration":15,"profit_ratio":-0.006376923665725238,"profit_abs":-0.06628164,"exit_reason":"exit_signal","initial_stop_loss_abs":0.10002,"initial_stop_loss_ratio":-0.345,"stop_loss_abs":0.10002,"stop_loss_ratio":-0.345,"min_rate":0.15189000000000002,"max_rate":0.15288000000000002,"is_open":false,"enter_tag":"","leverage":1.0,"is_short":false,"open_timestamp":1767654600000,"close_timestamp":1767655500000,"orders":[{"amount":68.0,"safe_price":0.1527,"ft_order_side":"buy","order_filled_timestamp":1767654600000,"ft_is_entry":true,"ft_order_tag":"","cost":10.393983599999999},{"amount":68.0,"safe_price":0.15203000000000003,"ft_order_side":"sell","order_filled_timestamp":1767655500000,"ft_is_entry":false,"ft_order_tag":"exit_signal","cost":10.34837804}],"funding_fees":0.0,"weekday":0},{"pair":"ETH/USDT","stake_amount":10.266656,"max_stake_amount":10.266656,"amount":0.0032,"open_date":"2026-01-05 18:05:00+00:00","close_date":"2026-01-05 23:35:00+00:00","open_rate":3208.33,"close_rate":3231.17,"fee_open":0.001,"fee_close":0.001,"trade_duration":330,"profit_ratio":0.005106742724132457,"profit_abs":0.0524816,"exit_reason":"exit_signal","initial_stop_loss_abs":2101.45615,"initial_stop_loss_ratio":-0.345,"stop_loss_abs":2101.45615,"stop_loss_ratio":-0.345,"min_rate":3186.39,"max_rate":3265.66,"is_open":false,"enter_tag":"","leverage":1.0,"is_short":false,"open_timestamp":1767636300000,"close_timestamp":1767656100000,"orders":[{"amount":0.0032,"safe_price":3208.33,"ft_order_side":"buy","order_filled_timestamp":1767636300000,"ft_is_entry":true,"ft_order_tag":"","cost":10.276922656},{"amount":0.0032,"safe_price":3231.17,"ft_order_side":"sell","order_filled_timestamp":1767656100000,"ft_is_entry":false,"ft_order_tag":"exit_signal","cost":10.350083744}],"funding_fees":0.0,"weekday":0},{"pair":"XRP/USDT","stake_amount":10.39217,"max_stake_amount":10.39217,"amount":4.7,"open_date":"2026-01-05 18:10:00+00:00","close_date":"2026-01-06 00:20:00+00:00","open_rate":2.2111,"close_rate":2.3256,"fee_open":0.001,"fee_close":0.001,"trade_duration":370,"profit_ratio":0.04968271292725185,"profit_abs":0.51682751,"exit_reason":"exit_signal","initial_stop_loss_abs":1.4483,"initial_stop_loss_ratio":-0.345,"stop_loss_abs":1.4483,"stop_loss_ratio":-0.345,"min_rate":2.2065,"max_rate":2.3695,"is_open":false,"enter_tag":"","leverage":1.0,"is_short":false,"open_timestamp":1767636600000,"close_timestamp":1767658800000,"orders":[{"amount":4.7,"safe_price":2.2111,"ft_order_side":"buy","order_filled_timestamp":1767636600000,"ft_is_entry":true,"ft_order_tag":"","cost":10.40256217},{"amount":4.7,"safe_price":2.3256,"ft_order_side":"sell","order_filled_timestamp":1767658800000,"ft_is_entry":false,"ft_order_tag":"exit_signal","cost":10.94125032}],"funding_fees":0.0,"weekday":1},{"pair":"ETH/USDT","stake_amount":10.482368,"max_stake_amount":10.482368,"amount":0.0032,"open_date":"2026-01-06 14:55:00+00:00","close_date":"2026-01-06 17:15:00+00:00","open_rate":3275.74,"close_rate":3247.27,"fee_open":0.001,"fee_close":0.001,"trade_duration":140,"profit_ratio":-0.010671802805984702,"profit_abs":-0.11197763,"exit_reason":"exit_signal","initial_stop_loss_abs":2145.6097,"initial_stop_loss_ratio":-0.345,"stop_loss_abs":2145.6097,"stop_loss_ratio":-0.345,"min_rate":3234.32,"max_rate":3301.99,"is_open":false,"enter_tag":"","leverage":1.0,"is_short":false,"open_timestamp":1767711300000,"close_timestamp":1767719700000,"orders":[{"amount":0.0032,"safe_price":3275.74,"ft_order_side":"buy","order_filled_timestamp":1767711300000,"ft_is_entry":true,"ft_order_tag":"","cost":10.492850367999997},{"amount":0.0032,"safe_price":3247.27,"ft_order_side":"sell","order_filled_timestamp":1767719700000,"ft_is_entry":false,"ft_order_tag":"exit_signal","cost":10.401655263999999}],"funding_fees":0.0,"weekday":1},{"pair":"DOT/USDT","stake_amount":10.494,"max_stake_amount":10.494,"amount":4.95,"open_date":"2026-01-10 13:15:00+00:00","close_date":"2026-01-10 15:40:00+00:00","open_rate":2.12,"close_rate":2.119,"fee_open":0.001,"fee_close":0.001,"trade_duration":145,"profit_ratio":-0.002468757657436903,"profit_abs":-0.02593305,"exit_reason":"exit_signal","initial_stop_loss_abs":1.389,"initial_stop_loss_ratio":-0.345,"stop_loss_abs":1.389,"stop_loss_ratio":-0.345,"min_rate":2.109,"max_rate":2.13,"is_open":false,"enter_tag":"","leverage":1.0,"is_short":false,"open_timestamp":1768050900000,"close_timestamp":1768059600000,"orders":[{"amount":4.95,"safe_price":2.12,"ft_order_side":"buy","order_filled_timestamp":1768050900000,"ft_is_entry":true,"ft_order_tag":"","cost":10.504494000000001},{"amount":4.95,"safe_price":2.119,"ft_order_side":"sell","order_filled_timestamp":1768059600000,"ft_is_entry":false,"ft_order_tag":"exit_signal","cost":10.49953905}],"funding_fees":0.0,"weekday":5},{"pair":"DOGE/USDT","stake_amount":10.37998,"max_stake_amount":10.37998,"amount":74.0,"open_date":"2026-01-10 17:30:00+00:00","close_date":"2026-01-10 18:00:00+00:00","open_rate":0.14027,"close_rate":0.13973000000000002,"fee_open":0.001,"fee_close":0.001,"trade_duration":30,"profit_ratio":-0.005840028653174728,"profit_abs":-0.06068,"exit_reason":"exit_signal","initial_stop_loss_abs":0.09188,"initial_stop_loss_ratio":-0.345,"stop_loss_abs":0.09188,"stop_loss_ratio":-0.345,"min_rate":0.13968,"max_rate":0.14027,"is_open":false,"enter_tag":"","leverage":1.0,"is_short":false,"open_timestamp":1768066200000,"close_timestamp":1768068000000,"orders":[{"amount":74.0,"safe_price":0.14027,"ft_order_side":"buy","order_filled_timestamp":1768066200000,"ft_is_entry":true,"ft_order_tag":"","cost":10.39035998},{"amount":74.0,"safe_price":0.13973000000000002,"ft_order_side":"sell","order_filled_timestamp":1768068000000,"ft_is_entry":false,"ft_order_tag":"exit_signal","cost":10.35036002}],"funding_fees":0.0,"weekday":5},{"pair":"DOGE/USDT","stake_amount":10.3748,"max_stake_amount":10.3748,"amount":74.0,"open_date":"2026-01-10 19:35:00+00:00","close_date":"2026-01-10 21:20:00+00:00","open_rate":0.1402,"close_rate":0.1398,"fee_open":0.001,"fee_close":0.001,"trade_duration":105,"profit_ratio":-0.004845368611417112,"profit_abs":-0.05032,"exit_reason":"exit_signal","initial_stop_loss_abs":0.09184,"initial_stop_loss_ratio":-0.345,"stop_loss_abs":0.09184,"stop_loss_ratio":-0.345,"min_rate":0.13974,"max_rate":0.14048000000000002,"is_open":false,"enter_tag":"","leverage":1.0,"is_short":false,"open_timestamp":1768073700000,"close_timestamp":1768080000000,"orders":[{"amount":74.0,"safe_price":0.14020000000000002,"ft_order_side":"buy","order_filled_timestamp":1768073700000,"ft_is_entry":true,"ft_order_tag":"","cost":10.385174800000001},{"amount":74.0,"safe_price":0.1398,"ft_order_side":"sell","order_filled_timestamp":1768080000000,"ft_is_entry":false,"ft_order_tag":"exit_signal","cost":10.3555452}],"funding_fees":0.0,"weekday":5},{"pair":"DOGE/USDT","stake_amount":10.38368,"max_stake_amount":10.38368,"amount":74.0,"open_date":"2026-01-11 09:30:00+00:00","close_date":"2026-01-11 12:05:00+00:00","open_rate":0.14032,"close_rate":0.13982,"fee_open":0.001,"fee_close":0.001,"trade_duration":155,"profit_ratio":-0.0055541664720684105,"profit_abs":-0.05773036,"exit_reason":"exit_signal","initial_stop_loss_abs":0.09191,"initial_stop_loss_ratio":-0.345,"stop_loss_abs":0.09191,"stop_loss_ratio":-0.345,"min_rate":0.13946,"max_rate":0.14035,"is_open":false,"enter_tag":"","leverage":1.0,"is_short":false,"open_timestamp":1768123800000,"close_timestamp":1768133100000,"orders":[{"amount":74.0,"safe_price":0.14032,"ft_order_side":"buy","order_filled_timestamp":1768123800000,"ft_is_entry":true,"ft_order_tag":"","cost":10.394063679999999},{"amount":74.0,"safe_price":0.13982,"ft_order_side":"sell","order_filled_timestamp":1768133100000,"ft_is_entry":false,"ft_order_tag":"exit_signal","cost":10.357026679999999}],"funding_fees":0.0,"weekday":6},{"pair":"DOGE/USDT","stake_amount":10.35926,"max_stake_amount":10.35926,"amount":74.0,"open_date":"2026-01-11 12:35:00+00:00","close_date":"2026-01-11 15:35:00+00:00","open_rate":0.13999,"close_rate":0.14013,"fee_open":0.001,"fee_close":0.001,"trade_duration":180,"profit_ratio":-0.0009999287090507892,"profit_abs":-0.01036888,"exit_reason":"exit_signal","initial_stop_loss_abs":0.0917,"initial_stop_loss_ratio":-0.345,"stop_loss_abs":0.0917,"stop_loss_ratio":-0.345,"min_rate":0.13977,"max_rate":0.14120000000000002,"is_open":false,"enter_tag":"","leverage":1.0,"is_short":false,"open_timestamp":1768134900000,"close_timestamp":1768145700000,"orders":[{"amount":74.0,"safe_price":0.13999,"ft_order_side":"buy","order_filled_timestamp":1768134900000,"ft_is_entry":true,"ft_order_tag":"","cost":10.36961926},{"amount":74.0,"safe_price":0.14013,"ft_order_side":"sell","order_filled_timestamp":1768145700000,"ft_is_entry":false,"ft_order_tag":"exit_signal","cost":10.37998962}],"funding_fees":0.0,"weekday":6},{"pair":"XRP/USDT","stake_amount":10.33116,"max_stake_amount":10.33116,"amount":4.9,"open_date":"2026-01-11 15:00:00+00:00","close_date":"2026-01-11 15:50:00+00:00","open_rate":2.1084,"close_rate":2.0854,"fee_open":0.001,"fee_close":0.001,"trade_duration":50,"profit_ratio":-0.01288495227026815,"profit_abs":-0.13324962,"exit_reason":"exit_signal","initial_stop_loss_abs":1.3811,"initial_stop_loss_ratio":-0.345,"stop_loss_abs":1.3811,"stop_loss_ratio":-0.345,"min_rate":2.0839,"max_rate":2.11,"is_open":false,"enter_tag":"","leverage":1.0,"is_short":false,"open_timestamp":1768143600000,"close_timestamp":1768146600000,"orders":[{"amount":4.9,"safe_price":2.1084,"ft_order_side":"buy","order_filled_timestamp":1768143600000,"ft_is_entry":true,"ft_order_tag":"","cost":10.341491159999999},{"amount":4.9,"safe_price":2.0854,"ft_order_side":"sell","order_filled_timestamp":1768146600000,"ft_is_entry":false,"ft_order_tag":"exit_signal","cost":10.22867846}],"funding_fees":0.0,"weekday":6},{"pair":"ETH/USDT","stake_amount":10.244949,"max_stake_amount":10.244949,"amount":0.0033,"open_date":"2026-01-11 09:05:00+00:00","close_date":"2026-01-11 18:35:00+00:00","open_rate":3104.53,"close_rate":3124.87,"fee_open":0.001,"fee_close":0.001,"trade_duration":570,"profit_ratio":0.004540624022477958,"profit_abs":0.04656498,"exit_reason":"exit_signal","initial_stop_loss_abs":2033.4671500000002,"initial_stop_loss_ratio":-0.345,"stop_loss_abs":2033.4671500000002,"stop_loss_ratio":-0.345,"min_rate":3100.81,"max_rate":3147.27,"is_open":false,"enter_tag":"","leverage":1.0,"is_short":false,"open_timestamp":1768122300000,"close_timestamp":1768156500000,"orders":[{"amount":0.0033,"safe_price":3104.53,"ft_order_side":"buy","order_filled_timestamp":1768122300000,"ft_is_entry":true,"ft_order_tag":"","cost":10.255193948999999},{"amount":0.0033,"safe_price":3124.87,"ft_order_side":"sell","order_filled_timestamp":1768156500000,"ft_is_entry":false,"ft_order_tag":"exit_signal","cost":10.322383070999999}],"funding_fees":0.0,"weekday":6},{"pair":"DOGE/USDT","stake_amount":10.35359,"max_stake_amount":10.35359,"amount":73.0,"open_date":"2026-01-12 03:30:00+00:00","close_date":"2026-01-12 06:55:00+00:00","open_rate":0.14183,"close_rate":0.13952,"fee_open":0.001,"fee_close":0.001,"trade_duration":205,"profit_ratio":-0.018252564610880904,"profit_abs":-0.18916855,"exit_reason":"exit_signal","initial_stop_loss_abs":0.0929,"initial_stop_loss_ratio":-0.345,"stop_loss_abs":0.0929,"stop_loss_ratio":-0.345,"min_rate":0.13947,"max_rate":0.14194,"is_open":false,"enter_tag":"","leverage":1.0,"is_short":false,"open_timestamp":1768188600000,"close_timestamp":1768200900000,"orders":[{"amount":73.0,"safe_price":0.14183,"ft_order_side":"buy","order_filled_timestamp":1768188600000,"ft_is_entry":true,"ft_order_tag":"","cost":10.36394359},{"amount":73.0,"safe_price":0.13952,"ft_order_side":"sell","order_filled_timestamp":1768200900000,"ft_is_entry":false,"ft_order_tag":"exit_signal","cost":10.195144959999999}],"funding_fees":0.0,"weekday":0},{"pair":"ETH/USDT","stake_amount":10.416648,"max_stake_amount":10.416648,"amount":0.0033,"open_date":"2026-01-12 03:05:00+00:00","close_date":"2026-01-12 07:20:00+00:00","open_rate":3156.56,"close_rate":3153.32,"fee_open":0.001,"fee_close":0.001,"trade_duration":255,"profit_ratio":-0.0030223846368924896,"profit_abs":-0.0315146,"exit_reason":"exit_signal","initial_stop_loss_abs":2067.5468,"initial_stop_loss_ratio":-0.345,"stop_loss_abs":2067.5468,"stop_loss_ratio":-0.345,"min_rate":3148.7,"max_rate":3171.49,"is_open":false,"enter_tag":"","leverage":1.0,"is_short":false,"open_timestamp":1768187100000,"close_timestamp":1768202400000,"orders":[{"amount":0.0033,"safe_price":3156.56,"ft_order_side":"buy","order_filled_timestamp":1768187100000,"ft_is_entry":true,"ft_order_tag":"","cost":10.427064648},{"amount":0.0033,"safe_price":3153.32,"ft_order_side":"sell","order_filled_timestamp":1768202400000,"ft_is_entry":false,"ft_order_tag":"exit_signal","cost":10.416361956}],"funding_fees":0.0,"weekday":0},{"pair":"DOGE/USDT","stake_amount":10.34594,"max_stake_amount":10.34594,"amount":74.0,"open_date":"2026-01-13 09:15:00+00:00","close_date":"2026-01-13 11:10:00+00:00","open_rate":0.13981,"close_rate":0.1391,"fee_open":0.001,"fee_close":0.001,"trade_duration":115,"profit_ratio":-0.00706617608126799,"profit_abs":-0.07317934,"exit_reason":"exit_signal","initial_stop_loss_abs":0.09158,"initial_stop_loss_ratio":-0.345,"stop_loss_abs":0.09158,"stop_loss_ratio":-0.345,"min_rate":0.13899,"max_rate":0.14037000000000002,"is_open":false,"enter_tag":"","leverage":1.0,"is_short":false,"open_timestamp":1768295700000,"close_timestamp":1768302600000,"orders":[{"amount":74.0,"safe_price":0.13981000000000002,"ft_order_side":"buy","order_filled_timestamp":1768295700000,"ft_is_entry":true,"ft_order_tag":"","cost":10.35628594},{"amount":74.0,"safe_price":0.1391,"ft_order_side":"sell","order_filled_timestamp":1768302600000,"ft_is_entry":false,"ft_order_tag":"exit_signal","cost":10.303693399999998}],"funding_fees":0.0,"weekday":1},{"pair":"XRP/USDT","stake_amount":10.333,"max_stake_amount":10.333,"amount":5.0,"open_date":"2026-01-13 08:55:00+00:00","close_date":"2026-01-13 11:35:00+00:00","open_rate":2.0666,"close_rate":2.0606,"fee_open":0.001,"fee_close":0.001,"trade_duration":160,"profit_ratio":-0.004895520621834374,"profit_abs":-0.050636,"exit_reason":"exit_signal","initial_stop_loss_abs":1.3537,"initial_stop_loss_ratio":-0.345,"stop_loss_abs":1.3537,"stop_loss_ratio":-0.345,"min_rate":2.0575,"max_rate":2.0745,"is_open":false,"enter_tag":"","leverage":1.0,"is_short":false,"open_timestamp":1768294500000,"close_timestamp":1768304100000,"orders":[{"amount":5.0,"safe_price":2.0666,"ft_order_side":"buy","order_filled_timestamp":1768294500000,"ft_is_entry":true,"ft_order_tag":"","cost":10.343333000000001},{"amount":5.0,"safe_price":2.0606,"ft_order_side":"sell","order_filled_timestamp":1768304100000,"ft_is_entry":false,"ft_order_tag":"exit_signal","cost":10.313303}],"funding_fees":0.0,"weekday":1},{"pair":"DOGE/USDT","stake_amount":10.25066,"max_stake_amount":10.25066,"amount":73.0,"open_date":"2026-01-13 15:00:00+00:00","close_date":"2026-01-13 15:05:00+00:00","open_rate":0.14042,"close_rate":0.1401,"fee_open":0.001,"fee_close":0.001,"trade_duration":5,"profit_ratio":-0.004272326448654606,"profit_abs":-0.04383796,"exit_reason":"exit_signal","initial_stop_loss_abs":0.09198,"initial_stop_loss_ratio":-0.345,"stop_loss_abs":0.09198,"stop_loss_ratio":-0.345,"min_rate":0.13969,"max_rate":0.14073000000000002,"is_open":false,"enter_tag":"","leverage":1.0,"is_short":false,"open_timestamp":1768316400000,"close_timestamp":1768316700000,"orders":[{"amount":73.0,"safe_price":0.14042000000000002,"ft_order_side":"buy","order_filled_timestamp":1768316400000,"ft_is_entry":true,"ft_order_tag":"","cost":10.26091066},{"amount":73.0,"safe_price":0.1401,"ft_order_side":"sell","order_filled_timestamp":1768316700000,"ft_is_entry":false,"ft_order_tag":"exit_signal","cost":10.237527299999998}],"funding_fees":0.0,"weekday":1},{"pair":"DOT/USDT","stake_amount":10.3635,"max_stake_amount":10.3635,"amount":4.9,"open_date":"2026-01-13 13:25:00+00:00","close_date":"2026-01-13 19:10:00+00:00","open_rate":2.115,"close_rate":2.2560000000000002,"fee_open":0.001,"fee_close":0.001,"trade_duration":345,"profit_ratio":0.06453546453546453,"profit_abs":0.6694821,"exit_reason":"exit_signal","initial_stop_loss_abs":1.386,"initial_stop_loss_ratio":-0.345,"stop_loss_abs":1.386,"stop_loss_ratio":-0.345,"min_rate":2.113,"max_rate":2.343,"is_open":false,"enter_tag":"","leverage":1.0,"is_short":false,"open_timestamp":1768310700000,"close_timestamp":1768331400000,"orders":[{"amount":4.9,"safe_price":2.115,"ft_order_side":"buy","order_filled_timestamp":1768310700000,"ft_is_entry":true,"ft_order_tag":"","cost":10.3738635},{"amount":4.9,"safe_price":2.2560000000000002,"ft_order_side":"sell","order_filled_timestamp":1768331400000,"ft_is_entry":false,"ft_order_tag":"exit_signal","cost":11.0654544}],"funding_fees":0.0,"weekday":1},{"pair":"DOGE/USDT","stake_amount":10.32147,"max_stake_amount":10.32147,"amount":73.0,"open_date":"2026-01-13 15:45:00+00:00","close_date":"2026-01-13 21:40:00+00:00","open_rate":0.14139,"close_rate":0.14458000000000001,"fee_open":0.001,"fee_close":0.001,"trade_duration":355,"profit_ratio":0.020518628411690155,"profit_abs":0.21199419,"exit_reason":"exit_signal","initial_stop_loss_abs":0.09262,"initial_stop_loss_ratio":-0.345,"stop_loss_abs":0.09262,"stop_loss_ratio":-0.345,"min_rate":0.14103000000000002,"max_rate":0.14505,"is_open":false,"enter_tag":"","leverage":1.0,"is_short":false,"open_timestamp":1768319100000,"close_timestamp":1768340400000,"orders":[{"amount":73.0,"safe_price":0.14139000000000002,"ft_order_side":"buy","order_filled_timestamp":1768319100000,"ft_is_entry":true,"ft_order_tag":"","cost":10.33179147},{"amount":73.0,"safe_price":0.14458000000000001,"ft_order_side":"sell","order_filled_timestamp":1768340400000,"ft_is_entry":false,"ft_order_tag":"exit_signal","cost":10.56489434}],"funding_fees":0.0,"weekday":1},{"pair":"ETH/USDT","stake_amount":10.13312,"max_stake_amount":10.13312,"amount":0.0032,"open_date":"2026-01-13 15:55:00+00:00","close_date":"2026-01-13 21:45:00+00:00","open_rate":3166.6,"close_rate":3209.91,"fee_open":0.001,"fee_close":0.001,"trade_duration":350,"profit_ratio":0.011651801310859921,"profit_abs":0.11818717,"exit_reason":"exit_signal","initial_stop_loss_abs":2074.123,"initial_stop_loss_ratio":-0.345,"stop_loss_abs":2074.123,"stop_loss_ratio":-0.345,"min_rate":3165.75,"max_rate":3220.0,"is_open":false,"enter_tag":"","leverage":1.0,"is_short":false,"open_timestamp":1768319700000,"close_timestamp":1768340700000,"orders":[{"amount":0.0032,"safe_price":3166.6,"ft_order_side":"buy","order_filled_timestamp":1768319700000,"ft_is_entry":true,"ft_order_tag":"","cost":10.143253119999999},{"amount":0.0032,"safe_price":3209.91,"ft_order_side":"sell","order_filled_timestamp":1768340700000,"ft_is_entry":false,"ft_order_tag":"exit_signal","cost":10.281983711999999}],"funding_fees":0.0,"weekday":1},{"pair":"XRP/USDT","stake_amount":10.3685,"max_stake_amount":10.3685,"amount":5.0,"open_date":"2026-01-13 13:50:00+00:00","close_date":"2026-01-14 01:10:00+00:00","open_rate":2.0737,"close_rate":2.1699,"fee_open":0.001,"fee_close":0.001,"trade_duration":680,"profit_ratio":0.04429981938782634,"profit_abs":0.459782,"exit_reason":"exit_signal","initial_stop_loss_abs":1.3583,"initial_stop_loss_ratio":-0.345,"stop_loss_abs":1.3583,"stop_loss_ratio":-0.345,"min_rate":2.061,"max_rate":2.185,"is_open":false,"enter_tag":"","leverage":1.0,"is_short":false,"open_timestamp":1768312200000,"close_timestamp":1768353000000,"orders":[{"amount":5.0,"safe_price":2.0737,"ft_order_side":"buy","order_filled_timestamp":1768312200000,"ft_is_entry":true,"ft_order_tag":"","cost":10.3788685},{"amount":5.0,"safe_price":2.1699,"ft_order_side":"sell","order_filled_timestamp":1768353000000,"ft_is_entry":false,"ft_order_tag":"exit_signal","cost":10.8603495}],"funding_fees":0.0,"weekday":2},{"pair":"DOGE/USDT","stake_amount":10.52149,"max_stake_amount":10.52149,"amount":71.0,"open_date":"2026-01-13 22:10:00+00:00","close_date":"2026-01-14 01:20:00+00:00","open_rate":0.14819,"close_rate":0.14836000000000002,"fee_open":0.001,"fee_close":0.001,"trade_duration":190,"profit_ratio":-0.0008531181349860071,"profit_abs":-0.00898505,"exit_reason":"exit_signal","initial_stop_loss_abs":0.09707,"initial_stop_loss_ratio":-0.345,"stop_loss_abs":0.09707,"stop_loss_ratio":-0.345,"min_rate":0.14741,"max_rate":0.15095,"is_open":false,"enter_tag":"","leverage":1.0,"is_short":false,"open_timestamp":1768342200000,"close_timestamp":1768353600000,"orders":[{"amount":71.0,"safe_price":0.14819000000000002,"ft_order_side":"buy","order_filled_timestamp":1768342200000,"ft_is_entry":true,"ft_order_tag":"","cost":10.53201149},{"amount":71.0,"safe_price":0.14836000000000002,"ft_order_side":"sell","order_filled_timestamp":1768353600000,"ft_is_entry":false,"ft_order_tag":"exit_signal","cost":10.54409356}],"funding_fees":0.0,"weekday":2},{"pair":"ETH/USDT","stake_amount":10.536032,"max_stake_amount":10.536032,"amount":0.0032,"open_date":"2026-01-13 22:10:00+00:00","close_date":"2026-01-14 02:35:00+00:00","open_rate":3292.51,"close_rate":3338.82,"fee_open":0.001,"fee_close":0.001,"trade_duration":265,"profit_ratio":0.012039152415719229,"profit_abs":0.12697174,"exit_reason":"exit_signal","initial_stop_loss_abs":2156.59405,"initial_stop_loss_ratio":-0.345,"stop_loss_abs":2156.59405,"stop_loss_ratio":-0.345,"min_rate":3284.18,"max_rate":3367.79,"is_open":false,"enter_tag":"","leverage":1.0,"is_short":false,"open_timestamp":1768342200000,"close_timestamp":1768358100000,"orders":[{"amount":0.0032,"safe_price":3292.51,"ft_order_side":"buy","order_filled_timestamp":1768342200000,"ft_is_entry":true,"ft_order_tag":"","cost":10.546568032},{"amount":0.0032,"safe_price":3338.82,"ft_order_side":"sell","order_filled_timestamp":1768358100000,"ft_is_entry":false,"ft_order_tag":"exit_signal","cost":10.694908223999999}],"funding_fees":0.0,"weekday":2},{"pair":"DOT/USDT","stake_amount":10.67691,"max_stake_amount":10.67691,"amount":4.79,"open_date":"2026-01-17 10:25:00+00:00","close_date":"2026-01-17 13:05:00+00:00","open_rate":2.229,"close_rate":2.209,"fee_open":0.001,"fee_close":0.001,"trade_duration":160,"profit_ratio":-0.010952708126328583,"profit_abs":-0.11705802,"exit_reason":"exit_signal","initial_stop_loss_abs":1.46,"initial_stop_loss_ratio":-0.345,"stop_loss_abs":1.46,"stop_loss_ratio":-0.345,"min_rate":2.178,"max_rate":2.235,"is_open":false,"enter_tag":"","leverage":1.0,"is_short":false,"open_timestamp":1768645500000,"close_timestamp":1768655100000,"orders":[{"amount":4.79,"safe_price":2.229,"ft_order_side":"buy","order_filled_timestamp":1768645500000,"ft_is_entry":true,"ft_order_tag":"","cost":10.68758691},{"amount":4.79,"safe_price":2.209,"ft_order_side":"sell","order_filled_timestamp":1768655100000,"ft_is_entry":false,"ft_order_tag":"exit_signal","cost":10.59169111}],"funding_fees":0.0,"weekday":5},{"pair":"ETH/USDT","stake_amount":10.353039,"max_stake_amount":10.353039,"amount":0.0031,"open_date":"2026-01-18 14:35:00+00:00","close_date":"2026-01-18 20:55:00+00:00","open_rate":3339.69,"close_rate":3341.72,"fee_open":0.001,"fee_close":0.001,"trade_duration":380,"profit_ratio":-0.0013913755212324646,"profit_abs":-0.01441937,"exit_reason":"exit_signal","initial_stop_loss_abs":2187.49695,"initial_stop_loss_ratio":-0.345,"stop_loss_abs":2187.49695,"stop_loss_ratio":-0.345,"min_rate":3319.02,"max_rate":3368.82,"is_open":false,"enter_tag":"","leverage":1.0,"is_short":false,"open_timestamp":1768746900000,"close_timestamp":1768769700000,"orders":[{"amount":0.0031,"safe_price":3339.69,"ft_order_side":"buy","order_filled_timestamp":1768746900000,"ft_is_entry":true,"ft_order_tag":"","cost":10.363392038999997},{"amount":0.0031,"safe_price":3341.72,"ft_order_side":"sell","order_filled_timestamp":1768769700000,"ft_is_entry":false,"ft_order_tag":"exit_signal","cost":10.369691331999997}],"funding_fees":0.0,"weekday":6},{"pair":"XRP/USDT","stake_amount":10.51161,"max_stake_amount":10.51161,"amount":5.1,"open_date":"2026-01-18 22:20:00+00:00","close_date":"2026-01-18 23:15:00+00:00","open_rate":2.0611,"close_rate":2.0429,"fee_open":0.001,"fee_close":0.001,"trade_duration":55,"profit_ratio":-0.010810595449865743,"profit_abs":-0.1137504,"exit_reason":"exit_signal","initial_stop_loss_abs":1.3501,"initial_stop_loss_ratio":-0.345,"stop_loss_abs":1.3501,"stop_loss_ratio":-0.345,"min_rate":2.0398,"max_rate":2.0614,"is_open":false,"enter_tag":"","leverage":1.0,"is_short":false,"open_timestamp":1768774800000,"close_timestamp":1768778100000,"orders":[{"amount":5.1,"safe_price":2.0611,"ft_order_side":"buy","order_filled_timestamp":1768774800000,"ft_is_entry":true,"ft_order_tag":"","cost":10.522121609999997},{"amount":5.1,"safe_price":2.0429,"ft_order_side":"sell","order_filled_timestamp":1768778100000,"ft_is_entry":false,"ft_order_tag":"exit_signal","cost":10.429208789999999}],"funding_fees":0.0,"weekday":6},{"pair":"DOGE/USDT","stake_amount":10.63775,"max_stake_amount":10.63775,"amount":85.0,"open_date":"2026-01-21 01:00:00+00:00","close_date":"2026-01-21 06:40:00+00:00","open_rate":0.12515,"close_rate":0.1253,"fee_open":0.001,"fee_close":0.001,"trade_duration":340,"profit_ratio":-0.0008018350007962474,"profit_abs":-0.00853825,"exit_reason":"exit_signal","initial_stop_loss_abs":0.08198,"initial_stop_loss_ratio":-0.345,"stop_loss_abs":0.08198,"stop_loss_ratio":-0.345,"min_rate":0.12508,"max_rate":0.1265,"is_open":false,"enter_tag":"","leverage":1.0,"is_short":false,"open_timestamp":1768957200000,"close_timestamp":1768977600000,"orders":[{"amount":85.0,"safe_price":0.12515,"ft_order_side":"buy","order_filled_timestamp":1768957200000,"ft_is_entry":true,"ft_order_tag":"","cost":10.64838775},{"amount":85.0,"safe_price":0.1253,"ft_order_side":"sell","order_filled_timestamp":1768977600000,"ft_is_entry":false,"ft_order_tag":"exit_signal","cost":10.661150499999998}],"funding_fees":0.0,"weekday":2},{"pair":"DOT/USDT","stake_amount":10.63065,"max_stake_amount":10.63065,"amount":5.41,"open_date":"2026-01-21 14:50:00+00:00","close_date":"2026-01-21 17:00:00+00:00","open_rate":1.965,"close_rate":1.895,"fee_open":0.001,"fee_close":0.001,"trade_duration":130,"profit_ratio":-0.03755023602351847,"profit_abs":-0.3995826,"exit_reason":"exit_signal","initial_stop_loss_abs":1.288,"initial_stop_loss_ratio":-0.345,"stop_loss_abs":1.288,"stop_loss_ratio":-0.345,"min_rate":1.8900000000000001,"max_rate":1.98,"is_open":false,"enter_tag":"","leverage":1.0,"is_short":false,"open_timestamp":1769007000000,"close_timestamp":1769014800000,"orders":[{"amount":5.41,"safe_price":1.9649999999999999,"ft_order_side":"buy","order_filled_timestamp":1769007000000,"ft_is_entry":true,"ft_order_tag":"","cost":10.641280649999999},{"amount":5.41,"safe_price":1.895,"ft_order_side":"sell","order_filled_timestamp":1769014800000,"ft_is_entry":false,"ft_order_tag":"exit_signal","cost":10.26220195}],"funding_fees":0.0,"weekday":2},{"pair":"XRP/USDT","stake_amount":10.5985,"max_stake_amount":10.5985,"amount":5.5,"open_date":"2026-01-21 14:30:00+00:00","close_date":"2026-01-21 17:10:00+00:00","open_rate":1.927,"close_rate":1.8871,"fee_open":0.001,"fee_close":0.001,"trade_duration":160,"profit_ratio":-0.022662392096746014,"profit_abs":-0.24042755,"exit_reason":"exit_signal","initial_stop_loss_abs":1.2622,"initial_stop_loss_ratio":-0.345,"stop_loss_abs":1.2622,"stop_loss_ratio":-0.345,"min_rate":1.875,"max_rate":1.9609,"is_open":false,"enter_tag":"","leverage":1.0,"is_short":false,"open_timestamp":1769005800000,"close_timestamp":1769015400000,"orders":[{"amount":5.5,"safe_price":1.927,"ft_order_side":"buy","order_filled_timestamp":1769005800000,"ft_is_entry":true,"ft_order_tag":"","cost":10.609098499999998},{"amount":5.5,"safe_price":1.8871,"ft_order_side":"sell","order_filled_timestamp":1769015400000,"ft_is_entry":false,"ft_order_tag":"exit_signal","cost":10.389429049999999}],"funding_fees":0.0,"weekday":2},{"pair":"XRP/USDT","stake_amount":10.47333,"max_stake_amount":10.47333,"amount":5.3,"open_date":"2026-01-21 19:50:00+00:00","close_date":"2026-01-21 23:55:00+00:00","open_rate":1.9761,"close_rate":1.9439000000000002,"fee_open":0.001,"fee_close":0.001,"trade_duration":245,"profit_ratio":-0.01826016703806289,"profit_abs":-0.191436,"exit_reason":"exit_signal","initial_stop_loss_abs":1.2944,"initial_stop_loss_ratio":-0.345,"stop_loss_abs":1.2944,"stop_loss_ratio":-0.345,"min_rate":1.9393,"max_rate":1.9907,"is_open":false,"enter_tag":"","leverage":1.0,"is_short":false,"open_timestamp":1769025000000,"close_timestamp":1769039700000,"orders":[{"amount":5.3,"safe_price":1.9761000000000002,"ft_order_side":"buy","order_filled_timestamp":1769025000000,"ft_is_entry":true,"ft_order_tag":"","cost":10.483803329999999},{"amount":5.3,"safe_price":1.9439000000000002,"ft_order_side":"sell","order_filled_timestamp":1769039700000,"ft_is_entry":false,"ft_order_tag":"exit_signal","cost":10.31297267}],"funding_fees":0.0,"weekday":2},{"pair":"ETH/USDT","stake_amount":10.297308,"max_stake_amount":10.297308,"amount":0.0034,"open_date":"2026-01-21 20:15:00+00:00","close_date":"2026-01-22 00:05:00+00:00","open_rate":3028.62,"close_rate":2991.82,"fee_open":0.001,"fee_close":0.001,"trade_duration":230,"profit_ratio":-0.014124473691964536,"profit_abs":-0.1455895,"exit_reason":"exit_signal","initial_stop_loss_abs":1983.7461,"initial_stop_loss_ratio":-0.345,"stop_loss_abs":1983.7461,"stop_loss_ratio":-0.345,"min_rate":2972.69,"max_rate":3045.01,"is_open":false,"enter_tag":"","leverage":1.0,"is_short":false,"open_timestamp":1769026500000,"close_timestamp":1769040300000,"orders":[{"amount":0.0034,"safe_price":3028.62,"ft_order_side":"buy","order_filled_timestamp":1769026500000,"ft_is_entry":true,"ft_order_tag":"","cost":10.307605307999998},{"amount":0.0034,"safe_price":2991.82,"ft_order_side":"sell","order_filled_timestamp":1769040300000,"ft_is_entry":false,"ft_order_tag":"exit_signal","cost":10.182360187999999}],"funding_fees":0.0,"weekday":3},{"pair":"DOT/USDT","stake_amount":10.50849,"max_stake_amount":10.50849,"amount":5.31,"open_date":"2026-01-21 20:15:00+00:00","close_date":"2026-01-22 00:05:00+00:00","open_rate":1.979,"close_rate":1.96,"fee_open":0.001,"fee_close":0.001,"trade_duration":230,"profit_ratio":-0.011579628052594198,"profit_abs":-0.12180609,"exit_reason":"exit_signal","initial_stop_loss_abs":1.297,"initial_stop_loss_ratio":-0.345,"stop_loss_abs":1.297,"stop_loss_ratio":-0.345,"min_rate":1.941,"max_rate":2.0,"is_open":false,"enter_tag":"","leverage":1.0,"is_short":false,"open_timestamp":1769026500000,"close_timestamp":1769040300000,"orders":[{"amount":5.31,"safe_price":1.979,"ft_order_side":"buy","order_filled_timestamp":1769026500000,"ft_is_entry":true,"ft_order_tag":"","cost":10.51899849},{"amount":5.31,"safe_price":1.96,"ft_order_side":"sell","order_filled_timestamp":1769040300000,"ft_is_entry":false,"ft_order_tag":"exit_signal","cost":10.418007599999997}],"funding_fees":0.0,"weekday":3},{"pair":"DOGE/USDT","stake_amount":10.46402,"max_stake_amount":10.46402,"amount":82.0,"open_date":"2026-01-21 20:05:00+00:00","close_date":"2026-01-22 00:35:00+00:00","open_rate":0.12761,"close_rate":0.12705000000000002,"fee_open":0.001,"fee_close":0.001,"trade_duration":270,"profit_ratio":-0.006377604841675056,"profit_abs":-0.06680212,"exit_reason":"exit_signal","initial_stop_loss_abs":0.08359,"initial_stop_loss_ratio":-0.345,"stop_loss_abs":0.08359,"stop_loss_ratio":-0.345,"min_rate":0.12624000000000002,"max_rate":0.12884,"is_open":false,"enter_tag":"","leverage":1.0,"is_short":false,"open_timestamp":1769025900000,"close_timestamp":1769042100000,"orders":[{"amount":82.0,"safe_price":0.12761,"ft_order_side":"buy","order_filled_timestamp":1769025900000,"ft_is_entry":true,"ft_order_tag":"","cost":10.474484019999998},{"amount":82.0,"safe_price":0.12705000000000002,"ft_order_side":"sell","order_filled_timestamp":1769042100000,"ft_is_entry":false,"ft_order_tag":"exit_signal","cost":10.428518100000002}],"funding_fees":0.0,"weekday":3},{"pair":"XRP/USDT","stake_amount":10.36314,"max_stake_amount":10.36314,"amount":5.4,"open_date":"2026-01-26 14:45:00+00:00","close_date":"2026-01-26 17:10:00+00:00","open_rate":1.9191,"close_rate":1.9113,"fee_open":0.001,"fee_close":0.001,"trade_duration":145,"profit_ratio":-0.006054286498244603,"profit_abs":-0.06280416,"exit_reason":"exit_signal","initial_stop_loss_abs":1.2571,"initial_stop_loss_ratio":-0.345,"stop_loss_abs":1.2571,"stop_loss_ratio":-0.345,"min_rate":1.9046,"max_rate":1.9460000000000002,"is_open":false,"enter_tag":"","leverage":1.0,"is_short":false,"open_timestamp":1769438700000,"close_timestamp":1769447400000,"orders":[{"amount":5.4,"safe_price":1.9191,"ft_order_side":"buy","order_filled_timestamp":1769438700000,"ft_is_entry":true,"ft_order_tag":"","cost":10.37350314},{"amount":5.4,"safe_price":1.9113,"ft_order_side":"sell","order_filled_timestamp":1769447400000,"ft_is_entry":false,"ft_order_tag":"exit_signal","cost":10.33134102}],"funding_fees":0.0,"weekday":0},{"pair":"DOGE/USDT","stake_amount":10.30764,"max_stake_amount":10.30764,"amount":84.0,"open_date":"2026-01-26 18:55:00+00:00","close_date":"2026-01-26 19:30:00+00:00","open_rate":0.12271,"close_rate":0.12250000000000001,"fee_open":0.001,"fee_close":0.001,"trade_duration":35,"profit_ratio":-0.003705934681405303,"profit_abs":-0.03823764,"exit_reason":"exit_signal","initial_stop_loss_abs":0.08038,"initial_stop_loss_ratio":-0.345,"stop_loss_abs":0.08038,"stop_loss_ratio":-0.345,"min_rate":0.12241,"max_rate":0.12327,"is_open":false,"enter_tag":"","leverage":1.0,"is_short":false,"open_timestamp":1769453700000,"close_timestamp":1769455800000,"orders":[{"amount":84.0,"safe_price":0.12271000000000001,"ft_order_side":"buy","order_filled_timestamp":1769453700000,"ft_is_entry":true,"ft_order_tag":"","cost":10.31794764},{"amount":84.0,"safe_price":0.12250000000000001,"ft_order_side":"sell","order_filled_timestamp":1769455800000,"ft_is_entry":false,"ft_order_tag":"exit_signal","cost":10.30029}],"funding_fees":0.0,"weekday":0},{"pair":"DOGE/USDT","stake_amount":10.37251,"max_stake_amount":10.37251,"amount":83.0,"open_date":"2026-01-27 17:00:00+00:00","close_date":"2026-01-27 17:45:00+00:00","open_rate":0.12497,"close_rate":0.12188000000000002,"fee_open":0.001,"fee_close":0.001,"trade_duration":45,"profit_ratio":-0.026674533756233368,"profit_abs":-0.27695855,"exit_reason":"exit_signal","initial_stop_loss_abs":0.08186,"initial_stop_loss_ratio":-0.345,"stop_loss_abs":0.08186,"stop_loss_ratio":-0.345,"min_rate":0.12178000000000001,"max_rate":0.12499,"is_open":false,"enter_tag":"","leverage":1.0,"is_short":false,"open_timestamp":1769533200000,"close_timestamp":1769535900000,"orders":[{"amount":83.0,"safe_price":0.12497000000000001,"ft_order_side":"buy","order_filled_timestamp":1769533200000,"ft_is_entry":true,"ft_order_tag":"","cost":10.382882509999998},{"amount":83.0,"safe_price":0.12188000000000002,"ft_order_side":"sell","order_filled_timestamp":1769535900000,"ft_is_entry":false,"ft_order_tag":"exit_signal","cost":10.126156040000001}],"funding_fees":0.0,"weekday":1},{"pair":"ETH/USDT","stake_amount":10.102658,"max_stake_amount":10.102658,"amount":0.0034,"open_date":"2026-01-27 19:35:00+00:00","close_date":"2026-01-28 00:40:00+00:00","open_rate":2971.37,"close_rate":3017.28,"fee_open":0.001,"fee_close":0.001,"trade_duration":305,"profit_ratio":0.01342191263002202,"profit_abs":0.13573259,"exit_reason":"exit_signal","initial_stop_loss_abs":1946.24735,"initial_stop_loss_ratio":-0.345,"stop_loss_abs":1946.24735,"stop_loss_ratio":-0.345,"min_rate":2971.37,"max_rate":3035.08,"is_open":false,"enter_tag":"","leverage":1.0,"is_short":false,"open_timestamp":1769542500000,"close_timestamp":1769560800000,"orders":[{"amount":0.0034,"safe_price":2971.37,"ft_order_side":"buy","order_filled_timestamp":1769542500000,"ft_is_entry":true,"ft_order_tag":"","cost":10.112760658},{"amount":0.0034,"safe_price":3017.28,"ft_order_side":"sell","order_filled_timestamp":1769560800000,"ft_is_entry":false,"ft_order_tag":"exit_signal","cost":10.269010751999998}],"funding_fees":0.0,"weekday":2},{"pair":"DOGE/USDT","stake_amount":10.2131,"max_stake_amount":10.2131,"amount":82.0,"open_date":"2026-01-27 19:20:00+00:00","close_date":"2026-01-28 00:50:00+00:00","open_rate":0.12455,"close_rate":0.12577000000000002,"fee_open":0.001,"fee_close":0.001,"trade_duration":330,"profit_ratio":0.007777689993667513,"profit_abs":0.07951376,"exit_reason":"exit_signal","initial_stop_loss_abs":0.08159,"initial_stop_loss_ratio":-0.345,"stop_loss_abs":0.08159,"stop_loss_ratio":-0.345,"min_rate":0.12389000000000001,"max_rate":0.12666000000000002,"is_open":false,"enter_tag":"","leverage":1.0,"is_short":false,"open_timestamp":1769541600000,"close_timestamp":1769561400000,"orders":[{"amount":82.0,"safe_price":0.12455000000000001,"ft_order_side":"buy","order_filled_timestamp":1769541600000,"ft_is_entry":true,"ft_order_tag":"","cost":10.2233131},{"amount":82.0,"safe_price":0.12577000000000002,"ft_order_side":"sell","order_filled_timestamp":1769561400000,"ft_is_entry":false,"ft_order_tag":"exit_signal","cost":10.323453140000002}],"funding_fees":0.0,"weekday":2},{"pair":"DOT/USDT","stake_amount":10.37364,"max_stake_amount":10.37364,"amount":5.48,"open_date":"2026-01-28 11:55:00+00:00","close_date":"2026-01-28 14:15:00+00:00","open_rate":1.893,"close_rate":1.865,"fee_open":0.001,"fee_close":0.001,"trade_duration":140,"profit_ratio":-0.016759785381021516,"profit_abs":-0.17403384,"exit_reason":"exit_signal","initial_stop_loss_abs":1.24,"initial_stop_loss_ratio":-0.345,"stop_loss_abs":1.24,"stop_loss_ratio":-0.345,"min_rate":1.8559999999999999,"max_rate":1.896,"is_open":false,"enter_tag":"","leverage":1.0,"is_short":false,"open_timestamp":1769601300000,"close_timestamp":1769609700000,"orders":[{"amount":5.48,"safe_price":1.893,"ft_order_side":"buy","order_filled_timestamp":1769601300000,"ft_is_entry":true,"ft_order_tag":"","cost":10.384013640000001},{"amount":5.48,"safe_price":1.865,"ft_order_side":"sell","order_filled_timestamp":1769609700000,"ft_is_entry":false,"ft_order_tag":"exit_signal","cost":10.2304202}],"funding_fees":0.0,"weekday":2},{"pair":"XRP/USDT","stake_amount":10.24013,"max_stake_amount":10.24013,"amount":5.3,"open_date":"2026-01-28 10:00:00+00:00","close_date":"2026-01-28 14:20:00+00:00","open_rate":1.9321,"close_rate":1.9189,"fee_open":0.001,"fee_close":0.001,"trade_duration":260,"profit_ratio":-0.008816296275537516,"profit_abs":-0.0903703,"exit_reason":"exit_signal","initial_stop_loss_abs":1.2656,"initial_stop_loss_ratio":-0.345,"stop_loss_abs":1.2656,"stop_loss_ratio":-0.345,"min_rate":1.9174,"max_rate":1.9427,"is_open":false,"enter_tag":"","leverage":1.0,"is_short":false,"open_timestamp":1769594400000,"close_timestamp":1769610000000,"orders":[{"amount":5.3,"safe_price":1.9321000000000002,"ft_order_side":"buy","order_filled_timestamp":1769594400000,"ft_is_entry":true,"ft_order_tag":"","cost":10.25037013},{"amount":5.3,"safe_price":1.9189,"ft_order_side":"sell","order_filled_timestamp":1769610000000,"ft_is_entry":false,"ft_order_tag":"exit_signal","cost":10.18034017}],"funding_fees":0.0,"weekday":2}],"locks":[],"best_pair":{"key":"DOGE/USDT","trades":17,"profit_mean":0.004666961960785945,"profit_mean_pct":0.47,"profit_total_abs":0.7760013000000001,"profit_total":0.015520026000000003,"profit_total_pct":1.55,"duration_avg":"4:20:00","wins":4,"draws":0,"losses":13,"winrate":0.23529411764705882,"cagr":0.20608149402510123,"expectancy":0.04564713529411765,"expectancy_ratio":0.6239302216905838,"sortino":6.719640330663341,"sharpe":1.8632971655479886,"calmar":68.78306319520892,"sqn":0.6884,"profit_factor":1.8159087514415329,"max_drawdown_account":0.014369316448183435,"max_drawdown_abs":0.7390941499999997},"worst_pair":{"key":"ETH/USDT","trades":12,"profit_mean":0.002640227656350837,"profit_mean_pct":0.26,"profit_total_abs":0.31928128,"profit_total":0.0063856256,"profit_total_pct":0.64,"duration_avg":"7:10:00","wins":7,"draws":0,"losses":5,"winrate":0.5833333333333334,"cagr":0.08052255764527594,"expectancy":0.02660677333333333,"expectancy_ratio":0.4006932658460549,"sortino":3.883959920670452,"sharpe":2.2164875634483203,"calmar":127.94651846242445,"sqn":0.962,"profit_factor":1.9616638380305316,"max_drawdown_account":0.003178338555222251,"max_drawdown_abs":0.16000887},"results_per_pair":[{"key":"DOGE/USDT","trades":17,"profit_mean":0.004666961960785945,"profit_mean_pct":0.47,"profit_total_abs":0.7760013000000001,"profit_total":0.015520026000000003,"profit_total_pct":1.55,"duration_avg":"4:20:00","wins":4,"draws":0,"losses":13,"winrate":0.23529411764705882,"cagr":0.20608149402510123,"expectancy":0.04564713529411765,"expectancy_ratio":0.6239302216905838,"sortino":6.719640330663341,"sharpe":1.8632971655479886,"calmar":68.78306319520892,"sqn":0.6884,"profit_factor":1.8159087514415329,"max_drawdown_account":0.014369316448183435,"max_drawdown_abs":0.7390941499999997},{"key":"XRP/USDT","trades":13,"profit_mean":0.005022838294310466,"profit_mean_pct":0.5,"profit_total_abs":0.6413198900000001,"profit_total":0.012826397800000002,"profit_total_pct":1.28,"duration_avg":"6:01:00","wins":4,"draws":0,"losses":9,"winrate":0.3076923076923077,"cagr":0.1677305617180469,"expectancy":0.049332299230769275,"expectancy_ratio":0.3985470045705084,"sortino":7.129088219669937,"sharpe":1.5326041297500805,"calmar":60.01239647800757,"sqn":0.6413,"profit_factor":1.5756790066018453,"max_drawdown_account":0.013610964860391594,"max_drawdown_abs":0.6987884099999999},{"key":"DOT/USDT","trades":10,"profit_mean":0.004197238193244827,"profit_mean_pct":0.42,"profit_total_abs":0.39596323,"profit_total":0.0079192646,"profit_total_pct":0.79,"duration_avg":"6:41:00","wins":3,"draws":0,"losses":7,"winrate":0.3,"cagr":0.10072773707452387,"expectancy":0.039596322999999975,"expectancy_ratio":0.2957774246615783,"sortino":2.124351646701378,"sharpe":0.8113876419551587,"calmar":31.786201790651766,"sqn":0.3822,"profit_factor":1.4225391780879688,"max_drawdown_account":0.01586614413612246,"max_drawdown_abs":0.81248055},{"key":"ETH/USDT","trades":12,"profit_mean":0.002640227656350837,"profit_mean_pct":0.26,"profit_total_abs":0.31928128,"profit_total":0.0063856256,"profit_total_pct":0.64,"duration_avg":"7:10:00","wins":7,"draws":0,"losses":5,"winrate":0.5833333333333334,"cagr":0.08052255764527594,"expectancy":0.02660677333333333,"expectancy_ratio":0.4006932658460549,"sortino":3.883959920670452,"sharpe":2.2164875634483203,"calmar":127.94651846242445,"sqn":0.962,"profit_factor":1.9616638380305316,"max_drawdown_account":0.003178338555222251,"max_drawdown_abs":0.16000887},{"key":"TOTAL","trades":52,"profit_mean":0.004197891634001066,"profit_mean_pct":0.42,"profit_total_abs":2.1325657000000002,"profit_total":0.042651314,"profit_total_pct":4.27,"duration_avg":"5:52:00","wins":18,"draws":0,"losses":34,"winrate":0.34615384615384615,"cagr":0.6622346116209827,"expectancy":0.041010878846153856,"expectancy_ratio":0.41819907465014783,"sortino":16.158291249324858,"sharpe":5.483566750397735,"calmar":79.39957705303259,"sqn":1.1826,"profit_factor":1.6395985847590493,"max_drawdown_account":0.034208923190474326,"max_drawdown_abs":1.8465680400000002}],"results_per_enter_tag":[{"key":"","trades":52,"profit_mean":0.004197891634001066,"profit_mean_pct":0.42,"profit_total_abs":2.1325657000000002,"profit_total":0.042651314,"profit_total_pct":4.27,"duration_avg":"5:52:00","wins":18,"draws":0,"losses":34,"winrate":0.34615384615384615,"cagr":0.6622346116209827,"expectancy":0.041010878846153856,"expectancy_ratio":0.41819907465014783,"sortino":16.158291249324858,"sharpe":5.483566750397735,"calmar":79.39957705303259,"sqn":1.1826,"profit_factor":1.6395985847590493,"max_drawdown_account":0.034208923190474326,"max_drawdown_abs":1.8465680400000002},{"key":"TOTAL","trades":52,"profit_mean":0.004197891634001066,"profit_mean_pct":0.42,"profit_total_abs":2.1325657000000002,"profit_total":0.042651314,"profit_total_pct":4.27,"duration_avg":"5:52:00","wins":18,"draws":0,"losses":34,"winrate":0.34615384615384615,"cagr":0.6622346116209827,"expectancy":0.041010878846153856,"expectancy_ratio":0.41819907465014783,"sortino":16.158291249324858,"sharpe":5.483566750397735,"calmar":79.39957705303259,"sqn":1.1826,"profit_factor":1.6395985847590493,"max_drawdown_account":0.034208923190474326,"max_drawdown_abs":1.8465680400000002}],"exit_reason_summary":[{"key":"exit_signal","trades":52,"profit_mean":0.004197891634001066,"profit_mean_pct":0.42,"profit_total_abs":2.1325657000000002,"profit_total":0.042651314,"profit_total_pct":4.27,"duration_avg":"5:52:00","wins":18,"draws":0,"losses":34,"winrate":0.34615384615384615,"cagr":0.6622346116209827,"expectancy":0.041010878846153856,"expectancy_ratio":0.41819907465014783,"sortino":16.158291249324858,"sharpe":5.483566750397735,"calmar":79.39957705303259,"sqn":1.1826,"profit_factor":1.6395985847590493,"max_drawdown_account":0.034208923190474326,"max_drawdown_abs":1.8465680400000002},{"key":"TOTAL","trades":52,"profit_mean":0.004197891634001066,"profit_mean_pct":0.42,"profit_total_abs":2.1325657000000002,"profit_total":0.042651314,"profit_total_pct":4.27,"duration_avg":"5:52:00","wins":18,"draws":0,"losses":34,"winrate":0.34615384615384615,"cagr":0.6622346116209827,"expectancy":0.041010878846153856,"expectancy_ratio":0.41819907465014783,"sortino":16.158291249324858,"sharpe":5.483566750397735,"calmar":79.39957705303259,"sqn":1.1826,"profit_factor":1.6395985847590493,"max_drawdown_account":0.034208923190474326,"max_drawdown_abs":1.8465680400000002}],"mix_tag_stats":[{"key":["","exit_signal"],"trades":52,"profit_mean":0.004197891634001066,"profit_mean_pct":0.42,"profit_total_abs":2.1325657000000002,"profit_total":0.042651314,"profit_total_pct":4.27,"duration_avg":"5:52:00","wins":18,"draws":0,"losses":34,"winrate":0.34615384615384615,"cagr":0.6622346116209827,"expectancy":0.041010878846153856,"expectancy_ratio":0.41819907465014783,"sortino":16.158291249324858,"sharpe":5.483566750397735,"calmar":79.39957705303259,"sqn":1.1826,"profit_factor":1.6395985847590493,"max_drawdown_account":0.034208923190474326,"max_drawdown_abs":1.8465680400000002},{"key":"TOTAL","trades":52,"profit_mean":0.004197891634001066,"profit_mean_pct":0.42,"profit_total_abs":2.1325657000000002,"profit_total":0.042651314,"profit_total_pct":4.27,"duration_avg":"5:52:00","wins":18,"draws":0,"losses":34,"winrate":0.34615384615384615,"cagr":0.6622346116209827,"expectancy":0.041010878846153856,"expectancy_ratio":0.41819907465014783,"sortino":16.158291249324858,"sharpe":5.483566750397735,"calmar":79.39957705303259,"sqn":1.1826,"profit_factor":1.6395985847590493,"max_drawdown_account":0.034208923190474326,"max_drawdown_abs":1.8465680400000002}],"left_open_trades":[{"key":"TOTAL","trades":0,"profit_mean":0.0,"profit_mean_pct":0.0,"profit_total_abs":0.0,"profit_total":0.0,"profit_total_pct":0.0,"duration_avg":"0:00","wins":0,"draws":0,"losses":0,"winrate":0.0,"cagr":0.0,"expectancy":0.0,"expectancy_ratio":100.0,"sortino":0,"sharpe":0,"calmar":0,"sqn":0.0,"profit_factor":0.0,"max_drawdown_account":0.0,"max_drawdown_abs":0.0}],"total_trades":52,"trade_count_long":52,"trade_count_short":0,"total_volume":1079.092318304,"avg_stake_amount":10.334651192307692,"profit_mean":0.004197891634001066,"profit_median":-0.003989130565029955,"profit_total":0.042651314,"profit_total_long":0.042651314,"profit_total_short":0.0,"profit_total_abs":2.1325657000000002,"profit_total_long_abs":2.1325657000000002,"profit_total_short_abs":0.0,"cagr":0.6622346116209827,"expectancy":0.041010878846153856,"expectancy_ratio":0.41819907465014783,"sortino":16.158291249324858,"sharpe":5.483566750397735,"calmar":79.39957705303259,"sqn":1.1826,"profit_factor":1.6395985847590493,"backtest_start":"2026-01-02 00:00:00","backtest_start_ts":1767312000000,"backtest_end":"2026-02-01 00:00:00","backtest_end_ts":1769904000000,"backtest_days":30,"backtest_run_start_ts":1769920302,"backtest_run_end_ts":1769920305,"trades_per_day":1.73,"market_change":-0.17484539015725417,"pairlist":["ETH/USDT","DOT/USDT","DOGE/USDT","XRP/USDT"],"stake_amount":"unlimited","stake_currency":"USDT","stake_currency_decimals":3,"starting_balance":50,"dry_run_wallet":50,"final_balance":52.1325657,"rejected_signals":0,"timedout_entry_orders":0,"timedout_exit_orders":0,"canceled_trade_entries":0,"canceled_entry_orders":0,"replaced_entry_orders":0,"max_open_trades":4,"max_open_trades_setting":5,"timeframe":"5m","timeframe_detail":"","timerange":"20260102-20260201","enable_protections":false,"strategy_name":"AIStrategy","freqaimodel":"XGBoostRegressor","freqai_identifier":"qs_v9_scalp_5m1h_l2","stoploss":-0.345,"trailing_stop":false,"trailing_stop_positive":null,"trailing_stop_positive_offset":0.0,"trailing_only_offset_is_reached":false,"use_custom_stoploss":false,"minimal_roi":{"0":0.523,"1553":0.123,"2332":0.076,"3169":0},"use_exit_signal":true,"exit_profit_only":false,"exit_profit_offset":0.0,"ignore_roi_if_entry_signal":false,"trading_mode":"spot","margin_mode":"","periodic_breakdown":{"day":[{"date":"03/01/2026","date_ts":1767398400000,"profit_abs":1.80520456,"wins":4,"draws":0,"losses":0,"trades":4,"profit_factor":0.0},{"date":"04/01/2026","date_ts":1767484800000,"profit_abs":1.05026967,"wins":4,"draws":0,"losses":3,"trades":7,"profit_factor":6.41993544},{"date":"05/01/2026","date_ts":1767571200000,"profit_abs":-0.17856914,"wins":1,"draws":0,"losses":3,"trades":4,"profit_factor":0.22714318},{"date":"06/01/2026","date_ts":1767657600000,"profit_abs":0.40484988,"wins":1,"draws":0,"losses":1,"trades":2,"profit_factor":4.61545319},{"date":"07/01/2026","date_ts":1767744000000,"profit_abs":0.0,"wins":0,"draws":0,"losses":0,"trades":0,"profit_factor":0.0},{"date":"08/01/2026","date_ts":1767830400000,"profit_abs":0.0,"wins":0,"draws":0,"losses":0,"trades":0,"profit_factor":0.0},{"date":"09/01/2026","date_ts":1767916800000,"profit_abs":0.0,"wins":0,"draws":0,"losses":0,"trades":0,"profit_factor":0.0},{"date":"10/01/2026","date_ts":1768003200000,"profit_abs":-0.13693305,"wins":0,"draws":0,"losses":3,"trades":3,"profit_factor":0.0},{"date":"11/01/2026","date_ts":1768089600000,"profit_abs":-0.15478388,"wins":1,"draws":0,"losses":3,"trades":4,"profit_factor":0.23126518},{"date":"12/01/2026","date_ts":1768176000000,"profit_abs":-0.22068315,"wins":0,"draws":0,"losses":2,"trades":2,"profit_factor":0.0},{"date":"13/01/2026","date_ts":1768262400000,"profit_abs":0.83201016,"wins":3,"draws":0,"losses":3,"trades":6,"profit_factor":5.96268287},{"date":"14/01/2026","date_ts":1768348800000,"profit_abs":0.57776869,"wins":2,"draws":0,"losses":1,"trades":3,"profit_factor":65.3033361},{"date":"15/01/2026","date_ts":1768435200000,"profit_abs":0.0,"wins":0,"draws":0,"losses":0,"trades":0,"profit_factor":0.0},{"date":"16/01/2026","date_ts":1768521600000,"profit_abs":0.0,"wins":0,"draws":0,"losses":0,"trades":0,"profit_factor":0.0},{"date":"17/01/2026","date_ts":1768608000000,"profit_abs":-0.11705802,"wins":0,"draws":0,"losses":1,"trades":1,"profit_factor":0.0},{"date":"18/01/2026","date_ts":1768694400000,"profit_abs":-0.12816977,"wins":0,"draws":0,"losses":2,"trades":2,"profit_factor":0.0},{"date":"19/01/2026","date_ts":1768780800000,"profit_abs":0.0,"wins":0,"draws":0,"losses":0,"trades":0,"profit_factor":0.0},{"date":"20/01/2026","date_ts":1768867200000,"profit_abs":0.0,"wins":0,"draws":0,"losses":0,"trades":0,"profit_factor":0.0},{"date":"21/01/2026","date_ts":1768953600000,"profit_abs":-0.8399844,"wins":0,"draws":0,"losses":4,"trades":4,"profit_factor":0.0},{"date":"22/01/2026","date_ts":1769040000000,"profit_abs":-0.33419771,"wins":0,"draws":0,"losses":3,"trades":3,"profit_factor":0.0},{"date":"23/01/2026","date_ts":1769126400000,"profit_abs":0.0,"wins":0,"draws":0,"losses":0,"trades":0,"profit_factor":0.0},{"date":"24/01/2026","date_ts":1769212800000,"profit_abs":0.0,"wins":0,"draws":0,"losses":0,"trades":0,"profit_factor":0.0},{"date":"25/01/2026","date_ts":1769299200000,"profit_abs":0.0,"wins":0,"draws":0,"losses":0,"trades":0,"profit_factor":0.0},{"date":"26/01/2026","date_ts":1769385600000,"profit_abs":-0.1010418,"wins":0,"draws":0,"losses":2,"trades":2,"profit_factor":0.0},{"date":"27/01/2026","date_ts":1769472000000,"profit_abs":-0.27695855,"wins":0,"draws":0,"losses":1,"trades":1,"profit_factor":0.0},{"date":"28/01/2026","date_ts":1769558400000,"profit_abs":-0.04915779,"wins":2,"draws":0,"losses":2,"trades":4,"profit_factor":0.81408086}],"week":[{"date":"05/01/2026","date_ts":1767571200000,"profit_abs":2.67690509,"wins":9,"draws":0,"losses":6,"trades":15,"profit_factor":7.30112452},{"date":"12/01/2026","date_ts":1768176000000,"profit_abs":-0.1075502,"wins":2,"draws":0,"losses":9,"trades":11,"profit_factor":0.83970285},{"date":"19/01/2026","date_ts":1768780800000,"profit_abs":1.16455106,"wins":5,"draws":0,"losses":7,"trades":12,"profit_factor":3.7604753},{"date":"26/01/2026","date_ts":1769385600000,"profit_abs":-1.27522391,"wins":0,"draws":0,"losses":9,"trades":9,"profit_factor":0.0},{"date":"02/02/2026","date_ts":1769990400000,"profit_abs":-0.32611634,"wins":2,"draws":0,"losses":3,"trades":5,"profit_factor":0.39760101}],"month":[{"date":"31/01/2026","date_ts":1769817600000,"profit_abs":2.1325657,"wins":18,"draws":0,"losses":34,"trades":52,"profit_factor":1.63959858}],"year":[{"date":"31/12/2026","date_ts":1798675200000,"profit_abs":2.1325657,"wins":18,"draws":0,"losses":34,"trades":52,"profit_factor":1.63959858}],"weekday":[{"date":"Monday","date_ts":0,"profit_abs":-0.50029409,"wins":1,"draws":0,"losses":7,"trades":8,"profit_factor":0.09494195},{"date":"Tuesday","date_ts":1,"profit_abs":0.95990149,"wins":4,"draws":0,"losses":5,"trades":9,"profit_factor":2.72461307},{"date":"Wednesday","date_ts":2,"profit_abs":-0.3113735,"wins":4,"draws":0,"losses":7,"trades":11,"profit_factor":0.72033332},{"date":"Thursday","date_ts":3,"profit_abs":-0.33419771,"wins":0,"draws":0,"losses":3,"trades":3,"profit_factor":0.0},{"date":"Saturday","date_ts":5,"profit_abs":1.55121349,"wins":4,"draws":0,"losses":4,"trades":8,"profit_factor":7.10735444},{"date":"Sunday","date_ts":6,"profit_abs":0.76731602,"wins":5,"draws":0,"losses":8,"trades":13,"profit_factor":2.46630899}]},"backtest_best_day":0.18276929964790523,"backtest_worst_day":-0.07927463015912362,"backtest_best_day_abs":1.80520456,"backtest_worst_day_abs":-0.8399844,"winning_days":5,"draw_days":10,"losing_days":11,"daily_profit":[["2026-01-03",1.80520456],["2026-01-04",1.05026967],["2026-01-05",-0.17856914],["2026-01-06",0.40484988],["2026-01-07",0.0],["2026-01-08",0.0],["2026-01-09",0.0],["2026-01-10",-0.13693305],["2026-01-11",-0.15478388],["2026-01-12",-0.22068315],["2026-01-13",0.83201016],["2026-01-14",0.57776869],["2026-01-15",0.0],["2026-01-16",0.0],["2026-01-17",-0.11705802],["2026-01-18",-0.12816977],["2026-01-19",0.0],["2026-01-20",0.0],["2026-01-21",-0.8399844],["2026-01-22",-0.33419771],["2026-01-23",0.0],["2026-01-24",0.0],["2026-01-25",0.0],["2026-01-26",-0.1010418],["2026-01-27",-0.27695855],["2026-01-28",-0.04915779]],"wins":18,"losses":34,"draws":0,"winrate":0.34615384615384615,"holding_avg":"5:52:00","holding_avg_s":21120.0,"winner_holding_min":"0d 04:25","winner_holding_min_s":15900.0,"winner_holding_max":"0d 21:20","winner_holding_max_s":76800.0,"winner_holding_avg":"0d 11:16","winner_holding_avg_s":40560.0,"loser_holding_min":"0d 00:05","loser_holding_min_s":300.0,"loser_holding_max":"0d 13:55","loser_holding_max_s":50100.0,"loser_holding_avg":"0d 03:00","loser_holding_avg_s":10800.0,"max_consecutive_wins":4,"max_consecutive_losses":13,"max_drawdown_account":0.034208923190474326,"max_relative_drawdown":0.034208923190474326,"max_drawdown_abs":1.8465680400000002,"drawdown_start":"2026-01-14 02:35:00","drawdown_start_ts":1768358100000.0,"drawdown_end":"2026-01-28 14:20:00","drawdown_end_ts":1769610000000.0,"drawdown_duration":"14 days 11:45:00","drawdown_duration_s":1251900.0,"max_drawdown_low":2.1325657,"max_drawdown_high":3.97913374,"csum_min":50.5428072,"csum_max":53.97913374}},"strategy_comparison":[{"key":"AIStrategy","trades":52,"profit_mean":0.004197891634001066,"profit_mean_pct":0.42,"profit_total_abs":2.1325657000000002,"profit_total":0.042651314,"profit_total_pct":4.27,"duration_avg":"5:52:00","wins":18,"draws":0,"losses":34,"winrate":0.34615384615384615,"cagr":0.6622346116209827,"expectancy":0.041010878846153856,"expectancy_ratio":0.41819907465014783,"sortino":16.158291249324858,"sharpe":5.483566750397735,"calmar":79.39957705303259,"sqn":1.1826,"profit_factor":1.6395985847590493,"max_drawdown_account":0.034208923190474326,"max_drawdown_abs":"1.847"}]}