{"strategy":{"UniversalMACD":{"trades":[{"pair":"VET/USDT","stake_amount":9.899784,"max_stake_amount":9.899784,"amount":861.6,"open_date":"2025-12-12 16:25:00+00:00","close_date":"2025-12-13 02:05:00+00:00","open_rate":0.01149,"close_rate":0.011743033033033033,"fee_open":0.001,"fee_close":0.001,"trade_duration":580,"profit_ratio":0.01998001998001998,"profit_abs":0.19799568,"exit_reason":"roi","initial_stop_loss_abs":0.01113,"initial_stop_loss_ratio":-0.0318,"stop_loss_abs":0.01113,"stop_loss_ratio":-0.0318,"min_rate":0.011380000000000001,"max_rate":0.011750000000000002,"is_open":false,"enter_tag":"","leverage":1.0,"is_short":false,"open_timestamp":1765556700000,"close_timestamp":1765591500000,"orders":[{"amount":861.6,"safe_price":0.01149,"ft_order_side":"buy","order_filled_timestamp":1765556700000,"ft_is_entry":true,"ft_order_tag":"","cost":9.909683783999998},{"amount":861.6,"safe_price":0.011743033033033033,"ft_order_side":"sell","order_filled_timestamp":1765591500000,"ft_is_entry":false,"ft_order_tag":"roi","cost":10.127915058522522}],"funding_fees":0.0,"weekday":5},{"pair":"ETH/USDT","stake_amount":9.82848,"max_stake_amount":9.82848,"amount":0.0032,"open_date":"2025-12-12 16:00:00+00:00","close_date":"2025-12-13 16:00:00+00:00","open_rate":3071.4,"close_rate":3109.63,"fee_open":0.001,"fee_close":0.001,"trade_duration":1440,"profit_ratio":0.010424220810770919,"profit_abs":0.1025567,"exit_reason":"roi","initial_stop_loss_abs":2973.72948,"initial_stop_loss_ratio":-0.0318,"stop_loss_abs":2973.72948,"stop_loss_ratio":-0.0318,"min_rate":3045.31,"max_rate":3135.68,"is_open":false,"enter_tag":"","leverage":1.0,"is_short":false,"open_timestamp":1765555200000,"close_timestamp":1765641600000,"orders":[{"amount":0.0032,"safe_price":3071.4,"ft_order_side":"buy","order_filled_timestamp":1765555200000,"ft_is_entry":true,"ft_order_tag":"","cost":9.83830848},{"amount":0.0032,"safe_price":3109.63,"ft_order_side":"sell","order_filled_timestamp":1765641600000,"ft_is_entry":false,"ft_order_tag":"roi","cost":9.960766816}],"funding_fees":0.0,"weekday":5},{"pair":"ETH/USDT","stake_amount":9.870861,"max_stake_amount":9.870861,"amount":0.0033,"open_date":"2025-12-15 15:40:00+00:00","close_date":"2025-12-15 18:35:00+00:00","open_rate":2991.17,"close_rate":2896.0507939999998,"fee_open":0.001,"fee_close":0.001,"trade_duration":175,"profit_ratio":-0.033734465694352476,"profit_abs":-0.33332121,"exit_reason":"stop_loss","initial_stop_loss_abs":2896.0507939999998,"initial_stop_loss_ratio":-0.0318,"stop_loss_abs":2896.0507939999998,"stop_loss_ratio":-0.0318,"min_rate":2894.57,"max_rate":3028.61,"is_open":false,"enter_tag":"","leverage":1.0,"is_short":false,"open_timestamp":1765813200000,"close_timestamp":1765823700000,"orders":[{"amount":0.0033,"safe_price":2991.17,"ft_order_side":"buy","order_filled_timestamp":1765813200000,"ft_is_entry":true,"ft_order_tag":"","cost":9.880731861},{"amount":0.0033,"safe_price":2896.0507939999998,"ft_order_side":"sell","order_filled_timestamp":1765823700000,"ft_is_entry":false,"ft_order_tag":"stop_loss","cost":9.566524587820199}],"funding_fees":0.0,"weekday":0},{"pair":"ICP/USDT","stake_amount":9.94324,"max_stake_amount":9.94324,"amount":3.31,"open_date":"2025-12-15 17:00:00+00:00","close_date":"2025-12-16 11:30:00+00:00","open_rate":3.004,"close_rate":3.070154154154154,"fee_open":0.001,"fee_close":0.001,"trade_duration":1110,"profit_ratio":0.019980019980019983,"profit_abs":0.1988648,"exit_reason":"roi","initial_stop_loss_abs":2.909,"initial_stop_loss_ratio":-0.0318,"stop_loss_abs":2.909,"stop_loss_ratio":-0.0318,"min_rate":2.95,"max_rate":3.091,"is_open":false,"enter_tag":"","leverage":1.0,"is_short":false,"open_timestamp":1765818000000,"close_timestamp":1765884600000,"orders":[{"amount":3.31,"safe_price":3.004,"ft_order_side":"buy","order_filled_timestamp":1765818000000,"ft_is_entry":true,"ft_order_tag":"","cost":9.953183239999998},{"amount":3.31,"safe_price":3.070154154154154,"ft_order_side":"sell","order_filled_timestamp":1765884600000,"ft_is_entry":false,"ft_order_tag":"roi","cost":10.172372460500497}],"funding_fees":0.0,"weekday":1},{"pair":"SOL/USDT","stake_amount":9.8488,"max_stake_amount":9.8488,"amount":0.08,"open_date":"2025-12-17 17:10:00+00:00","close_date":"2025-12-18 13:40:00+00:00","open_rate":123.11,"close_rate":125.82113113113111,"fee_open":0.001,"fee_close":0.001,"trade_duration":1230,"profit_ratio":0.019980019980019983,"profit_abs":0.196976,"exit_reason":"roi","initial_stop_loss_abs":119.19510199999999,"initial_stop_loss_ratio":-0.0318,"stop_loss_abs":119.19510199999999,"stop_loss_ratio":-0.0318,"min_rate":121.36,"max_rate":126.34,"is_open":false,"enter_tag":"","leverage":1.0,"is_short":false,"open_timestamp":1765991400000,"close_timestamp":1766065200000,"orders":[{"amount":0.08,"safe_price":123.11,"ft_order_side":"buy","order_filled_timestamp":1765991400000,"ft_is_entry":true,"ft_order_tag":"","cost":9.8586488},{"amount":0.08,"safe_price":125.82113113113111,"ft_order_side":"sell","order_filled_timestamp":1766065200000,"ft_is_entry":false,"ft_order_tag":"roi","cost":10.075756180980978}],"funding_fees":0.0,"weekday":3},{"pair":"VET/USDT","stake_amount":9.971682,"max_stake_amount":9.971682,"amount":1039.8,"open_date":"2025-12-18 19:55:00+00:00","close_date":"2025-12-19 00:00:00+00:00","open_rate":0.00959,"close_rate":0.00980119119119119,"fee_open":0.001,"fee_close":0.001,"trade_duration":245,"profit_ratio":0.019980019980019977,"profit_abs":0.19943364,"exit_reason":"roi","initial_stop_loss_abs":0.00929,"initial_stop_loss_ratio":-0.0318,"stop_loss_abs":0.00929,"stop_loss_ratio":-0.0318,"min_rate":0.009540000000000002,"max_rate":0.0099,"is_open":false,"enter_tag":"","leverage":1.0,"is_short":false,"open_timestamp":1766087700000,"close_timestamp":1766102400000,"orders":[{"amount":1039.8,"safe_price":0.009590000000000001,"ft_order_side":"buy","order_filled_timestamp":1766087700000,"ft_is_entry":true,"ft_order_tag":"","cost":9.981653682000001},{"amount":1039.8,"safe_price":0.00980119119119119,"ft_order_side":"sell","order_filled_timestamp":1766102400000,"ft_is_entry":false,"ft_order_tag":"roi","cost":10.201469879201198}],"funding_fees":0.0,"weekday":4},{"pair":"SOL/USDT","stake_amount":9.8742,"max_stake_amount":9.8742,"amount":0.084,"open_date":"2025-12-18 20:00:00+00:00","close_date":"2025-12-19 03:10:00+00:00","open_rate":117.55,"close_rate":120.13868868868866,"fee_open":0.001,"fee_close":0.001,"trade_duration":430,"profit_ratio":0.019980019980019977,"profit_abs":0.197484,"exit_reason":"roi","initial_stop_loss_abs":113.81191,"initial_stop_loss_ratio":-0.0318,"stop_loss_abs":113.81191,"stop_loss_ratio":-0.0318,"min_rate":116.88,"max_rate":120.49,"is_open":false,"enter_tag":"","leverage":1.0,"is_short":false,"open_timestamp":1766088000000,"close_timestamp":1766113800000,"orders":[{"amount":0.084,"safe_price":117.55,"ft_order_side":"buy","order_filled_timestamp":1766088000000,"ft_is_entry":true,"ft_order_tag":"","cost":9.884074199999999},{"amount":0.084,"safe_price":120.13868868868866,"ft_order_side":"sell","order_filled_timestamp":1766113800000,"ft_is_entry":false,"ft_order_tag":"roi","cost":10.101741499699697}],"funding_fees":0.0,"weekday":4},{"pair":"ICP/USDT","stake_amount":9.94524,"max_stake_amount":9.94524,"amount":3.58,"open_date":"2025-12-18 20:00:00+00:00","close_date":"2025-12-19 03:25:00+00:00","open_rate":2.778,"close_rate":2.8391771771771768,"fee_open":0.001,"fee_close":0.001,"trade_duration":445,"profit_ratio":0.01998001998001998,"profit_abs":0.1989048,"exit_reason":"roi","initial_stop_loss_abs":2.69,"initial_stop_loss_ratio":-0.0318,"stop_loss_abs":2.69,"stop_loss_ratio":-0.0318,"min_rate":2.749,"max_rate":2.862,"is_open":false,"enter_tag":"","leverage":1.0,"is_short":false,"open_timestamp":1766088000000,"close_timestamp":1766114700000,"orders":[{"amount":3.58,"safe_price":2.778,"ft_order_side":"buy","order_filled_timestamp":1766088000000,"ft_is_entry":true,"ft_order_tag":"","cost":9.955185239999999},{"amount":3.58,"safe_price":2.8391771771771768,"ft_order_side":"sell","order_filled_timestamp":1766114700000,"ft_is_entry":false,"ft_order_tag":"roi","cost":10.174418548588587}],"funding_fees":0.0,"weekday":4},{"pair":"ADA/USDT","stake_amount":9.9568,"max_stake_amount":9.9568,"amount":28.0,"open_date":"2025-12-18 17:35:00+00:00","close_date":"2025-12-19 06:55:00+00:00","open_rate":0.3556,"close_rate":0.363431031031031,"fee_open":0.001,"fee_close":0.001,"trade_duration":800,"profit_ratio":0.01998001998001998,"profit_abs":0.199136,"exit_reason":"roi","initial_stop_loss_abs":0.3443,"initial_stop_loss_ratio":-0.0318,"stop_loss_abs":0.3443,"stop_loss_ratio":-0.0318,"min_rate":0.3466,"max_rate":0.3637,"is_open":false,"enter_tag":"","leverage":1.0,"is_short":false,"open_timestamp":1766079300000,"close_timestamp":1766127300000,"orders":[{"amount":28.0,"safe_price":0.3556,"ft_order_side":"buy","order_filled_timestamp":1766079300000,"ft_is_entry":true,"ft_order_tag":"","cost":9.9667568},{"amount":28.0,"safe_price":0.363431031031031,"ft_order_side":"sell","order_filled_timestamp":1766127300000,"ft_is_entry":false,"ft_order_tag":"roi","cost":10.186244937737737}],"funding_fees":0.0,"weekday":4},{"pair":"ICP/USDT","stake_amount":10.10496,"max_stake_amount":10.10496,"amount":3.04,"open_date":"2026-01-06 16:35:00+00:00","close_date":"2026-01-06 21:15:00+00:00","open_rate":3.324,"close_rate":3.3972012012012005,"fee_open":0.001,"fee_close":0.001,"trade_duration":280,"profit_ratio":0.01998001998001998,"profit_abs":0.2020992,"exit_reason":"roi","initial_stop_loss_abs":3.219,"initial_stop_loss_ratio":-0.0318,"stop_loss_abs":3.219,"stop_loss_ratio":-0.0318,"min_rate":3.222,"max_rate":3.411,"is_open":false,"enter_tag":"","leverage":1.0,"is_short":false,"open_timestamp":1767717300000,"close_timestamp":1767734100000,"orders":[{"amount":3.04,"safe_price":3.324,"ft_order_side":"buy","order_filled_timestamp":1767717300000,"ft_is_entry":true,"ft_order_tag":"","cost":10.11506496},{"amount":3.04,"safe_price":3.3972012012012005,"ft_order_side":"sell","order_filled_timestamp":1767734100000,"ft_is_entry":false,"ft_order_tag":"roi","cost":10.337819143303301}],"funding_fees":0.0,"weekday":1},{"pair":"ICP/USDT","stake_amount":10.1361,"max_stake_amount":10.1361,"amount":2.3,"open_date":"2026-01-15 03:00:00+00:00","close_date":"2026-01-15 05:15:00+00:00","open_rate":4.407,"close_rate":4.6363933933933925,"fee_open":0.001,"fee_close":0.001,"trade_duration":135,"profit_ratio":0.049950049950049945,"profit_abs":0.506805,"exit_reason":"roi","initial_stop_loss_abs":4.267,"initial_stop_loss_ratio":-0.0318,"stop_loss_abs":4.267,"stop_loss_ratio":-0.0318,"min_rate":4.367,"max_rate":4.666,"is_open":false,"enter_tag":"","leverage":1.0,"is_short":false,"open_timestamp":1768446000000,"close_timestamp":1768454100000,"orders":[{"amount":2.3,"safe_price":4.407,"ft_order_side":"buy","order_filled_timestamp":1768446000000,"ft_is_entry":true,"ft_order_tag":"","cost":10.146236099999998},{"amount":2.3,"safe_price":4.6363933933933925,"ft_order_side":"sell","order_filled_timestamp":1768454100000,"ft_is_entry":false,"ft_order_tag":"roi","cost":10.674368509609605}],"funding_fees":0.0,"weekday":3},{"pair":"ICP/USDT","stake_amount":10.25696,"max_stake_amount":10.25696,"amount":2.41,"open_date":"2026-01-15 08:30:00+00:00","close_date":"2026-01-15 13:10:00+00:00","open_rate":4.256,"close_rate":4.349725725725726,"fee_open":0.001,"fee_close":0.001,"trade_duration":280,"profit_ratio":0.019980019980019977,"profit_abs":0.2051392,"exit_reason":"roi","initial_stop_loss_abs":4.121,"initial_stop_loss_ratio":-0.0318,"stop_loss_abs":4.121,"stop_loss_ratio":-0.0318,"min_rate":4.171,"max_rate":4.3629999999999995,"is_open":false,"enter_tag":"","leverage":1.0,"is_short":false,"open_timestamp":1768465800000,"close_timestamp":1768482600000,"orders":[{"amount":2.41,"safe_price":4.256,"ft_order_side":"buy","order_filled_timestamp":1768465800000,"ft_is_entry":true,"ft_order_tag":"","cost":10.26721696},{"amount":2.41,"safe_price":4.349725725725726,"ft_order_side":"sell","order_filled_timestamp":1768482600000,"ft_is_entry":false,"ft_order_tag":"roi","cost":10.493321837997998}],"funding_fees":0.0,"weekday":3},{"pair":"ICP/USDT","stake_amount":10.296,"max_stake_amount":10.296,"amount":2.64,"open_date":"2026-01-18 23:55:00+00:00","close_date":"2026-01-19 00:00:00+00:00","open_rate":3.9,"close_rate":3.776,"fee_open":0.001,"fee_close":0.001,"trade_duration":5,"profit_ratio":-0.033729347575501424,"profit_abs":-0.34762464,"exit_reason":"stop_loss","initial_stop_loss_abs":3.776,"initial_stop_loss_ratio":-0.0318,"stop_loss_abs":3.776,"stop_loss_ratio":-0.0318,"min_rate":3.446,"max_rate":3.911,"is_open":false,"enter_tag":"","leverage":1.0,"is_short":false,"open_timestamp":1768780500000,"close_timestamp":1768780800000,"orders":[{"amount":2.64,"safe_price":3.9,"ft_order_side":"buy","order_filled_timestamp":1768780500000,"ft_is_entry":true,"ft_order_tag":"","cost":10.306295999999998},{"amount":2.64,"safe_price":3.776,"ft_order_side":"sell","order_filled_timestamp":1768780800000,"ft_is_entry":false,"ft_order_tag":"stop_loss","cost":9.97860864}],"funding_fees":0.0,"weekday":0},{"pair":"VET/USDT","stake_amount":10.30994,"max_stake_amount":10.30994,"amount":930.5,"open_date":"2026-01-18 23:55:00+00:00","close_date":"2026-01-19 00:00:00+00:00","open_rate":0.01108,"close_rate":0.01073,"fee_open":0.001,"fee_close":0.001,"trade_duration":5,"profit_ratio":-0.033523335385421876,"profit_abs":-0.3459692,"exit_reason":"stop_loss","initial_stop_loss_abs":0.01073,"initial_stop_loss_ratio":-0.0318,"stop_loss_abs":0.01073,"stop_loss_ratio":-0.0318,"min_rate":0.01007,"max_rate":0.011090000000000001,"is_open":false,"enter_tag":"","leverage":1.0,"is_short":false,"open_timestamp":1768780500000,"close_timestamp":1768780800000,"orders":[{"amount":930.5,"safe_price":0.011080000000000001,"ft_order_side":"buy","order_filled_timestamp":1768780500000,"ft_is_entry":true,"ft_order_tag":"","cost":10.32024994},{"amount":930.5,"safe_price":0.01073,"ft_order_side":"sell","order_filled_timestamp":1768780800000,"ft_is_entry":false,"ft_order_tag":"stop_loss","cost":9.994249264999999}],"funding_fees":0.0,"weekday":0},{"pair":"ICP/USDT","stake_amount":10.15452,"max_stake_amount":10.15452,"amount":2.68,"open_date":"2026-01-19 01:40:00+00:00","close_date":"2026-01-19 05:40:00+00:00","open_rate":3.789,"close_rate":3.918,"fee_open":0.001,"fee_close":0.001,"trade_duration":240,"profit_ratio":0.031979896587972595,"profit_abs":0.32506524,"exit_reason":"roi","initial_stop_loss_abs":3.669,"initial_stop_loss_ratio":-0.0318,"stop_loss_abs":3.669,"stop_loss_ratio":-0.0318,"min_rate":3.743,"max_rate":3.966,"is_open":false,"enter_tag":"","leverage":1.0,"is_short":false,"open_timestamp":1768786800000,"close_timestamp":1768801200000,"orders":[{"amount":2.68,"safe_price":3.789,"ft_order_side":"buy","order_filled_timestamp":1768786800000,"ft_is_entry":true,"ft_order_tag":"","cost":10.16467452},{"amount":2.68,"safe_price":3.918,"ft_order_side":"sell","order_filled_timestamp":1768801200000,"ft_is_entry":false,"ft_order_tag":"roi","cost":10.51074024}],"funding_fees":0.0,"weekday":0},{"pair":"ADA/USDT","stake_amount":10.1724,"max_stake_amount":10.1724,"amount":28.0,"open_date":"2026-01-19 01:25:00+00:00","close_date":"2026-01-19 10:45:00+00:00","open_rate":0.3633,"close_rate":0.37130060060060055,"fee_open":0.001,"fee_close":0.001,"trade_duration":560,"profit_ratio":0.01998001998001998,"profit_abs":0.203448,"exit_reason":"roi","initial_stop_loss_abs":0.3518,"initial_stop_loss_ratio":-0.0318,"stop_loss_abs":0.3518,"stop_loss_ratio":-0.0318,"min_rate":0.36060000000000003,"max_rate":0.3714,"is_open":false,"enter_tag":"","leverage":1.0,"is_short":false,"open_timestamp":1768785900000,"close_timestamp":1768819500000,"orders":[{"amount":28.0,"safe_price":0.3633,"ft_order_side":"buy","order_filled_timestamp":1768785900000,"ft_is_entry":true,"ft_order_tag":"","cost":10.182572399999998},{"amount":28.0,"safe_price":0.37130060060060055,"ft_order_side":"sell","order_filled_timestamp":1768819500000,"ft_is_entry":false,"ft_order_tag":"roi","cost":10.406813233633631}],"funding_fees":0.0,"weekday":0},{"pair":"VET/USDT","stake_amount":10.172358,"max_stake_amount":10.172358,"amount":949.8,"open_date":"2026-01-19 01:30:00+00:00","close_date":"2026-01-19 19:15:00+00:00","open_rate":0.01071,"close_rate":0.010945855855855856,"fee_open":0.001,"fee_close":0.001,"trade_duration":1065,"profit_ratio":0.01998001998001998,"profit_abs":0.20344716,"exit_reason":"roi","initial_stop_loss_abs":0.01037,"initial_stop_loss_ratio":-0.0318,"stop_loss_abs":0.01037,"stop_loss_ratio":-0.0318,"min_rate":0.01059,"max_rate":0.01106,"is_open":false,"enter_tag":"","leverage":1.0,"is_short":false,"open_timestamp":1768786200000,"close_timestamp":1768850100000,"orders":[{"amount":949.8,"safe_price":0.01071,"ft_order_side":"buy","order_filled_timestamp":1768786200000,"ft_is_entry":true,"ft_order_tag":"","cost":10.182530358},{"amount":949.8,"safe_price":0.010945855855855856,"ft_order_side":"sell","order_filled_timestamp":1768850100000,"ft_is_entry":false,"ft_order_tag":"roi","cost":10.40677026578378}],"funding_fees":0.0,"weekday":0},{"pair":"SOL/USDT","stake_amount":10.0875,"max_stake_amount":10.0875,"amount":0.075,"open_date":"2026-01-19 00:10:00+00:00","close_date":"2026-01-20 08:10:00+00:00","open_rate":134.5,"close_rate":130.22289999999998,"fee_open":0.001,"fee_close":0.001,"trade_duration":1920,"profit_ratio":-0.03373446578204943,"profit_abs":-0.34063672,"exit_reason":"stop_loss","initial_stop_loss_abs":130.22289999999998,"initial_stop_loss_ratio":-0.0318,"stop_loss_abs":130.22289999999998,"stop_loss_ratio":-0.0318,"min_rate":129.24,"max_rate":135.16,"is_open":false,"enter_tag":"","leverage":1.0,"is_short":false,"open_timestamp":1768781400000,"close_timestamp":1768896600000,"orders":[{"amount":0.075,"safe_price":134.5,"ft_order_side":"buy","order_filled_timestamp":1768781400000,"ft_is_entry":true,"ft_order_tag":"","cost":10.0975875},{"amount":0.075,"safe_price":130.22289999999998,"ft_order_side":"sell","order_filled_timestamp":1768896600000,"ft_is_entry":false,"ft_order_tag":"stop_loss","cost":9.776484217499998}],"funding_fees":0.0,"weekday":1},{"pair":"VET/USDT","stake_amount":10.24953,"max_stake_amount":10.24953,"amount":1102.1,"open_date":"2026-01-29 15:20:00+00:00","close_date":"2026-01-30 01:40:00+00:00","open_rate":0.0093,"close_rate":0.00901,"fee_open":0.001,"fee_close":0.001,"trade_duration":620,"profit_ratio":-0.03311849431134901,"profit_abs":-0.33978845,"exit_reason":"stop_loss","initial_stop_loss_abs":0.00901,"initial_stop_loss_ratio":-0.0318,"stop_loss_abs":0.00901,"stop_loss_ratio":-0.0318,"min_rate":0.00898,"max_rate":0.00962,"is_open":false,"enter_tag":"","leverage":1.0,"is_short":false,"open_timestamp":1769700000000,"close_timestamp":1769737200000,"orders":[{"amount":1102.1,"safe_price":0.009300000000000001,"ft_order_side":"buy","order_filled_timestamp":1769700000000,"ft_is_entry":true,"ft_order_tag":"","cost":10.25977953},{"amount":1102.1,"safe_price":0.00901,"ft_order_side":"sell","order_filled_timestamp":1769737200000,"ft_is_entry":false,"ft_order_tag":"stop_loss","cost":9.939850921}],"funding_fees":0.0,"weekday":4},{"pair":"SOL/USDT","stake_amount":10.16682,"max_stake_amount":10.16682,"amount":0.087,"open_date":"2026-01-29 15:50:00+00:00","close_date":"2026-01-30 01:40:00+00:00","open_rate":116.86,"close_rate":113.143852,"fee_open":0.001,"fee_close":0.001,"trade_duration":590,"profit_ratio":-0.03373446542402027,"profit_abs":-0.34331521,"exit_reason":"stop_loss","initial_stop_loss_abs":113.143852,"initial_stop_loss_ratio":-0.0318,"stop_loss_abs":113.143852,"stop_loss_ratio":-0.0318,"min_rate":112.14,"max_rate":119.96,"is_open":false,"enter_tag":"","leverage":1.0,"is_short":false,"open_timestamp":1769701800000,"close_timestamp":1769737200000,"orders":[{"amount":0.087,"safe_price":116.86,"ft_order_side":"buy","order_filled_timestamp":1769701800000,"ft_is_entry":true,"ft_order_tag":"","cost":10.176986819999998},{"amount":0.087,"safe_price":113.143852,"ft_order_side":"sell","order_filled_timestamp":1769737200000,"ft_is_entry":false,"ft_order_tag":"stop_loss","cost":9.853358639123998}],"funding_fees":0.0,"weekday":4},{"pair":"SOL/USDT","stake_amount":10.06112,"max_stake_amount":10.06112,"amount":0.092,"open_date":"2026-01-31 14:40:00+00:00","close_date":"2026-01-31 16:45:00+00:00","open_rate":109.36,"close_rate":105.882352,"fee_open":0.001,"fee_close":0.001,"trade_duration":125,"profit_ratio":-0.033734465297750496,"profit_abs":-0.33974591,"exit_reason":"stop_loss","initial_stop_loss_abs":105.882352,"initial_stop_loss_ratio":-0.0318,"stop_loss_abs":105.882352,"stop_loss_ratio":-0.0318,"min_rate":105.74,"max_rate":110.2,"is_open":false,"enter_tag":"","leverage":1.0,"is_short":false,"open_timestamp":1769870400000,"close_timestamp":1769877900000,"orders":[{"amount":0.092,"safe_price":109.36,"ft_order_side":"buy","order_filled_timestamp":1769870400000,"ft_is_entry":true,"ft_order_tag":"","cost":10.071181119999999},{"amount":0.092,"safe_price":105.882352,"ft_order_side":"sell","order_filled_timestamp":1769877900000,"ft_is_entry":false,"ft_order_tag":"stop_loss","cost":9.750917560383998}],"funding_fees":0.0,"weekday":5},{"pair":"VET/USDT","stake_amount":10.114752,"max_stake_amount":10.114752,"amount":1212.8,"open_date":"2026-01-31 14:40:00+00:00","close_date":"2026-01-31 17:10:00+00:00","open_rate":0.00834,"close_rate":0.00808,"fee_open":0.001,"fee_close":0.001,"trade_duration":150,"profit_ratio":-0.03311077451303529,"profit_abs":-0.33524218,"exit_reason":"stop_loss","initial_stop_loss_abs":0.00808,"initial_stop_loss_ratio":-0.0318,"stop_loss_abs":0.00808,"stop_loss_ratio":-0.0318,"min_rate":0.007810000000000001,"max_rate":0.008570000000000001,"is_open":false,"enter_tag":"","leverage":1.0,"is_short":false,"open_timestamp":1769870400000,"close_timestamp":1769879400000,"orders":[{"amount":1212.8,"safe_price":0.00834,"ft_order_side":"buy","order_filled_timestamp":1769870400000,"ft_is_entry":true,"ft_order_tag":"","cost":10.124866751999997},{"amount":1212.8,"safe_price":0.00808,"ft_order_side":"sell","order_filled_timestamp":1769879400000,"ft_is_entry":false,"ft_order_tag":"stop_loss","cost":9.809223423999999}],"funding_fees":0.0,"weekday":5},{"pair":"SOL/USDT","stake_amount":9.97645,"max_stake_amount":9.97645,"amount":0.097,"open_date":"2026-01-31 17:15:00+00:00","close_date":"2026-01-31 18:40:00+00:00","open_rate":102.85,"close_rate":99.57936999999998,"fee_open":0.001,"fee_close":0.001,"trade_duration":85,"profit_ratio":-0.033734465645616406,"profit_abs":-0.33688676,"exit_reason":"stop_loss","initial_stop_loss_abs":99.57936999999998,"initial_stop_loss_ratio":-0.0318,"stop_loss_abs":99.57936999999998,"stop_loss_ratio":-0.0318,"min_rate":96.4,"max_rate":104.52,"is_open":false,"enter_tag":"","leverage":1.0,"is_short":false,"open_timestamp":1769879700000,"close_timestamp":1769884800000,"orders":[{"amount":0.097,"safe_price":102.85,"ft_order_side":"buy","order_filled_timestamp":1769879700000,"ft_is_entry":true,"ft_order_tag":"","cost":9.986426449999998},{"amount":0.097,"safe_price":99.57936999999998,"ft_order_side":"sell","order_filled_timestamp":1769884800000,"ft_is_entry":false,"ft_order_tag":"stop_loss","cost":9.668858088889998}],"funding_fees":0.0,"weekday":5},{"pair":"VET/USDT","stake_amount":9.981504,"max_stake_amount":9.981504,"amount":1238.4,"open_date":"2026-01-31 17:20:00+00:00","close_date":"2026-01-31 18:40:00+00:00","open_rate":0.00806,"close_rate":0.00781,"fee_open":0.001,"fee_close":0.001,"trade_duration":80,"profit_ratio":-0.03295339915853217,"profit_abs":-0.32925341,"exit_reason":"stop_loss","initial_stop_loss_abs":0.00781,"initial_stop_loss_ratio":-0.0318,"stop_loss_abs":0.00781,"stop_loss_ratio":-0.0318,"min_rate":0.00759,"max_rate":0.008110000000000001,"is_open":false,"enter_tag":"","leverage":1.0,"is_short":false,"open_timestamp":1769880000000,"close_timestamp":1769884800000,"orders":[{"amount":1238.4,"safe_price":0.008060000000000001,"ft_order_side":"buy","order_filled_timestamp":1769880000000,"ft_is_entry":true,"ft_order_tag":"","cost":9.991485504000002},{"amount":1238.4,"safe_price":0.00781,"ft_order_side":"sell","order_filled_timestamp":1769884800000,"ft_is_entry":false,"ft_order_tag":"stop_loss","cost":9.681575904}],"funding_fees":0.0,"weekday":5},{"pair":"ETH/USDT","stake_amount":9.940368,"max_stake_amount":9.940368,"amount":0.0041,"open_date":"2026-01-31 17:20:00+00:00","close_date":"2026-01-31 18:40:00+00:00","open_rate":2424.48,"close_rate":2347.381536,"fee_open":0.001,"fee_close":0.001,"trade_duration":80,"profit_ratio":-0.03373446506235957,"profit_abs":-0.33566833,"exit_reason":"stop_loss","initial_stop_loss_abs":2347.381536,"initial_stop_loss_ratio":-0.0318,"stop_loss_abs":2347.381536,"stop_loss_ratio":-0.0318,"min_rate":2250.0,"max_rate":2431.32,"is_open":false,"enter_tag":"","leverage":1.0,"is_short":false,"open_timestamp":1769880000000,"close_timestamp":1769884800000,"orders":[{"amount":0.0041,"safe_price":2424.48,"ft_order_side":"buy","order_filled_timestamp":1769880000000,"ft_is_entry":true,"ft_order_tag":"","cost":9.950308368},{"amount":0.0041,"safe_price":2347.381536,"ft_order_side":"sell","order_filled_timestamp":1769884800000,"ft_is_entry":false,"ft_order_tag":"stop_loss","cost":9.6338885618976}],"funding_fees":0.0,"weekday":5},{"pair":"ADA/USDT","stake_amount":9.975,"max_stake_amount":9.975,"amount":35.0,"open_date":"2026-01-31 17:25:00+00:00","close_date":"2026-01-31 18:40:00+00:00","open_rate":0.285,"close_rate":0.276,"fee_open":0.001,"fee_close":0.001,"trade_duration":75,"profit_ratio":-0.033513854566486145,"profit_abs":-0.334635,"exit_reason":"stop_loss","initial_stop_loss_abs":0.276,"initial_stop_loss_ratio":-0.0318,"stop_loss_abs":0.276,"stop_loss_ratio":-0.0318,"min_rate":0.2685,"max_rate":0.2872,"is_open":false,"enter_tag":"","leverage":1.0,"is_short":false,"open_timestamp":1769880300000,"close_timestamp":1769884800000,"orders":[{"amount":35.0,"safe_price":0.28500000000000003,"ft_order_side":"buy","order_filled_timestamp":1769880300000,"ft_is_entry":true,"ft_order_tag":"","cost":9.984975},{"amount":35.0,"safe_price":0.276,"ft_order_side":"sell","order_filled_timestamp":1769884800000,"ft_is_entry":false,"ft_order_tag":"stop_loss","cost":9.669659999999999}],"funding_fees":0.0,"weekday":5},{"pair":"ICP/USDT","stake_amount":9.9591,"max_stake_amount":9.9591,"amount":3.73,"open_date":"2026-01-31 17:30:00+00:00","close_date":"2026-01-31 18:40:00+00:00","open_rate":2.67,"close_rate":2.586,"fee_open":0.001,"fee_close":0.001,"trade_duration":70,"profit_ratio":-0.03339581766548058,"profit_abs":-0.33292488,"exit_reason":"stop_loss","initial_stop_loss_abs":2.586,"initial_stop_loss_ratio":-0.0318,"stop_loss_abs":2.586,"stop_loss_ratio":-0.0318,"min_rate":2.472,"max_rate":2.681,"is_open":false,"enter_tag":"","leverage":1.0,"is_short":false,"open_timestamp":1769880600000,"close_timestamp":1769884800000,"orders":[{"amount":3.73,"safe_price":2.67,"ft_order_side":"buy","order_filled_timestamp":1769880600000,"ft_is_entry":true,"ft_order_tag":"","cost":9.969059099999999},{"amount":3.73,"safe_price":2.586,"ft_order_side":"sell","order_filled_timestamp":1769884800000,"ft_is_entry":false,"ft_order_tag":"stop_loss","cost":9.65542578}],"funding_fees":0.0,"weekday":5},{"pair":"VET/USDT","stake_amount":9.650259,"max_stake_amount":9.650259,"amount":1223.1,"open_date":"2026-01-31 18:45:00+00:00","close_date":"2026-01-31 21:50:00+00:00","open_rate":0.00789,"close_rate":0.008300690690690692,"fee_open":0.001,"fee_close":0.001,"trade_duration":185,"profit_ratio":0.049950049950049945,"profit_abs":0.48251295,"exit_reason":"roi","initial_stop_loss_abs":0.00764,"initial_stop_loss_ratio":-0.0318,"stop_loss_abs":0.00764,"stop_loss_ratio":-0.0318,"min_rate":0.007840000000000001,"max_rate":0.008320000000000001,"is_open":false,"enter_tag":"","leverage":1.0,"is_short":false,"open_timestamp":1769885100000,"close_timestamp":1769896200000,"orders":[{"amount":1223.1,"safe_price":0.007890000000000001,"ft_order_side":"buy","order_filled_timestamp":1769885100000,"ft_is_entry":true,"ft_order_tag":"","cost":9.659909258999999},{"amount":1223.1,"safe_price":0.008300690690690692,"ft_order_side":"sell","order_filled_timestamp":1769896200000,"ft_is_entry":false,"ft_order_tag":"roi","cost":10.162727358567567}],"funding_fees":0.0,"weekday":5},{"pair":"ETH/USDT","stake_amount":9.643938,"max_stake_amount":9.643938,"amount":0.0041,"open_date":"2026-01-31 18:45:00+00:00","close_date":"2026-01-31 22:45:00+00:00","open_rate":2352.18,"close_rate":2413.41,"fee_open":0.001,"fee_close":0.001,"trade_duration":240,"profit_ratio":0.023981158650419276,"profit_abs":0.23150408,"exit_reason":"roi","initial_stop_loss_abs":2277.3806759999998,"initial_stop_loss_ratio":-0.0318,"stop_loss_abs":2277.3806759999998,"stop_loss_ratio":-0.0318,"min_rate":2327.4,"max_rate":2433.66,"is_open":false,"enter_tag":"","leverage":1.0,"is_short":false,"open_timestamp":1769885100000,"close_timestamp":1769899500000,"orders":[{"amount":0.0041,"safe_price":2352.18,"ft_order_side":"buy","order_filled_timestamp":1769885100000,"ft_is_entry":true,"ft_order_tag":"","cost":9.653581937999999},{"amount":0.0041,"safe_price":2413.41,"ft_order_side":"sell","order_filled_timestamp":1769899500000,"ft_is_entry":false,"ft_order_tag":"roi","cost":9.904875980999998}],"funding_fees":0.0,"weekday":5},{"pair":"SOL/USDT","stake_amount":9.62304,"max_stake_amount":9.62304,"amount":0.096,"open_date":"2026-01-31 18:45:00+00:00","close_date":"2026-01-31 22:45:00+00:00","open_rate":100.24,"close_rate":103.59,"fee_open":0.001,"fee_close":0.001,"trade_duration":240,"profit_ratio":0.03135501768781897,"profit_abs":0.30203232,"exit_reason":"roi","initial_stop_loss_abs":97.05236799999999,"initial_stop_loss_ratio":-0.0318,"stop_loss_abs":97.05236799999999,"stop_loss_ratio":-0.0318,"min_rate":99.43,"max_rate":104.26,"is_open":false,"enter_tag":"","leverage":1.0,"is_short":false,"open_timestamp":1769885100000,"close_timestamp":1769899500000,"orders":[{"amount":0.096,"safe_price":100.24,"ft_order_side":"buy","order_filled_timestamp":1769885100000,"ft_is_entry":true,"ft_order_tag":"","cost":9.632663039999999},{"amount":0.096,"safe_price":103.59,"ft_order_side":"sell","order_filled_timestamp":1769899500000,"ft_is_entry":false,"ft_order_tag":"roi","cost":9.954584639999998}],"funding_fees":0.0,"weekday":5},{"pair":"ICP/USDT","stake_amount":9.64968,"max_stake_amount":9.64968,"amount":3.72,"open_date":"2026-01-31 19:10:00+00:00","close_date":"2026-01-31 23:10:00+00:00","open_rate":2.594,"close_rate":2.688,"fee_open":0.001,"fee_close":0.001,"trade_duration":240,"profit_ratio":0.034167066549487514,"profit_abs":0.33003096,"exit_reason":"roi","initial_stop_loss_abs":2.512,"initial_stop_loss_ratio":-0.0318,"stop_loss_abs":2.512,"stop_loss_ratio":-0.0318,"min_rate":2.58,"max_rate":2.689,"is_open":false,"enter_tag":"","leverage":1.0,"is_short":false,"open_timestamp":1769886600000,"close_timestamp":1769901000000,"orders":[{"amount":3.72,"safe_price":2.594,"ft_order_side":"buy","order_filled_timestamp":1769886600000,"ft_is_entry":true,"ft_order_tag":"","cost":9.659329679999999},{"amount":3.72,"safe_price":2.688,"ft_order_side":"sell","order_filled_timestamp":1769901000000,"ft_is_entry":false,"ft_order_tag":"roi","cost":10.00935936}],"funding_fees":0.0,"weekday":5},{"pair":"SOL/USDT","stake_amount":9.84198,"max_stake_amount":9.84198,"amount":0.102,"open_date":"2026-02-02 03:40:00+00:00","close_date":"2026-02-02 07:05:00+00:00","open_rate":96.49,"close_rate":101.51250250250249,"fee_open":0.001,"fee_close":0.001,"trade_duration":205,"profit_ratio":0.04995004995004995,"profit_abs":0.492099,"exit_reason":"roi","initial_stop_loss_abs":93.421618,"initial_stop_loss_ratio":-0.0318,"stop_loss_abs":93.421618,"stop_loss_ratio":-0.0318,"min_rate":96.45,"max_rate":101.79,"is_open":false,"enter_tag":"","leverage":1.0,"is_short":false,"open_timestamp":1770003600000,"close_timestamp":1770015900000,"orders":[{"amount":0.102,"safe_price":96.49,"ft_order_side":"buy","order_filled_timestamp":1770003600000,"ft_is_entry":true,"ft_order_tag":"","cost":9.851821979999999},{"amount":0.102,"safe_price":101.51250250250249,"ft_order_side":"sell","order_filled_timestamp":1770015900000,"ft_is_entry":false,"ft_order_tag":"roi","cost":10.364629530510507}],"funding_fees":0.0,"weekday":0},{"pair":"ETH/USDT","stake_amount":9.77625,"max_stake_amount":9.77625,"amount":0.0045,"open_date":"2026-02-02 03:40:00+00:00","close_date":"2026-02-02 07:40:00+00:00","open_rate":2172.5,"close_rate":2234.78,"fee_open":0.001,"fee_close":0.001,"trade_duration":240,"profit_ratio":0.026612154243914887,"profit_abs":0.26042724,"exit_reason":"roi","initial_stop_loss_abs":2103.4145,"initial_stop_loss_ratio":-0.0318,"stop_loss_abs":2103.4145,"stop_loss_ratio":-0.0318,"min_rate":2157.14,"max_rate":2268.0,"is_open":false,"enter_tag":"","leverage":1.0,"is_short":false,"open_timestamp":1770003600000,"close_timestamp":1770018000000,"orders":[{"amount":0.0045,"safe_price":2172.5,"ft_order_side":"buy","order_filled_timestamp":1770003600000,"ft_is_entry":true,"ft_order_tag":"","cost":9.786026249999997},{"amount":0.0045,"safe_price":2234.78,"ft_order_side":"sell","order_filled_timestamp":1770018000000,"ft_is_entry":false,"ft_order_tag":"roi","cost":10.066566509999998}],"funding_fees":0.0,"weekday":0},{"pair":"VET/USDT","stake_amount":10.066167,"max_stake_amount":10.066167,"amount":1256.7,"open_date":"2026-02-03 18:55:00+00:00","close_date":"2026-02-03 19:55:00+00:00","open_rate":0.00801,"close_rate":0.008426936936936935,"fee_open":0.001,"fee_close":0.001,"trade_duration":60,"profit_ratio":0.04995004995004994,"profit_abs":0.50330835,"exit_reason":"roi","initial_stop_loss_abs":0.00776,"initial_stop_loss_ratio":-0.0318,"stop_loss_abs":0.00776,"stop_loss_ratio":-0.0318,"min_rate":0.008,"max_rate":0.008490000000000001,"is_open":false,"enter_tag":"","leverage":1.0,"is_short":false,"open_timestamp":1770144900000,"close_timestamp":1770148500000,"orders":[{"amount":1256.7,"safe_price":0.008010000000000001,"ft_order_side":"buy","order_filled_timestamp":1770144900000,"ft_is_entry":true,"ft_order_tag":"","cost":10.076233167000002},{"amount":1256.7,"safe_price":0.008426936936936935,"ft_order_side":"sell","order_filled_timestamp":1770148500000,"ft_is_entry":false,"ft_order_tag":"roi","cost":10.600721780297295}],"funding_fees":0.0,"weekday":1},{"pair":"ETH/USDT","stake_amount":10.044793,"max_stake_amount":10.044793,"amount":0.0047,"open_date":"2026-02-03 18:30:00+00:00","close_date":"2026-02-03 20:25:00+00:00","open_rate":2137.19,"close_rate":2248.435125125125,"fee_open":0.001,"fee_close":0.001,"trade_duration":115,"profit_ratio":0.04995004995004995,"profit_abs":0.50223965,"exit_reason":"roi","initial_stop_loss_abs":2069.227358,"initial_stop_loss_ratio":-0.0318,"stop_loss_abs":2069.227358,"stop_loss_ratio":-0.0318,"min_rate":2110.0,"max_rate":2255.33,"is_open":false,"enter_tag":"","leverage":1.0,"is_short":false,"open_timestamp":1770143400000,"close_timestamp":1770150300000,"orders":[{"amount":0.0047,"safe_price":2137.19,"ft_order_side":"buy","order_filled_timestamp":1770143400000,"ft_is_entry":true,"ft_order_tag":"","cost":10.054837792999999},{"amount":0.0047,"safe_price":2248.435125125125,"ft_order_side":"sell","order_filled_timestamp":1770150300000,"ft_is_entry":false,"ft_order_tag":"roi","cost":10.578212733176175}],"funding_fees":0.0,"weekday":1},{"pair":"VET/USDT","stake_amount":10.265449,"max_stake_amount":10.265449,"amount":1389.1,"open_date":"2026-02-05 15:35:00+00:00","close_date":"2026-02-05 19:35:00+00:00","open_rate":0.00739,"close_rate":0.00757,"fee_open":0.001,"fee_close":0.001,"trade_duration":240,"profit_ratio":0.02231057131237338,"profit_abs":0.22925706,"exit_reason":"roi","initial_stop_loss_abs":0.00716,"initial_stop_loss_ratio":-0.0318,"stop_loss_abs":0.00716,"stop_loss_ratio":-0.0318,"min_rate":0.007320000000000001,"max_rate":0.007680000000000001,"is_open":false,"enter_tag":"","leverage":1.0,"is_short":false,"open_timestamp":1770305700000,"close_timestamp":1770320100000,"orders":[{"amount":1389.1,"safe_price":0.007390000000000001,"ft_order_side":"buy","order_filled_timestamp":1770305700000,"ft_is_entry":true,"ft_order_tag":"","cost":10.275714448999999},{"amount":1389.1,"safe_price":0.00757,"ft_order_side":"sell","order_filled_timestamp":1770320100000,"ft_is_entry":false,"ft_order_tag":"roi","cost":10.526002487}],"funding_fees":0.0,"weekday":3},{"pair":"SOL/USDT","stake_amount":10.22116,"max_stake_amount":10.22116,"amount":0.122,"open_date":"2026-02-05 15:35:00+00:00","close_date":"2026-02-05 20:15:00+00:00","open_rate":83.78,"close_rate":81.115796,"fee_open":0.001,"fee_close":0.001,"trade_duration":280,"profit_ratio":-0.033734466012211396,"profit_abs":-0.34515018,"exit_reason":"stop_loss","initial_stop_loss_abs":81.115796,"initial_stop_loss_ratio":-0.0318,"stop_loss_abs":81.115796,"stop_loss_ratio":-0.0318,"min_rate":80.26,"max_rate":86.2,"is_open":false,"enter_tag":"","leverage":1.0,"is_short":false,"open_timestamp":1770305700000,"close_timestamp":1770322500000,"orders":[{"amount":0.122,"safe_price":83.78,"ft_order_side":"buy","order_filled_timestamp":1770305700000,"ft_is_entry":true,"ft_order_tag":"","cost":10.231381159999998},{"amount":0.122,"safe_price":81.115796,"ft_order_side":"sell","order_filled_timestamp":1770322500000,"ft_is_entry":false,"ft_order_tag":"stop_loss","cost":9.906023239111999}],"funding_fees":0.0,"weekday":3},{"pair":"ETH/USDT","stake_amount":10.248504,"max_stake_amount":10.248504,"amount":0.0053,"open_date":"2026-02-05 15:30:00+00:00","close_date":"2026-02-05 20:20:00+00:00","open_rate":1933.68,"close_rate":1872.188976,"fee_open":0.001,"fee_close":0.001,"trade_duration":290,"profit_ratio":-0.03373446526417926,"profit_abs":-0.34607353,"exit_reason":"stop_loss","initial_stop_loss_abs":1872.188976,"initial_stop_loss_ratio":-0.0318,"stop_loss_abs":1872.188976,"stop_loss_ratio":-0.0318,"min_rate":1868.0,"max_rate":2018.33,"is_open":false,"enter_tag":"","leverage":1.0,"is_short":false,"open_timestamp":1770305400000,"close_timestamp":1770322800000,"orders":[{"amount":0.0053,"safe_price":1933.68,"ft_order_side":"buy","order_filled_timestamp":1770305400000,"ft_is_entry":true,"ft_order_tag":"","cost":10.258752503999998},{"amount":0.0053,"safe_price":1872.188976,"ft_order_side":"sell","order_filled_timestamp":1770322800000,"ft_is_entry":false,"ft_order_tag":"stop_loss","cost":9.932524174372798}],"funding_fees":0.0,"weekday":3},{"pair":"SOL/USDT","stake_amount":10.12352,"max_stake_amount":10.12352,"amount":0.128,"open_date":"2026-02-05 20:40:00+00:00","close_date":"2026-02-06 00:05:00+00:00","open_rate":79.09,"close_rate":76.574938,"fee_open":0.001,"fee_close":0.001,"trade_duration":205,"profit_ratio":-0.033734465725512315,"profit_abs":-0.34185305,"exit_reason":"stop_loss","initial_stop_loss_abs":76.574938,"initial_stop_loss_ratio":-0.0318,"stop_loss_abs":76.574938,"stop_loss_ratio":-0.0318,"min_rate":75.9,"max_rate":81.63,"is_open":false,"enter_tag":"","leverage":1.0,"is_short":false,"open_timestamp":1770324000000,"close_timestamp":1770336300000,"orders":[{"amount":0.128,"safe_price":79.09,"ft_order_side":"buy","order_filled_timestamp":1770324000000,"ft_is_entry":true,"ft_order_tag":"","cost":10.13364352},{"amount":0.128,"safe_price":76.574938,"ft_order_side":"sell","order_filled_timestamp":1770336300000,"ft_is_entry":false,"ft_order_tag":"stop_loss","cost":9.811393656064}],"funding_fees":0.0,"weekday":4},{"pair":"ICP/USDT","stake_amount":10.15644,"max_stake_amount":10.15644,"amount":4.52,"open_date":"2026-02-05 20:35:00+00:00","close_date":"2026-02-06 00:10:00+00:00","open_rate":2.247,"close_rate":2.176,"fee_open":0.001,"fee_close":0.001,"trade_duration":215,"profit_ratio":-0.033532555561928065,"profit_abs":-0.34091196,"exit_reason":"stop_loss","initial_stop_loss_abs":2.176,"initial_stop_loss_ratio":-0.0318,"stop_loss_abs":2.176,"stop_loss_ratio":-0.0318,"min_rate":2.047,"max_rate":2.333,"is_open":false,"enter_tag":"","leverage":1.0,"is_short":false,"open_timestamp":1770323700000,"close_timestamp":1770336600000,"orders":[{"amount":4.52,"safe_price":2.247,"ft_order_side":"buy","order_filled_timestamp":1770323700000,"ft_is_entry":true,"ft_order_tag":"","cost":10.166596439999998},{"amount":4.52,"safe_price":2.176,"ft_order_side":"sell","order_filled_timestamp":1770336600000,"ft_is_entry":false,"ft_order_tag":"stop_loss","cost":9.845355519999998}],"funding_fees":0.0,"weekday":4},{"pair":"ETH/USDT","stake_amount":9.992754,"max_stake_amount":9.992754,"amount":0.0054,"open_date":"2026-02-05 20:50:00+00:00","close_date":"2026-02-06 00:10:00+00:00","open_rate":1850.51,"close_rate":1791.6637819999999,"fee_open":0.001,"fee_close":0.001,"trade_duration":200,"profit_ratio":-0.033734465972065336,"profit_abs":-0.33743732,"exit_reason":"stop_loss","initial_stop_loss_abs":1791.6637819999999,"initial_stop_loss_ratio":-0.0318,"stop_loss_abs":1791.6637819999999,"stop_loss_ratio":-0.0318,"min_rate":1760.0,"max_rate":1912.35,"is_open":false,"enter_tag":"","leverage":1.0,"is_short":false,"open_timestamp":1770324600000,"close_timestamp":1770336600000,"orders":[{"amount":0.0054,"safe_price":1850.51,"ft_order_side":"buy","order_filled_timestamp":1770324600000,"ft_is_entry":true,"ft_order_tag":"","cost":10.002746753999999},{"amount":0.0054,"safe_price":1791.6637819999999,"ft_order_side":"sell","order_filled_timestamp":1770336600000,"ft_is_entry":false,"ft_order_tag":"stop_loss","cost":9.6846594072228}],"funding_fees":0.0,"weekday":4},{"pair":"BTC/USDT","stake_amount":10.009064,"max_stake_amount":10.009064,"amount":0.00016,"open_date":"2026-02-05 20:55:00+00:00","close_date":"2026-02-06 00:10:00+00:00","open_rate":62556.65,"close_rate":60567.348529999996,"fee_open":0.001,"fee_close":0.001,"trade_duration":195,"profit_ratio":-0.03373446503893067,"profit_abs":-0.33798807,"exit_reason":"stop_loss","initial_stop_loss_abs":60567.348529999996,"initial_stop_loss_ratio":-0.0318,"stop_loss_abs":60567.348529999996,"stop_loss_ratio":-0.0318,"min_rate":60100.0,"max_rate":64908.0,"is_open":false,"enter_tag":"","leverage":1.0,"is_short":false,"open_timestamp":1770324900000,"close_timestamp":1770336600000,"orders":[{"amount":0.00016,"safe_price":62556.65,"ft_order_side":"buy","order_filled_timestamp":1770324900000,"ft_is_entry":true,"ft_order_tag":"","cost":10.019073063999999},{"amount":0.00016,"safe_price":60567.348529999996,"ft_order_side":"sell","order_filled_timestamp":1770336600000,"ft_is_entry":false,"ft_order_tag":"stop_loss","cost":9.700466540564799}],"funding_fees":0.0,"weekday":4},{"pair":"ICP/USDT","stake_amount":9.89238,"max_stake_amount":9.89238,"amount":4.74,"open_date":"2026-02-06 00:15:00+00:00","close_date":"2026-02-06 00:15:00+00:00","open_rate":2.087,"close_rate":2.021,"fee_open":0.001,"fee_close":0.001,"trade_duration":0,"profit_ratio":-0.03355915766073888,"profit_abs":-0.33231192,"exit_reason":"stop_loss","initial_stop_loss_abs":2.021,"initial_stop_loss_ratio":-0.0318,"stop_loss_abs":2.021,"stop_loss_ratio":-0.0318,"min_rate":2.004,"max_rate":2.1390000000000002,"is_open":false,"enter_tag":"","leverage":1.0,"is_short":false,"open_timestamp":1770336900000,"close_timestamp":1770336900000,"orders":[{"amount":4.74,"safe_price":2.087,"ft_order_side":"buy","order_filled_timestamp":1770336900000,"ft_is_entry":true,"ft_order_tag":"","cost":9.90227238},{"amount":4.74,"safe_price":2.021,"ft_order_side":"sell","order_filled_timestamp":1770336900000,"ft_is_entry":false,"ft_order_tag":"stop_loss","cost":9.589119539999999}],"funding_fees":0.0,"weekday":4},{"pair":"ADA/USDT","stake_amount":9.83697,"max_stake_amount":9.83697,"amount":42.9,"open_date":"2026-02-06 00:15:00+00:00","close_date":"2026-02-06 00:15:00+00:00","open_rate":0.2293,"close_rate":0.2221,"fee_open":0.001,"fee_close":0.001,"trade_duration":0,"profit_ratio":-0.033335177687554486,"profit_abs":-0.32824506,"exit_reason":"stop_loss","initial_stop_loss_abs":0.2221,"initial_stop_loss_ratio":-0.0318,"stop_loss_abs":0.2221,"stop_loss_ratio":-0.0318,"min_rate":0.22110000000000002,"max_rate":0.2358,"is_open":false,"enter_tag":"","leverage":1.0,"is_short":false,"open_timestamp":1770336900000,"close_timestamp":1770336900000,"orders":[{"amount":42.9,"safe_price":0.2293,"ft_order_side":"buy","order_filled_timestamp":1770336900000,"ft_is_entry":true,"ft_order_tag":"","cost":9.846806969999998},{"amount":42.9,"safe_price":0.2221,"ft_order_side":"sell","order_filled_timestamp":1770336900000,"ft_is_entry":false,"ft_order_tag":"stop_loss","cost":9.537618089999997}],"funding_fees":0.0,"weekday":4},{"pair":"SOL/USDT","stake_amount":9.7686,"max_stake_amount":9.7686,"amount":0.135,"open_date":"2026-02-06 00:15:00+00:00","close_date":"2026-02-06 00:15:00+00:00","open_rate":72.36,"close_rate":70.05895199999999,"fee_open":0.001,"fee_close":0.001,"trade_duration":0,"profit_ratio":-0.033734465685820024,"profit_abs":-0.32986804,"exit_reason":"stop_loss","initial_stop_loss_abs":70.05895199999999,"initial_stop_loss_ratio":-0.0318,"stop_loss_abs":70.05895199999999,"stop_loss_ratio":-0.0318,"min_rate":67.5,"max_rate":73.51,"is_open":false,"enter_tag":"","leverage":1.0,"is_short":false,"open_timestamp":1770336900000,"close_timestamp":1770336900000,"orders":[{"amount":0.135,"safe_price":72.36,"ft_order_side":"buy","order_filled_timestamp":1770336900000,"ft_is_entry":true,"ft_order_tag":"","cost":9.7783686},{"amount":0.135,"safe_price":70.05895199999999,"ft_order_side":"sell","order_filled_timestamp":1770336900000,"ft_is_entry":false,"ft_order_tag":"stop_loss","cost":9.467416478519999}],"funding_fees":0.0,"weekday":4},{"pair":"ETH/USDT","stake_amount":9.63655,"max_stake_amount":9.63655,"amount":0.0055,"open_date":"2026-02-06 00:20:00+00:00","close_date":"2026-02-06 01:20:00+00:00","open_rate":1752.1,"close_rate":1891.88,"fee_open":0.001,"fee_close":0.001,"trade_duration":60,"profit_ratio":0.07762115174934078,"profit_abs":0.74874811,"exit_reason":"roi","initial_stop_loss_abs":1696.3832199999997,"initial_stop_loss_ratio":-0.0318,"stop_loss_abs":1696.3832199999997,"stop_loss_ratio":-0.0318,"min_rate":1747.8,"max_rate":1914.87,"is_open":false,"enter_tag":"","leverage":1.0,"is_short":false,"open_timestamp":1770337200000,"close_timestamp":1770340800000,"orders":[{"amount":0.0055,"safe_price":1752.1,"ft_order_side":"buy","order_filled_timestamp":1770337200000,"ft_is_entry":true,"ft_order_tag":"","cost":9.64618655},{"amount":0.0055,"safe_price":1891.88,"ft_order_side":"sell","order_filled_timestamp":1770340800000,"ft_is_entry":false,"ft_order_tag":"roi","cost":10.415745339999999}],"funding_fees":0.0,"weekday":4},{"pair":"BTC/USDT","stake_amount":9.6122896,"max_stake_amount":9.6122896,"amount":0.00016,"open_date":"2026-02-06 00:20:00+00:00","close_date":"2026-02-06 01:20:00+00:00","open_rate":60076.81,"close_rate":64113.23,"fee_open":0.001,"fee_close":0.001,"trade_duration":60,"profit_ratio":0.06505541182835967,"profit_abs":0.62595679,"exit_reason":"roi","initial_stop_loss_abs":58166.367441999995,"initial_stop_loss_ratio":-0.0318,"stop_loss_abs":58166.367441999995,"stop_loss_ratio":-0.0318,"min_rate":60057.51,"max_rate":64933.33,"is_open":false,"enter_tag":"","leverage":1.0,"is_short":false,"open_timestamp":1770337200000,"close_timestamp":1770340800000,"orders":[{"amount":0.00016,"safe_price":60076.81,"ft_order_side":"buy","order_filled_timestamp":1770337200000,"ft_is_entry":true,"ft_order_tag":"","cost":9.6219018896},{"amount":0.00016,"safe_price":64113.23,"ft_order_side":"sell","order_filled_timestamp":1770340800000,"ft_is_entry":false,"ft_order_tag":"roi","cost":10.268374916800001}],"funding_fees":0.0,"weekday":4},{"pair":"VET/USDT","stake_amount":9.709085,"max_stake_amount":9.709085,"amount":1335.5,"open_date":"2026-02-06 00:40:00+00:00","close_date":"2026-02-06 04:40:00+00:00","open_rate":0.00727,"close_rate":0.0074600000000000005,"fee_open":0.001,"fee_close":0.001,"trade_duration":240,"profit_ratio":0.024084581682954753,"profit_abs":0.23407309,"exit_reason":"roi","initial_stop_loss_abs":0.00704,"initial_stop_loss_ratio":-0.0318,"stop_loss_abs":0.00704,"stop_loss_ratio":-0.0318,"min_rate":0.00717,"max_rate":0.00757,"is_open":false,"enter_tag":"","leverage":1.0,"is_short":false,"open_timestamp":1770338400000,"close_timestamp":1770352800000,"orders":[{"amount":1335.5,"safe_price":0.00727,"ft_order_side":"buy","order_filled_timestamp":1770338400000,"ft_is_entry":true,"ft_order_tag":"","cost":9.718794084999999},{"amount":1335.5,"safe_price":0.0074600000000000005,"ft_order_side":"sell","order_filled_timestamp":1770352800000,"ft_is_entry":false,"ft_order_tag":"roi","cost":9.97279283}],"funding_fees":0.0,"weekday":4},{"pair":"ADA/USDT","stake_amount":9.692,"max_stake_amount":9.692,"amount":40.0,"open_date":"2026-02-06 00:45:00+00:00","close_date":"2026-02-06 04:45:00+00:00","open_rate":0.2423,"close_rate":0.2505,"fee_open":0.001,"fee_close":0.001,"trade_duration":240,"profit_ratio":0.03177672513206974,"profit_abs":0.308288,"exit_reason":"roi","initial_stop_loss_abs":0.2346,"initial_stop_loss_ratio":-0.0318,"stop_loss_abs":0.2346,"stop_loss_ratio":-0.0318,"min_rate":0.2409,"max_rate":0.2539,"is_open":false,"enter_tag":"","leverage":1.0,"is_short":false,"open_timestamp":1770338700000,"close_timestamp":1770353100000,"orders":[{"amount":40.0,"safe_price":0.24230000000000002,"ft_order_side":"buy","order_filled_timestamp":1770338700000,"ft_is_entry":true,"ft_order_tag":"","cost":9.701692},{"amount":40.0,"safe_price":0.2505,"ft_order_side":"sell","order_filled_timestamp":1770353100000,"ft_is_entry":false,"ft_order_tag":"roi","cost":10.030019999999999}],"funding_fees":0.0,"weekday":4},{"pair":"ICP/USDT","stake_amount":9.70577,"max_stake_amount":9.70577,"amount":4.37,"open_date":"2026-02-06 00:45:00+00:00","close_date":"2026-02-06 04:50:00+00:00","open_rate":2.221,"close_rate":2.2699109109109106,"fee_open":0.001,"fee_close":0.001,"trade_duration":245,"profit_ratio":0.01998001998001998,"profit_abs":0.1941154,"exit_reason":"roi","initial_stop_loss_abs":2.151,"initial_stop_loss_ratio":-0.0318,"stop_loss_abs":2.151,"stop_loss_ratio":-0.0318,"min_rate":2.205,"max_rate":2.299,"is_open":false,"enter_tag":"","leverage":1.0,"is_short":false,"open_timestamp":1770338700000,"close_timestamp":1770353400000,"orders":[{"amount":4.37,"safe_price":2.221,"ft_order_side":"buy","order_filled_timestamp":1770338700000,"ft_is_entry":true,"ft_order_tag":"","cost":9.71547577},{"amount":4.37,"safe_price":2.2699109109109106,"ft_order_side":"sell","order_filled_timestamp":1770353400000,"ft_is_entry":false,"ft_order_tag":"roi","cost":9.929430191361359}],"funding_fees":0.0,"weekday":4}],"locks":[],"best_pair":{"key":"ICP/USDT","trades":12,"profit_mean":0.006815019543663416,"profit_mean_pct":0.68,"profit_total_abs":0.8072511999999998,"profit_total":0.016145023999999997,"profit_total_pct":1.61,"duration_avg":"4:32:00","wins":8,"draws":0,"losses":4,"winrate":0.6666666666666666,"cagr":0.10415741463987072,"expectancy":0.06727093333333334,"expectancy_ratio":0.19876571170133284,"sortino":41.53396080861615,"sharpe":0.8732768609236332,"calmar":38.394932133288364,"sqn":0.7454,"profit_factor":1.596297135103999,"max_drawdown_account":0.013616303130820942,"max_drawdown_abs":0.6986772},"worst_pair":{"key":"SOL/USDT","trades":11,"profit_mean":-0.010443286543188313,"profit_mean_pct":-1.04,"profit_total_abs":-1.18886455,"profit_total":-0.023777291,"profit_total_pct":-2.38,"duration_avg":"8:03:00","wins":4,"draws":0,"losses":7,"winrate":0.36363636363636365,"cagr":-0.1383221540481716,"expectancy":-0.10807859545454546,"expectancy_ratio":-0.3182183853455999,"sortino":-82.3859394596352,"sharpe":-1.222775348670527,"calmar":-24.505842825973406,"sqn":-1.0856,"profit_factor":0.4999425373140574,"max_drawdown_account":0.03141862319786739,"max_drawdown_abs":1.5833245499999997},"results_per_pair":[{"key":"ICP/USDT","trades":12,"profit_mean":0.006815019543663416,"profit_mean_pct":0.68,"profit_total_abs":0.8072511999999998,"profit_total":0.016145023999999997,"profit_total_pct":1.61,"duration_avg":"4:32:00","wins":8,"draws":0,"losses":4,"winrate":0.6666666666666666,"cagr":0.10415741463987072,"expectancy":0.06727093333333334,"expectancy_ratio":0.19876571170133284,"sortino":41.53396080861615,"sharpe":0.8732768609236332,"calmar":38.394932133288364,"sqn":0.7454,"profit_factor":1.596297135103999,"max_drawdown_account":0.013616303130820942,"max_drawdown_abs":0.6986772},{"key":"VET/USDT","trades":11,"profit_mean":0.006684482678831783,"profit_mean_pct":0.67,"profit_total_abs":0.6997746899999999,"profit_total":0.013995493799999998,"profit_total_pct":1.4,"duration_avg":"5:15:00","wins":7,"draws":0,"losses":4,"winrate":0.6363636363636364,"cagr":0.08978671804170268,"expectancy":0.06361588090909087,"expectancy_ratio":0.18845614740858796,"sortino":36.99655565640019,"sharpe":0.7084645071802704,"calmar":19.915950787332427,"sqn":0.629,"profit_factor":1.5182544053736169,"max_drawdown_account":0.022755249533033078,"max_drawdown_abs":1.1468060800000002},{"key":"ETH/USDT","trades":9,"profit_mean":0.005961208156837688,"profit_mean_pct":0.6,"profit_total_abs":0.49297538999999996,"profit_total":0.009859507799999999,"profit_total_pct":0.99,"duration_avg":"5:16:00","wins":5,"draws":0,"losses":4,"winrate":0.5555555555555556,"cagr":0.06257640566389155,"expectancy":0.05477504333333333,"expectancy_ratio":0.16199638458761068,"sortino":33.14825878574182,"sharpe":0.4083728501263329,"calmar":23.55449141578133,"sqn":0.3963,"profit_factor":1.3644918653221236,"max_drawdown_account":0.013554263493594544,"max_drawdown_abs":0.68351085},{"key":"BTC/USDT","trades":2,"profit_mean":0.0156604733947145,"profit_mean_pct":1.57,"profit_total_abs":0.28796872000000007,"profit_total":0.005759374400000001,"profit_total_pct":0.58,"duration_avg":"2:08:00","wins":1,"draws":0,"losses":1,"winrate":0.5,"cagr":0.03616647076177437,"expectancy":0.14398436000000003,"expectancy_ratio":0.42600426695533966,"sortino":-100,"sharpe":0.19347174124924033,"calmar":27.589152855669482,"sqn":0.2987,"profit_factor":1.8520085339106793,"max_drawdown_account":0.006759761400000031,"max_drawdown_abs":0.33798807},{"key":"ADA/USDT","trades":5,"profit_mean":0.0009775465676138142,"profit_mean_pct":0.1,"profit_total_abs":0.04799194000000001,"profit_total":0.0009598388000000002,"profit_total_pct":0.1,"duration_avg":"5:35:00","wins":3,"draws":0,"losses":2,"winrate":0.6,"cagr":0.005952785691810014,"expectancy":0.009598387999999985,"expectancy_ratio":0.028959652218230936,"sortino":4.86402660736511,"sharpe":0.0552656768239666,"calmar":2.3632549108974255,"sqn":0.0683,"profit_factor":1.0723991305455771,"max_drawdown_account":0.013151707856882876,"max_drawdown_abs":0.66288006},{"key":"SOL/USDT","trades":11,"profit_mean":-0.010443286543188313,"profit_mean_pct":-1.04,"profit_total_abs":-1.18886455,"profit_total":-0.023777291,"profit_total_pct":-2.38,"duration_avg":"8:03:00","wins":4,"draws":0,"losses":7,"winrate":0.36363636363636365,"cagr":-0.1383221540481716,"expectancy":-0.10807859545454546,"expectancy_ratio":-0.3182183853455999,"sortino":-82.3859394596352,"sharpe":-1.222775348670527,"calmar":-24.505842825973406,"sqn":-1.0856,"profit_factor":0.4999425373140574,"max_drawdown_account":0.03141862319786739,"max_drawdown_abs":1.5833245499999997},{"key":"TOTAL","trades":50,"profit_mean":0.0026058589011015276,"profit_mean_pct":0.26,"profit_total_abs":1.1470973899999999,"profit_total":0.022941947799999998,"profit_total_pct":2.29,"duration_avg":"5:36:00","wins":28,"draws":0,"losses":22,"winrate":0.56,"cagr":0.15064817629893223,"expectancy":0.0229419478,"expectancy_ratio":0.06788607459159812,"sortino":66.76841836647046,"sharpe":1.0909897477465371,"calmar":11.493832925777607,"sqn":0.4717,"profit_factor":1.154286533162723,"max_drawdown_account":0.06463382051822028,"max_drawdown_abs":3.36809685}],"results_per_enter_tag":[{"key":"","trades":50,"profit_mean":0.0026058589011015276,"profit_mean_pct":0.26,"profit_total_abs":1.1470973899999999,"profit_total":0.022941947799999998,"profit_total_pct":2.29,"duration_avg":"5:36:00","wins":28,"draws":0,"losses":22,"winrate":0.56,"cagr":0.15064817629893223,"expectancy":0.0229419478,"expectancy_ratio":0.06788607459159812,"sortino":66.76841836647046,"sharpe":1.0909897477465371,"calmar":11.493832925777607,"sqn":0.4717,"profit_factor":1.154286533162723,"max_drawdown_account":0.06463382051822028,"max_drawdown_abs":3.36809685},{"key":"TOTAL","trades":50,"profit_mean":0.0026058589011015276,"profit_mean_pct":0.26,"profit_total_abs":1.1470973899999999,"profit_total":0.022941947799999998,"profit_total_pct":2.29,"duration_avg":"5:36:00","wins":28,"draws":0,"losses":22,"winrate":0.56,"cagr":0.15064817629893223,"expectancy":0.0229419478,"expectancy_ratio":0.06788607459159812,"sortino":66.76841836647046,"sharpe":1.0909897477465371,"calmar":11.493832925777607,"sqn":0.4717,"profit_factor":1.154286533162723,"max_drawdown_account":0.06463382051822028,"max_drawdown_abs":3.36809685}],"exit_reason_summary":[{"key":"roi","trades":28,"profit_mean":0.031031373062356146,"profit_mean_pct":3.1,"profit_total_abs":8.58194842,"profit_total":0.1716389684,"profit_total_pct":17.16,"duration_avg":"6:49:00","wins":28,"draws":0,"losses":0,"winrate":1.0,"cagr":1.6643348825157496,"expectancy":0.30649815785714285,"expectancy_ratio":100.0,"sortino":-100,"sharpe":17.851165244122154,"calmar":-100,"sqn":10.2305,"profit_factor":0.0,"max_drawdown_account":0.0,"max_drawdown_abs":0.0},{"key":"stop_loss","trades":22,"profit_mean":-0.03357206821322252,"profit_mean_pct":-3.36,"profit_total_abs":-7.43485103,"profit_total":-0.1486970206,"profit_total_pct":-14.87,"duration_avg":"4:04:00","wins":0,"draws":0,"losses":22,"winrate":0.0,"cagr":-0.6306230744349042,"expectancy":-0.3379477740909091,"expectancy_ratio":-1.0,"sortino":-432.75597032212227,"sharpe":-432.75597032212227,"calmar":-32.38131046532679,"sqn":-278.3785,"profit_factor":0.0,"max_drawdown_account":0.14869702059999995,"max_drawdown_abs":7.43485103},{"key":"TOTAL","trades":50,"profit_mean":0.0026058589011015276,"profit_mean_pct":0.26,"profit_total_abs":1.1470973899999999,"profit_total":0.022941947799999998,"profit_total_pct":2.29,"duration_avg":"5:36:00","wins":28,"draws":0,"losses":22,"winrate":0.56,"cagr":0.15064817629893223,"expectancy":0.0229419478,"expectancy_ratio":0.06788607459159812,"sortino":66.76841836647046,"sharpe":1.0909897477465371,"calmar":11.493832925777607,"sqn":0.4717,"profit_factor":1.154286533162723,"max_drawdown_account":0.06463382051822028,"max_drawdown_abs":3.36809685}],"mix_tag_stats":[{"key":["","roi"],"trades":28,"profit_mean":0.031031373062356146,"profit_mean_pct":3.1,"profit_total_abs":8.58194842,"profit_total":0.1716389684,"profit_total_pct":17.16,"duration_avg":"6:49:00","wins":28,"draws":0,"losses":0,"winrate":1.0,"cagr":1.6643348825157496,"expectancy":0.30649815785714285,"expectancy_ratio":100.0,"sortino":-100,"sharpe":17.851165244122154,"calmar":-100,"sqn":10.2305,"profit_factor":0.0,"max_drawdown_account":0.0,"max_drawdown_abs":0.0},{"key":["","stop_loss"],"trades":22,"profit_mean":-0.03357206821322252,"profit_mean_pct":-3.36,"profit_total_abs":-7.43485103,"profit_total":-0.1486970206,"profit_total_pct":-14.87,"duration_avg":"4:04:00","wins":0,"draws":0,"losses":22,"winrate":0.0,"cagr":-0.6306230744349042,"expectancy":-0.3379477740909091,"expectancy_ratio":-1.0,"sortino":-432.75597032212227,"sharpe":-432.75597032212227,"calmar":-32.38131046532679,"sqn":-278.3785,"profit_factor":0.0,"max_drawdown_account":0.14869702059999995,"max_drawdown_abs":7.43485103},{"key":"TOTAL","trades":50,"profit_mean":0.0026058589011015276,"profit_mean_pct":0.26,"profit_total_abs":1.1470973899999999,"profit_total":0.022941947799999998,"profit_total_pct":2.29,"duration_avg":"5:36:00","wins":28,"draws":0,"losses":22,"winrate":0.56,"cagr":0.15064817629893223,"expectancy":0.0229419478,"expectancy_ratio":0.06788607459159812,"sortino":66.76841836647046,"sharpe":1.0909897477465371,"calmar":11.493832925777607,"sqn":0.4717,"profit_factor":1.154286533162723,"max_drawdown_account":0.06463382051822028,"max_drawdown_abs":3.36809685}],"left_open_trades":[{"key":"TOTAL","trades":0,"profit_mean":0.0,"profit_mean_pct":0.0,"profit_total_abs":0.0,"profit_total":0.0,"profit_total_pct":0.0,"duration_avg":"0:00","wins":0,"draws":0,"losses":0,"winrate":0.0,"cagr":0.0,"expectancy":0.0,"expectancy_ratio":100.0,"sortino":0,"sharpe":0,"calmar":0,"sqn":0.0,"profit_factor":0.0,"max_drawdown_account":0.0,"max_drawdown_abs":0.0}],"total_trades":50,"trade_count_long":50,"trade_count_short":0,"total_volume":999.9872972173446,"avg_stake_amount":9.968422232,"profit_mean":0.0026058589011015276,"profit_median":0.019980019980019977,"profit_total":0.022941947799999998,"profit_total_long":0.022941947799999998,"profit_total_short":0.0,"profit_total_abs":1.1470973899999999,"profit_total_long_abs":1.1470973899999999,"profit_total_short_abs":0.0,"cagr":0.15064817629893223,"expectancy":0.0229419478,"expectancy_ratio":0.06788607459159812,"sortino":66.76841836647046,"sharpe":1.0909897477465371,"calmar":11.493832925777607,"sqn":0.4717,"profit_factor":1.154286533162723,"backtest_start":"2025-12-09 02:30:00","backtest_start_ts":1765247400000,"backtest_end":"2026-02-07 00:00:00","backtest_end_ts":1770422400000,"backtest_days":59,"backtest_run_start_ts":1770446672,"backtest_run_end_ts":1770446673,"trades_per_day":0.85,"market_change":-0.3112648063328101,"pairlist":["ICP/USDT","VET/USDT","ADA/USDT","ETH/USDT","BTC/USDT","SOL/USDT"],"stake_amount":"unlimited","stake_currency":"USDT","stake_currency_decimals":3,"starting_balance":50,"dry_run_wallet":50,"final_balance":51.14709739,"rejected_signals":1,"timedout_entry_orders":0,"timedout_exit_orders":0,"canceled_trade_entries":0,"canceled_entry_orders":0,"replaced_entry_orders":0,"max_open_trades":5,"max_open_trades_setting":5,"timeframe":"5m","timeframe_detail":"","timerange":"20251209-20260207","enable_protections":false,"strategy_name":"UniversalMACD","freqaimodel":"XGBoostRegressor","freqai_identifier":"qs_v9_scalp_5m1h_l2","stoploss":-0.0318,"trailing_stop":false,"trailing_stop_positive":null,"trailing_stop_positive_offset":0.0,"trailing_only_offset_is_reached":false,"use_custom_stoploss":false,"minimal_roi":{"0":0.1,"60":0.05,"240":0.02,"1440":0.01},"use_exit_signal":true,"exit_profit_only":false,"exit_profit_offset":0.0,"ignore_roi_if_entry_signal":false,"trading_mode":"spot","margin_mode":"","periodic_breakdown":{"day":[{"date":"13/12/2025","date_ts":1765584000000,"profit_abs":0.30055238,"wins":2,"draws":0,"losses":0,"trades":2,"profit_factor":0.0},{"date":"14/12/2025","date_ts":1765670400000,"profit_abs":0.0,"wins":0,"draws":0,"losses":0,"trades":0,"profit_factor":0.0},{"date":"15/12/2025","date_ts":1765756800000,"profit_abs":-0.33332121,"wins":0,"draws":0,"losses":1,"trades":1,"profit_factor":0.0},{"date":"16/12/2025","date_ts":1765843200000,"profit_abs":0.1988648,"wins":1,"draws":0,"losses":0,"trades":1,"profit_factor":0.0},{"date":"17/12/2025","date_ts":1765929600000,"profit_abs":0.0,"wins":0,"draws":0,"losses":0,"trades":0,"profit_factor":0.0},{"date":"18/12/2025","date_ts":1766016000000,"profit_abs":0.196976,"wins":1,"draws":0,"losses":0,"trades":1,"profit_factor":0.0},{"date":"19/12/2025","date_ts":1766102400000,"profit_abs":0.79495844,"wins":4,"draws":0,"losses":0,"trades":4,"profit_factor":0.0},{"date":"20/12/2025","date_ts":1766188800000,"profit_abs":0.0,"wins":0,"draws":0,"losses":0,"trades":0,"profit_factor":0.0},{"date":"21/12/2025","date_ts":1766275200000,"profit_abs":0.0,"wins":0,"draws":0,"losses":0,"trades":0,"profit_factor":0.0},{"date":"22/12/2025","date_ts":1766361600000,"profit_abs":0.0,"wins":0,"draws":0,"losses":0,"trades":0,"profit_factor":0.0},{"date":"23/12/2025","date_ts":1766448000000,"profit_abs":0.0,"wins":0,"draws":0,"losses":0,"trades":0,"profit_factor":0.0},{"date":"24/12/2025","date_ts":1766534400000,"profit_abs":0.0,"wins":0,"draws":0,"losses":0,"trades":0,"profit_factor":0.0},{"date":"25/12/2025","date_ts":1766620800000,"profit_abs":0.0,"wins":0,"draws":0,"losses":0,"trades":0,"profit_factor":0.0},{"date":"26/12/2025","date_ts":1766707200000,"profit_abs":0.0,"wins":0,"draws":0,"losses":0,"trades":0,"profit_factor":0.0},{"date":"27/12/2025","date_ts":1766793600000,"profit_abs":0.0,"wins":0,"draws":0,"losses":0,"trades":0,"profit_factor":0.0},{"date":"28/12/2025","date_ts":1766880000000,"profit_abs":0.0,"wins":0,"draws":0,"losses":0,"trades":0,"profit_factor":0.0},{"date":"29/12/2025","date_ts":1766966400000,"profit_abs":0.0,"wins":0,"draws":0,"losses":0,"trades":0,"profit_factor":0.0},{"date":"30/12/2025","date_ts":1767052800000,"profit_abs":0.0,"wins":0,"draws":0,"losses":0,"trades":0,"profit_factor":0.0},{"date":"31/12/2025","date_ts":1767139200000,"profit_abs":0.0,"wins":0,"draws":0,"losses":0,"trades":0,"profit_factor":0.0},{"date":"01/01/2026","date_ts":1767225600000,"profit_abs":0.0,"wins":0,"draws":0,"losses":0,"trades":0,"profit_factor":0.0},{"date":"02/01/2026","date_ts":1767312000000,"profit_abs":0.0,"wins":0,"draws":0,"losses":0,"trades":0,"profit_factor":0.0},{"date":"03/01/2026","date_ts":1767398400000,"profit_abs":0.0,"wins":0,"draws":0,"losses":0,"trades":0,"profit_factor":0.0},{"date":"04/01/2026","date_ts":1767484800000,"profit_abs":0.0,"wins":0,"draws":0,"losses":0,"trades":0,"profit_factor":0.0},{"date":"05/01/2026","date_ts":1767571200000,"profit_abs":0.0,"wins":0,"draws":0,"losses":0,"trades":0,"profit_factor":0.0},{"date":"06/01/2026","date_ts":1767657600000,"profit_abs":0.2020992,"wins":1,"draws":0,"losses":0,"trades":1,"profit_factor":0.0},{"date":"07/01/2026","date_ts":1767744000000,"profit_abs":0.0,"wins":0,"draws":0,"losses":0,"trades":0,"profit_factor":0.0},{"date":"08/01/2026","date_ts":1767830400000,"profit_abs":0.0,"wins":0,"draws":0,"losses":0,"trades":0,"profit_factor":0.0},{"date":"09/01/2026","date_ts":1767916800000,"profit_abs":0.0,"wins":0,"draws":0,"losses":0,"trades":0,"profit_factor":0.0},{"date":"10/01/2026","date_ts":1768003200000,"profit_abs":0.0,"wins":0,"draws":0,"losses":0,"trades":0,"profit_factor":0.0},{"date":"11/01/2026","date_ts":1768089600000,"profit_abs":0.0,"wins":0,"draws":0,"losses":0,"trades":0,"profit_factor":0.0},{"date":"12/01/2026","date_ts":1768176000000,"profit_abs":0.0,"wins":0,"draws":0,"losses":0,"trades":0,"profit_factor":0.0},{"date":"13/01/2026","date_ts":1768262400000,"profit_abs":0.0,"wins":0,"draws":0,"losses":0,"trades":0,"profit_factor":0.0},{"date":"14/01/2026","date_ts":1768348800000,"profit_abs":0.0,"wins":0,"draws":0,"losses":0,"trades":0,"profit_factor":0.0},{"date":"15/01/2026","date_ts":1768435200000,"profit_abs":0.7119442,"wins":2,"draws":0,"losses":0,"trades":2,"profit_factor":0.0},{"date":"16/01/2026","date_ts":1768521600000,"profit_abs":0.0,"wins":0,"draws":0,"losses":0,"trades":0,"profit_factor":0.0},{"date":"17/01/2026","date_ts":1768608000000,"profit_abs":0.0,"wins":0,"draws":0,"losses":0,"trades":0,"profit_factor":0.0},{"date":"18/01/2026","date_ts":1768694400000,"profit_abs":0.0,"wins":0,"draws":0,"losses":0,"trades":0,"profit_factor":0.0},{"date":"19/01/2026","date_ts":1768780800000,"profit_abs":0.03836656,"wins":3,"draws":0,"losses":2,"trades":5,"profit_factor":1.0553156},{"date":"20/01/2026","date_ts":1768867200000,"profit_abs":-0.34063672,"wins":0,"draws":0,"losses":1,"trades":1,"profit_factor":0.0},{"date":"21/01/2026","date_ts":1768953600000,"profit_abs":0.0,"wins":0,"draws":0,"losses":0,"trades":0,"profit_factor":0.0},{"date":"22/01/2026","date_ts":1769040000000,"profit_abs":0.0,"wins":0,"draws":0,"losses":0,"trades":0,"profit_factor":0.0},{"date":"23/01/2026","date_ts":1769126400000,"profit_abs":0.0,"wins":0,"draws":0,"losses":0,"trades":0,"profit_factor":0.0},{"date":"24/01/2026","date_ts":1769212800000,"profit_abs":0.0,"wins":0,"draws":0,"losses":0,"trades":0,"profit_factor":0.0},{"date":"25/01/2026","date_ts":1769299200000,"profit_abs":0.0,"wins":0,"draws":0,"losses":0,"trades":0,"profit_factor":0.0},{"date":"26/01/2026","date_ts":1769385600000,"profit_abs":0.0,"wins":0,"draws":0,"losses":0,"trades":0,"profit_factor":0.0},{"date":"27/01/2026","date_ts":1769472000000,"profit_abs":0.0,"wins":0,"draws":0,"losses":0,"trades":0,"profit_factor":0.0},{"date":"28/01/2026","date_ts":1769558400000,"profit_abs":0.0,"wins":0,"draws":0,"losses":0,"trades":0,"profit_factor":0.0},{"date":"29/01/2026","date_ts":1769644800000,"profit_abs":0.0,"wins":0,"draws":0,"losses":0,"trades":0,"profit_factor":0.0},{"date":"30/01/2026","date_ts":1769731200000,"profit_abs":-0.68310366,"wins":0,"draws":0,"losses":2,"trades":2,"profit_factor":0.0},{"date":"31/01/2026","date_ts":1769817600000,"profit_abs":-0.99827616,"wins":4,"draws":0,"losses":7,"trades":11,"profit_factor":0.57417902},{"date":"01/02/2026","date_ts":1769904000000,"profit_abs":0.0,"wins":0,"draws":0,"losses":0,"trades":0,"profit_factor":0.0},{"date":"02/02/2026","date_ts":1769990400000,"profit_abs":0.75252624,"wins":2,"draws":0,"losses":0,"trades":2,"profit_factor":0.0},{"date":"03/02/2026","date_ts":1770076800000,"profit_abs":1.005548,"wins":2,"draws":0,"losses":0,"trades":2,"profit_factor":0.0},{"date":"04/02/2026","date_ts":1770163200000,"profit_abs":0.0,"wins":0,"draws":0,"losses":0,"trades":0,"profit_factor":0.0},{"date":"05/02/2026","date_ts":1770249600000,"profit_abs":-0.46196665,"wins":1,"draws":0,"losses":2,"trades":3,"profit_factor":0.3316684},{"date":"06/02/2026","date_ts":1770336000000,"profit_abs":-0.23743403,"wins":5,"draws":0,"losses":7,"trades":12,"profit_factor":0.89890468}],"week":[{"date":"15/12/2025","date_ts":1765756800000,"profit_abs":-0.03276883,"wins":2,"draws":0,"losses":1,"trades":3,"profit_factor":0.90168993},{"date":"22/12/2025","date_ts":1766361600000,"profit_abs":1.19079924,"wins":6,"draws":0,"losses":0,"trades":6,"profit_factor":0.0},{"date":"29/12/2025","date_ts":1766966400000,"profit_abs":0.0,"wins":0,"draws":0,"losses":0,"trades":0,"profit_factor":0.0},{"date":"05/01/2026","date_ts":1767571200000,"profit_abs":0.0,"wins":0,"draws":0,"losses":0,"trades":0,"profit_factor":0.0},{"date":"12/01/2026","date_ts":1768176000000,"profit_abs":0.2020992,"wins":1,"draws":0,"losses":0,"trades":1,"profit_factor":0.0},{"date":"19/01/2026","date_ts":1768780800000,"profit_abs":0.75031076,"wins":5,"draws":0,"losses":2,"trades":7,"profit_factor":2.08177253},{"date":"26/01/2026","date_ts":1769385600000,"profit_abs":-0.34063672,"wins":0,"draws":0,"losses":1,"trades":1,"profit_factor":0.0},{"date":"02/02/2026","date_ts":1769990400000,"profit_abs":-0.92885358,"wins":6,"draws":0,"losses":9,"trades":15,"profit_factor":0.69319048},{"date":"09/02/2026","date_ts":1770595200000,"profit_abs":0.30614732,"wins":8,"draws":0,"losses":9,"trades":17,"profit_factor":1.10071168}],"month":[{"date":"31/12/2025","date_ts":1767139200000,"profit_abs":1.15803041,"wins":8,"draws":0,"losses":1,"trades":9,"profit_factor":4.47421759},{"date":"31/01/2026","date_ts":1769817600000,"profit_abs":-1.06960658,"wins":10,"draws":0,"losses":12,"trades":22,"profit_factor":0.73665977},{"date":"28/02/2026","date_ts":1772236800000,"profit_abs":1.05867356,"wins":10,"draws":0,"losses":9,"trades":19,"profit_factor":1.34826631}],"year":[{"date":"31/12/2025","date_ts":1767139200000,"profit_abs":1.15803041,"wins":8,"draws":0,"losses":1,"trades":9,"profit_factor":4.47421759},{"date":"31/12/2026","date_ts":1798675200000,"profit_abs":-0.01093302,"wins":20,"draws":0,"losses":21,"trades":41,"profit_factor":0.99846047}],"weekday":[{"date":"Monday","date_ts":0,"profit_abs":0.45757159,"wins":5,"draws":0,"losses":3,"trades":8,"profit_factor":1.44557881},{"date":"Tuesday","date_ts":1,"profit_abs":1.06587528,"wins":4,"draws":0,"losses":1,"trades":5,"profit_factor":4.12906747},{"date":"Thursday","date_ts":3,"profit_abs":0.44695355,"wins":4,"draws":0,"losses":2,"trades":6,"profit_factor":1.64661201},{"date":"Friday","date_ts":4,"profit_abs":-0.12557925,"wins":9,"draws":0,"losses":9,"trades":18,"profit_factor":0.9585782},{"date":"Saturday","date_ts":5,"profit_abs":-0.69772378,"wins":6,"draws":0,"losses":7,"trades":13,"profit_factor":0.70238153}]},"backtest_best_day":0.09990009990009989,"backtest_worst_day":-0.09472394907148496,"backtest_best_day_abs":1.005548,"backtest_worst_day_abs":-0.99827616,"winning_days":9,"draw_days":41,"losing_days":6,"daily_profit":[["2025-12-13",0.30055238],["2025-12-14",0.0],["2025-12-15",-0.33332121],["2025-12-16",0.1988648],["2025-12-17",0.0],["2025-12-18",0.196976],["2025-12-19",0.79495844],["2025-12-20",0.0],["2025-12-21",0.0],["2025-12-22",0.0],["2025-12-23",0.0],["2025-12-24",0.0],["2025-12-25",0.0],["2025-12-26",0.0],["2025-12-27",0.0],["2025-12-28",0.0],["2025-12-29",0.0],["2025-12-30",0.0],["2025-12-31",0.0],["2026-01-01",0.0],["2026-01-02",0.0],["2026-01-03",0.0],["2026-01-04",0.0],["2026-01-05",0.0],["2026-01-06",0.2020992],["2026-01-07",0.0],["2026-01-08",0.0],["2026-01-09",0.0],["2026-01-10",0.0],["2026-01-11",0.0],["2026-01-12",0.0],["2026-01-13",0.0],["2026-01-14",0.0],["2026-01-15",0.7119442],["2026-01-16",0.0],["2026-01-17",0.0],["2026-01-18",0.0],["2026-01-19",0.03836656],["2026-01-20",-0.34063672],["2026-01-21",0.0],["2026-01-22",0.0],["2026-01-23",0.0],["2026-01-24",0.0],["2026-01-25",0.0],["2026-01-26",0.0],["2026-01-27",0.0],["2026-01-28",0.0],["2026-01-29",0.0],["2026-01-30",-0.68310366],["2026-01-31",-0.99827616],["2026-02-01",0.0],["2026-02-02",0.75252624],["2026-02-03",1.005548],["2026-02-04",0.0],["2026-02-05",-0.46196665],["2026-02-06",-0.23743403]],"wins":28,"losses":22,"draws":0,"winrate":0.56,"holding_avg":"5:36:00","holding_avg_s":20160.0,"winner_holding_min":"0d 01:00","winner_holding_min_s":3600.0,"winner_holding_max":"1d 00:00","winner_holding_max_s":86400.0,"winner_holding_avg":"0d 06:49","winner_holding_avg_s":24540.0,"loser_holding_min":"0d 00:00","loser_holding_min_s":0.0,"loser_holding_max":"1d 08:00","loser_holding_max_s":115200.0,"loser_holding_avg":"0d 04:04","loser_holding_avg_s":14640.0,"max_consecutive_wins":9,"max_consecutive_losses":10,"max_drawdown_account":0.06463382051822028,"max_relative_drawdown":0.06463382051822028,"max_drawdown_abs":3.36809685,"drawdown_start":"2026-01-19 19:15:00","drawdown_start_ts":1768850100000.0,"drawdown_end":"2026-01-31 18:40:00","drawdown_end_ts":1769884800000.0,"drawdown_duration":"11 days 23:25:00","drawdown_duration_s":1034700.0,"max_drawdown_low":-1.25765648,"max_drawdown_high":2.11044037,"csum_min":48.74234352,"csum_max":52.11044037}},"strategy_comparison":[{"key":"UniversalMACD","trades":50,"profit_mean":0.0026058589011015276,"profit_mean_pct":0.26,"profit_total_abs":1.1470973899999999,"profit_total":0.022941947799999998,"profit_total_pct":2.29,"duration_avg":"5:36:00","wins":28,"draws":0,"losses":22,"winrate":0.56,"cagr":0.15064817629893223,"expectancy":0.0229419478,"expectancy_ratio":0.06788607459159812,"sortino":66.76841836647046,"sharpe":1.0909897477465371,"calmar":11.493832925777607,"sqn":0.4717,"profit_factor":1.154286533162723,"max_drawdown_account":0.06463382051822028,"max_drawdown_abs":"3.368"}]}