{"strategy":{"MultiMa":{"trades":[{"pair":"XRP/USDT","stake_amount":24.48085,"max_stake_amount":24.48085,"amount":8.3,"open_date":"2025-08-06 11:15:00+00:00","close_date":"2025-08-07 14:40:00+00:00","open_rate":2.9495,"close_rate":3.0614,"fee_open":0.001,"fee_close":0.001,"trade_duration":1645,"profit_ratio":0.035864830202853595,"profit_abs":0.87887953,"exit_reason":"exit_signal","initial_stop_loss_abs":1.932,"initial_stop_loss_ratio":-0.345,"stop_loss_abs":1.932,"stop_loss_ratio":-0.345,"min_rate":2.9233000000000002,"max_rate":3.0882,"is_open":false,"enter_tag":"","leverage":1.0,"is_short":false,"open_timestamp":1754478900000,"close_timestamp":1754577600000,"orders":[{"amount":8.3,"safe_price":2.9495,"ft_order_side":"buy","order_filled_timestamp":1754478900000,"ft_is_entry":true,"ft_order_tag":"","cost":24.50533085},{"amount":8.3,"safe_price":3.0614,"ft_order_side":"sell","order_filled_timestamp":1754577600000,"ft_is_entry":false,"ft_order_tag":"exit_signal","cost":25.435029619999998}],"funding_fees":0.0,"weekday":3},{"pair":"SAND/USDT","stake_amount":24.7032,"max_stake_amount":24.7032,"amount":94.0,"open_date":"2025-08-06 13:40:00+00:00","close_date":"2025-08-07 14:40:00+00:00","open_rate":0.2628,"close_rate":0.279,"fee_open":0.001,"fee_close":0.001,"trade_duration":1500,"profit_ratio":0.0595226691117102,"profit_abs":1.4718708,"exit_reason":"exit_signal","initial_stop_loss_abs":0.1722,"initial_stop_loss_ratio":-0.345,"stop_loss_abs":0.1722,"stop_loss_ratio":-0.345,"min_rate":0.2617,"max_rate":0.2822,"is_open":false,"enter_tag":"","leverage":1.0,"is_short":false,"open_timestamp":1754487600000,"close_timestamp":1754577600000,"orders":[{"amount":94.0,"safe_price":0.26280000000000003,"ft_order_side":"buy","order_filled_timestamp":1754487600000,"ft_is_entry":true,"ft_order_tag":"","cost":24.7279032},{"amount":94.0,"safe_price":0.279,"ft_order_side":"sell","order_filled_timestamp":1754577600000,"ft_is_entry":false,"ft_order_tag":"exit_signal","cost":26.252226}],"funding_fees":0.0,"weekday":3},{"pair":"SAND/USDT","stake_amount":25.8428,"max_stake_amount":25.8428,"amount":92.0,"open_date":"2025-08-07 20:55:00+00:00","close_date":"2025-08-08 02:20:00+00:00","open_rate":0.2809,"close_rate":0.28340000000000004,"fee_open":0.001,"fee_close":0.001,"trade_duration":325,"profit_ratio":0.006884180255486769,"profit_abs":0.1780844,"exit_reason":"exit_signal","initial_stop_loss_abs":0.184,"initial_stop_loss_ratio":-0.345,"stop_loss_abs":0.184,"stop_loss_ratio":-0.345,"min_rate":0.2808,"max_rate":0.2894,"is_open":false,"enter_tag":"","leverage":1.0,"is_short":false,"open_timestamp":1754600100000,"close_timestamp":1754619600000,"orders":[{"amount":92.0,"safe_price":0.28090000000000004,"ft_order_side":"buy","order_filled_timestamp":1754600100000,"ft_is_entry":true,"ft_order_tag":"","cost":25.8686428},{"amount":92.0,"safe_price":0.28340000000000004,"ft_order_side":"sell","order_filled_timestamp":1754619600000,"ft_is_entry":false,"ft_order_tag":"exit_signal","cost":26.098872800000002}],"funding_fees":0.0,"weekday":4},{"pair":"XRP/USDT","stake_amount":25.77648,"max_stake_amount":25.77648,"amount":8.3,"open_date":"2025-08-07 20:15:00+00:00","close_date":"2025-08-08 02:40:00+00:00","open_rate":3.1056,"close_rate":3.3218,"fee_open":0.001,"fee_close":0.001,"trade_duration":385,"profit_ratio":0.0674790819690356,"profit_abs":1.74111258,"exit_reason":"exit_signal","initial_stop_loss_abs":2.0342,"initial_stop_loss_ratio":-0.345,"stop_loss_abs":2.0342,"stop_loss_ratio":-0.345,"min_rate":3.0994,"max_rate":3.337,"is_open":false,"enter_tag":"","leverage":1.0,"is_short":false,"open_timestamp":1754597700000,"close_timestamp":1754620800000,"orders":[{"amount":8.3,"safe_price":3.1056,"ft_order_side":"buy","order_filled_timestamp":1754597700000,"ft_is_entry":true,"ft_order_tag":"","cost":25.80225648},{"amount":8.3,"safe_price":3.3218,"ft_order_side":"sell","order_filled_timestamp":1754620800000,"ft_is_entry":false,"ft_order_tag":"exit_signal","cost":27.59851094}],"funding_fees":0.0,"weekday":4},{"pair":"SAND/USDT","stake_amount":26.6903,"max_stake_amount":26.6903,"amount":91.0,"open_date":"2025-08-08 18:25:00+00:00","close_date":"2025-08-08 19:50:00+00:00","open_rate":0.2933,"close_rate":0.2914,"fee_open":0.001,"fee_close":0.001,"trade_duration":85,"profit_ratio":-0.008463067787991075,"profit_abs":-0.2261077,"exit_reason":"exit_signal","initial_stop_loss_abs":0.1922,"initial_stop_loss_ratio":-0.345,"stop_loss_abs":0.1922,"stop_loss_ratio":-0.345,"min_rate":0.2906,"max_rate":0.2933,"is_open":false,"enter_tag":"","leverage":1.0,"is_short":false,"open_timestamp":1754677500000,"close_timestamp":1754682600000,"orders":[{"amount":91.0,"safe_price":0.2933,"ft_order_side":"buy","order_filled_timestamp":1754677500000,"ft_is_entry":true,"ft_order_tag":"","cost":26.7169903},{"amount":91.0,"safe_price":0.2914,"ft_order_side":"sell","order_filled_timestamp":1754682600000,"ft_is_entry":false,"ft_order_tag":"exit_signal","cost":26.543917399999994}],"funding_fees":0.0,"weekday":4},{"pair":"XRP/USDT","stake_amount":26.5608,"max_stake_amount":26.5608,"amount":8.0,"open_date":"2025-08-09 08:00:00+00:00","close_date":"2025-08-09 11:50:00+00:00","open_rate":3.3201,"close_rate":3.3093,"fee_open":0.001,"fee_close":0.001,"trade_duration":230,"profit_ratio":-0.005244416738046449,"profit_abs":-0.1394352,"exit_reason":"exit_signal","initial_stop_loss_abs":2.1747,"initial_stop_loss_ratio":-0.345,"stop_loss_abs":2.1747,"stop_loss_ratio":-0.345,"min_rate":3.3044000000000002,"max_rate":3.3475,"is_open":false,"enter_tag":"","leverage":1.0,"is_short":false,"open_timestamp":1754726400000,"close_timestamp":1754740200000,"orders":[{"amount":8.0,"safe_price":3.3201,"ft_order_side":"buy","order_filled_timestamp":1754726400000,"ft_is_entry":true,"ft_order_tag":"","cost":26.5873608},{"amount":8.0,"safe_price":3.3093,"ft_order_side":"sell","order_filled_timestamp":1754740200000,"ft_is_entry":false,"ft_order_tag":"exit_signal","cost":26.500874399999997}],"funding_fees":0.0,"weekday":5},{"pair":"SAND/USDT","stake_amount":26.5754,"max_stake_amount":26.5754,"amount":89.0,"open_date":"2025-08-09 05:50:00+00:00","close_date":"2025-08-09 12:05:00+00:00","open_rate":0.2986,"close_rate":0.3003,"fee_open":0.001,"fee_close":0.001,"trade_duration":375,"profit_ratio":0.0036838580040187536,"profit_abs":0.0979979,"exit_reason":"exit_signal","initial_stop_loss_abs":0.1956,"initial_stop_loss_ratio":-0.345,"stop_loss_abs":0.1956,"stop_loss_ratio":-0.345,"min_rate":0.2953,"max_rate":0.3019,"is_open":false,"enter_tag":"","leverage":1.0,"is_short":false,"open_timestamp":1754718600000,"close_timestamp":1754741100000,"orders":[{"amount":89.0,"safe_price":0.29860000000000003,"ft_order_side":"buy","order_filled_timestamp":1754718600000,"ft_is_entry":true,"ft_order_tag":"","cost":26.6019754},{"amount":89.0,"safe_price":0.3003,"ft_order_side":"sell","order_filled_timestamp":1754741100000,"ft_is_entry":false,"ft_order_tag":"exit_signal","cost":26.7534267}],"funding_fees":0.0,"weekday":5},{"pair":"SAND/USDT","stake_amount":26.448,"max_stake_amount":26.448,"amount":87.0,"open_date":"2025-08-09 12:35:00+00:00","close_date":"2025-08-09 13:20:00+00:00","open_rate":0.304,"close_rate":0.3013,"fee_open":0.001,"fee_close":0.001,"trade_duration":45,"profit_ratio":-0.010861835532888166,"profit_abs":-0.2875611,"exit_reason":"exit_signal","initial_stop_loss_abs":0.1992,"initial_stop_loss_ratio":-0.345,"stop_loss_abs":0.1992,"stop_loss_ratio":-0.345,"min_rate":0.30060000000000003,"max_rate":0.3045,"is_open":false,"enter_tag":"","leverage":1.0,"is_short":false,"open_timestamp":1754742900000,"close_timestamp":1754745600000,"orders":[{"amount":87.0,"safe_price":0.304,"ft_order_side":"buy","order_filled_timestamp":1754742900000,"ft_is_entry":true,"ft_order_tag":"","cost":26.474448},{"amount":87.0,"safe_price":0.3013,"ft_order_side":"sell","order_filled_timestamp":1754745600000,"ft_is_entry":false,"ft_order_tag":"exit_signal","cost":26.239313099999997}],"funding_fees":0.0,"weekday":5},{"pair":"XRP/USDT","stake_amount":26.52264,"max_stake_amount":26.52264,"amount":8.1,"open_date":"2025-08-12 19:40:00+00:00","close_date":"2025-08-12 21:55:00+00:00","open_rate":3.2744,"close_rate":3.2728,"fee_open":0.001,"fee_close":0.001,"trade_duration":135,"profit_ratio":-0.0024856648360190993,"profit_abs":-0.06599232,"exit_reason":"exit_signal","initial_stop_loss_abs":2.1448,"initial_stop_loss_ratio":-0.345,"stop_loss_abs":2.1448,"stop_loss_ratio":-0.345,"min_rate":3.2619,"max_rate":3.3067,"is_open":false,"enter_tag":"","leverage":1.0,"is_short":false,"open_timestamp":1755027600000,"close_timestamp":1755035700000,"orders":[{"amount":8.1,"safe_price":3.2744,"ft_order_side":"buy","order_filled_timestamp":1755027600000,"ft_is_entry":true,"ft_order_tag":"","cost":26.549162639999995},{"amount":8.1,"safe_price":3.2728,"ft_order_side":"sell","order_filled_timestamp":1755035700000,"ft_is_entry":false,"ft_order_tag":"exit_signal","cost":26.536189679999996}],"funding_fees":0.0,"weekday":1},{"pair":"XRP/USDT","stake_amount":26.24496,"max_stake_amount":26.24496,"amount":8.4,"open_date":"2025-08-16 08:20:00+00:00","close_date":"2025-08-16 11:00:00+00:00","open_rate":3.1244,"close_rate":3.1261,"fee_open":0.001,"fee_close":0.001,"trade_duration":160,"profit_ratio":-0.0014549846517584325,"profit_abs":-0.0382242,"exit_reason":"exit_signal","initial_stop_loss_abs":2.0465,"initial_stop_loss_ratio":-0.345,"stop_loss_abs":2.0465,"stop_loss_ratio":-0.345,"min_rate":3.1203,"max_rate":3.156,"is_open":false,"enter_tag":"","leverage":1.0,"is_short":false,"open_timestamp":1755332400000,"close_timestamp":1755342000000,"orders":[{"amount":8.4,"safe_price":3.1244,"ft_order_side":"buy","order_filled_timestamp":1755332400000,"ft_is_entry":true,"ft_order_tag":"","cost":26.27120496},{"amount":8.4,"safe_price":3.1261,"ft_order_side":"sell","order_filled_timestamp":1755342000000,"ft_is_entry":false,"ft_order_tag":"exit_signal","cost":26.28549924}],"funding_fees":0.0,"weekday":5},{"pair":"SAND/USDT","stake_amount":26.3529,"max_stake_amount":26.3529,"amount":89.0,"open_date":"2025-08-16 15:05:00+00:00","close_date":"2025-08-16 18:00:00+00:00","open_rate":0.2961,"close_rate":0.2958,"fee_open":0.001,"fee_close":0.001,"trade_duration":175,"profit_ratio":-0.00300914890580544,"profit_abs":-0.0793791,"exit_reason":"exit_signal","initial_stop_loss_abs":0.194,"initial_stop_loss_ratio":-0.345,"stop_loss_abs":0.194,"stop_loss_ratio":-0.345,"min_rate":0.29460000000000003,"max_rate":0.3057,"is_open":false,"enter_tag":"","leverage":1.0,"is_short":false,"open_timestamp":1755356700000,"close_timestamp":1755367200000,"orders":[{"amount":89.0,"safe_price":0.29610000000000003,"ft_order_side":"buy","order_filled_timestamp":1755356700000,"ft_is_entry":true,"ft_order_tag":"","cost":26.379252899999997},{"amount":89.0,"safe_price":0.2958,"ft_order_side":"sell","order_filled_timestamp":1755367200000,"ft_is_entry":false,"ft_order_tag":"exit_signal","cost":26.352526199999996}],"funding_fees":0.0,"weekday":5},{"pair":"SAND/USDT","stake_amount":26.4516,"max_stake_amount":26.4516,"amount":94.0,"open_date":"2025-08-20 15:20:00+00:00","close_date":"2025-08-20 21:40:00+00:00","open_rate":0.2814,"close_rate":0.28400000000000003,"fee_open":0.001,"fee_close":0.001,"trade_duration":380,"profit_ratio":0.007223054131369695,"profit_abs":0.1912524,"exit_reason":"exit_signal","initial_stop_loss_abs":0.1844,"initial_stop_loss_ratio":-0.345,"stop_loss_abs":0.1844,"stop_loss_ratio":-0.345,"min_rate":0.2787,"max_rate":0.2853,"is_open":false,"enter_tag":"","leverage":1.0,"is_short":false,"open_timestamp":1755703200000,"close_timestamp":1755726000000,"orders":[{"amount":94.0,"safe_price":0.28140000000000004,"ft_order_side":"buy","order_filled_timestamp":1755703200000,"ft_is_entry":true,"ft_order_tag":"","cost":26.4780516},{"amount":94.0,"safe_price":0.28400000000000003,"ft_order_side":"sell","order_filled_timestamp":1755726000000,"ft_is_entry":false,"ft_order_tag":"exit_signal","cost":26.722696}],"funding_fees":0.0,"weekday":2},{"pair":"XRP/USDT","stake_amount":26.30217,"max_stake_amount":26.30217,"amount":8.9,"open_date":"2025-08-20 19:35:00+00:00","close_date":"2025-08-20 22:45:00+00:00","open_rate":2.9553,"close_rate":2.9697,"fee_open":0.001,"fee_close":0.001,"trade_duration":190,"profit_ratio":0.00286486430025157,"profit_abs":0.0754275,"exit_reason":"exit_signal","initial_stop_loss_abs":1.9358,"initial_stop_loss_ratio":-0.345,"stop_loss_abs":1.9358,"stop_loss_ratio":-0.345,"min_rate":2.9513,"max_rate":2.9896000000000003,"is_open":false,"enter_tag":"","leverage":1.0,"is_short":false,"open_timestamp":1755718500000,"close_timestamp":1755729900000,"orders":[{"amount":8.9,"safe_price":2.9553000000000003,"ft_order_side":"buy","order_filled_timestamp":1755718500000,"ft_is_entry":true,"ft_order_tag":"","cost":26.32847217},{"amount":8.9,"safe_price":2.9697,"ft_order_side":"sell","order_filled_timestamp":1755729900000,"ft_is_entry":false,"ft_order_tag":"exit_signal","cost":26.456760329999998}],"funding_fees":0.0,"weekday":2},{"pair":"XRP/USDT","stake_amount":26.44312,"max_stake_amount":26.44312,"amount":8.8,"open_date":"2025-08-22 15:00:00+00:00","close_date":"2025-08-22 20:20:00+00:00","open_rate":3.0049,"close_rate":3.0798,"fee_open":0.001,"fee_close":0.001,"trade_duration":320,"profit_ratio":0.02287815017023976,"profit_abs":0.60557464,"exit_reason":"exit_signal","initial_stop_loss_abs":1.9683,"initial_stop_loss_ratio":-0.345,"stop_loss_abs":1.9683,"stop_loss_ratio":-0.345,"min_rate":3.0048,"max_rate":3.1,"is_open":false,"enter_tag":"","leverage":1.0,"is_short":false,"open_timestamp":1755874800000,"close_timestamp":1755894000000,"orders":[{"amount":8.8,"safe_price":3.0049,"ft_order_side":"buy","order_filled_timestamp":1755874800000,"ft_is_entry":true,"ft_order_tag":"","cost":26.46956312},{"amount":8.8,"safe_price":3.0798,"ft_order_side":"sell","order_filled_timestamp":1755894000000,"ft_is_entry":false,"ft_order_tag":"exit_signal","cost":27.12934224}],"funding_fees":0.0,"weekday":4},{"pair":"SAND/USDT","stake_amount":26.424,"max_stake_amount":26.424,"amount":90.0,"open_date":"2025-08-22 15:25:00+00:00","close_date":"2025-08-22 20:50:00+00:00","open_rate":0.2936,"close_rate":0.3062,"fee_open":0.001,"fee_close":0.001,"trade_duration":325,"profit_ratio":0.04083178401979491,"profit_abs":1.080018,"exit_reason":"exit_signal","initial_stop_loss_abs":0.1924,"initial_stop_loss_ratio":-0.345,"stop_loss_abs":0.1924,"stop_loss_ratio":-0.345,"min_rate":0.2921,"max_rate":0.307,"is_open":false,"enter_tag":"","leverage":1.0,"is_short":false,"open_timestamp":1755876300000,"close_timestamp":1755895800000,"orders":[{"amount":90.0,"safe_price":0.2936,"ft_order_side":"buy","order_filled_timestamp":1755876300000,"ft_is_entry":true,"ft_order_tag":"","cost":26.450424},{"amount":90.0,"safe_price":0.3062,"ft_order_side":"sell","order_filled_timestamp":1755895800000,"ft_is_entry":false,"ft_order_tag":"exit_signal","cost":27.585558}],"funding_fees":0.0,"weekday":4},{"pair":"XRP/USDT","stake_amount":27.3346,"max_stake_amount":27.3346,"amount":9.7,"open_date":"2025-08-31 00:00:00+00:00","close_date":"2025-08-31 05:00:00+00:00","open_rate":2.818,"close_rate":2.8474,"fee_open":0.001,"fee_close":0.001,"trade_duration":300,"profit_ratio":0.008414084141550428,"profit_abs":0.23022562,"exit_reason":"exit_signal","initial_stop_loss_abs":1.8458,"initial_stop_loss_ratio":-0.345,"stop_loss_abs":1.8458,"stop_loss_ratio":-0.345,"min_rate":2.818,"max_rate":2.8693,"is_open":false,"enter_tag":"","leverage":1.0,"is_short":false,"open_timestamp":1756598400000,"close_timestamp":1756616400000,"orders":[{"amount":9.7,"safe_price":2.818,"ft_order_side":"buy","order_filled_timestamp":1756598400000,"ft_is_entry":true,"ft_order_tag":"","cost":27.361934599999994},{"amount":9.7,"safe_price":2.8474,"ft_order_side":"sell","order_filled_timestamp":1756616400000,"ft_is_entry":false,"ft_order_tag":"exit_signal","cost":27.647399779999997}],"funding_fees":0.0,"weekday":6},{"pair":"SAND/USDT","stake_amount":27.44,"max_stake_amount":27.44,"amount":98.0,"open_date":"2025-08-31 01:00:00+00:00","close_date":"2025-08-31 05:40:00+00:00","open_rate":0.28,"close_rate":0.2818,"fee_open":0.001,"fee_close":0.001,"trade_duration":280,"profit_ratio":0.004417725132010846,"profit_abs":0.1213436,"exit_reason":"exit_signal","initial_stop_loss_abs":0.1835,"initial_stop_loss_ratio":-0.345,"stop_loss_abs":0.1835,"stop_loss_ratio":-0.345,"min_rate":0.2798,"max_rate":0.2878,"is_open":false,"enter_tag":"","leverage":1.0,"is_short":false,"open_timestamp":1756602000000,"close_timestamp":1756618800000,"orders":[{"amount":98.0,"safe_price":0.28,"ft_order_side":"buy","order_filled_timestamp":1756602000000,"ft_is_entry":true,"ft_order_tag":"","cost":27.46744},{"amount":98.0,"safe_price":0.2818,"ft_order_side":"sell","order_filled_timestamp":1756618800000,"ft_is_entry":false,"ft_order_tag":"exit_signal","cost":27.644016399999995}],"funding_fees":0.0,"weekday":6},{"pair":"XRP/USDT","stake_amount":27.47052,"max_stake_amount":27.47052,"amount":9.9,"open_date":"2025-09-02 02:35:00+00:00","close_date":"2025-09-02 07:45:00+00:00","open_rate":2.7748,"close_rate":2.7914,"fee_open":0.001,"fee_close":0.001,"trade_duration":310,"profit_ratio":0.003972458275471106,"profit_abs":0.10923462,"exit_reason":"exit_signal","initial_stop_loss_abs":1.8175,"initial_stop_loss_ratio":-0.345,"stop_loss_abs":1.8175,"stop_loss_ratio":-0.345,"min_rate":2.77,"max_rate":2.8159,"is_open":false,"enter_tag":"","leverage":1.0,"is_short":false,"open_timestamp":1756780500000,"close_timestamp":1756799100000,"orders":[{"amount":9.9,"safe_price":2.7748,"ft_order_side":"buy","order_filled_timestamp":1756780500000,"ft_is_entry":true,"ft_order_tag":"","cost":27.49799052},{"amount":9.9,"safe_price":2.7914,"ft_order_side":"sell","order_filled_timestamp":1756799100000,"ft_is_entry":false,"ft_order_tag":"exit_signal","cost":27.662494859999995}],"funding_fees":0.0,"weekday":1},{"pair":"SAND/USDT","stake_amount":27.4329,"max_stake_amount":27.4329,"amount":99.0,"open_date":"2025-09-02 21:40:00+00:00","close_date":"2025-09-03 01:25:00+00:00","open_rate":0.2771,"close_rate":0.2755,"fee_open":0.001,"fee_close":0.001,"trade_duration":225,"profit_ratio":-0.0077605541337046205,"profit_abs":-0.2131074,"exit_reason":"exit_signal","initial_stop_loss_abs":0.1816,"initial_stop_loss_ratio":-0.345,"stop_loss_abs":0.1816,"stop_loss_ratio":-0.345,"min_rate":0.2753,"max_rate":0.2778,"is_open":false,"enter_tag":"","leverage":1.0,"is_short":false,"open_timestamp":1756849200000,"close_timestamp":1756862700000,"orders":[{"amount":99.0,"safe_price":0.2771,"ft_order_side":"buy","order_filled_timestamp":1756849200000,"ft_is_entry":true,"ft_order_tag":"","cost":27.460332899999997},{"amount":99.0,"safe_price":0.2755,"ft_order_side":"sell","order_filled_timestamp":1756862700000,"ft_is_entry":false,"ft_order_tag":"exit_signal","cost":27.3017745}],"funding_fees":0.0,"weekday":2},{"pair":"SAND/USDT","stake_amount":27.3714,"max_stake_amount":27.3714,"amount":98.0,"open_date":"2025-09-03 02:25:00+00:00","close_date":"2025-09-03 03:55:00+00:00","open_rate":0.2793,"close_rate":0.2782,"fee_open":0.001,"fee_close":0.001,"trade_duration":90,"profit_ratio":-0.0059285505042755305,"profit_abs":-0.162435,"exit_reason":"exit_signal","initial_stop_loss_abs":0.183,"initial_stop_loss_ratio":-0.345,"stop_loss_abs":0.183,"stop_loss_ratio":-0.345,"min_rate":0.2773,"max_rate":0.2797,"is_open":false,"enter_tag":"","leverage":1.0,"is_short":false,"open_timestamp":1756866300000,"close_timestamp":1756871700000,"orders":[{"amount":98.0,"safe_price":0.2793,"ft_order_side":"buy","order_filled_timestamp":1756866300000,"ft_is_entry":true,"ft_order_tag":"","cost":27.398771399999994},{"amount":98.0,"safe_price":0.2782,"ft_order_side":"sell","order_filled_timestamp":1756871700000,"ft_is_entry":false,"ft_order_tag":"exit_signal","cost":27.290863599999998}],"funding_fees":0.0,"weekday":2},{"pair":"SAND/USDT","stake_amount":27.4413,"max_stake_amount":27.4413,"amount":97.0,"open_date":"2025-09-03 14:45:00+00:00","close_date":"2025-09-03 18:40:00+00:00","open_rate":0.2829,"close_rate":0.28200000000000003,"fee_open":0.001,"fee_close":0.001,"trade_duration":235,"profit_ratio":-0.005172981843183327,"profit_abs":-0.1420953,"exit_reason":"exit_signal","initial_stop_loss_abs":0.1853,"initial_stop_loss_ratio":-0.345,"stop_loss_abs":0.1853,"stop_loss_ratio":-0.345,"min_rate":0.2813,"max_rate":0.28390000000000004,"is_open":false,"enter_tag":"","leverage":1.0,"is_short":false,"open_timestamp":1756910700000,"close_timestamp":1756924800000,"orders":[{"amount":97.0,"safe_price":0.28290000000000004,"ft_order_side":"buy","order_filled_timestamp":1756910700000,"ft_is_entry":true,"ft_order_tag":"","cost":27.4687413},{"amount":97.0,"safe_price":0.28200000000000003,"ft_order_side":"sell","order_filled_timestamp":1756924800000,"ft_is_entry":false,"ft_order_tag":"exit_signal","cost":27.381353999999998}],"funding_fees":0.0,"weekday":2},{"pair":"SAND/USDT","stake_amount":27.3024,"max_stake_amount":27.3024,"amount":96.0,"open_date":"2025-09-05 12:40:00+00:00","close_date":"2025-09-05 14:45:00+00:00","open_rate":0.2844,"close_rate":0.2826,"fee_open":0.001,"fee_close":0.001,"trade_duration":125,"profit_ratio":-0.008314470339786795,"profit_abs":-0.227232,"exit_reason":"exit_signal","initial_stop_loss_abs":0.1863,"initial_stop_loss_ratio":-0.345,"stop_loss_abs":0.1863,"stop_loss_ratio":-0.345,"min_rate":0.2806,"max_rate":0.29250000000000004,"is_open":false,"enter_tag":"","leverage":1.0,"is_short":false,"open_timestamp":1757076000000,"close_timestamp":1757083500000,"orders":[{"amount":96.0,"safe_price":0.2844,"ft_order_side":"buy","order_filled_timestamp":1757076000000,"ft_is_entry":true,"ft_order_tag":"","cost":27.329702399999995},{"amount":96.0,"safe_price":0.2826,"ft_order_side":"sell","order_filled_timestamp":1757083500000,"ft_is_entry":false,"ft_order_tag":"exit_signal","cost":27.156729600000002}],"funding_fees":0.0,"weekday":4},{"pair":"XRP/USDT","stake_amount":27.12934,"max_stake_amount":27.12934,"amount":9.4,"open_date":"2025-09-07 14:10:00+00:00","close_date":"2025-09-07 17:55:00+00:00","open_rate":2.8861,"close_rate":2.864,"fee_open":0.001,"fee_close":0.001,"trade_duration":225,"profit_ratio":-0.009640094841577813,"profit_abs":-0.26179094,"exit_reason":"exit_signal","initial_stop_loss_abs":1.8904,"initial_stop_loss_ratio":-0.345,"stop_loss_abs":1.8904,"stop_loss_ratio":-0.345,"min_rate":2.8581000000000003,"max_rate":2.9285,"is_open":false,"enter_tag":"","leverage":1.0,"is_short":false,"open_timestamp":1757254200000,"close_timestamp":1757267700000,"orders":[{"amount":9.4,"safe_price":2.8861,"ft_order_side":"buy","order_filled_timestamp":1757254200000,"ft_is_entry":true,"ft_order_tag":"","cost":27.156469339999997},{"amount":9.4,"safe_price":2.864,"ft_order_side":"sell","order_filled_timestamp":1757267700000,"ft_is_entry":false,"ft_order_tag":"exit_signal","cost":26.9485216}],"funding_fees":0.0,"weekday":6},{"pair":"SAND/USDT","stake_amount":27.1839,"max_stake_amount":27.1839,"amount":93.0,"open_date":"2025-09-08 03:30:00+00:00","close_date":"2025-09-08 11:30:00+00:00","open_rate":0.2923,"close_rate":0.2937,"fee_open":0.001,"fee_close":0.001,"trade_duration":480,"profit_ratio":0.002782028098483795,"profit_abs":0.075702,"exit_reason":"exit_signal","initial_stop_loss_abs":0.1915,"initial_stop_loss_ratio":-0.345,"stop_loss_abs":0.1915,"stop_loss_ratio":-0.345,"min_rate":0.29,"max_rate":0.2974,"is_open":false,"enter_tag":"","leverage":1.0,"is_short":false,"open_timestamp":1757302200000,"close_timestamp":1757331000000,"orders":[{"amount":93.0,"safe_price":0.2923,"ft_order_side":"buy","order_filled_timestamp":1757302200000,"ft_is_entry":true,"ft_order_tag":"","cost":27.2110839},{"amount":93.0,"safe_price":0.2937,"ft_order_side":"sell","order_filled_timestamp":1757331000000,"ft_is_entry":false,"ft_order_tag":"exit_signal","cost":27.341414099999998}],"funding_fees":0.0,"weekday":0},{"pair":"XRP/USDT","stake_amount":26.98636,"max_stake_amount":26.98636,"amount":9.2,"open_date":"2025-09-08 10:00:00+00:00","close_date":"2025-09-08 16:20:00+00:00","open_rate":2.9333,"close_rate":2.9752,"fee_open":0.001,"fee_close":0.001,"trade_duration":380,"profit_ratio":0.01225771126565454,"profit_abs":0.3311218,"exit_reason":"exit_signal","initial_stop_loss_abs":1.9214,"initial_stop_loss_ratio":-0.345,"stop_loss_abs":1.9214,"stop_loss_ratio":-0.345,"min_rate":2.9254,"max_rate":2.9964,"is_open":false,"enter_tag":"","leverage":1.0,"is_short":false,"open_timestamp":1757325600000,"close_timestamp":1757348400000,"orders":[{"amount":9.2,"safe_price":2.9333,"ft_order_side":"buy","order_filled_timestamp":1757325600000,"ft_is_entry":true,"ft_order_tag":"","cost":27.013346359999996},{"amount":9.2,"safe_price":2.9752,"ft_order_side":"sell","order_filled_timestamp":1757348400000,"ft_is_entry":false,"ft_order_tag":"exit_signal","cost":27.399211839999996}],"funding_fees":0.0,"weekday":0},{"pair":"SAND/USDT","stake_amount":27.1362,"max_stake_amount":27.1362,"amount":91.0,"open_date":"2025-09-08 15:30:00+00:00","close_date":"2025-09-08 17:00:00+00:00","open_rate":0.2982,"close_rate":0.2963,"fee_open":0.001,"fee_close":0.001,"trade_duration":90,"profit_ratio":-0.00835683431256872,"profit_abs":-0.2269995,"exit_reason":"exit_signal","initial_stop_loss_abs":0.1954,"initial_stop_loss_ratio":-0.345,"stop_loss_abs":0.1954,"stop_loss_ratio":-0.345,"min_rate":0.2954,"max_rate":0.2983,"is_open":false,"enter_tag":"","leverage":1.0,"is_short":false,"open_timestamp":1757345400000,"close_timestamp":1757350800000,"orders":[{"amount":91.0,"safe_price":0.2982,"ft_order_side":"buy","order_filled_timestamp":1757345400000,"ft_is_entry":true,"ft_order_tag":"","cost":27.1633362},{"amount":91.0,"safe_price":0.2963,"ft_order_side":"sell","order_filled_timestamp":1757350800000,"ft_is_entry":false,"ft_order_tag":"exit_signal","cost":26.9902633}],"funding_fees":0.0,"weekday":0},{"pair":"XRP/USDT","stake_amount":27.25272,"max_stake_amount":27.25272,"amount":8.8,"open_date":"2025-09-12 20:30:00+00:00","close_date":"2025-09-13 00:25:00+00:00","open_rate":3.0969,"close_rate":3.0974,"fee_open":0.001,"fee_close":0.001,"trade_duration":235,"profit_ratio":-0.00183687280461474,"profit_abs":-0.05010984,"exit_reason":"exit_signal","initial_stop_loss_abs":2.0285,"initial_stop_loss_ratio":-0.345,"stop_loss_abs":2.0285,"stop_loss_ratio":-0.345,"min_rate":3.0852,"max_rate":3.1376,"is_open":false,"enter_tag":"","leverage":1.0,"is_short":false,"open_timestamp":1757709000000,"close_timestamp":1757723100000,"orders":[{"amount":8.8,"safe_price":3.0969,"ft_order_side":"buy","order_filled_timestamp":1757709000000,"ft_is_entry":true,"ft_order_tag":"","cost":27.27997272},{"amount":8.8,"safe_price":3.0974,"ft_order_side":"sell","order_filled_timestamp":1757723100000,"ft_is_entry":false,"ft_order_tag":"exit_signal","cost":27.28437712}],"funding_fees":0.0,"weekday":5},{"pair":"XRP/USDT","stake_amount":27.17514,"max_stake_amount":27.17514,"amount":8.6,"open_date":"2025-09-13 09:20:00+00:00","close_date":"2025-09-13 13:30:00+00:00","open_rate":3.1599,"close_rate":3.1744,"fee_open":0.001,"fee_close":0.001,"trade_duration":250,"profit_ratio":0.0025815824733512,"profit_abs":0.07022502,"exit_reason":"exit_signal","initial_stop_loss_abs":2.0698,"initial_stop_loss_ratio":-0.345,"stop_loss_abs":2.0698,"stop_loss_ratio":-0.345,"min_rate":3.1504,"max_rate":3.1858,"is_open":false,"enter_tag":"","leverage":1.0,"is_short":false,"open_timestamp":1757755200000,"close_timestamp":1757770200000,"orders":[{"amount":8.6,"safe_price":3.1599,"ft_order_side":"buy","order_filled_timestamp":1757755200000,"ft_is_entry":true,"ft_order_tag":"","cost":27.202315139999996},{"amount":8.6,"safe_price":3.1744,"ft_order_side":"sell","order_filled_timestamp":1757770200000,"ft_is_entry":false,"ft_order_tag":"exit_signal","cost":27.327139839999997}],"funding_fees":0.0,"weekday":5},{"pair":"SAND/USDT","stake_amount":27.1912,"max_stake_amount":27.1912,"amount":82.0,"open_date":"2025-09-13 18:20:00+00:00","close_date":"2025-09-13 22:45:00+00:00","open_rate":0.3316,"close_rate":0.3294,"fee_open":0.001,"fee_close":0.001,"trade_duration":265,"profit_ratio":-0.008619245651815013,"profit_abs":-0.234602,"exit_reason":"exit_signal","initial_stop_loss_abs":0.2172,"initial_stop_loss_ratio":-0.345,"stop_loss_abs":0.2172,"stop_loss_ratio":-0.345,"min_rate":0.3257,"max_rate":0.33230000000000004,"is_open":false,"enter_tag":"","leverage":1.0,"is_short":false,"open_timestamp":1757787600000,"close_timestamp":1757803500000,"orders":[{"amount":82.0,"safe_price":0.3316,"ft_order_side":"buy","order_filled_timestamp":1757787600000,"ft_is_entry":true,"ft_order_tag":"","cost":27.2183912},{"amount":82.0,"safe_price":0.3294,"ft_order_side":"sell","order_filled_timestamp":1757803500000,"ft_is_entry":false,"ft_order_tag":"exit_signal","cost":27.0378108}],"funding_fees":0.0,"weekday":5},{"pair":"XRP/USDT","stake_amount":27.1183,"max_stake_amount":27.1183,"amount":8.9,"open_date":"2025-09-16 13:25:00+00:00","close_date":"2025-09-16 13:45:00+00:00","open_rate":3.047,"close_rate":3.0212,"fee_open":0.001,"fee_close":0.001,"trade_duration":20,"profit_ratio":-0.010448429155354,"profit_abs":-0.28362698,"exit_reason":"exit_signal","initial_stop_loss_abs":1.9958,"initial_stop_loss_ratio":-0.345,"stop_loss_abs":1.9958,"stop_loss_ratio":-0.345,"min_rate":3.0004,"max_rate":3.0478,"is_open":false,"enter_tag":"","leverage":1.0,"is_short":false,"open_timestamp":1758029100000,"close_timestamp":1758030300000,"orders":[{"amount":8.9,"safe_price":3.047,"ft_order_side":"buy","order_filled_timestamp":1758029100000,"ft_is_entry":true,"ft_order_tag":"","cost":27.1454183},{"amount":8.9,"safe_price":3.0212,"ft_order_side":"sell","order_filled_timestamp":1758030300000,"ft_is_entry":false,"ft_order_tag":"exit_signal","cost":26.915568679999996}],"funding_fees":0.0,"weekday":1},{"pair":"SAND/USDT","stake_amount":26.9178,"max_stake_amount":26.9178,"amount":87.0,"open_date":"2025-09-17 22:25:00+00:00","close_date":"2025-09-18 02:00:00+00:00","open_rate":0.3094,"close_rate":0.3111,"fee_open":0.001,"fee_close":0.001,"trade_duration":215,"profit_ratio":0.0034855254635474415,"profit_abs":0.0939165,"exit_reason":"exit_signal","initial_stop_loss_abs":0.2027,"initial_stop_loss_ratio":-0.345,"stop_loss_abs":0.2027,"stop_loss_ratio":-0.345,"min_rate":0.3083,"max_rate":0.31270000000000003,"is_open":false,"enter_tag":"","leverage":1.0,"is_short":false,"open_timestamp":1758147900000,"close_timestamp":1758160800000,"orders":[{"amount":87.0,"safe_price":0.3094,"ft_order_side":"buy","order_filled_timestamp":1758147900000,"ft_is_entry":true,"ft_order_tag":"","cost":26.944717799999996},{"amount":87.0,"safe_price":0.3111,"ft_order_side":"sell","order_filled_timestamp":1758160800000,"ft_is_entry":false,"ft_order_tag":"exit_signal","cost":27.092765699999998}],"funding_fees":0.0,"weekday":3},{"pair":"XRP/USDT","stake_amount":26.88735,"max_stake_amount":26.88735,"amount":8.7,"open_date":"2025-09-17 22:55:00+00:00","close_date":"2025-09-18 04:30:00+00:00","open_rate":3.0905,"close_rate":3.0976,"fee_open":0.001,"fee_close":0.001,"trade_duration":335,"profit_ratio":0.00029477075262546865,"profit_abs":0.00793353,"exit_reason":"exit_signal","initial_stop_loss_abs":2.0243,"initial_stop_loss_ratio":-0.345,"stop_loss_abs":2.0243,"stop_loss_ratio":-0.345,"min_rate":3.0695,"max_rate":3.112,"is_open":false,"enter_tag":"","leverage":1.0,"is_short":false,"open_timestamp":1758149700000,"close_timestamp":1758169800000,"orders":[{"amount":8.7,"safe_price":3.0905,"ft_order_side":"buy","order_filled_timestamp":1758149700000,"ft_is_entry":true,"ft_order_tag":"","cost":26.914237349999993},{"amount":8.7,"safe_price":3.0976,"ft_order_side":"sell","order_filled_timestamp":1758169800000,"ft_is_entry":false,"ft_order_tag":"exit_signal","cost":26.976069119999995}],"funding_fees":0.0,"weekday":3},{"pair":"XRP/USDT","stake_amount":26.92488,"max_stake_amount":26.92488,"amount":8.6,"open_date":"2025-09-18 11:40:00+00:00","close_date":"2025-09-18 13:05:00+00:00","open_rate":3.1308,"close_rate":3.1161,"fee_open":0.001,"fee_close":0.001,"trade_duration":85,"profit_ratio":-0.006683906358111035,"profit_abs":-0.18014334,"exit_reason":"exit_signal","initial_stop_loss_abs":2.0507,"initial_stop_loss_ratio":-0.345,"stop_loss_abs":2.0507,"stop_loss_ratio":-0.345,"min_rate":3.1125,"max_rate":3.1397,"is_open":false,"enter_tag":"","leverage":1.0,"is_short":false,"open_timestamp":1758195600000,"close_timestamp":1758200700000,"orders":[{"amount":8.6,"safe_price":3.1308,"ft_order_side":"buy","order_filled_timestamp":1758195600000,"ft_is_entry":true,"ft_order_tag":"","cost":26.951804879999994},{"amount":8.6,"safe_price":3.1161,"ft_order_side":"sell","order_filled_timestamp":1758200700000,"ft_is_entry":false,"ft_order_tag":"exit_signal","cost":26.825258459999997}],"funding_fees":0.0,"weekday":3},{"pair":"XRP/USDT","stake_amount":26.82678,"max_stake_amount":26.82678,"amount":9.3,"open_date":"2025-09-24 12:20:00+00:00","close_date":"2025-09-24 13:05:00+00:00","open_rate":2.8846,"close_rate":2.8774,"fee_open":0.001,"fee_close":0.001,"trade_duration":45,"profit_ratio":-0.004489028270488439,"profit_abs":-0.1205466,"exit_reason":"exit_signal","initial_stop_loss_abs":1.8895,"initial_stop_loss_ratio":-0.345,"stop_loss_abs":1.8895,"stop_loss_ratio":-0.345,"min_rate":2.874,"max_rate":2.8852,"is_open":false,"enter_tag":"","leverage":1.0,"is_short":false,"open_timestamp":1758716400000,"close_timestamp":1758719100000,"orders":[{"amount":9.3,"safe_price":2.8846,"ft_order_side":"buy","order_filled_timestamp":1758716400000,"ft_is_entry":true,"ft_order_tag":"","cost":26.853606779999996},{"amount":9.3,"safe_price":2.8774,"ft_order_side":"sell","order_filled_timestamp":1758719100000,"ft_is_entry":false,"ft_order_tag":"exit_signal","cost":26.786579820000004}],"funding_fees":0.0,"weekday":2},{"pair":"XRP/USDT","stake_amount":26.87136,"max_stake_amount":26.87136,"amount":9.2,"open_date":"2025-09-24 14:50:00+00:00","close_date":"2025-09-24 19:40:00+00:00","open_rate":2.9208,"close_rate":2.9552,"fee_open":0.001,"fee_close":0.001,"trade_duration":290,"profit_ratio":0.0097560615227008,"profit_abs":0.2624208,"exit_reason":"exit_signal","initial_stop_loss_abs":1.9132,"initial_stop_loss_ratio":-0.345,"stop_loss_abs":1.9132,"stop_loss_ratio":-0.345,"min_rate":2.9084000000000003,"max_rate":2.9608,"is_open":false,"enter_tag":"","leverage":1.0,"is_short":false,"open_timestamp":1758725400000,"close_timestamp":1758742800000,"orders":[{"amount":9.2,"safe_price":2.9208,"ft_order_side":"buy","order_filled_timestamp":1758725400000,"ft_is_entry":true,"ft_order_tag":"","cost":26.898231359999993},{"amount":9.2,"safe_price":2.9552,"ft_order_side":"sell","order_filled_timestamp":1758742800000,"ft_is_entry":false,"ft_order_tag":"exit_signal","cost":27.215027839999994}],"funding_fees":0.0,"weekday":2},{"pair":"XRP/USDT","stake_amount":26.7948,"max_stake_amount":26.7948,"amount":9.0,"open_date":"2025-09-24 20:00:00+00:00","close_date":"2025-09-24 20:35:00+00:00","open_rate":2.9772,"close_rate":2.9587,"fee_open":0.001,"fee_close":0.001,"trade_duration":35,"profit_ratio":-0.008199478876625189,"profit_abs":-0.2199231,"exit_reason":"exit_signal","initial_stop_loss_abs":1.9501,"initial_stop_loss_ratio":-0.345,"stop_loss_abs":1.9501,"stop_loss_ratio":-0.345,"min_rate":2.9535,"max_rate":2.9796,"is_open":false,"enter_tag":"","leverage":1.0,"is_short":false,"open_timestamp":1758744000000,"close_timestamp":1758746100000,"orders":[{"amount":9.0,"safe_price":2.9772,"ft_order_side":"buy","order_filled_timestamp":1758744000000,"ft_is_entry":true,"ft_order_tag":"","cost":26.821594799999996},{"amount":9.0,"safe_price":2.9587,"ft_order_side":"sell","order_filled_timestamp":1758746100000,"ft_is_entry":false,"ft_order_tag":"exit_signal","cost":26.654928299999998}],"funding_fees":0.0,"weekday":2},{"pair":"SAND/USDT","stake_amount":26.9076,"max_stake_amount":26.9076,"amount":102.0,"open_date":"2025-09-26 17:20:00+00:00","close_date":"2025-09-26 20:50:00+00:00","open_rate":0.2638,"close_rate":0.2647,"fee_open":0.001,"fee_close":0.001,"trade_duration":210,"profit_ratio":0.0014068569792603151,"profit_abs":0.037893,"exit_reason":"exit_signal","initial_stop_loss_abs":0.1728,"initial_stop_loss_ratio":-0.345,"stop_loss_abs":0.1728,"stop_loss_ratio":-0.345,"min_rate":0.2637,"max_rate":0.2674,"is_open":false,"enter_tag":"","leverage":1.0,"is_short":false,"open_timestamp":1758907200000,"close_timestamp":1758919800000,"orders":[{"amount":102.0,"safe_price":0.26380000000000003,"ft_order_side":"buy","order_filled_timestamp":1758907200000,"ft_is_entry":true,"ft_order_tag":"","cost":26.9345076},{"amount":102.0,"safe_price":0.2647,"ft_order_side":"sell","order_filled_timestamp":1758919800000,"ft_is_entry":false,"ft_order_tag":"exit_signal","cost":27.026399399999995}],"funding_fees":0.0,"weekday":4},{"pair":"XRP/USDT","stake_amount":26.83275,"max_stake_amount":26.83275,"amount":9.5,"open_date":"2025-09-27 23:05:00+00:00","close_date":"2025-09-28 01:10:00+00:00","open_rate":2.8245,"close_rate":2.7945,"fee_open":0.001,"fee_close":0.001,"trade_duration":125,"profit_ratio":-0.012598129432967457,"profit_abs":-0.3383805,"exit_reason":"exit_signal","initial_stop_loss_abs":1.8501,"initial_stop_loss_ratio":-0.345,"stop_loss_abs":1.8501,"stop_loss_ratio":-0.345,"min_rate":2.7866,"max_rate":2.8245,"is_open":false,"enter_tag":"","leverage":1.0,"is_short":false,"open_timestamp":1759014300000,"close_timestamp":1759021800000,"orders":[{"amount":9.5,"safe_price":2.8245,"ft_order_side":"buy","order_filled_timestamp":1759014300000,"ft_is_entry":true,"ft_order_tag":"","cost":26.859582749999998},{"amount":9.5,"safe_price":2.7945,"ft_order_side":"sell","order_filled_timestamp":1759021800000,"ft_is_entry":false,"ft_order_tag":"exit_signal","cost":26.574297749999996}],"funding_fees":0.0,"weekday":6},{"pair":"XRP/USDT","stake_amount":26.72702,"max_stake_amount":26.72702,"amount":9.4,"open_date":"2025-09-28 21:00:00+00:00","close_date":"2025-09-29 00:35:00+00:00","open_rate":2.8433,"close_rate":2.8573,"fee_open":0.001,"fee_close":0.001,"trade_duration":215,"profit_ratio":0.002916016210427634,"profit_abs":0.07801436,"exit_reason":"exit_signal","initial_stop_loss_abs":1.8624,"initial_stop_loss_ratio":-0.345,"stop_loss_abs":1.8624,"stop_loss_ratio":-0.345,"min_rate":2.8322000000000003,"max_rate":2.868,"is_open":false,"enter_tag":"","leverage":1.0,"is_short":false,"open_timestamp":1759093200000,"close_timestamp":1759106100000,"orders":[{"amount":9.4,"safe_price":2.8433,"ft_order_side":"buy","order_filled_timestamp":1759093200000,"ft_is_entry":true,"ft_order_tag":"","cost":26.75374702},{"amount":9.4,"safe_price":2.8573,"ft_order_side":"sell","order_filled_timestamp":1759106100000,"ft_is_entry":false,"ft_order_tag":"exit_signal","cost":26.88547862}],"funding_fees":0.0,"weekday":0},{"pair":"SAND/USDT","stake_amount":26.7003,"max_stake_amount":26.7003,"amount":99.0,"open_date":"2025-09-28 22:10:00+00:00","close_date":"2025-09-29 01:10:00+00:00","open_rate":0.2697,"close_rate":0.27030000000000004,"fee_open":0.001,"fee_close":0.001,"trade_duration":180,"profit_ratio":0.0002222471632927695,"profit_abs":0.00594,"exit_reason":"exit_signal","initial_stop_loss_abs":0.1767,"initial_stop_loss_ratio":-0.345,"stop_loss_abs":0.1767,"stop_loss_ratio":-0.345,"min_rate":0.2685,"max_rate":0.27140000000000003,"is_open":false,"enter_tag":"","leverage":1.0,"is_short":false,"open_timestamp":1759097400000,"close_timestamp":1759108200000,"orders":[{"amount":99.0,"safe_price":0.2697,"ft_order_side":"buy","order_filled_timestamp":1759097400000,"ft_is_entry":true,"ft_order_tag":"","cost":26.727000299999997},{"amount":99.0,"safe_price":0.27030000000000004,"ft_order_side":"sell","order_filled_timestamp":1759108200000,"ft_is_entry":false,"ft_order_tag":"exit_signal","cost":26.786459699999998}],"funding_fees":0.0,"weekday":0},{"pair":"XRP/USDT","stake_amount":26.58604,"max_stake_amount":26.58604,"amount":8.6,"open_date":"2025-10-02 19:45:00+00:00","close_date":"2025-10-02 21:45:00+00:00","open_rate":3.0914,"close_rate":3.0444,"fee_open":0.001,"fee_close":0.001,"trade_duration":120,"profit_ratio":-0.01717109312373594,"profit_abs":-0.45696788,"exit_reason":"exit_signal","initial_stop_loss_abs":2.0249,"initial_stop_loss_ratio":-0.345,"stop_loss_abs":2.0249,"stop_loss_ratio":-0.345,"min_rate":3.0367,"max_rate":3.0998,"is_open":false,"enter_tag":"","leverage":1.0,"is_short":false,"open_timestamp":1759434300000,"close_timestamp":1759441500000,"orders":[{"amount":8.6,"safe_price":3.0914,"ft_order_side":"buy","order_filled_timestamp":1759434300000,"ft_is_entry":true,"ft_order_tag":"","cost":26.61262604},{"amount":8.6,"safe_price":3.0444,"ft_order_side":"sell","order_filled_timestamp":1759441500000,"ft_is_entry":false,"ft_order_tag":"exit_signal","cost":26.208021839999994}],"funding_fees":0.0,"weekday":3},{"pair":"XRP/USDT","stake_amount":26.5002,"max_stake_amount":26.5002,"amount":8.7,"open_date":"2025-10-06 17:25:00+00:00","close_date":"2025-10-06 19:40:00+00:00","open_rate":3.046,"close_rate":3.0293,"fee_open":0.001,"fee_close":0.001,"trade_duration":135,"profit_ratio":-0.007469647883305139,"profit_abs":-0.19814511,"exit_reason":"exit_signal","initial_stop_loss_abs":1.9952,"initial_stop_loss_ratio":-0.345,"stop_loss_abs":1.9952,"stop_loss_ratio":-0.345,"min_rate":3.0234,"max_rate":3.0506,"is_open":false,"enter_tag":"","leverage":1.0,"is_short":false,"open_timestamp":1759771500000,"close_timestamp":1759779600000,"orders":[{"amount":8.7,"safe_price":3.046,"ft_order_side":"buy","order_filled_timestamp":1759771500000,"ft_is_entry":true,"ft_order_tag":"","cost":26.526700199999993},{"amount":8.7,"safe_price":3.0293,"ft_order_side":"sell","order_filled_timestamp":1759779600000,"ft_is_entry":false,"ft_order_tag":"exit_signal","cost":26.38126491}],"funding_fees":0.0,"weekday":0},{"pair":"SAND/USDT","stake_amount":26.5,"max_stake_amount":26.5,"amount":100.0,"open_date":"2025-10-09 22:35:00+00:00","close_date":"2025-10-10 02:55:00+00:00","open_rate":0.265,"close_rate":0.2656,"fee_open":0.001,"fee_close":0.001,"trade_duration":260,"profit_ratio":0.00026162516728554466,"profit_abs":0.00694,"exit_reason":"exit_signal","initial_stop_loss_abs":0.1736,"initial_stop_loss_ratio":-0.345,"stop_loss_abs":0.1736,"stop_loss_ratio":-0.345,"min_rate":0.2649,"max_rate":0.2675,"is_open":false,"enter_tag":"","leverage":1.0,"is_short":false,"open_timestamp":1760049300000,"close_timestamp":1760064900000,"orders":[{"amount":100.0,"safe_price":0.265,"ft_order_side":"buy","order_filled_timestamp":1760049300000,"ft_is_entry":true,"ft_order_tag":"","cost":26.5265},{"amount":100.0,"safe_price":0.2656,"ft_order_side":"sell","order_filled_timestamp":1760064900000,"ft_is_entry":false,"ft_order_tag":"exit_signal","cost":26.586559999999995}],"funding_fees":0.0,"weekday":4},{"pair":"XRP/USDT","stake_amount":26.4328,"max_stake_amount":26.4328,"amount":9.4,"open_date":"2025-10-09 23:05:00+00:00","close_date":"2025-10-10 03:05:00+00:00","open_rate":2.812,"close_rate":2.7913,"fee_open":0.001,"fee_close":0.001,"trade_duration":240,"profit_ratio":-0.009344602765655395,"profit_abs":-0.24725102,"exit_reason":"exit_signal","initial_stop_loss_abs":1.8419,"initial_stop_loss_ratio":-0.345,"stop_loss_abs":1.8419,"stop_loss_ratio":-0.345,"min_rate":2.791,"max_rate":2.8178,"is_open":false,"enter_tag":"","leverage":1.0,"is_short":false,"open_timestamp":1760051100000,"close_timestamp":1760065500000,"orders":[{"amount":9.4,"safe_price":2.8120000000000003,"ft_order_side":"buy","order_filled_timestamp":1760051100000,"ft_is_entry":true,"ft_order_tag":"","cost":26.459232800000002},{"amount":9.4,"safe_price":2.7913,"ft_order_side":"sell","order_filled_timestamp":1760065500000,"ft_is_entry":false,"ft_order_tag":"exit_signal","cost":26.264458219999998}],"funding_fees":0.0,"weekday":4},{"pair":"SAND/USDT","stake_amount":26.1997,"max_stake_amount":26.1997,"amount":97.0,"open_date":"2025-10-10 03:45:00+00:00","close_date":"2025-10-10 04:55:00+00:00","open_rate":0.2701,"close_rate":0.2676,"fee_open":0.001,"fee_close":0.001,"trade_duration":70,"profit_ratio":-0.01123534000246329,"profit_abs":-0.2946569,"exit_reason":"exit_signal","initial_stop_loss_abs":0.177,"initial_stop_loss_ratio":-0.345,"stop_loss_abs":0.177,"stop_loss_ratio":-0.345,"min_rate":0.267,"max_rate":0.27090000000000003,"is_open":false,"enter_tag":"","leverage":1.0,"is_short":false,"open_timestamp":1760067900000,"close_timestamp":1760072100000,"orders":[{"amount":97.0,"safe_price":0.2701,"ft_order_side":"buy","order_filled_timestamp":1760067900000,"ft_is_entry":true,"ft_order_tag":"","cost":26.225899699999996},{"amount":97.0,"safe_price":0.2676,"ft_order_side":"sell","order_filled_timestamp":1760072100000,"ft_is_entry":false,"ft_order_tag":"exit_signal","cost":25.983157199999997}],"funding_fees":0.0,"weekday":4},{"pair":"XRP/USDT","stake_amount":26.27901,"max_stake_amount":26.27901,"amount":9.3,"open_date":"2025-10-10 03:35:00+00:00","close_date":"2025-10-10 07:15:00+00:00","open_rate":2.8257,"close_rate":2.8129,"fee_open":0.001,"fee_close":0.001,"trade_duration":220,"profit_ratio":-0.006518802357001741,"profit_abs":-0.17147898,"exit_reason":"exit_signal","initial_stop_loss_abs":1.8509,"initial_stop_loss_ratio":-0.345,"stop_loss_abs":1.8509,"stop_loss_ratio":-0.345,"min_rate":2.8035,"max_rate":2.8308,"is_open":false,"enter_tag":"","leverage":1.0,"is_short":false,"open_timestamp":1760067300000,"close_timestamp":1760080500000,"orders":[{"amount":9.3,"safe_price":2.8257,"ft_order_side":"buy","order_filled_timestamp":1760067300000,"ft_is_entry":true,"ft_order_tag":"","cost":26.305289009999996},{"amount":9.3,"safe_price":2.8129,"ft_order_side":"sell","order_filled_timestamp":1760080500000,"ft_is_entry":false,"ft_order_tag":"exit_signal","cost":26.18612997}],"funding_fees":0.0,"weekday":4},{"pair":"XRP/USDT","stake_amount":26.02956,"max_stake_amount":26.02956,"amount":9.2,"open_date":"2025-10-10 14:15:00+00:00","close_date":"2025-10-10 14:20:00+00:00","open_rate":2.8293,"close_rate":2.822,"fee_open":0.001,"fee_close":0.001,"trade_duration":5,"profit_ratio":-0.004572990364528908,"profit_abs":-0.11915196,"exit_reason":"exit_signal","initial_stop_loss_abs":1.8532,"initial_stop_loss_ratio":-0.345,"stop_loss_abs":1.8532,"stop_loss_ratio":-0.345,"min_rate":2.8167,"max_rate":2.8313,"is_open":false,"enter_tag":"","leverage":1.0,"is_short":false,"open_timestamp":1760105700000,"close_timestamp":1760106000000,"orders":[{"amount":9.2,"safe_price":2.8293,"ft_order_side":"buy","order_filled_timestamp":1760105700000,"ft_is_entry":true,"ft_order_tag":"","cost":26.055589559999994},{"amount":9.2,"safe_price":2.822,"ft_order_side":"sell","order_filled_timestamp":1760106000000,"ft_is_entry":false,"ft_order_tag":"exit_signal","cost":25.988362399999996}],"funding_fees":0.0,"weekday":4},{"pair":"SAND/USDT","stake_amount":26.0832,"max_stake_amount":26.0832,"amount":96.0,"open_date":"2025-10-10 13:20:00+00:00","close_date":"2025-10-10 15:05:00+00:00","open_rate":0.2717,"close_rate":0.2629,"fee_open":0.001,"fee_close":0.001,"trade_duration":105,"profit_ratio":-0.03432195335029343,"profit_abs":-0.8961216,"exit_reason":"exit_signal","initial_stop_loss_abs":0.178,"initial_stop_loss_ratio":-0.345,"stop_loss_abs":0.178,"stop_loss_ratio":-0.345,"min_rate":0.2619,"max_rate":0.273,"is_open":false,"enter_tag":"","leverage":1.0,"is_short":false,"open_timestamp":1760102400000,"close_timestamp":1760108700000,"orders":[{"amount":96.0,"safe_price":0.2717,"ft_order_side":"buy","order_filled_timestamp":1760102400000,"ft_is_entry":true,"ft_order_tag":"","cost":26.109283199999997},{"amount":96.0,"safe_price":0.2629,"ft_order_side":"sell","order_filled_timestamp":1760108700000,"ft_is_entry":false,"ft_order_tag":"exit_signal","cost":25.263638399999998}],"funding_fees":0.0,"weekday":4},{"pair":"XRP/USDT","stake_amount":25.56296,"max_stake_amount":25.56296,"amount":10.6,"open_date":"2025-10-12 12:15:00+00:00","close_date":"2025-10-12 13:45:00+00:00","open_rate":2.4116,"close_rate":2.3905,"fee_open":0.001,"fee_close":0.001,"trade_duration":90,"profit_ratio":-0.010729898729567,"profit_abs":-0.27456226,"exit_reason":"exit_signal","initial_stop_loss_abs":1.5796,"initial_stop_loss_ratio":-0.345,"stop_loss_abs":1.5796,"stop_loss_ratio":-0.345,"min_rate":2.372,"max_rate":2.4213,"is_open":false,"enter_tag":"","leverage":1.0,"is_short":false,"open_timestamp":1760271300000,"close_timestamp":1760276700000,"orders":[{"amount":10.6,"safe_price":2.4116,"ft_order_side":"buy","order_filled_timestamp":1760271300000,"ft_is_entry":true,"ft_order_tag":"","cost":25.58852296},{"amount":10.6,"safe_price":2.3905,"ft_order_side":"sell","order_filled_timestamp":1760276700000,"ft_is_entry":false,"ft_order_tag":"exit_signal","cost":25.364639299999997}],"funding_fees":0.0,"weekday":6},{"pair":"SAND/USDT","stake_amount":25.3737,"max_stake_amount":25.3737,"amount":121.0,"open_date":"2025-10-12 15:15:00+00:00","close_date":"2025-10-12 20:55:00+00:00","open_rate":0.2097,"close_rate":0.221,"fee_open":0.001,"fee_close":0.001,"trade_duration":340,"profit_ratio":0.051780837188562516,"profit_abs":1.3151853,"exit_reason":"exit_signal","initial_stop_loss_abs":0.1374,"initial_stop_loss_ratio":-0.345,"stop_loss_abs":0.1374,"stop_loss_ratio":-0.345,"min_rate":0.2073,"max_rate":0.2233,"is_open":false,"enter_tag":"","leverage":1.0,"is_short":false,"open_timestamp":1760282100000,"close_timestamp":1760302500000,"orders":[{"amount":121.0,"safe_price":0.2097,"ft_order_side":"buy","order_filled_timestamp":1760282100000,"ft_is_entry":true,"ft_order_tag":"","cost":25.399073699999995},{"amount":121.0,"safe_price":0.221,"ft_order_side":"sell","order_filled_timestamp":1760302500000,"ft_is_entry":false,"ft_order_tag":"exit_signal","cost":26.767740999999997}],"funding_fees":0.0,"weekday":6},{"pair":"XRP/USDT","stake_amount":25.48735,"max_stake_amount":25.48735,"amount":10.3,"open_date":"2025-10-12 15:10:00+00:00","close_date":"2025-10-12 21:10:00+00:00","open_rate":2.4745,"close_rate":2.5497,"fee_open":0.001,"fee_close":0.001,"trade_duration":360,"profit_ratio":0.02833125653897527,"profit_abs":0.72281074,"exit_reason":"exit_signal","initial_stop_loss_abs":1.6208,"initial_stop_loss_ratio":-0.345,"stop_loss_abs":1.6208,"stop_loss_ratio":-0.345,"min_rate":2.4592,"max_rate":2.5841000000000003,"is_open":false,"enter_tag":"","leverage":1.0,"is_short":false,"open_timestamp":1760281800000,"close_timestamp":1760303400000,"orders":[{"amount":10.3,"safe_price":2.4745,"ft_order_side":"buy","order_filled_timestamp":1760281800000,"ft_is_entry":true,"ft_order_tag":"","cost":25.512837349999998},{"amount":10.3,"safe_price":2.5497,"ft_order_side":"sell","order_filled_timestamp":1760303400000,"ft_is_entry":false,"ft_order_tag":"exit_signal","cost":26.288171910000003}],"funding_fees":0.0,"weekday":6},{"pair":"XRP/USDT","stake_amount":26.4376,"max_stake_amount":26.4376,"amount":11.2,"open_date":"2025-10-18 07:20:00+00:00","close_date":"2025-10-18 08:55:00+00:00","open_rate":2.3605,"close_rate":2.3499,"fee_open":0.001,"fee_close":0.001,"trade_duration":95,"profit_ratio":-0.006479603853041683,"profit_abs":-0.17147648,"exit_reason":"exit_signal","initial_stop_loss_abs":1.5462,"initial_stop_loss_ratio":-0.345,"stop_loss_abs":1.5462,"stop_loss_ratio":-0.345,"min_rate":2.347,"max_rate":2.3732,"is_open":false,"enter_tag":"","leverage":1.0,"is_short":false,"open_timestamp":1760772000000,"close_timestamp":1760777700000,"orders":[{"amount":11.2,"safe_price":2.3605,"ft_order_side":"buy","order_filled_timestamp":1760772000000,"ft_is_entry":true,"ft_order_tag":"","cost":26.464037599999997},{"amount":11.2,"safe_price":2.3499,"ft_order_side":"sell","order_filled_timestamp":1760777700000,"ft_is_entry":false,"ft_order_tag":"exit_signal","cost":26.345198879999995}],"funding_fees":0.0,"weekday":5},{"pair":"SAND/USDT","stake_amount":26.3875,"max_stake_amount":26.3875,"amount":125.0,"open_date":"2025-10-19 14:00:00+00:00","close_date":"2025-10-19 17:50:00+00:00","open_rate":0.2111,"close_rate":0.2111,"fee_open":0.001,"fee_close":0.001,"trade_duration":230,"profit_ratio":-0.001998001998001998,"profit_abs":-0.052775,"exit_reason":"exit_signal","initial_stop_loss_abs":0.1383,"initial_stop_loss_ratio":-0.345,"stop_loss_abs":0.1383,"stop_loss_ratio":-0.345,"min_rate":0.2096,"max_rate":0.2134,"is_open":false,"enter_tag":"","leverage":1.0,"is_short":false,"open_timestamp":1760882400000,"close_timestamp":1760896200000,"orders":[{"amount":125.0,"safe_price":0.2111,"ft_order_side":"buy","order_filled_timestamp":1760882400000,"ft_is_entry":true,"ft_order_tag":"","cost":26.4138875},{"amount":125.0,"safe_price":0.2111,"ft_order_side":"sell","order_filled_timestamp":1760896200000,"ft_is_entry":false,"ft_order_tag":"exit_signal","cost":26.4138875}],"funding_fees":0.0,"weekday":6},{"pair":"SAND/USDT","stake_amount":26.2728,"max_stake_amount":26.2728,"amount":123.0,"open_date":"2025-10-24 05:45:00+00:00","close_date":"2025-10-24 10:20:00+00:00","open_rate":0.2136,"close_rate":0.213,"fee_open":0.001,"fee_close":0.001,"trade_duration":275,"profit_ratio":-0.004801378396884015,"profit_abs":-0.1262718,"exit_reason":"exit_signal","initial_stop_loss_abs":0.14,"initial_stop_loss_ratio":-0.345,"stop_loss_abs":0.14,"stop_loss_ratio":-0.345,"min_rate":0.21180000000000002,"max_rate":0.215,"is_open":false,"enter_tag":"","leverage":1.0,"is_short":false,"open_timestamp":1761284700000,"close_timestamp":1761301200000,"orders":[{"amount":123.0,"safe_price":0.2136,"ft_order_side":"buy","order_filled_timestamp":1761284700000,"ft_is_entry":true,"ft_order_tag":"","cost":26.299072799999998},{"amount":123.0,"safe_price":0.213,"ft_order_side":"sell","order_filled_timestamp":1761301200000,"ft_is_entry":false,"ft_order_tag":"exit_signal","cost":26.225198999999996}],"funding_fees":0.0,"weekday":4},{"pair":"XRP/USDT","stake_amount":26.32949,"max_stake_amount":26.32949,"amount":10.7,"open_date":"2025-10-24 09:30:00+00:00","close_date":"2025-10-24 10:55:00+00:00","open_rate":2.4607,"close_rate":2.4511,"fee_open":0.001,"fee_close":0.001,"trade_duration":85,"profit_ratio":-0.005891536025237818,"profit_abs":-0.15527626,"exit_reason":"exit_signal","initial_stop_loss_abs":1.6118,"initial_stop_loss_ratio":-0.345,"stop_loss_abs":1.6118,"stop_loss_ratio":-0.345,"min_rate":2.4457,"max_rate":2.4641,"is_open":false,"enter_tag":"","leverage":1.0,"is_short":false,"open_timestamp":1761298200000,"close_timestamp":1761303300000,"orders":[{"amount":10.7,"safe_price":2.4607,"ft_order_side":"buy","order_filled_timestamp":1761298200000,"ft_is_entry":true,"ft_order_tag":"","cost":26.35581949},{"amount":10.7,"safe_price":2.4511,"ft_order_side":"sell","order_filled_timestamp":1761303300000,"ft_is_entry":false,"ft_order_tag":"exit_signal","cost":26.252996769999992}],"funding_fees":0.0,"weekday":4},{"pair":"XRP/USDT","stake_amount":26.05785,"max_stake_amount":26.05785,"amount":10.5,"open_date":"2025-10-24 13:05:00+00:00","close_date":"2025-10-24 15:10:00+00:00","open_rate":2.4817,"close_rate":2.4746,"fee_open":0.001,"fee_close":0.001,"trade_duration":125,"profit_ratio":-0.0048532279261215075,"profit_abs":-0.12659115,"exit_reason":"exit_signal","initial_stop_loss_abs":1.6256,"initial_stop_loss_ratio":-0.345,"stop_loss_abs":1.6256,"stop_loss_ratio":-0.345,"min_rate":2.4692,"max_rate":2.5146,"is_open":false,"enter_tag":"","leverage":1.0,"is_short":false,"open_timestamp":1761311100000,"close_timestamp":1761318600000,"orders":[{"amount":10.5,"safe_price":2.4817,"ft_order_side":"buy","order_filled_timestamp":1761311100000,"ft_is_entry":true,"ft_order_tag":"","cost":26.08390785},{"amount":10.5,"safe_price":2.4746,"ft_order_side":"sell","order_filled_timestamp":1761318600000,"ft_is_entry":false,"ft_order_tag":"exit_signal","cost":26.009283299999996}],"funding_fees":0.0,"weekday":4},{"pair":"XRP/USDT","stake_amount":26.15076,"max_stake_amount":26.15076,"amount":10.2,"open_date":"2025-10-25 04:50:00+00:00","close_date":"2025-10-25 06:25:00+00:00","open_rate":2.5638,"close_rate":2.5538,"fee_open":0.001,"fee_close":0.001,"trade_duration":95,"profit_ratio":-0.005890669124930768,"profit_abs":-0.15419952,"exit_reason":"exit_signal","initial_stop_loss_abs":1.6793,"initial_stop_loss_ratio":-0.345,"stop_loss_abs":1.6793,"stop_loss_ratio":-0.345,"min_rate":2.5483000000000002,"max_rate":2.5712,"is_open":false,"enter_tag":"","leverage":1.0,"is_short":false,"open_timestamp":1761367800000,"close_timestamp":1761373500000,"orders":[{"amount":10.2,"safe_price":2.5638,"ft_order_side":"buy","order_filled_timestamp":1761367800000,"ft_is_entry":true,"ft_order_tag":"","cost":26.176910759999995},{"amount":10.2,"safe_price":2.5538,"ft_order_side":"sell","order_filled_timestamp":1761373500000,"ft_is_entry":false,"ft_order_tag":"exit_signal","cost":26.074808759999996}],"funding_fees":0.0,"weekday":5},{"pair":"SAND/USDT","stake_amount":25.9623,"max_stake_amount":25.9623,"amount":117.0,"open_date":"2025-10-27 02:10:00+00:00","close_date":"2025-10-27 03:35:00+00:00","open_rate":0.2219,"close_rate":0.2197,"fee_open":0.001,"fee_close":0.001,"trade_duration":85,"profit_ratio":-0.011892568900230008,"profit_abs":-0.3090672,"exit_reason":"exit_signal","initial_stop_loss_abs":0.1454,"initial_stop_loss_ratio":-0.345,"stop_loss_abs":0.1454,"stop_loss_ratio":-0.345,"min_rate":0.2195,"max_rate":0.22210000000000002,"is_open":false,"enter_tag":"","leverage":1.0,"is_short":false,"open_timestamp":1761531000000,"close_timestamp":1761536100000,"orders":[{"amount":117.0,"safe_price":0.22190000000000001,"ft_order_side":"buy","order_filled_timestamp":1761531000000,"ft_is_entry":true,"ft_order_tag":"","cost":25.9882623},{"amount":117.0,"safe_price":0.2197,"ft_order_side":"sell","order_filled_timestamp":1761536100000,"ft_is_entry":false,"ft_order_tag":"exit_signal","cost":25.7306049}],"funding_fees":0.0,"weekday":0},{"pair":"SAND/USDT","stake_amount":25.9308,"max_stake_amount":25.9308,"amount":126.0,"open_date":"2025-11-01 08:30:00+00:00","close_date":"2025-11-01 13:35:00+00:00","open_rate":0.2058,"close_rate":0.2084,"fee_open":0.001,"fee_close":0.001,"trade_duration":305,"profit_ratio":0.010610380872771543,"profit_abs":0.2754108,"exit_reason":"exit_signal","initial_stop_loss_abs":0.1348,"initial_stop_loss_ratio":-0.345,"stop_loss_abs":0.1348,"stop_loss_ratio":-0.345,"min_rate":0.2054,"max_rate":0.2092,"is_open":false,"enter_tag":"","leverage":1.0,"is_short":false,"open_timestamp":1761985800000,"close_timestamp":1762004100000,"orders":[{"amount":126.0,"safe_price":0.2058,"ft_order_side":"buy","order_filled_timestamp":1761985800000,"ft_is_entry":true,"ft_order_tag":"","cost":25.9567308},{"amount":126.0,"safe_price":0.2084,"ft_order_side":"sell","order_filled_timestamp":1762004100000,"ft_is_entry":false,"ft_order_tag":"exit_signal","cost":26.284658399999998}],"funding_fees":0.0,"weekday":5},{"pair":"XRP/USDT","stake_amount":26.11874,"max_stake_amount":26.11874,"amount":10.3,"open_date":"2025-11-02 07:55:00+00:00","close_date":"2025-11-02 10:00:00+00:00","open_rate":2.5358,"close_rate":2.5204,"fee_open":0.001,"fee_close":0.001,"trade_duration":125,"profit_ratio":-0.008058902214592725,"profit_abs":-0.21069886,"exit_reason":"exit_signal","initial_stop_loss_abs":1.661,"initial_stop_loss_ratio":-0.345,"stop_loss_abs":1.661,"stop_loss_ratio":-0.345,"min_rate":2.5174,"max_rate":2.5392,"is_open":false,"enter_tag":"","leverage":1.0,"is_short":false,"open_timestamp":1762070100000,"close_timestamp":1762077600000,"orders":[{"amount":10.3,"safe_price":2.5358,"ft_order_side":"buy","order_filled_timestamp":1762070100000,"ft_is_entry":true,"ft_order_tag":"","cost":26.14485874},{"amount":10.3,"safe_price":2.5204,"ft_order_side":"sell","order_filled_timestamp":1762077600000,"ft_is_entry":false,"ft_order_tag":"exit_signal","cost":25.986080119999997}],"funding_fees":0.0,"weekday":6},{"pair":"XRP/USDT","stake_amount":25.96716,"max_stake_amount":25.96716,"amount":10.2,"open_date":"2025-11-02 12:30:00+00:00","close_date":"2025-11-02 13:35:00+00:00","open_rate":2.5458,"close_rate":2.5284,"fee_open":0.001,"fee_close":0.001,"trade_duration":65,"profit_ratio":-0.008819132788022724,"profit_abs":-0.22923684,"exit_reason":"exit_signal","initial_stop_loss_abs":1.6675,"initial_stop_loss_ratio":-0.345,"stop_loss_abs":1.6675,"stop_loss_ratio":-0.345,"min_rate":2.5223,"max_rate":2.5484,"is_open":false,"enter_tag":"","leverage":1.0,"is_short":false,"open_timestamp":1762086600000,"close_timestamp":1762090500000,"orders":[{"amount":10.2,"safe_price":2.5458,"ft_order_side":"buy","order_filled_timestamp":1762086600000,"ft_is_entry":true,"ft_order_tag":"","cost":25.993127159999993},{"amount":10.2,"safe_price":2.5284,"ft_order_side":"sell","order_filled_timestamp":1762090500000,"ft_is_entry":false,"ft_order_tag":"exit_signal","cost":25.815469679999993}],"funding_fees":0.0,"weekday":6}],"locks":[],"best_pair":{"key":"SAND/USDT","trades":27,"profit_mean":0.002310253330655691,"profit_mean_pct":0.23,"profit_total_abs":1.4731431000000001,"profit_total":0.029462862000000003,"profit_total_pct":2.95,"duration_avg":"4:29:00","wins":13,"draws":0,"losses":14,"winrate":0.48148148148148145,"cagr":0.12497618700943991,"expectancy":0.05456085555555554,"expectancy_ratio":0.21959792733493,"sortino":1.6069469837692019,"sharpe":0.6343678285791982,"calmar":15.097357245829677,"sqn":0.5644,"profit_factor":1.4235102884316508,"max_drawdown_account":0.04142646947260639,"max_drawdown_abs":2.1768582},"worst_pair":{"key":"XRP/USDT","trades":34,"profit_mean":0.0011391104324068521,"profit_mean_pct":0.11,"profit_total_abs":0.8997714000000001,"profit_total":0.017995428,"profit_total_pct":1.8,"duration_avg":"3:46:00","wins":12,"draws":0,"losses":22,"winrate":0.35294117647058826,"cagr":0.07501279613451328,"expectancy":0.02646386470588237,"expectancy_ratio":0.13818563867738232,"sortino":2.0123587232721123,"sharpe":0.4571745391698026,"calmar":7.8994990949593955,"sqn":0.3639,"profit_factor":1.2135596234105,"max_drawdown_account":0.04835780163211638,"max_drawdown_abs":2.5864774099999996},"results_per_pair":[{"key":"SAND/USDT","trades":27,"profit_mean":0.002310253330655691,"profit_mean_pct":0.23,"profit_total_abs":1.4731431000000001,"profit_total":0.029462862000000003,"profit_total_pct":2.95,"duration_avg":"4:29:00","wins":13,"draws":0,"losses":14,"winrate":0.48148148148148145,"cagr":0.12497618700943991,"expectancy":0.05456085555555554,"expectancy_ratio":0.21959792733493,"sortino":1.6069469837692019,"sharpe":0.6343678285791982,"calmar":15.097357245829677,"sqn":0.5644,"profit_factor":1.4235102884316508,"max_drawdown_account":0.04142646947260639,"max_drawdown_abs":2.1768582},{"key":"XRP/USDT","trades":34,"profit_mean":0.0011391104324068521,"profit_mean_pct":0.11,"profit_total_abs":0.8997714000000001,"profit_total":0.017995428,"profit_total_pct":1.8,"duration_avg":"3:46:00","wins":12,"draws":0,"losses":22,"winrate":0.35294117647058826,"cagr":0.07501279613451328,"expectancy":0.02646386470588237,"expectancy_ratio":0.13818563867738232,"sortino":2.0123587232721123,"sharpe":0.4571745391698026,"calmar":7.8994990949593955,"sqn":0.3639,"profit_factor":1.2135596234105,"max_drawdown_account":0.04835780163211638,"max_drawdown_abs":2.5864774099999996},{"key":"TOTAL","trades":61,"profit_mean":0.0016574851578612568,"profit_mean_pct":0.17,"profit_total_abs":2.3729145000000007,"profit_total":0.047458290000000014,"profit_total_pct":4.75,"duration_avg":"4:05:00","wins":25,"draws":0,"losses":36,"winrate":0.4098360655737705,"cagr":0.20688436424642465,"expectancy":0.038900237704918045,"expectancy_ratio":0.18206936721156852,"sortino":3.4757038520617822,"sharpe":1.1124094202237522,"calmar":12.958672880689022,"sqn":0.6654,"profit_factor":1.3085064277751577,"max_drawdown_account":0.07774195927036624,"max_drawdown_abs":4.349221200000001}],"results_per_enter_tag":[{"key":"","trades":61,"profit_mean":0.0016574851578612568,"profit_mean_pct":0.17,"profit_total_abs":2.3729145000000007,"profit_total":0.047458290000000014,"profit_total_pct":4.75,"duration_avg":"4:05:00","wins":25,"draws":0,"losses":36,"winrate":0.4098360655737705,"cagr":0.20688436424642465,"expectancy":0.038900237704918045,"expectancy_ratio":0.18206936721156852,"sortino":3.4757038520617822,"sharpe":1.1124094202237522,"calmar":12.958672880689022,"sqn":0.6654,"profit_factor":1.3085064277751577,"max_drawdown_account":0.07774195927036624,"max_drawdown_abs":4.349221200000001},{"key":"TOTAL","trades":61,"profit_mean":0.0016574851578612568,"profit_mean_pct":0.17,"profit_total_abs":2.3729145000000007,"profit_total":0.047458290000000014,"profit_total_pct":4.75,"duration_avg":"4:05:00","wins":25,"draws":0,"losses":36,"winrate":0.4098360655737705,"cagr":0.20688436424642465,"expectancy":0.038900237704918045,"expectancy_ratio":0.18206936721156852,"sortino":3.4757038520617822,"sharpe":1.1124094202237522,"calmar":12.958672880689022,"sqn":0.6654,"profit_factor":1.3085064277751577,"max_drawdown_account":0.07774195927036624,"max_drawdown_abs":4.349221200000001}],"exit_reason_summary":[{"key":"exit_signal","trades":61,"profit_mean":0.0016574851578612568,"profit_mean_pct":0.17,"profit_total_abs":2.3729145000000007,"profit_total":0.047458290000000014,"profit_total_pct":4.75,"duration_avg":"4:05:00","wins":25,"draws":0,"losses":36,"winrate":0.4098360655737705,"cagr":0.20688436424642465,"expectancy":0.038900237704918045,"expectancy_ratio":0.18206936721156852,"sortino":3.4757038520617822,"sharpe":1.1124094202237522,"calmar":12.958672880689022,"sqn":0.6654,"profit_factor":1.3085064277751577,"max_drawdown_account":0.07774195927036624,"max_drawdown_abs":4.349221200000001},{"key":"TOTAL","trades":61,"profit_mean":0.0016574851578612568,"profit_mean_pct":0.17,"profit_total_abs":2.3729145000000007,"profit_total":0.047458290000000014,"profit_total_pct":4.75,"duration_avg":"4:05:00","wins":25,"draws":0,"losses":36,"winrate":0.4098360655737705,"cagr":0.20688436424642465,"expectancy":0.038900237704918045,"expectancy_ratio":0.18206936721156852,"sortino":3.4757038520617822,"sharpe":1.1124094202237522,"calmar":12.958672880689022,"sqn":0.6654,"profit_factor":1.3085064277751577,"max_drawdown_account":0.07774195927036624,"max_drawdown_abs":4.349221200000001}],"mix_tag_stats":[{"key":["","exit_signal"],"trades":61,"profit_mean":0.0016574851578612568,"profit_mean_pct":0.17,"profit_total_abs":2.3729145000000007,"profit_total":0.047458290000000014,"profit_total_pct":4.75,"duration_avg":"4:05:00","wins":25,"draws":0,"losses":36,"winrate":0.4098360655737705,"cagr":0.20688436424642465,"expectancy":0.038900237704918045,"expectancy_ratio":0.18206936721156852,"sortino":3.4757038520617822,"sharpe":1.1124094202237522,"calmar":12.958672880689022,"sqn":0.6654,"profit_factor":1.3085064277751577,"max_drawdown_account":0.07774195927036624,"max_drawdown_abs":4.349221200000001},{"key":"TOTAL","trades":61,"profit_mean":0.0016574851578612568,"profit_mean_pct":0.17,"profit_total_abs":2.3729145000000007,"profit_total":0.047458290000000014,"profit_total_pct":4.75,"duration_avg":"4:05:00","wins":25,"draws":0,"losses":36,"winrate":0.4098360655737705,"cagr":0.20688436424642465,"expectancy":0.038900237704918045,"expectancy_ratio":0.18206936721156852,"sortino":3.4757038520617822,"sharpe":1.1124094202237522,"calmar":12.958672880689022,"sqn":0.6654,"profit_factor":1.3085064277751577,"max_drawdown_account":0.07774195927036624,"max_drawdown_abs":4.349221200000001}],"left_open_trades":[{"key":"TOTAL","trades":0,"profit_mean":0.0,"profit_mean_pct":0.0,"profit_total_abs":0.0,"profit_total":0.0,"profit_total_pct":0.0,"duration_avg":"0:00","wins":0,"draws":0,"losses":0,"winrate":0.0,"cagr":0.0,"expectancy":0.0,"expectancy_ratio":100.0,"sortino":0,"sharpe":0,"calmar":0,"sqn":0.0,"profit_factor":0.0,"max_drawdown_account":0.0,"max_drawdown_abs":0.0}],"total_trades":61,"trade_count_long":61,"trade_count_short":0,"total_volume":3244.5067655,"avg_stake_amount":26.521732131147537,"profit_mean":0.0016574851578612568,"profit_median":-0.004489028270488439,"profit_total":0.047458290000000014,"profit_total_long":0.047458290000000014,"profit_total_short":0.0,"profit_total_abs":2.3729145000000007,"profit_total_long_abs":2.3729145000000007,"profit_total_short_abs":0.0,"cagr":0.20688436424642465,"expectancy":0.038900237704918045,"expectancy_ratio":0.18206936721156852,"sortino":3.4757038520617822,"sharpe":1.1124094202237522,"calmar":12.958672880689022,"sqn":0.6654,"profit_factor":1.3085064277751577,"backtest_start":"2025-08-06 00:00:00","backtest_start_ts":1754438400000,"backtest_end":"2025-11-04 00:00:00","backtest_end_ts":1762214400000,"backtest_days":90,"backtest_run_start_ts":1770049076,"backtest_run_end_ts":1770049077,"trades_per_day":0.68,"market_change":-0.26647888869791775,"pairlist":["SAND/USDT","XRP/USDT"],"stake_amount":"unlimited","stake_currency":"USDT","stake_currency_decimals":3,"starting_balance":50,"dry_run_wallet":50,"final_balance":52.3729145,"rejected_signals":0,"timedout_entry_orders":0,"timedout_exit_orders":0,"canceled_trade_entries":0,"canceled_entry_orders":0,"replaced_entry_orders":0,"max_open_trades":2,"max_open_trades_setting":2,"timeframe":"5m","timeframe_detail":"","timerange":"20250806-20251104","enable_protections":false,"strategy_name":"MultiMa","freqaimodel":"XGBoostRegressor","freqai_identifier":"qs_v9_scalp_5m1h_l2","stoploss":-0.345,"trailing_stop":false,"trailing_stop_positive":0.02,"trailing_stop_positive_offset":0.032,"trailing_only_offset_is_reached":false,"use_custom_stoploss":false,"minimal_roi":{},"use_exit_signal":true,"exit_profit_only":false,"exit_profit_offset":0.0,"ignore_roi_if_entry_signal":false,"trading_mode":"spot","margin_mode":"","periodic_breakdown":{"day":[{"date":"07/08/2025","date_ts":1754524800000,"profit_abs":2.35075033,"wins":2,"draws":0,"losses":0,"trades":2,"profit_factor":0.0},{"date":"08/08/2025","date_ts":1754611200000,"profit_abs":1.69308928,"wins":2,"draws":0,"losses":1,"trades":3,"profit_factor":8.4879771},{"date":"09/08/2025","date_ts":1754697600000,"profit_abs":-0.3289984,"wins":1,"draws":0,"losses":2,"trades":3,"profit_factor":0.22950527},{"date":"10/08/2025","date_ts":1754784000000,"profit_abs":0.0,"wins":0,"draws":0,"losses":0,"trades":0,"profit_factor":0.0},{"date":"11/08/2025","date_ts":1754870400000,"profit_abs":0.0,"wins":0,"draws":0,"losses":0,"trades":0,"profit_factor":0.0},{"date":"12/08/2025","date_ts":1754956800000,"profit_abs":-0.06599232,"wins":0,"draws":0,"losses":1,"trades":1,"profit_factor":0.0},{"date":"13/08/2025","date_ts":1755043200000,"profit_abs":0.0,"wins":0,"draws":0,"losses":0,"trades":0,"profit_factor":0.0},{"date":"14/08/2025","date_ts":1755129600000,"profit_abs":0.0,"wins":0,"draws":0,"losses":0,"trades":0,"profit_factor":0.0},{"date":"15/08/2025","date_ts":1755216000000,"profit_abs":0.0,"wins":0,"draws":0,"losses":0,"trades":0,"profit_factor":0.0},{"date":"16/08/2025","date_ts":1755302400000,"profit_abs":-0.1176033,"wins":0,"draws":0,"losses":2,"trades":2,"profit_factor":0.0},{"date":"17/08/2025","date_ts":1755388800000,"profit_abs":0.0,"wins":0,"draws":0,"losses":0,"trades":0,"profit_factor":0.0},{"date":"18/08/2025","date_ts":1755475200000,"profit_abs":0.0,"wins":0,"draws":0,"losses":0,"trades":0,"profit_factor":0.0},{"date":"19/08/2025","date_ts":1755561600000,"profit_abs":0.0,"wins":0,"draws":0,"losses":0,"trades":0,"profit_factor":0.0},{"date":"20/08/2025","date_ts":1755648000000,"profit_abs":0.2666799,"wins":2,"draws":0,"losses":0,"trades":2,"profit_factor":0.0},{"date":"21/08/2025","date_ts":1755734400000,"profit_abs":0.0,"wins":0,"draws":0,"losses":0,"trades":0,"profit_factor":0.0},{"date":"22/08/2025","date_ts":1755820800000,"profit_abs":1.68559264,"wins":2,"draws":0,"losses":0,"trades":2,"profit_factor":0.0},{"date":"23/08/2025","date_ts":1755907200000,"profit_abs":0.0,"wins":0,"draws":0,"losses":0,"trades":0,"profit_factor":0.0},{"date":"24/08/2025","date_ts":1755993600000,"profit_abs":0.0,"wins":0,"draws":0,"losses":0,"trades":0,"profit_factor":0.0},{"date":"25/08/2025","date_ts":1756080000000,"profit_abs":0.0,"wins":0,"draws":0,"losses":0,"trades":0,"profit_factor":0.0},{"date":"26/08/2025","date_ts":1756166400000,"profit_abs":0.0,"wins":0,"draws":0,"losses":0,"trades":0,"profit_factor":0.0},{"date":"27/08/2025","date_ts":1756252800000,"profit_abs":0.0,"wins":0,"draws":0,"losses":0,"trades":0,"profit_factor":0.0},{"date":"28/08/2025","date_ts":1756339200000,"profit_abs":0.0,"wins":0,"draws":0,"losses":0,"trades":0,"profit_factor":0.0},{"date":"29/08/2025","date_ts":1756425600000,"profit_abs":0.0,"wins":0,"draws":0,"losses":0,"trades":0,"profit_factor":0.0},{"date":"30/08/2025","date_ts":1756512000000,"profit_abs":0.0,"wins":0,"draws":0,"losses":0,"trades":0,"profit_factor":0.0},{"date":"31/08/2025","date_ts":1756598400000,"profit_abs":0.35156922,"wins":2,"draws":0,"losses":0,"trades":2,"profit_factor":0.0},{"date":"01/09/2025","date_ts":1756684800000,"profit_abs":0.0,"wins":0,"draws":0,"losses":0,"trades":0,"profit_factor":0.0},{"date":"02/09/2025","date_ts":1756771200000,"profit_abs":0.10923462,"wins":1,"draws":0,"losses":0,"trades":1,"profit_factor":0.0},{"date":"03/09/2025","date_ts":1756857600000,"profit_abs":-0.5176377,"wins":0,"draws":0,"losses":3,"trades":3,"profit_factor":0.0},{"date":"04/09/2025","date_ts":1756944000000,"profit_abs":0.0,"wins":0,"draws":0,"losses":0,"trades":0,"profit_factor":0.0},{"date":"05/09/2025","date_ts":1757030400000,"profit_abs":-0.227232,"wins":0,"draws":0,"losses":1,"trades":1,"profit_factor":0.0},{"date":"06/09/2025","date_ts":1757116800000,"profit_abs":0.0,"wins":0,"draws":0,"losses":0,"trades":0,"profit_factor":0.0},{"date":"07/09/2025","date_ts":1757203200000,"profit_abs":-0.26179094,"wins":0,"draws":0,"losses":1,"trades":1,"profit_factor":0.0},{"date":"08/09/2025","date_ts":1757289600000,"profit_abs":0.1798243,"wins":2,"draws":0,"losses":1,"trades":3,"profit_factor":1.79217928},{"date":"09/09/2025","date_ts":1757376000000,"profit_abs":0.0,"wins":0,"draws":0,"losses":0,"trades":0,"profit_factor":0.0},{"date":"10/09/2025","date_ts":1757462400000,"profit_abs":0.0,"wins":0,"draws":0,"losses":0,"trades":0,"profit_factor":0.0},{"date":"11/09/2025","date_ts":1757548800000,"profit_abs":0.0,"wins":0,"draws":0,"losses":0,"trades":0,"profit_factor":0.0},{"date":"12/09/2025","date_ts":1757635200000,"profit_abs":0.0,"wins":0,"draws":0,"losses":0,"trades":0,"profit_factor":0.0},{"date":"13/09/2025","date_ts":1757721600000,"profit_abs":-0.21448682,"wins":1,"draws":0,"losses":2,"trades":3,"profit_factor":0.24665297},{"date":"14/09/2025","date_ts":1757808000000,"profit_abs":0.0,"wins":0,"draws":0,"losses":0,"trades":0,"profit_factor":0.0},{"date":"15/09/2025","date_ts":1757894400000,"profit_abs":0.0,"wins":0,"draws":0,"losses":0,"trades":0,"profit_factor":0.0},{"date":"16/09/2025","date_ts":1757980800000,"profit_abs":-0.28362698,"wins":0,"draws":0,"losses":1,"trades":1,"profit_factor":0.0},{"date":"17/09/2025","date_ts":1758067200000,"profit_abs":0.0,"wins":0,"draws":0,"losses":0,"trades":0,"profit_factor":0.0},{"date":"18/09/2025","date_ts":1758153600000,"profit_abs":-0.07829331,"wins":2,"draws":0,"losses":1,"trades":3,"profit_factor":0.56538327},{"date":"19/09/2025","date_ts":1758240000000,"profit_abs":0.0,"wins":0,"draws":0,"losses":0,"trades":0,"profit_factor":0.0},{"date":"20/09/2025","date_ts":1758326400000,"profit_abs":0.0,"wins":0,"draws":0,"losses":0,"trades":0,"profit_factor":0.0},{"date":"21/09/2025","date_ts":1758412800000,"profit_abs":0.0,"wins":0,"draws":0,"losses":0,"trades":0,"profit_factor":0.0},{"date":"22/09/2025","date_ts":1758499200000,"profit_abs":0.0,"wins":0,"draws":0,"losses":0,"trades":0,"profit_factor":0.0},{"date":"23/09/2025","date_ts":1758585600000,"profit_abs":0.0,"wins":0,"draws":0,"losses":0,"trades":0,"profit_factor":0.0},{"date":"24/09/2025","date_ts":1758672000000,"profit_abs":-0.0780489,"wins":1,"draws":0,"losses":2,"trades":3,"profit_factor":0.7707611},{"date":"25/09/2025","date_ts":1758758400000,"profit_abs":0.0,"wins":0,"draws":0,"losses":0,"trades":0,"profit_factor":0.0},{"date":"26/09/2025","date_ts":1758844800000,"profit_abs":0.037893,"wins":1,"draws":0,"losses":0,"trades":1,"profit_factor":0.0},{"date":"27/09/2025","date_ts":1758931200000,"profit_abs":0.0,"wins":0,"draws":0,"losses":0,"trades":0,"profit_factor":0.0},{"date":"28/09/2025","date_ts":1759017600000,"profit_abs":-0.3383805,"wins":0,"draws":0,"losses":1,"trades":1,"profit_factor":0.0},{"date":"29/09/2025","date_ts":1759104000000,"profit_abs":0.08395436,"wins":2,"draws":0,"losses":0,"trades":2,"profit_factor":0.0},{"date":"30/09/2025","date_ts":1759190400000,"profit_abs":0.0,"wins":0,"draws":0,"losses":0,"trades":0,"profit_factor":0.0},{"date":"01/10/2025","date_ts":1759276800000,"profit_abs":0.0,"wins":0,"draws":0,"losses":0,"trades":0,"profit_factor":0.0},{"date":"02/10/2025","date_ts":1759363200000,"profit_abs":-0.45696788,"wins":0,"draws":0,"losses":1,"trades":1,"profit_factor":0.0},{"date":"03/10/2025","date_ts":1759449600000,"profit_abs":0.0,"wins":0,"draws":0,"losses":0,"trades":0,"profit_factor":0.0},{"date":"04/10/2025","date_ts":1759536000000,"profit_abs":0.0,"wins":0,"draws":0,"losses":0,"trades":0,"profit_factor":0.0},{"date":"05/10/2025","date_ts":1759622400000,"profit_abs":0.0,"wins":0,"draws":0,"losses":0,"trades":0,"profit_factor":0.0},{"date":"06/10/2025","date_ts":1759708800000,"profit_abs":-0.19814511,"wins":0,"draws":0,"losses":1,"trades":1,"profit_factor":0.0},{"date":"07/10/2025","date_ts":1759795200000,"profit_abs":0.0,"wins":0,"draws":0,"losses":0,"trades":0,"profit_factor":0.0},{"date":"08/10/2025","date_ts":1759881600000,"profit_abs":0.0,"wins":0,"draws":0,"losses":0,"trades":0,"profit_factor":0.0},{"date":"09/10/2025","date_ts":1759968000000,"profit_abs":0.0,"wins":0,"draws":0,"losses":0,"trades":0,"profit_factor":0.0},{"date":"10/10/2025","date_ts":1760054400000,"profit_abs":-1.72172046,"wins":1,"draws":0,"losses":5,"trades":6,"profit_factor":0.00401467},{"date":"11/10/2025","date_ts":1760140800000,"profit_abs":0.0,"wins":0,"draws":0,"losses":0,"trades":0,"profit_factor":0.0},{"date":"12/10/2025","date_ts":1760227200000,"profit_abs":1.76343378,"wins":2,"draws":0,"losses":1,"trades":3,"profit_factor":7.42271003},{"date":"13/10/2025","date_ts":1760313600000,"profit_abs":0.0,"wins":0,"draws":0,"losses":0,"trades":0,"profit_factor":0.0},{"date":"14/10/2025","date_ts":1760400000000,"profit_abs":0.0,"wins":0,"draws":0,"losses":0,"trades":0,"profit_factor":0.0},{"date":"15/10/2025","date_ts":1760486400000,"profit_abs":0.0,"wins":0,"draws":0,"losses":0,"trades":0,"profit_factor":0.0},{"date":"16/10/2025","date_ts":1760572800000,"profit_abs":0.0,"wins":0,"draws":0,"losses":0,"trades":0,"profit_factor":0.0},{"date":"17/10/2025","date_ts":1760659200000,"profit_abs":0.0,"wins":0,"draws":0,"losses":0,"trades":0,"profit_factor":0.0},{"date":"18/10/2025","date_ts":1760745600000,"profit_abs":-0.17147648,"wins":0,"draws":0,"losses":1,"trades":1,"profit_factor":0.0},{"date":"19/10/2025","date_ts":1760832000000,"profit_abs":-0.052775,"wins":0,"draws":0,"losses":1,"trades":1,"profit_factor":0.0},{"date":"20/10/2025","date_ts":1760918400000,"profit_abs":0.0,"wins":0,"draws":0,"losses":0,"trades":0,"profit_factor":0.0},{"date":"21/10/2025","date_ts":1761004800000,"profit_abs":0.0,"wins":0,"draws":0,"losses":0,"trades":0,"profit_factor":0.0},{"date":"22/10/2025","date_ts":1761091200000,"profit_abs":0.0,"wins":0,"draws":0,"losses":0,"trades":0,"profit_factor":0.0},{"date":"23/10/2025","date_ts":1761177600000,"profit_abs":0.0,"wins":0,"draws":0,"losses":0,"trades":0,"profit_factor":0.0},{"date":"24/10/2025","date_ts":1761264000000,"profit_abs":-0.40813921,"wins":0,"draws":0,"losses":3,"trades":3,"profit_factor":0.0},{"date":"25/10/2025","date_ts":1761350400000,"profit_abs":-0.15419952,"wins":0,"draws":0,"losses":1,"trades":1,"profit_factor":0.0},{"date":"26/10/2025","date_ts":1761436800000,"profit_abs":0.0,"wins":0,"draws":0,"losses":0,"trades":0,"profit_factor":0.0},{"date":"27/10/2025","date_ts":1761523200000,"profit_abs":-0.3090672,"wins":0,"draws":0,"losses":1,"trades":1,"profit_factor":0.0},{"date":"28/10/2025","date_ts":1761609600000,"profit_abs":0.0,"wins":0,"draws":0,"losses":0,"trades":0,"profit_factor":0.0},{"date":"29/10/2025","date_ts":1761696000000,"profit_abs":0.0,"wins":0,"draws":0,"losses":0,"trades":0,"profit_factor":0.0},{"date":"30/10/2025","date_ts":1761782400000,"profit_abs":0.0,"wins":0,"draws":0,"losses":0,"trades":0,"profit_factor":0.0},{"date":"31/10/2025","date_ts":1761868800000,"profit_abs":0.0,"wins":0,"draws":0,"losses":0,"trades":0,"profit_factor":0.0},{"date":"01/11/2025","date_ts":1761955200000,"profit_abs":0.2754108,"wins":1,"draws":0,"losses":0,"trades":1,"profit_factor":0.0},{"date":"02/11/2025","date_ts":1762041600000,"profit_abs":-0.4399357,"wins":0,"draws":0,"losses":2,"trades":2,"profit_factor":0.0}],"week":[{"date":"11/08/2025","date_ts":1754870400000,"profit_abs":3.71484121,"wins":5,"draws":0,"losses":3,"trades":8,"profit_factor":6.68797804},{"date":"18/08/2025","date_ts":1755475200000,"profit_abs":-0.18359562,"wins":0,"draws":0,"losses":3,"trades":3,"profit_factor":0.0},{"date":"25/08/2025","date_ts":1756080000000,"profit_abs":1.95227254,"wins":4,"draws":0,"losses":0,"trades":4,"profit_factor":0.0},{"date":"01/09/2025","date_ts":1756684800000,"profit_abs":0.35156922,"wins":2,"draws":0,"losses":0,"trades":2,"profit_factor":0.0},{"date":"08/09/2025","date_ts":1757289600000,"profit_abs":-0.71760172,"wins":3,"draws":0,"losses":6,"trades":9,"profit_factor":0.4183149},{"date":"15/09/2025","date_ts":1757894400000,"profit_abs":-0.21448682,"wins":1,"draws":0,"losses":2,"trades":3,"profit_factor":0.24665297},{"date":"22/09/2025","date_ts":1758499200000,"profit_abs":-0.36192029,"wins":2,"draws":0,"losses":2,"trades":4,"profit_factor":0.21961308},{"date":"29/09/2025","date_ts":1759104000000,"profit_abs":-0.29458204,"wins":4,"draws":0,"losses":3,"trades":7,"profit_factor":0.56605737},{"date":"06/10/2025","date_ts":1759708800000,"profit_abs":-0.65511299,"wins":0,"draws":0,"losses":2,"trades":2,"profit_factor":0.0},{"date":"13/10/2025","date_ts":1760313600000,"profit_abs":0.04171332,"wins":3,"draws":0,"losses":6,"trades":9,"profit_factor":1.02082311},{"date":"20/10/2025","date_ts":1760918400000,"profit_abs":-0.22425148,"wins":0,"draws":0,"losses":2,"trades":2,"profit_factor":0.0},{"date":"27/10/2025","date_ts":1761523200000,"profit_abs":-0.87140593,"wins":0,"draws":0,"losses":5,"trades":5,"profit_factor":0.0},{"date":"03/11/2025","date_ts":1762128000000,"profit_abs":-0.1645249,"wins":1,"draws":0,"losses":2,"trades":3,"profit_factor":0.62602512}],"month":[{"date":"31/08/2025","date_ts":1756598400000,"profit_abs":5.83508735,"wins":11,"draws":0,"losses":6,"trades":17,"profit_factor":7.97393331},{"date":"30/09/2025","date_ts":1759190400000,"profit_abs":-1.58859087,"wins":10,"draws":0,"losses":13,"trades":23,"profit_factor":0.40300814},{"date":"31/10/2025","date_ts":1761868800000,"profit_abs":-1.70905708,"wins":3,"draws":0,"losses":15,"trades":18,"profit_factor":0.54473622},{"date":"30/11/2025","date_ts":1764460800000,"profit_abs":-0.1645249,"wins":1,"draws":0,"losses":2,"trades":3,"profit_factor":0.62602512}],"year":[{"date":"31/12/2025","date_ts":1767139200000,"profit_abs":2.3729145,"wins":25,"draws":0,"losses":36,"trades":61,"profit_factor":1.30850643}],"weekday":[{"date":"Monday","date_ts":0,"profit_abs":-0.24343365,"wins":4,"draws":0,"losses":3,"trades":7,"profit_factor":0.6684422},{"date":"Tuesday","date_ts":1,"profit_abs":-0.24038468,"wins":1,"draws":0,"losses":2,"trades":3,"profit_factor":0.31243876},{"date":"Wednesday","date_ts":2,"profit_abs":-0.3290067,"wins":3,"draws":0,"losses":5,"trades":8,"profit_factor":0.6165903},{"date":"Thursday","date_ts":3,"profit_abs":1.81548914,"wins":4,"draws":0,"losses":2,"trades":6,"profit_factor":3.84956391},{"date":"Friday","date_ts":4,"profit_abs":1.05948325,"wins":6,"draws":0,"losses":10,"trades":16,"profit_factor":1.40904488},{"date":"Saturday","date_ts":5,"profit_abs":-0.71135372,"wins":3,"draws":0,"losses":8,"trades":11,"profit_factor":0.38410264},{"date":"Sunday","date_ts":6,"profit_abs":1.02212086,"wins":4,"draws":0,"losses":6,"trades":10,"profit_factor":1.74746795}]},"backtest_best_day":0.09538749931456379,"backtest_worst_day":-0.06573206367265721,"backtest_best_day_abs":2.35075033,"backtest_worst_day_abs":-1.72172046,"winning_days":11,"draw_days":57,"losing_days":20,"daily_profit":[["2025-08-07",2.35075033],["2025-08-08",1.69308928],["2025-08-09",-0.3289984],["2025-08-10",0.0],["2025-08-11",0.0],["2025-08-12",-0.06599232],["2025-08-13",0.0],["2025-08-14",0.0],["2025-08-15",0.0],["2025-08-16",-0.1176033],["2025-08-17",0.0],["2025-08-18",0.0],["2025-08-19",0.0],["2025-08-20",0.2666799],["2025-08-21",0.0],["2025-08-22",1.68559264],["2025-08-23",0.0],["2025-08-24",0.0],["2025-08-25",0.0],["2025-08-26",0.0],["2025-08-27",0.0],["2025-08-28",0.0],["2025-08-29",0.0],["2025-08-30",0.0],["2025-08-31",0.35156922],["2025-09-01",0.0],["2025-09-02",0.10923462],["2025-09-03",-0.5176377],["2025-09-04",0.0],["2025-09-05",-0.227232],["2025-09-06",0.0],["2025-09-07",-0.26179094],["2025-09-08",0.1798243],["2025-09-09",0.0],["2025-09-10",0.0],["2025-09-11",0.0],["2025-09-12",0.0],["2025-09-13",-0.21448682],["2025-09-14",0.0],["2025-09-15",0.0],["2025-09-16",-0.28362698],["2025-09-17",0.0],["2025-09-18",-0.07829331],["2025-09-19",0.0],["2025-09-20",0.0],["2025-09-21",0.0],["2025-09-22",0.0],["2025-09-23",0.0],["2025-09-24",-0.0780489],["2025-09-25",0.0],["2025-09-26",0.037893],["2025-09-27",0.0],["2025-09-28",-0.3383805],["2025-09-29",0.08395436],["2025-09-30",0.0],["2025-10-01",0.0],["2025-10-02",-0.45696788],["2025-10-03",0.0],["2025-10-04",0.0],["2025-10-05",0.0],["2025-10-06",-0.19814511],["2025-10-07",0.0],["2025-10-08",0.0],["2025-10-09",0.0],["2025-10-10",-1.72172046],["2025-10-11",0.0],["2025-10-12",1.76343378],["2025-10-13",0.0],["2025-10-14",0.0],["2025-10-15",0.0],["2025-10-16",0.0],["2025-10-17",0.0],["2025-10-18",-0.17147648],["2025-10-19",-0.052775],["2025-10-20",0.0],["2025-10-21",0.0],["2025-10-22",0.0],["2025-10-23",0.0],["2025-10-24",-0.40813921],["2025-10-25",-0.15419952],["2025-10-26",0.0],["2025-10-27",-0.3090672],["2025-10-28",0.0],["2025-10-29",0.0],["2025-10-30",0.0],["2025-10-31",0.0],["2025-11-01",0.2754108],["2025-11-02",-0.4399357]],"wins":25,"losses":36,"draws":0,"winrate":0.4098360655737705,"holding_avg":"4:05:00","holding_avg_s":14700.0,"winner_holding_min":"0d 03:00","winner_holding_min_s":10800.0,"winner_holding_max":"1d 03:25","winner_holding_max_s":98700.0,"winner_holding_avg":"0d 06:46","winner_holding_avg_s":24360.0,"loser_holding_min":"0d 00:05","loser_holding_min_s":300.0,"loser_holding_max":"0d 04:35","loser_holding_max_s":16500.0,"loser_holding_avg":"0d 02:13","loser_holding_avg_s":7980.0,"max_consecutive_wins":7,"max_consecutive_losses":7,"max_drawdown_account":0.07774195927036624,"max_relative_drawdown":0.07774195927036624,"max_drawdown_abs":4.349221200000001,"drawdown_start":"2025-09-02 07:45:00","drawdown_start_ts":1756799100000.0,"drawdown_end":"2025-10-12 13:45:00","drawdown_end_ts":1760276700000.0,"drawdown_duration":"40 days 06:00:00","drawdown_duration_s":3477600.0,"max_drawdown_low":1.5951007699999995,"max_drawdown_high":5.94432197,"csum_min":50.87887953,"csum_max":55.94432197}},"strategy_comparison":[{"key":"MultiMa","trades":61,"profit_mean":0.0016574851578612568,"profit_mean_pct":0.17,"profit_total_abs":2.3729145000000007,"profit_total":0.047458290000000014,"profit_total_pct":4.75,"duration_avg":"4:05:00","wins":25,"draws":0,"losses":36,"winrate":0.4098360655737705,"cagr":0.20688436424642465,"expectancy":0.038900237704918045,"expectancy_ratio":0.18206936721156852,"sortino":3.4757038520617822,"sharpe":1.1124094202237522,"calmar":12.958672880689022,"sqn":0.6654,"profit_factor":1.3085064277751577,"max_drawdown_account":0.07774195927036624,"max_drawdown_abs":"4.349"}]}