{"strategy":{"UniversalMACD":{"trades":[{"pair":"DOT/USDT","stake_amount":9.88344,"max_stake_amount":9.88344,"amount":5.04,"open_date":"2025-12-12 16:25:00+00:00","close_date":"2025-12-12 21:30:00+00:00","open_rate":1.961,"close_rate":2.004185185185185,"fee_open":0.001,"fee_close":0.001,"trade_duration":305,"profit_ratio":0.01998001998001998,"profit_abs":0.1976688,"exit_reason":"roi","initial_stop_loss_abs":1.899,"initial_stop_loss_ratio":-0.0318,"stop_loss_abs":1.899,"stop_loss_ratio":-0.0318,"min_rate":1.9460000000000002,"max_rate":2.009,"is_open":false,"enter_tag":"","leverage":1.0,"is_short":false,"open_timestamp":1765556700000,"close_timestamp":1765575000000,"orders":[{"amount":5.04,"safe_price":1.9609999999999999,"ft_order_side":"buy","order_filled_timestamp":1765556700000,"ft_is_entry":true,"ft_order_tag":"","cost":9.893323439999998},{"amount":5.04,"safe_price":2.004185185185185,"ft_order_side":"sell","order_filled_timestamp":1765575000000,"ft_is_entry":false,"ft_order_tag":"roi","cost":10.111194426666666}],"funding_fees":0.0,"weekday":4},{"pair":"VET/USDT","stake_amount":9.899784,"max_stake_amount":9.899784,"amount":861.6,"open_date":"2025-12-12 16:25:00+00:00","close_date":"2025-12-13 02:05:00+00:00","open_rate":0.01149,"close_rate":0.011743033033033033,"fee_open":0.001,"fee_close":0.001,"trade_duration":580,"profit_ratio":0.01998001998001998,"profit_abs":0.19799568,"exit_reason":"roi","initial_stop_loss_abs":0.01113,"initial_stop_loss_ratio":-0.0318,"stop_loss_abs":0.01113,"stop_loss_ratio":-0.0318,"min_rate":0.011380000000000001,"max_rate":0.011750000000000002,"is_open":false,"enter_tag":"","leverage":1.0,"is_short":false,"open_timestamp":1765556700000,"close_timestamp":1765591500000,"orders":[{"amount":861.6,"safe_price":0.01149,"ft_order_side":"buy","order_filled_timestamp":1765556700000,"ft_is_entry":true,"ft_order_tag":"","cost":9.909683783999998},{"amount":861.6,"safe_price":0.011743033033033033,"ft_order_side":"sell","order_filled_timestamp":1765591500000,"ft_is_entry":false,"ft_order_tag":"roi","cost":10.127915058522522}],"funding_fees":0.0,"weekday":5},{"pair":"DOT/USDT","stake_amount":9.9693,"max_stake_amount":9.9693,"amount":5.3,"open_date":"2025-12-15 15:25:00+00:00","close_date":"2025-12-16 10:40:00+00:00","open_rate":1.881,"close_rate":1.9224234234234232,"fee_open":0.001,"fee_close":0.001,"trade_duration":1155,"profit_ratio":0.01998001998001998,"profit_abs":0.199386,"exit_reason":"roi","initial_stop_loss_abs":1.822,"initial_stop_loss_ratio":-0.0318,"stop_loss_abs":1.822,"stop_loss_ratio":-0.0318,"min_rate":1.8290000000000002,"max_rate":1.9340000000000002,"is_open":false,"enter_tag":"","leverage":1.0,"is_short":false,"open_timestamp":1765812300000,"close_timestamp":1765881600000,"orders":[{"amount":5.3,"safe_price":1.881,"ft_order_side":"buy","order_filled_timestamp":1765812300000,"ft_is_entry":true,"ft_order_tag":"","cost":9.979269299999999},{"amount":5.3,"safe_price":1.9224234234234232,"ft_order_side":"sell","order_filled_timestamp":1765881600000,"ft_is_entry":false,"ft_order_tag":"roi","cost":10.199032988288286}],"funding_fees":0.0,"weekday":1},{"pair":"ICP/USDT","stake_amount":9.97328,"max_stake_amount":9.97328,"amount":3.32,"open_date":"2025-12-15 17:00:00+00:00","close_date":"2025-12-16 11:30:00+00:00","open_rate":3.004,"close_rate":3.070154154154154,"fee_open":0.001,"fee_close":0.001,"trade_duration":1110,"profit_ratio":0.01998001998001998,"profit_abs":0.1994656,"exit_reason":"roi","initial_stop_loss_abs":2.909,"initial_stop_loss_ratio":-0.0318,"stop_loss_abs":2.909,"stop_loss_ratio":-0.0318,"min_rate":2.95,"max_rate":3.091,"is_open":false,"enter_tag":"","leverage":1.0,"is_short":false,"open_timestamp":1765818000000,"close_timestamp":1765884600000,"orders":[{"amount":3.32,"safe_price":3.004,"ft_order_side":"buy","order_filled_timestamp":1765818000000,"ft_is_entry":true,"ft_order_tag":"","cost":9.983253279999998},{"amount":3.32,"safe_price":3.070154154154154,"ft_order_side":"sell","order_filled_timestamp":1765884600000,"ft_is_entry":false,"ft_order_tag":"roi","cost":10.20310470358358}],"funding_fees":0.0,"weekday":1},{"pair":"VET/USDT","stake_amount":10.057033,"max_stake_amount":10.057033,"amount":1048.7,"open_date":"2025-12-18 19:55:00+00:00","close_date":"2025-12-19 00:00:00+00:00","open_rate":0.00959,"close_rate":0.00980119119119119,"fee_open":0.001,"fee_close":0.001,"trade_duration":245,"profit_ratio":0.019980019980019977,"profit_abs":0.20114066,"exit_reason":"roi","initial_stop_loss_abs":0.00929,"initial_stop_loss_ratio":-0.0318,"stop_loss_abs":0.00929,"stop_loss_ratio":-0.0318,"min_rate":0.009540000000000002,"max_rate":0.0099,"is_open":false,"enter_tag":"","leverage":1.0,"is_short":false,"open_timestamp":1766087700000,"close_timestamp":1766102400000,"orders":[{"amount":1048.7,"safe_price":0.009590000000000001,"ft_order_side":"buy","order_filled_timestamp":1766087700000,"ft_is_entry":true,"ft_order_tag":"","cost":10.067090033000001},{"amount":1048.7,"safe_price":0.00980119119119119,"ft_order_side":"sell","order_filled_timestamp":1766102400000,"ft_is_entry":false,"ft_order_tag":"roi","cost":10.288787711404403}],"funding_fees":0.0,"weekday":4},{"pair":"ICP/USDT","stake_amount":10.05636,"max_stake_amount":10.05636,"amount":3.62,"open_date":"2025-12-18 20:00:00+00:00","close_date":"2025-12-19 03:25:00+00:00","open_rate":2.778,"close_rate":2.8391771771771768,"fee_open":0.001,"fee_close":0.001,"trade_duration":445,"profit_ratio":0.01998001998001998,"profit_abs":0.2011272,"exit_reason":"roi","initial_stop_loss_abs":2.69,"initial_stop_loss_ratio":-0.0318,"stop_loss_abs":2.69,"stop_loss_ratio":-0.0318,"min_rate":2.749,"max_rate":2.862,"is_open":false,"enter_tag":"","leverage":1.0,"is_short":false,"open_timestamp":1766088000000,"close_timestamp":1766114700000,"orders":[{"amount":3.62,"safe_price":2.778,"ft_order_side":"buy","order_filled_timestamp":1766088000000,"ft_is_entry":true,"ft_order_tag":"","cost":10.066416359999998},{"amount":3.62,"safe_price":2.8391771771771768,"ft_order_side":"sell","order_filled_timestamp":1766114700000,"ft_is_entry":false,"ft_order_tag":"roi","cost":10.288099202762762}],"funding_fees":0.0,"weekday":4},{"pair":"ADA/USDT","stake_amount":10.02792,"max_stake_amount":10.02792,"amount":28.2,"open_date":"2025-12-18 17:35:00+00:00","close_date":"2025-12-19 06:55:00+00:00","open_rate":0.3556,"close_rate":0.363431031031031,"fee_open":0.001,"fee_close":0.001,"trade_duration":800,"profit_ratio":0.01998001998001998,"profit_abs":0.2005584,"exit_reason":"roi","initial_stop_loss_abs":0.3443,"initial_stop_loss_ratio":-0.0318,"stop_loss_abs":0.3443,"stop_loss_ratio":-0.0318,"min_rate":0.3466,"max_rate":0.3637,"is_open":false,"enter_tag":"","leverage":1.0,"is_short":false,"open_timestamp":1766079300000,"close_timestamp":1766127300000,"orders":[{"amount":28.2,"safe_price":0.3556,"ft_order_side":"buy","order_filled_timestamp":1766079300000,"ft_is_entry":true,"ft_order_tag":"","cost":10.037947919999999},{"amount":28.2,"safe_price":0.363431031031031,"ft_order_side":"sell","order_filled_timestamp":1766127300000,"ft_is_entry":false,"ft_order_tag":"roi","cost":10.259003830150148}],"funding_fees":0.0,"weekday":4},{"pair":"ICP/USDT","stake_amount":10.17144,"max_stake_amount":10.17144,"amount":3.06,"open_date":"2026-01-06 16:35:00+00:00","close_date":"2026-01-06 21:15:00+00:00","open_rate":3.324,"close_rate":3.3972012012012005,"fee_open":0.001,"fee_close":0.001,"trade_duration":280,"profit_ratio":0.01998001998001998,"profit_abs":0.2034288,"exit_reason":"roi","initial_stop_loss_abs":3.219,"initial_stop_loss_ratio":-0.0318,"stop_loss_abs":3.219,"stop_loss_ratio":-0.0318,"min_rate":3.222,"max_rate":3.411,"is_open":false,"enter_tag":"","leverage":1.0,"is_short":false,"open_timestamp":1767717300000,"close_timestamp":1767734100000,"orders":[{"amount":3.06,"safe_price":3.324,"ft_order_side":"buy","order_filled_timestamp":1767717300000,"ft_is_entry":true,"ft_order_tag":"","cost":10.18161144},{"amount":3.06,"safe_price":3.3972012012012005,"ft_order_side":"sell","order_filled_timestamp":1767734100000,"ft_is_entry":false,"ft_order_tag":"roi","cost":10.405831111351349}],"funding_fees":0.0,"weekday":1},{"pair":"ICP/USDT","stake_amount":10.18017,"max_stake_amount":10.18017,"amount":2.31,"open_date":"2026-01-15 03:00:00+00:00","close_date":"2026-01-15 05:15:00+00:00","open_rate":4.407,"close_rate":4.6363933933933925,"fee_open":0.001,"fee_close":0.001,"trade_duration":135,"profit_ratio":0.049950049950049945,"profit_abs":0.5090085,"exit_reason":"roi","initial_stop_loss_abs":4.267,"initial_stop_loss_ratio":-0.0318,"stop_loss_abs":4.267,"stop_loss_ratio":-0.0318,"min_rate":4.367,"max_rate":4.666,"is_open":false,"enter_tag":"","leverage":1.0,"is_short":false,"open_timestamp":1768446000000,"close_timestamp":1768454100000,"orders":[{"amount":2.31,"safe_price":4.407,"ft_order_side":"buy","order_filled_timestamp":1768446000000,"ft_is_entry":true,"ft_order_tag":"","cost":10.190350169999999},{"amount":2.31,"safe_price":4.6363933933933925,"ft_order_side":"sell","order_filled_timestamp":1768454100000,"ft_is_entry":false,"ft_order_tag":"roi","cost":10.720778807477474}],"funding_fees":0.0,"weekday":3},{"pair":"ICP/USDT","stake_amount":10.29952,"max_stake_amount":10.29952,"amount":2.42,"open_date":"2026-01-15 08:30:00+00:00","close_date":"2026-01-15 13:10:00+00:00","open_rate":4.256,"close_rate":4.349725725725726,"fee_open":0.001,"fee_close":0.001,"trade_duration":280,"profit_ratio":0.01998001998001998,"profit_abs":0.2059904,"exit_reason":"roi","initial_stop_loss_abs":4.121,"initial_stop_loss_ratio":-0.0318,"stop_loss_abs":4.121,"stop_loss_ratio":-0.0318,"min_rate":4.171,"max_rate":4.3629999999999995,"is_open":false,"enter_tag":"","leverage":1.0,"is_short":false,"open_timestamp":1768465800000,"close_timestamp":1768482600000,"orders":[{"amount":2.42,"safe_price":4.256,"ft_order_side":"buy","order_filled_timestamp":1768465800000,"ft_is_entry":true,"ft_order_tag":"","cost":10.30981952},{"amount":2.42,"safe_price":4.349725725725726,"ft_order_side":"sell","order_filled_timestamp":1768482600000,"ft_is_entry":false,"ft_order_tag":"roi","cost":10.536862592512511}],"funding_fees":0.0,"weekday":3},{"pair":"ICP/USDT","stake_amount":10.335,"max_stake_amount":10.335,"amount":2.65,"open_date":"2026-01-18 23:55:00+00:00","close_date":"2026-01-19 00:00:00+00:00","open_rate":3.9,"close_rate":3.776,"fee_open":0.001,"fee_close":0.001,"trade_duration":5,"profit_ratio":-0.033729347575501424,"profit_abs":-0.3489414,"exit_reason":"stop_loss","initial_stop_loss_abs":3.776,"initial_stop_loss_ratio":-0.0318,"stop_loss_abs":3.776,"stop_loss_ratio":-0.0318,"min_rate":3.446,"max_rate":3.911,"is_open":false,"enter_tag":"","leverage":1.0,"is_short":false,"open_timestamp":1768780500000,"close_timestamp":1768780800000,"orders":[{"amount":2.65,"safe_price":3.9,"ft_order_side":"buy","order_filled_timestamp":1768780500000,"ft_is_entry":true,"ft_order_tag":"","cost":10.345334999999999},{"amount":2.65,"safe_price":3.776,"ft_order_side":"sell","order_filled_timestamp":1768780800000,"ft_is_entry":false,"ft_order_tag":"stop_loss","cost":10.016406399999997}],"funding_fees":0.0,"weekday":0},{"pair":"VET/USDT","stake_amount":10.357584,"max_stake_amount":10.357584,"amount":934.8,"open_date":"2026-01-18 23:55:00+00:00","close_date":"2026-01-19 00:00:00+00:00","open_rate":0.01108,"close_rate":0.01073,"fee_open":0.001,"fee_close":0.001,"trade_duration":5,"profit_ratio":-0.033523336062808586,"profit_abs":-0.34756799,"exit_reason":"stop_loss","initial_stop_loss_abs":0.01073,"initial_stop_loss_ratio":-0.0318,"stop_loss_abs":0.01073,"stop_loss_ratio":-0.0318,"min_rate":0.01007,"max_rate":0.011090000000000001,"is_open":false,"enter_tag":"","leverage":1.0,"is_short":false,"open_timestamp":1768780500000,"close_timestamp":1768780800000,"orders":[{"amount":934.8,"safe_price":0.011080000000000001,"ft_order_side":"buy","order_filled_timestamp":1768780500000,"ft_is_entry":true,"ft_order_tag":"","cost":10.367941584},{"amount":934.8,"safe_price":0.01073,"ft_order_side":"sell","order_filled_timestamp":1768780800000,"ft_is_entry":false,"ft_order_tag":"stop_loss","cost":10.040434403999997}],"funding_fees":0.0,"weekday":0},{"pair":"DOT/USDT","stake_amount":10.2011,"max_stake_amount":10.2011,"amount":4.94,"open_date":"2026-01-19 00:00:00+00:00","close_date":"2026-01-19 00:00:00+00:00","open_rate":2.065,"close_rate":2.0,"fee_open":0.001,"fee_close":0.001,"trade_duration":0,"profit_ratio":-0.03341210847264116,"profit_abs":-0.3411811,"exit_reason":"stop_loss","initial_stop_loss_abs":2.0,"initial_stop_loss_ratio":-0.0318,"stop_loss_abs":2.0,"stop_loss_ratio":-0.0318,"min_rate":1.834,"max_rate":2.065,"is_open":false,"enter_tag":"","leverage":1.0,"is_short":false,"open_timestamp":1768780800000,"close_timestamp":1768780800000,"orders":[{"amount":4.94,"safe_price":2.065,"ft_order_side":"buy","order_filled_timestamp":1768780800000,"ft_is_entry":true,"ft_order_tag":"","cost":10.2113011},{"amount":4.94,"safe_price":2.0,"ft_order_side":"sell","order_filled_timestamp":1768780800000,"ft_is_entry":false,"ft_order_tag":"stop_loss","cost":9.88988}],"funding_fees":0.0,"weekday":0},{"pair":"ICP/USDT","stake_amount":10.11663,"max_stake_amount":10.11663,"amount":2.67,"open_date":"2026-01-19 01:40:00+00:00","close_date":"2026-01-19 05:40:00+00:00","open_rate":3.789,"close_rate":3.918,"fee_open":0.001,"fee_close":0.001,"trade_duration":240,"profit_ratio":0.031979896587972595,"profit_abs":0.32385231,"exit_reason":"roi","initial_stop_loss_abs":3.669,"initial_stop_loss_ratio":-0.0318,"stop_loss_abs":3.669,"stop_loss_ratio":-0.0318,"min_rate":3.743,"max_rate":3.966,"is_open":false,"enter_tag":"","leverage":1.0,"is_short":false,"open_timestamp":1768786800000,"close_timestamp":1768801200000,"orders":[{"amount":2.67,"safe_price":3.789,"ft_order_side":"buy","order_filled_timestamp":1768786800000,"ft_is_entry":true,"ft_order_tag":"","cost":10.12674663},{"amount":2.67,"safe_price":3.918,"ft_order_side":"sell","order_filled_timestamp":1768801200000,"ft_is_entry":false,"ft_order_tag":"roi","cost":10.471521059999999}],"funding_fees":0.0,"weekday":0},{"pair":"ADA/USDT","stake_amount":10.13607,"max_stake_amount":10.13607,"amount":27.9,"open_date":"2026-01-19 01:25:00+00:00","close_date":"2026-01-19 10:45:00+00:00","open_rate":0.3633,"close_rate":0.37130060060060055,"fee_open":0.001,"fee_close":0.001,"trade_duration":560,"profit_ratio":0.01998001998001998,"profit_abs":0.2027214,"exit_reason":"roi","initial_stop_loss_abs":0.3518,"initial_stop_loss_ratio":-0.0318,"stop_loss_abs":0.3518,"stop_loss_ratio":-0.0318,"min_rate":0.36060000000000003,"max_rate":0.3714,"is_open":false,"enter_tag":"","leverage":1.0,"is_short":false,"open_timestamp":1768785900000,"close_timestamp":1768819500000,"orders":[{"amount":27.9,"safe_price":0.3633,"ft_order_side":"buy","order_filled_timestamp":1768785900000,"ft_is_entry":true,"ft_order_tag":"","cost":10.14620607},{"amount":27.9,"safe_price":0.37130060060060055,"ft_order_side":"sell","order_filled_timestamp":1768819500000,"ft_is_entry":false,"ft_order_tag":"roi","cost":10.36964604351351}],"funding_fees":0.0,"weekday":0},{"pair":"XRP/USDT","stake_amount":10.09528,"max_stake_amount":10.09528,"amount":5.2,"open_date":"2026-01-19 00:10:00+00:00","close_date":"2026-01-19 14:45:00+00:00","open_rate":1.9414,"close_rate":1.9841535535535535,"fee_open":0.001,"fee_close":0.001,"trade_duration":875,"profit_ratio":0.019980019980019977,"profit_abs":0.2019056,"exit_reason":"roi","initial_stop_loss_abs":1.8797,"initial_stop_loss_ratio":-0.0318,"stop_loss_abs":1.8797,"stop_loss_ratio":-0.0318,"min_rate":1.92,"max_rate":1.9853,"is_open":false,"enter_tag":"","leverage":1.0,"is_short":false,"open_timestamp":1768781400000,"close_timestamp":1768833900000,"orders":[{"amount":5.2,"safe_price":1.9414,"ft_order_side":"buy","order_filled_timestamp":1768781400000,"ft_is_entry":true,"ft_order_tag":"","cost":10.105375279999999},{"amount":5.2,"safe_price":1.9841535535535535,"ft_order_side":"sell","order_filled_timestamp":1768833900000,"ft_is_entry":false,"ft_order_tag":"roi","cost":10.327916076956956}],"funding_fees":0.0,"weekday":0},{"pair":"DOT/USDT","stake_amount":10.13837,"max_stake_amount":10.13837,"amount":5.17,"open_date":"2026-01-19 02:00:00+00:00","close_date":"2026-01-19 16:40:00+00:00","open_rate":1.961,"close_rate":2.004185185185185,"fee_open":0.001,"fee_close":0.001,"trade_duration":880,"profit_ratio":0.01998001998001998,"profit_abs":0.2027674,"exit_reason":"roi","initial_stop_loss_abs":1.899,"initial_stop_loss_ratio":-0.0318,"stop_loss_abs":1.899,"stop_loss_ratio":-0.0318,"min_rate":1.955,"max_rate":2.005,"is_open":false,"enter_tag":"","leverage":1.0,"is_short":false,"open_timestamp":1768788000000,"close_timestamp":1768840800000,"orders":[{"amount":5.17,"safe_price":1.9609999999999999,"ft_order_side":"buy","order_filled_timestamp":1768788000000,"ft_is_entry":true,"ft_order_tag":"","cost":10.148508369999997},{"amount":5.17,"safe_price":2.004185185185185,"ft_order_side":"sell","order_filled_timestamp":1768840800000,"ft_is_entry":false,"ft_order_tag":"roi","cost":10.371999044814814}],"funding_fees":0.0,"weekday":0},{"pair":"VET/USDT","stake_amount":10.152009,"max_stake_amount":10.152009,"amount":947.9,"open_date":"2026-01-19 01:30:00+00:00","close_date":"2026-01-19 19:15:00+00:00","open_rate":0.01071,"close_rate":0.010945855855855856,"fee_open":0.001,"fee_close":0.001,"trade_duration":1065,"profit_ratio":0.01998001998001998,"profit_abs":0.20304018,"exit_reason":"roi","initial_stop_loss_abs":0.01037,"initial_stop_loss_ratio":-0.0318,"stop_loss_abs":0.01037,"stop_loss_ratio":-0.0318,"min_rate":0.01059,"max_rate":0.01106,"is_open":false,"enter_tag":"","leverage":1.0,"is_short":false,"open_timestamp":1768786200000,"close_timestamp":1768850100000,"orders":[{"amount":947.9,"safe_price":0.01071,"ft_order_side":"buy","order_filled_timestamp":1768786200000,"ft_is_entry":true,"ft_order_tag":"","cost":10.162161008999998},{"amount":947.9,"safe_price":0.010945855855855856,"ft_order_side":"sell","order_filled_timestamp":1768850100000,"ft_is_entry":false,"ft_order_tag":"roi","cost":10.38595234253153}],"funding_fees":0.0,"weekday":0},{"pair":"VET/USDT","stake_amount":10.37694,"max_stake_amount":10.37694,"amount":1115.8,"open_date":"2026-01-29 15:20:00+00:00","close_date":"2026-01-30 01:40:00+00:00","open_rate":0.0093,"close_rate":0.00901,"fee_open":0.001,"fee_close":0.001,"trade_duration":620,"profit_ratio":-0.03311849460135949,"profit_abs":-0.3440123,"exit_reason":"stop_loss","initial_stop_loss_abs":0.00901,"initial_stop_loss_ratio":-0.0318,"stop_loss_abs":0.00901,"stop_loss_ratio":-0.0318,"min_rate":0.00898,"max_rate":0.00962,"is_open":false,"enter_tag":"","leverage":1.0,"is_short":false,"open_timestamp":1769700000000,"close_timestamp":1769737200000,"orders":[{"amount":1115.8,"safe_price":0.009300000000000001,"ft_order_side":"buy","order_filled_timestamp":1769700000000,"ft_is_entry":true,"ft_order_tag":"","cost":10.38731694},{"amount":1115.8,"safe_price":0.00901,"ft_order_side":"sell","order_filled_timestamp":1769737200000,"ft_is_entry":false,"ft_order_tag":"stop_loss","cost":10.063411358}],"funding_fees":0.0,"weekday":4},{"pair":"VET/USDT","stake_amount":10.309074,"max_stake_amount":10.309074,"amount":1236.1,"open_date":"2026-01-31 14:40:00+00:00","close_date":"2026-01-31 17:10:00+00:00","open_rate":0.00834,"close_rate":0.00808,"fee_open":0.001,"fee_close":0.001,"trade_duration":150,"profit_ratio":-0.03311077392415833,"profit_abs":-0.34168276,"exit_reason":"stop_loss","initial_stop_loss_abs":0.00808,"initial_stop_loss_ratio":-0.0318,"stop_loss_abs":0.00808,"stop_loss_ratio":-0.0318,"min_rate":0.007810000000000001,"max_rate":0.008570000000000001,"is_open":false,"enter_tag":"","leverage":1.0,"is_short":false,"open_timestamp":1769870400000,"close_timestamp":1769879400000,"orders":[{"amount":1236.1,"safe_price":0.00834,"ft_order_side":"buy","order_filled_timestamp":1769870400000,"ft_is_entry":true,"ft_order_tag":"","cost":10.319383073999997},{"amount":1236.1,"safe_price":0.00808,"ft_order_side":"sell","order_filled_timestamp":1769879400000,"ft_is_entry":false,"ft_order_tag":"stop_loss","cost":9.997675688}],"funding_fees":0.0,"weekday":5},{"pair":"DOT/USDT","stake_amount":10.30724,"max_stake_amount":10.30724,"amount":6.68,"open_date":"2026-01-31 14:45:00+00:00","close_date":"2026-01-31 17:10:00+00:00","open_rate":1.543,"close_rate":1.494,"fee_open":0.001,"fee_close":0.001,"trade_duration":145,"profit_ratio":-0.03369087166883667,"profit_abs":-0.34760716,"exit_reason":"stop_loss","initial_stop_loss_abs":1.494,"initial_stop_loss_ratio":-0.0318,"stop_loss_abs":1.494,"stop_loss_ratio":-0.0318,"min_rate":1.465,"max_rate":1.592,"is_open":false,"enter_tag":"","leverage":1.0,"is_short":false,"open_timestamp":1769870700000,"close_timestamp":1769879400000,"orders":[{"amount":6.68,"safe_price":1.5430000000000001,"ft_order_side":"buy","order_filled_timestamp":1769870700000,"ft_is_entry":true,"ft_order_tag":"","cost":10.31754724},{"amount":6.68,"safe_price":1.494,"ft_order_side":"sell","order_filled_timestamp":1769879400000,"ft_is_entry":false,"ft_order_tag":"stop_loss","cost":9.98989992}],"funding_fees":0.0,"weekday":5},{"pair":"VET/USDT","stake_amount":10.172526,"max_stake_amount":10.172526,"amount":1262.1,"open_date":"2026-01-31 17:20:00+00:00","close_date":"2026-01-31 18:40:00+00:00","open_rate":0.00806,"close_rate":0.00781,"fee_open":0.001,"fee_close":0.001,"trade_duration":80,"profit_ratio":-0.03295339925297912,"profit_abs":-0.33555453,"exit_reason":"stop_loss","initial_stop_loss_abs":0.00781,"initial_stop_loss_ratio":-0.0318,"stop_loss_abs":0.00781,"stop_loss_ratio":-0.0318,"min_rate":0.00759,"max_rate":0.008110000000000001,"is_open":false,"enter_tag":"","leverage":1.0,"is_short":false,"open_timestamp":1769880000000,"close_timestamp":1769884800000,"orders":[{"amount":1262.1,"safe_price":0.008060000000000001,"ft_order_side":"buy","order_filled_timestamp":1769880000000,"ft_is_entry":true,"ft_order_tag":"","cost":10.182698526},{"amount":1262.1,"safe_price":0.00781,"ft_order_side":"sell","order_filled_timestamp":1769884800000,"ft_is_entry":false,"ft_order_tag":"stop_loss","cost":9.866858000999997}],"funding_fees":0.0,"weekday":5},{"pair":"XRP/USDT","stake_amount":10.01792,"max_stake_amount":10.01792,"amount":6.4,"open_date":"2026-01-31 17:25:00+00:00","close_date":"2026-01-31 18:40:00+00:00","open_rate":1.5653,"close_rate":1.5156,"fee_open":0.001,"fee_close":0.001,"trade_duration":75,"profit_ratio":-0.03368566525788783,"profit_abs":-0.33779776,"exit_reason":"stop_loss","initial_stop_loss_abs":1.5156,"initial_stop_loss_ratio":-0.0318,"stop_loss_abs":1.5156,"stop_loss_ratio":-0.0318,"min_rate":1.5028000000000001,"max_rate":1.5841,"is_open":false,"enter_tag":"","leverage":1.0,"is_short":false,"open_timestamp":1769880300000,"close_timestamp":1769884800000,"orders":[{"amount":6.4,"safe_price":1.5653000000000001,"ft_order_side":"buy","order_filled_timestamp":1769880300000,"ft_is_entry":true,"ft_order_tag":"","cost":10.027937920000001},{"amount":6.4,"safe_price":1.5156,"ft_order_side":"sell","order_filled_timestamp":1769884800000,"ft_is_entry":false,"ft_order_tag":"stop_loss","cost":9.709539840000001}],"funding_fees":0.0,"weekday":5},{"pair":"ADA/USDT","stake_amount":10.146,"max_stake_amount":10.146,"amount":35.6,"open_date":"2026-01-31 17:25:00+00:00","close_date":"2026-01-31 18:40:00+00:00","open_rate":0.285,"close_rate":0.276,"fee_open":0.001,"fee_close":0.001,"trade_duration":75,"profit_ratio":-0.03351385456648614,"profit_abs":-0.3403716,"exit_reason":"stop_loss","initial_stop_loss_abs":0.276,"initial_stop_loss_ratio":-0.0318,"stop_loss_abs":0.276,"stop_loss_ratio":-0.0318,"min_rate":0.2685,"max_rate":0.2872,"is_open":false,"enter_tag":"","leverage":1.0,"is_short":false,"open_timestamp":1769880300000,"close_timestamp":1769884800000,"orders":[{"amount":35.6,"safe_price":0.28500000000000003,"ft_order_side":"buy","order_filled_timestamp":1769880300000,"ft_is_entry":true,"ft_order_tag":"","cost":10.156146},{"amount":35.6,"safe_price":0.276,"ft_order_side":"sell","order_filled_timestamp":1769884800000,"ft_is_entry":false,"ft_order_tag":"stop_loss","cost":9.8354256}],"funding_fees":0.0,"weekday":5},{"pair":"ICP/USDT","stake_amount":10.1727,"max_stake_amount":10.1727,"amount":3.81,"open_date":"2026-01-31 17:30:00+00:00","close_date":"2026-01-31 18:40:00+00:00","open_rate":2.67,"close_rate":2.586,"fee_open":0.001,"fee_close":0.001,"trade_duration":70,"profit_ratio":-0.03339581766548058,"profit_abs":-0.34006536,"exit_reason":"stop_loss","initial_stop_loss_abs":2.586,"initial_stop_loss_ratio":-0.0318,"stop_loss_abs":2.586,"stop_loss_ratio":-0.0318,"min_rate":2.472,"max_rate":2.681,"is_open":false,"enter_tag":"","leverage":1.0,"is_short":false,"open_timestamp":1769880600000,"close_timestamp":1769884800000,"orders":[{"amount":3.81,"safe_price":2.67,"ft_order_side":"buy","order_filled_timestamp":1769880600000,"ft_is_entry":true,"ft_order_tag":"","cost":10.182872699999999},{"amount":3.81,"safe_price":2.586,"ft_order_side":"sell","order_filled_timestamp":1769884800000,"ft_is_entry":false,"ft_order_tag":"stop_loss","cost":9.862512659999998}],"funding_fees":0.0,"weekday":5},{"pair":"DOT/USDT","stake_amount":10.16322,"max_stake_amount":10.16322,"amount":6.78,"open_date":"2026-01-31 17:30:00+00:00","close_date":"2026-01-31 18:40:00+00:00","open_rate":1.499,"close_rate":1.452,"fee_open":0.001,"fee_close":0.001,"trade_duration":70,"profit_ratio":-0.0332895923289519,"profit_abs":-0.33866778,"exit_reason":"stop_loss","initial_stop_loss_abs":1.452,"initial_stop_loss_ratio":-0.0318,"stop_loss_abs":1.452,"stop_loss_ratio":-0.0318,"min_rate":1.399,"max_rate":1.51,"is_open":false,"enter_tag":"","leverage":1.0,"is_short":false,"open_timestamp":1769880600000,"close_timestamp":1769884800000,"orders":[{"amount":6.78,"safe_price":1.499,"ft_order_side":"buy","order_filled_timestamp":1769880600000,"ft_is_entry":true,"ft_order_tag":"","cost":10.17338322},{"amount":6.78,"safe_price":1.452,"ft_order_side":"sell","order_filled_timestamp":1769884800000,"ft_is_entry":false,"ft_order_tag":"stop_loss","cost":9.854404559999999}],"funding_fees":0.0,"weekday":5},{"pair":"VET/USDT","stake_amount":9.837252,"max_stake_amount":9.837252,"amount":1246.8,"open_date":"2026-01-31 18:45:00+00:00","close_date":"2026-01-31 21:50:00+00:00","open_rate":0.00789,"close_rate":0.008300690690690692,"fee_open":0.001,"fee_close":0.001,"trade_duration":185,"profit_ratio":0.04995004995004994,"profit_abs":0.4918626,"exit_reason":"roi","initial_stop_loss_abs":0.00764,"initial_stop_loss_ratio":-0.0318,"stop_loss_abs":0.00764,"stop_loss_ratio":-0.0318,"min_rate":0.007840000000000001,"max_rate":0.008320000000000001,"is_open":false,"enter_tag":"","leverage":1.0,"is_short":false,"open_timestamp":1769885100000,"close_timestamp":1769896200000,"orders":[{"amount":1246.8,"safe_price":0.007890000000000001,"ft_order_side":"buy","order_filled_timestamp":1769885100000,"ft_is_entry":true,"ft_order_tag":"","cost":9.847089252},{"amount":1246.8,"safe_price":0.008300690690690692,"ft_order_side":"sell","order_filled_timestamp":1769896200000,"ft_is_entry":false,"ft_order_tag":"roi","cost":10.359650454306307}],"funding_fees":0.0,"weekday":5},{"pair":"DOT/USDT","stake_amount":9.83136,"max_stake_amount":9.83136,"amount":6.72,"open_date":"2026-01-31 18:45:00+00:00","close_date":"2026-01-31 22:45:00+00:00","open_rate":1.463,"close_rate":1.514,"fee_open":0.001,"fee_close":0.001,"trade_duration":240,"profit_ratio":0.03279222486331167,"profit_abs":0.32271456,"exit_reason":"roi","initial_stop_loss_abs":1.417,"initial_stop_loss_ratio":-0.0318,"stop_loss_abs":1.417,"stop_loss_ratio":-0.0318,"min_rate":1.453,"max_rate":1.528,"is_open":false,"enter_tag":"","leverage":1.0,"is_short":false,"open_timestamp":1769885100000,"close_timestamp":1769899500000,"orders":[{"amount":6.72,"safe_price":1.463,"ft_order_side":"buy","order_filled_timestamp":1769885100000,"ft_is_entry":true,"ft_order_tag":"","cost":9.84119136},{"amount":6.72,"safe_price":1.514,"ft_order_side":"sell","order_filled_timestamp":1769899500000,"ft_is_entry":false,"ft_order_tag":"roi","cost":10.184254079999999}],"funding_fees":0.0,"weekday":5},{"pair":"ICP/USDT","stake_amount":9.83126,"max_stake_amount":9.83126,"amount":3.79,"open_date":"2026-01-31 19:10:00+00:00","close_date":"2026-01-31 23:10:00+00:00","open_rate":2.594,"close_rate":2.688,"fee_open":0.001,"fee_close":0.001,"trade_duration":240,"profit_ratio":0.03416706654948752,"profit_abs":0.33624122,"exit_reason":"roi","initial_stop_loss_abs":2.512,"initial_stop_loss_ratio":-0.0318,"stop_loss_abs":2.512,"stop_loss_ratio":-0.0318,"min_rate":2.58,"max_rate":2.689,"is_open":false,"enter_tag":"","leverage":1.0,"is_short":false,"open_timestamp":1769886600000,"close_timestamp":1769901000000,"orders":[{"amount":3.79,"safe_price":2.594,"ft_order_side":"buy","order_filled_timestamp":1769886600000,"ft_is_entry":true,"ft_order_tag":"","cost":9.841091259999999},{"amount":3.79,"safe_price":2.688,"ft_order_side":"sell","order_filled_timestamp":1769901000000,"ft_is_entry":false,"ft_order_tag":"roi","cost":10.19770752}],"funding_fees":0.0,"weekday":5},{"pair":"VET/USDT","stake_amount":10.065366,"max_stake_amount":10.065366,"amount":1256.6,"open_date":"2026-02-03 18:55:00+00:00","close_date":"2026-02-03 19:55:00+00:00","open_rate":0.00801,"close_rate":0.008426936936936935,"fee_open":0.001,"fee_close":0.001,"trade_duration":60,"profit_ratio":0.04995004995004994,"profit_abs":0.5032683,"exit_reason":"roi","initial_stop_loss_abs":0.00776,"initial_stop_loss_ratio":-0.0318,"stop_loss_abs":0.00776,"stop_loss_ratio":-0.0318,"min_rate":0.008,"max_rate":0.008490000000000001,"is_open":false,"enter_tag":"","leverage":1.0,"is_short":false,"open_timestamp":1770144900000,"close_timestamp":1770148500000,"orders":[{"amount":1256.6,"safe_price":0.008010000000000001,"ft_order_side":"buy","order_filled_timestamp":1770144900000,"ft_is_entry":true,"ft_order_tag":"","cost":10.075431366},{"amount":1256.6,"safe_price":0.008426936936936935,"ft_order_side":"sell","order_filled_timestamp":1770148500000,"ft_is_entry":false,"ft_order_tag":"roi","cost":10.599878243909906}],"funding_fees":0.0,"weekday":1},{"pair":"XRP/USDT","stake_amount":10.07175,"max_stake_amount":10.07175,"amount":7.5,"open_date":"2026-02-05 11:25:00+00:00","close_date":"2026-02-05 15:20:00+00:00","open_rate":1.3429,"close_rate":1.3002,"fee_open":0.001,"fee_close":0.001,"trade_duration":235,"profit_ratio":-0.03373132936019227,"profit_abs":-0.34007325,"exit_reason":"stop_loss","initial_stop_loss_abs":1.3002,"initial_stop_loss_ratio":-0.0318,"stop_loss_abs":1.3002,"stop_loss_ratio":-0.0318,"min_rate":1.2855,"max_rate":1.3868,"is_open":false,"enter_tag":"","leverage":1.0,"is_short":false,"open_timestamp":1770290700000,"close_timestamp":1770304800000,"orders":[{"amount":7.5,"safe_price":1.3429,"ft_order_side":"buy","order_filled_timestamp":1770290700000,"ft_is_entry":true,"ft_order_tag":"","cost":10.081821749999998},{"amount":7.5,"safe_price":1.3002,"ft_order_side":"sell","order_filled_timestamp":1770304800000,"ft_is_entry":false,"ft_order_tag":"stop_loss","cost":9.761251499999998}],"funding_fees":0.0,"weekday":3},{"pair":"XRP/USDT","stake_amount":10.06697,"max_stake_amount":10.06697,"amount":7.9,"open_date":"2026-02-05 15:35:00+00:00","close_date":"2026-02-05 17:10:00+00:00","open_rate":1.2743,"close_rate":1.2338,"fee_open":0.001,"fee_close":0.001,"trade_duration":95,"profit_ratio":-0.03371665609757111,"profit_abs":-0.33976399,"exit_reason":"stop_loss","initial_stop_loss_abs":1.2338,"initial_stop_loss_ratio":-0.0318,"stop_loss_abs":1.2338,"stop_loss_ratio":-0.0318,"min_rate":1.2302,"max_rate":1.3186,"is_open":false,"enter_tag":"","leverage":1.0,"is_short":false,"open_timestamp":1770305700000,"close_timestamp":1770311400000,"orders":[{"amount":7.9,"safe_price":1.2743,"ft_order_side":"buy","order_filled_timestamp":1770305700000,"ft_is_entry":true,"ft_order_tag":"","cost":10.077036969999998},{"amount":7.9,"safe_price":1.2338,"ft_order_side":"sell","order_filled_timestamp":1770311400000,"ft_is_entry":false,"ft_order_tag":"stop_loss","cost":9.75676702}],"funding_fees":0.0,"weekday":3},{"pair":"XRP/USDT","stake_amount":9.9723,"max_stake_amount":9.9723,"amount":7.8,"open_date":"2026-02-05 17:30:00+00:00","close_date":"2026-02-05 18:15:00+00:00","open_rate":1.2785,"close_rate":1.2379,"fee_open":0.001,"fee_close":0.001,"trade_duration":45,"profit_ratio":-0.033690517538777214,"profit_abs":-0.33630792,"exit_reason":"stop_loss","initial_stop_loss_abs":1.2379,"initial_stop_loss_ratio":-0.0318,"stop_loss_abs":1.2379,"stop_loss_ratio":-0.0318,"min_rate":1.2344,"max_rate":1.2837,"is_open":false,"enter_tag":"","leverage":1.0,"is_short":false,"open_timestamp":1770312600000,"close_timestamp":1770315300000,"orders":[{"amount":7.8,"safe_price":1.2785,"ft_order_side":"buy","order_filled_timestamp":1770312600000,"ft_is_entry":true,"ft_order_tag":"","cost":9.982272299999998},{"amount":7.8,"safe_price":1.2379,"ft_order_side":"sell","order_filled_timestamp":1770315300000,"ft_is_entry":false,"ft_order_tag":"stop_loss","cost":9.665275619999997}],"funding_fees":0.0,"weekday":3},{"pair":"VET/USDT","stake_amount":10.097696,"max_stake_amount":10.097696,"amount":1366.4,"open_date":"2026-02-05 15:35:00+00:00","close_date":"2026-02-05 19:35:00+00:00","open_rate":0.00739,"close_rate":0.00757,"fee_open":0.001,"fee_close":0.001,"trade_duration":240,"profit_ratio":0.022310572097374946,"profit_abs":0.22551066,"exit_reason":"roi","initial_stop_loss_abs":0.00716,"initial_stop_loss_ratio":-0.0318,"stop_loss_abs":0.00716,"stop_loss_ratio":-0.0318,"min_rate":0.007320000000000001,"max_rate":0.007680000000000001,"is_open":false,"enter_tag":"","leverage":1.0,"is_short":false,"open_timestamp":1770305700000,"close_timestamp":1770320100000,"orders":[{"amount":1366.4,"safe_price":0.007390000000000001,"ft_order_side":"buy","order_filled_timestamp":1770305700000,"ft_is_entry":true,"ft_order_tag":"","cost":10.107793696},{"amount":1366.4,"safe_price":0.00757,"ft_order_side":"sell","order_filled_timestamp":1770320100000,"ft_is_entry":false,"ft_order_tag":"roi","cost":10.353991648000001}],"funding_fees":0.0,"weekday":3},{"pair":"XRP/USDT","stake_amount":9.92574,"max_stake_amount":9.92574,"amount":8.1,"open_date":"2026-02-05 18:30:00+00:00","close_date":"2026-02-05 20:15:00+00:00","open_rate":1.2254,"close_rate":1.1865,"fee_open":0.001,"fee_close":0.001,"trade_duration":105,"profit_ratio":-0.033679312363823544,"profit_abs":-0.33462639,"exit_reason":"stop_loss","initial_stop_loss_abs":1.1865,"initial_stop_loss_ratio":-0.0318,"stop_loss_abs":1.1865,"stop_loss_ratio":-0.0318,"min_rate":1.1792,"max_rate":1.2671000000000001,"is_open":false,"enter_tag":"","leverage":1.0,"is_short":false,"open_timestamp":1770316200000,"close_timestamp":1770322500000,"orders":[{"amount":8.1,"safe_price":1.2254,"ft_order_side":"buy","order_filled_timestamp":1770316200000,"ft_is_entry":true,"ft_order_tag":"","cost":9.935665739999997},{"amount":8.1,"safe_price":1.1865,"ft_order_side":"sell","order_filled_timestamp":1770322500000,"ft_is_entry":false,"ft_order_tag":"stop_loss","cost":9.620260649999999}],"funding_fees":0.0,"weekday":3},{"pair":"DOT/USDT","stake_amount":10.09296,"max_stake_amount":10.09296,"amount":7.74,"open_date":"2026-02-05 15:35:00+00:00","close_date":"2026-02-05 20:20:00+00:00","open_rate":1.304,"close_rate":1.263,"fee_open":0.001,"fee_close":0.001,"trade_duration":285,"profit_ratio":-0.03337689917444519,"profit_abs":-0.33720858,"exit_reason":"stop_loss","initial_stop_loss_abs":1.263,"initial_stop_loss_ratio":-0.0318,"stop_loss_abs":1.263,"stop_loss_ratio":-0.0318,"min_rate":1.2469999999999999,"max_rate":1.362,"is_open":false,"enter_tag":"","leverage":1.0,"is_short":false,"open_timestamp":1770305700000,"close_timestamp":1770322800000,"orders":[{"amount":7.74,"safe_price":1.304,"ft_order_side":"buy","order_filled_timestamp":1770305700000,"ft_is_entry":true,"ft_order_tag":"","cost":10.103052960000001},{"amount":7.74,"safe_price":1.263,"ft_order_side":"sell","order_filled_timestamp":1770322800000,"ft_is_entry":false,"ft_order_tag":"stop_loss","cost":9.78539562}],"funding_fees":0.0,"weekday":3},{"pair":"XRP/USDT","stake_amount":9.7621,"max_stake_amount":9.7621,"amount":8.2,"open_date":"2026-02-05 21:00:00+00:00","close_date":"2026-02-05 21:15:00+00:00","open_rate":1.1905,"close_rate":1.1527,"fee_open":0.001,"fee_close":0.001,"trade_duration":15,"profit_ratio":-0.03368592768004779,"profit_abs":-0.32917424,"exit_reason":"stop_loss","initial_stop_loss_abs":1.1527,"initial_stop_loss_ratio":-0.0318,"stop_loss_abs":1.1527,"stop_loss_ratio":-0.0318,"min_rate":1.1516,"max_rate":1.2081,"is_open":false,"enter_tag":"","leverage":1.0,"is_short":false,"open_timestamp":1770325200000,"close_timestamp":1770326100000,"orders":[{"amount":8.2,"safe_price":1.1905000000000001,"ft_order_side":"buy","order_filled_timestamp":1770325200000,"ft_is_entry":true,"ft_order_tag":"","cost":9.7718621},{"amount":8.2,"safe_price":1.1527,"ft_order_side":"sell","order_filled_timestamp":1770326100000,"ft_is_entry":false,"ft_order_tag":"stop_loss","cost":9.461592139999999}],"funding_fees":0.0,"weekday":3},{"pair":"XRP/USDT","stake_amount":9.80815,"max_stake_amount":9.80815,"amount":8.5,"open_date":"2026-02-05 21:20:00+00:00","close_date":"2026-02-05 22:45:00+00:00","open_rate":1.1539,"close_rate":1.2139628628628627,"fee_open":0.001,"fee_close":0.001,"trade_duration":85,"profit_ratio":0.049950049950049945,"profit_abs":0.4904075,"exit_reason":"roi","initial_stop_loss_abs":1.1173,"initial_stop_loss_ratio":-0.0318,"stop_loss_abs":1.1173,"stop_loss_ratio":-0.0318,"min_rate":1.1479,"max_rate":1.2184,"is_open":false,"enter_tag":"","leverage":1.0,"is_short":false,"open_timestamp":1770326400000,"close_timestamp":1770331500000,"orders":[{"amount":8.5,"safe_price":1.1539,"ft_order_side":"buy","order_filled_timestamp":1770326400000,"ft_is_entry":true,"ft_order_tag":"","cost":9.817958149999999},{"amount":8.5,"safe_price":1.2139628628628627,"ft_order_side":"sell","order_filled_timestamp":1770331500000,"ft_is_entry":false,"ft_order_tag":"roi","cost":10.329003018668667}],"funding_fees":0.0,"weekday":3},{"pair":"ICP/USDT","stake_amount":9.86433,"max_stake_amount":9.86433,"amount":4.39,"open_date":"2026-02-05 20:35:00+00:00","close_date":"2026-02-06 00:10:00+00:00","open_rate":2.247,"close_rate":2.176,"fee_open":0.001,"fee_close":0.001,"trade_duration":215,"profit_ratio":-0.03353255556192806,"profit_abs":-0.33110697,"exit_reason":"stop_loss","initial_stop_loss_abs":2.176,"initial_stop_loss_ratio":-0.0318,"stop_loss_abs":2.176,"stop_loss_ratio":-0.0318,"min_rate":2.047,"max_rate":2.333,"is_open":false,"enter_tag":"","leverage":1.0,"is_short":false,"open_timestamp":1770323700000,"close_timestamp":1770336600000,"orders":[{"amount":4.39,"safe_price":2.247,"ft_order_side":"buy","order_filled_timestamp":1770323700000,"ft_is_entry":true,"ft_order_tag":"","cost":9.874194329999998},{"amount":4.39,"safe_price":2.176,"ft_order_side":"sell","order_filled_timestamp":1770336600000,"ft_is_entry":false,"ft_order_tag":"stop_loss","cost":9.56219264}],"funding_fees":0.0,"weekday":4},{"pair":"DOT/USDT","stake_amount":9.86595,"max_stake_amount":9.86595,"amount":7.95,"open_date":"2026-02-05 20:55:00+00:00","close_date":"2026-02-06 00:10:00+00:00","open_rate":1.241,"close_rate":1.202,"fee_open":0.001,"fee_close":0.001,"trade_duration":195,"profit_ratio":-0.03336148138726704,"profit_abs":-0.32947185,"exit_reason":"stop_loss","initial_stop_loss_abs":1.202,"initial_stop_loss_ratio":-0.0318,"stop_loss_abs":1.202,"stop_loss_ratio":-0.0318,"min_rate":1.135,"max_rate":1.289,"is_open":false,"enter_tag":"","leverage":1.0,"is_short":false,"open_timestamp":1770324900000,"close_timestamp":1770336600000,"orders":[{"amount":7.95,"safe_price":1.241,"ft_order_side":"buy","order_filled_timestamp":1770324900000,"ft_is_entry":true,"ft_order_tag":"","cost":9.87581595},{"amount":7.95,"safe_price":1.202,"ft_order_side":"sell","order_filled_timestamp":1770336600000,"ft_is_entry":false,"ft_order_tag":"stop_loss","cost":9.565455899999998}],"funding_fees":0.0,"weekday":4},{"pair":"ICP/USDT","stake_amount":9.76716,"max_stake_amount":9.76716,"amount":4.68,"open_date":"2026-02-06 00:15:00+00:00","close_date":"2026-02-06 00:15:00+00:00","open_rate":2.087,"close_rate":2.021,"fee_open":0.001,"fee_close":0.001,"trade_duration":0,"profit_ratio":-0.03355915766073888,"profit_abs":-0.32810544,"exit_reason":"stop_loss","initial_stop_loss_abs":2.021,"initial_stop_loss_ratio":-0.0318,"stop_loss_abs":2.021,"stop_loss_ratio":-0.0318,"min_rate":2.004,"max_rate":2.1390000000000002,"is_open":false,"enter_tag":"","leverage":1.0,"is_short":false,"open_timestamp":1770336900000,"close_timestamp":1770336900000,"orders":[{"amount":4.68,"safe_price":2.087,"ft_order_side":"buy","order_filled_timestamp":1770336900000,"ft_is_entry":true,"ft_order_tag":"","cost":9.77692716},{"amount":4.68,"safe_price":2.021,"ft_order_side":"sell","order_filled_timestamp":1770336900000,"ft_is_entry":false,"ft_order_tag":"stop_loss","cost":9.467738279999997}],"funding_fees":0.0,"weekday":4},{"pair":"DOT/USDT","stake_amount":9.706,"max_stake_amount":9.706,"amount":8.44,"open_date":"2026-02-06 00:15:00+00:00","close_date":"2026-02-06 00:15:00+00:00","open_rate":1.15,"close_rate":1.114,"fee_open":0.001,"fee_close":0.001,"trade_duration":0,"profit_ratio":-0.03323980367458628,"profit_abs":-0.32294816,"exit_reason":"stop_loss","initial_stop_loss_abs":1.114,"initial_stop_loss_ratio":-0.0318,"stop_loss_abs":1.114,"stop_loss_ratio":-0.0318,"min_rate":1.101,"max_rate":1.186,"is_open":false,"enter_tag":"","leverage":1.0,"is_short":false,"open_timestamp":1770336900000,"close_timestamp":1770336900000,"orders":[{"amount":8.44,"safe_price":1.15,"ft_order_side":"buy","order_filled_timestamp":1770336900000,"ft_is_entry":true,"ft_order_tag":"","cost":9.715705999999999},{"amount":8.44,"safe_price":1.114,"ft_order_side":"sell","order_filled_timestamp":1770336900000,"ft_is_entry":false,"ft_order_tag":"stop_loss","cost":9.411562159999999}],"funding_fees":0.0,"weekday":4},{"pair":"ADA/USDT","stake_amount":9.6306,"max_stake_amount":9.6306,"amount":42.0,"open_date":"2026-02-06 00:15:00+00:00","close_date":"2026-02-06 00:15:00+00:00","open_rate":0.2293,"close_rate":0.2221,"fee_open":0.001,"fee_close":0.001,"trade_duration":0,"profit_ratio":-0.033335177687554486,"profit_abs":-0.3213588,"exit_reason":"stop_loss","initial_stop_loss_abs":0.2221,"initial_stop_loss_ratio":-0.0318,"stop_loss_abs":0.2221,"stop_loss_ratio":-0.0318,"min_rate":0.22110000000000002,"max_rate":0.2358,"is_open":false,"enter_tag":"","leverage":1.0,"is_short":false,"open_timestamp":1770336900000,"close_timestamp":1770336900000,"orders":[{"amount":42.0,"safe_price":0.2293,"ft_order_side":"buy","order_filled_timestamp":1770336900000,"ft_is_entry":true,"ft_order_tag":"","cost":9.640230599999999},{"amount":42.0,"safe_price":0.2221,"ft_order_side":"sell","order_filled_timestamp":1770336900000,"ft_is_entry":false,"ft_order_tag":"stop_loss","cost":9.337528199999998}],"funding_fees":0.0,"weekday":4},{"pair":"XRP/USDT","stake_amount":9.58069,"max_stake_amount":9.58069,"amount":8.3,"open_date":"2026-02-06 00:30:00+00:00","close_date":"2026-02-06 01:30:00+00:00","open_rate":1.1543,"close_rate":1.2431,"fee_open":0.001,"fee_close":0.001,"trade_duration":60,"profit_ratio":0.07477803319438941,"profit_abs":0.71714158,"exit_reason":"roi","initial_stop_loss_abs":1.1176,"initial_stop_loss_ratio":-0.0318,"stop_loss_abs":1.1176,"stop_loss_ratio":-0.0318,"min_rate":1.15,"max_rate":1.2532,"is_open":false,"enter_tag":"","leverage":1.0,"is_short":false,"open_timestamp":1770337800000,"close_timestamp":1770341400000,"orders":[{"amount":8.3,"safe_price":1.1543,"ft_order_side":"buy","order_filled_timestamp":1770337800000,"ft_is_entry":true,"ft_order_tag":"","cost":9.59027069},{"amount":8.3,"safe_price":1.2431,"ft_order_side":"sell","order_filled_timestamp":1770341400000,"ft_is_entry":false,"ft_order_tag":"roi","cost":10.32804773}],"funding_fees":0.0,"weekday":4},{"pair":"VET/USDT","stake_amount":9.584041,"max_stake_amount":9.584041,"amount":1318.3,"open_date":"2026-02-06 00:40:00+00:00","close_date":"2026-02-06 04:40:00+00:00","open_rate":0.00727,"close_rate":0.0074600000000000005,"fee_open":0.001,"fee_close":0.001,"trade_duration":240,"profit_ratio":0.02408458106425175,"profit_abs":0.23105844,"exit_reason":"roi","initial_stop_loss_abs":0.00704,"initial_stop_loss_ratio":-0.0318,"stop_loss_abs":0.00704,"stop_loss_ratio":-0.0318,"min_rate":0.00717,"max_rate":0.00757,"is_open":false,"enter_tag":"","leverage":1.0,"is_short":false,"open_timestamp":1770338400000,"close_timestamp":1770352800000,"orders":[{"amount":1318.3,"safe_price":0.00727,"ft_order_side":"buy","order_filled_timestamp":1770338400000,"ft_is_entry":true,"ft_order_tag":"","cost":9.593625041},{"amount":1318.3,"safe_price":0.0074600000000000005,"ft_order_side":"sell","order_filled_timestamp":1770352800000,"ft_is_entry":false,"ft_order_tag":"roi","cost":9.844352517999999}],"funding_fees":0.0,"weekday":4},{"pair":"ADA/USDT","stake_amount":9.57085,"max_stake_amount":9.57085,"amount":39.5,"open_date":"2026-02-06 00:45:00+00:00","close_date":"2026-02-06 04:45:00+00:00","open_rate":0.2423,"close_rate":0.2505,"fee_open":0.001,"fee_close":0.001,"trade_duration":240,"profit_ratio":0.03177672513206974,"profit_abs":0.3044344,"exit_reason":"roi","initial_stop_loss_abs":0.2346,"initial_stop_loss_ratio":-0.0318,"stop_loss_abs":0.2346,"stop_loss_ratio":-0.0318,"min_rate":0.2409,"max_rate":0.2539,"is_open":false,"enter_tag":"","leverage":1.0,"is_short":false,"open_timestamp":1770338700000,"close_timestamp":1770353100000,"orders":[{"amount":39.5,"safe_price":0.24230000000000002,"ft_order_side":"buy","order_filled_timestamp":1770338700000,"ft_is_entry":true,"ft_order_tag":"","cost":9.58042085},{"amount":39.5,"safe_price":0.2505,"ft_order_side":"sell","order_filled_timestamp":1770353100000,"ft_is_entry":false,"ft_order_tag":"roi","cost":9.90464475}],"funding_fees":0.0,"weekday":4},{"pair":"ICP/USDT","stake_amount":9.57251,"max_stake_amount":9.57251,"amount":4.31,"open_date":"2026-02-06 00:45:00+00:00","close_date":"2026-02-06 04:50:00+00:00","open_rate":2.221,"close_rate":2.2699109109109106,"fee_open":0.001,"fee_close":0.001,"trade_duration":245,"profit_ratio":0.01998001998001998,"profit_abs":0.1914502,"exit_reason":"roi","initial_stop_loss_abs":2.151,"initial_stop_loss_ratio":-0.0318,"stop_loss_abs":2.151,"stop_loss_ratio":-0.0318,"min_rate":2.205,"max_rate":2.299,"is_open":false,"enter_tag":"","leverage":1.0,"is_short":false,"open_timestamp":1770338700000,"close_timestamp":1770353400000,"orders":[{"amount":4.31,"safe_price":2.221,"ft_order_side":"buy","order_filled_timestamp":1770338700000,"ft_is_entry":true,"ft_order_tag":"","cost":9.582082509999998},{"amount":4.31,"safe_price":2.2699109109109106,"ft_order_side":"sell","order_filled_timestamp":1770353400000,"ft_is_entry":false,"ft_order_tag":"roi","cost":9.793099342052049}],"funding_fees":0.0,"weekday":4},{"pair":"DOT/USDT","stake_amount":9.5795,"max_stake_amount":9.5795,"amount":7.82,"open_date":"2026-02-06 00:50:00+00:00","close_date":"2026-02-06 04:50:00+00:00","open_rate":1.225,"close_rate":1.254,"fee_open":0.001,"fee_close":0.001,"trade_duration":240,"profit_ratio":0.02162816775061673,"profit_abs":0.20739422,"exit_reason":"roi","initial_stop_loss_abs":1.187,"initial_stop_loss_ratio":-0.0318,"stop_loss_abs":1.187,"stop_loss_ratio":-0.0318,"min_rate":1.223,"max_rate":1.276,"is_open":false,"enter_tag":"","leverage":1.0,"is_short":false,"open_timestamp":1770339000000,"close_timestamp":1770353400000,"orders":[{"amount":7.82,"safe_price":1.225,"ft_order_side":"buy","order_filled_timestamp":1770339000000,"ft_is_entry":true,"ft_order_tag":"","cost":9.5890795},{"amount":7.82,"safe_price":1.254,"ft_order_side":"sell","order_filled_timestamp":1770353400000,"ft_is_entry":false,"ft_order_tag":"roi","cost":9.81608628}],"funding_fees":0.0,"weekday":4}],"locks":[],"best_pair":{"key":"ICP/USDT","trades":12,"profit_mean":0.0068150195436634175,"profit_mean_pct":0.68,"profit_total_abs":0.82234506,"profit_total":0.0164469012,"profit_total_pct":1.64,"duration_avg":"4:32:00","wins":8,"draws":0,"losses":4,"winrate":0.6666666666666666,"cagr":0.10618827962996136,"expectancy":0.068528755,"expectancy_ratio":0.20331636435639755,"sortino":32.66500056389178,"sharpe":0.8892395144264251,"calmar":39.718160139212046,"sqn":0.759,"profit_factor":1.6099490930691929,"max_drawdown_account":0.013408783591261308,"max_drawdown_abs":0.68812564},"worst_pair":{"key":"DOT/USDT","trades":11,"profit_mean":-0.007819118559339991,"profit_mean_pct":-0.78,"profit_total_abs":-0.88715365,"profit_total":-0.017743073,"profit_total_pct":-1.77,"duration_avg":"5:20:00","wins":5,"draws":0,"losses":6,"winrate":0.45454545454545453,"cagr":-0.10483922507659493,"expectancy":-0.08065033181818183,"expectancy_ratio":-0.23990167973720122,"sortino":-35.959653801729516,"sharpe":-1.0191178593071122,"calmar":-19.412222697623054,"sqn":-0.9048,"profit_factor":0.560180253815131,"max_drawdown_account":0.02959702061795879,"max_drawdown_abs":1.49160267},"results_per_pair":[{"key":"ICP/USDT","trades":12,"profit_mean":0.0068150195436634175,"profit_mean_pct":0.68,"profit_total_abs":0.82234506,"profit_total":0.0164469012,"profit_total_pct":1.64,"duration_avg":"4:32:00","wins":8,"draws":0,"losses":4,"winrate":0.6666666666666666,"cagr":0.10618827962996136,"expectancy":0.068528755,"expectancy_ratio":0.20331636435639755,"sortino":32.66500056389178,"sharpe":0.8892395144264251,"calmar":39.718160139212046,"sqn":0.759,"profit_factor":1.6099490930691929,"max_drawdown_account":0.013408783591261308,"max_drawdown_abs":0.68812564},{"key":"VET/USDT","trades":11,"profit_mean":0.006684482650952816,"profit_mean_pct":0.67,"profit_total_abs":0.6850589399999998,"profit_total":0.013701178799999996,"profit_total_pct":1.37,"duration_avg":"5:15:00","wins":7,"draws":0,"losses":4,"winrate":0.6363636363636364,"cagr":0.08783133494884532,"expectancy":0.06227808545454547,"expectancy_ratio":0.1819908989028194,"sortino":50.715180435446385,"sharpe":0.6872193181546409,"calmar":19.18049526414119,"sqn":0.6101,"profit_factor":1.5004749719827533,"max_drawdown_account":0.02313090034193225,"max_drawdown_abs":1.1657774},{"key":"ADA/USDT","trades":5,"profit_mean":0.0009775465676138157,"profit_mean_pct":0.1,"profit_total_abs":0.045983799999999964,"profit_total":0.0009196759999999993,"profit_total_pct":0.09,"duration_avg":"5:35:00","wins":3,"draws":0,"losses":2,"winrate":0.6,"cagr":0.005703107510848904,"expectancy":0.00919675999999997,"expectancy_ratio":0.027796093393925858,"sortino":1.5663297401492622,"sharpe":0.053131623487746374,"calmar":2.268333906501832,"sqn":0.0656,"profit_factor":1.069490233484815,"max_drawdown_account":0.013128717072098218,"max_drawdown_abs":0.6617303999999999},{"key":"XRP/USDT","trades":9,"profit_mean":-0.006386811685982269,"profit_mean_pct":-0.64,"profit_total_abs":-0.6082888700000003,"profit_total":-0.012165777400000006,"profit_total_pct":-1.22,"duration_avg":"2:57:00","wins":3,"draws":0,"losses":6,"winrate":0.3333333333333333,"cagr":-0.07292834912909041,"expectancy":-0.06758765222222224,"expectancy_ratio":-0.2009799081421093,"sortino":-53.26260493779293,"sharpe":-0.4936181373964491,"calmar":-9.801409210013327,"sqn":-0.4791,"profit_factor":0.6985301377868363,"max_drawdown_account":0.040192568905193224,"max_drawdown_abs":2.01774355},{"key":"DOT/USDT","trades":11,"profit_mean":-0.007819118559339991,"profit_mean_pct":-0.78,"profit_total_abs":-0.88715365,"profit_total":-0.017743073,"profit_total_pct":-1.77,"duration_avg":"5:20:00","wins":5,"draws":0,"losses":6,"winrate":0.45454545454545453,"cagr":-0.10483922507659493,"expectancy":-0.08065033181818183,"expectancy_ratio":-0.23990167973720122,"sortino":-35.959653801729516,"sharpe":-1.0191178593071122,"calmar":-19.412222697623054,"sqn":-0.9048,"profit_factor":0.560180253815131,"max_drawdown_account":0.02959702061795879,"max_drawdown_abs":1.49160267},{"key":"TOTAL","trades":48,"profit_mean":0.00034803473324855703,"profit_mean_pct":0.03,"profit_total_abs":0.057945279999999766,"profit_total":0.0011589055999999952,"profit_total_pct":0.12,"duration_avg":"4:42:00","wins":26,"draws":0,"losses":22,"winrate":0.5416666666666666,"cagr":0.007191082106753344,"expectancy":0.0012071933333333007,"expectancy_ratio":0.003582371595851841,"sortino":2.563394719309175,"sharpe":0.05737222568067155,"calmar":0.4909939570373682,"sqn":0.0253,"profit_factor":1.0078160834818588,"max_drawdown_account":0.0764304356412875,"max_drawdown_abs":4.0059000000000005}],"results_per_enter_tag":[{"key":"","trades":48,"profit_mean":0.00034803473324855703,"profit_mean_pct":0.03,"profit_total_abs":0.057945279999999766,"profit_total":0.0011589055999999952,"profit_total_pct":0.12,"duration_avg":"4:42:00","wins":26,"draws":0,"losses":22,"winrate":0.5416666666666666,"cagr":0.007191082106753344,"expectancy":0.0012071933333333007,"expectancy_ratio":0.003582371595851841,"sortino":2.563394719309175,"sharpe":0.05737222568067155,"calmar":0.4909939570373682,"sqn":0.0253,"profit_factor":1.0078160834818588,"max_drawdown_account":0.0764304356412875,"max_drawdown_abs":4.0059000000000005},{"key":"TOTAL","trades":48,"profit_mean":0.00034803473324855703,"profit_mean_pct":0.03,"profit_total_abs":0.057945279999999766,"profit_total":0.0011589055999999952,"profit_total_pct":0.12,"duration_avg":"4:42:00","wins":26,"draws":0,"losses":22,"winrate":0.5416666666666666,"cagr":0.007191082106753344,"expectancy":0.0012071933333333007,"expectancy_ratio":0.003582371595851841,"sortino":2.563394719309175,"sharpe":0.05737222568067155,"calmar":0.4909939570373682,"sqn":0.0253,"profit_factor":1.0078160834818588,"max_drawdown_account":0.0764304356412875,"max_drawdown_abs":4.0059000000000005}],"exit_reason_summary":[{"key":"roi","trades":26,"profit_mean":0.028962990259998225,"profit_mean_pct":2.9,"profit_total_abs":7.47154061,"profit_total":0.14943081219999998,"profit_total_pct":14.94,"duration_avg":"7:04:00","wins":26,"draws":0,"losses":0,"winrate":1.0,"cagr":1.3668649037295961,"expectancy":0.2873669465384615,"expectancy_ratio":100.0,"sortino":-100,"sharpe":17.665878020858212,"calmar":-100,"sqn":10.4915,"profit_factor":0.0,"max_drawdown_account":0.0,"max_drawdown_abs":0.0},{"key":"stop_loss","trades":22,"profit_mean":-0.03346963998018286,"profit_mean_pct":-3.35,"profit_total_abs":-7.413595330000001,"profit_total":-0.1482719066,"profit_total_pct":-14.83,"duration_avg":"1:53:00","wins":0,"draws":0,"losses":22,"winrate":0.0,"cagr":-0.629480474232845,"expectancy":-0.33698160590909093,"expectancy_ratio":-1.0,"sortino":-327.9640916398568,"sharpe":-327.9640916398568,"calmar":-32.38131046532678,"sqn":-210.9691,"profit_factor":0.0,"max_drawdown_account":0.1482719066,"max_drawdown_abs":7.413595330000001},{"key":"TOTAL","trades":48,"profit_mean":0.00034803473324855703,"profit_mean_pct":0.03,"profit_total_abs":0.057945279999999766,"profit_total":0.0011589055999999952,"profit_total_pct":0.12,"duration_avg":"4:42:00","wins":26,"draws":0,"losses":22,"winrate":0.5416666666666666,"cagr":0.007191082106753344,"expectancy":0.0012071933333333007,"expectancy_ratio":0.003582371595851841,"sortino":2.563394719309175,"sharpe":0.05737222568067155,"calmar":0.4909939570373682,"sqn":0.0253,"profit_factor":1.0078160834818588,"max_drawdown_account":0.0764304356412875,"max_drawdown_abs":4.0059000000000005}],"mix_tag_stats":[{"key":["","roi"],"trades":26,"profit_mean":0.028962990259998225,"profit_mean_pct":2.9,"profit_total_abs":7.47154061,"profit_total":0.14943081219999998,"profit_total_pct":14.94,"duration_avg":"7:04:00","wins":26,"draws":0,"losses":0,"winrate":1.0,"cagr":1.3668649037295961,"expectancy":0.2873669465384615,"expectancy_ratio":100.0,"sortino":-100,"sharpe":17.665878020858212,"calmar":-100,"sqn":10.4915,"profit_factor":0.0,"max_drawdown_account":0.0,"max_drawdown_abs":0.0},{"key":["","stop_loss"],"trades":22,"profit_mean":-0.03346963998018286,"profit_mean_pct":-3.35,"profit_total_abs":-7.413595330000001,"profit_total":-0.1482719066,"profit_total_pct":-14.83,"duration_avg":"1:53:00","wins":0,"draws":0,"losses":22,"winrate":0.0,"cagr":-0.629480474232845,"expectancy":-0.33698160590909093,"expectancy_ratio":-1.0,"sortino":-327.9640916398568,"sharpe":-327.9640916398568,"calmar":-32.38131046532678,"sqn":-210.9691,"profit_factor":0.0,"max_drawdown_account":0.1482719066,"max_drawdown_abs":7.413595330000001},{"key":"TOTAL","trades":48,"profit_mean":0.00034803473324855703,"profit_mean_pct":0.03,"profit_total_abs":0.057945279999999766,"profit_total":0.0011589055999999952,"profit_total_pct":0.12,"duration_avg":"4:42:00","wins":26,"draws":0,"losses":22,"winrate":0.5416666666666666,"cagr":0.007191082106753344,"expectancy":0.0012071933333333007,"expectancy_ratio":0.003582371595851841,"sortino":2.563394719309175,"sharpe":0.05737222568067155,"calmar":0.4909939570373682,"sqn":0.0253,"profit_factor":1.0078160834818588,"max_drawdown_account":0.0764304356412875,"max_drawdown_abs":4.0059000000000005}],"left_open_trades":[{"key":"TOTAL","trades":0,"profit_mean":0.0,"profit_mean_pct":0.0,"profit_total_abs":0.0,"profit_total":0.0,"profit_total_pct":0.0,"duration_avg":"0:00","wins":0,"draws":0,"losses":0,"winrate":0.0,"cagr":0.0,"expectancy":0.0,"expectancy_ratio":100.0,"sortino":0,"sharpe":0,"calmar":0,"sqn":0.0,"profit_factor":0.0,"max_drawdown_account":0.0,"max_drawdown_abs":0.0}],"total_trades":48,"trade_count_long":48,"trade_count_short":0,"total_volume":961.5800741914734,"avg_stake_amount":9.995842604166667,"profit_mean":0.00034803473324855703,"profit_median":0.019980019980019977,"profit_total":0.0011589055999999952,"profit_total_long":0.0011589055999999952,"profit_total_short":0.0,"profit_total_abs":0.057945279999999766,"profit_total_long_abs":0.057945279999999766,"profit_total_short_abs":0.0,"cagr":0.007191082106753344,"expectancy":0.0012071933333333007,"expectancy_ratio":0.003582371595851841,"sortino":2.563394719309175,"sharpe":0.05737222568067155,"calmar":0.4909939570373682,"sqn":0.0253,"profit_factor":1.0078160834818588,"backtest_start":"2025-12-09 02:30:00","backtest_start_ts":1765247400000,"backtest_end":"2026-02-07 00:00:00","backtest_end_ts":1770422400000,"backtest_days":59,"backtest_run_start_ts":1770446478,"backtest_run_end_ts":1770446478,"trades_per_day":0.81,"market_change":-0.3224335305401733,"pairlist":["ICP/USDT","VET/USDT","XRP/USDT","DOT/USDT","ADA/USDT"],"stake_amount":"unlimited","stake_currency":"USDT","stake_currency_decimals":3,"starting_balance":50,"dry_run_wallet":50,"final_balance":50.05794528,"rejected_signals":0,"timedout_entry_orders":0,"timedout_exit_orders":0,"canceled_trade_entries":0,"canceled_entry_orders":0,"replaced_entry_orders":0,"max_open_trades":5,"max_open_trades_setting":5,"timeframe":"5m","timeframe_detail":"","timerange":"20251209-20260207","enable_protections":false,"strategy_name":"UniversalMACD","freqaimodel":"XGBoostRegressor","freqai_identifier":"qs_v9_scalp_5m1h_l2","stoploss":-0.0318,"trailing_stop":false,"trailing_stop_positive":null,"trailing_stop_positive_offset":0.0,"trailing_only_offset_is_reached":false,"use_custom_stoploss":false,"minimal_roi":{"0":0.1,"60":0.05,"240":0.02,"1440":0.01},"use_exit_signal":true,"exit_profit_only":false,"exit_profit_offset":0.0,"ignore_roi_if_entry_signal":false,"trading_mode":"spot","margin_mode":"","periodic_breakdown":{"day":[{"date":"12/12/2025","date_ts":1765497600000,"profit_abs":0.1976688,"wins":1,"draws":0,"losses":0,"trades":1,"profit_factor":0.0},{"date":"13/12/2025","date_ts":1765584000000,"profit_abs":0.19799568,"wins":1,"draws":0,"losses":0,"trades":1,"profit_factor":0.0},{"date":"14/12/2025","date_ts":1765670400000,"profit_abs":0.0,"wins":0,"draws":0,"losses":0,"trades":0,"profit_factor":0.0},{"date":"15/12/2025","date_ts":1765756800000,"profit_abs":0.0,"wins":0,"draws":0,"losses":0,"trades":0,"profit_factor":0.0},{"date":"16/12/2025","date_ts":1765843200000,"profit_abs":0.3988516,"wins":2,"draws":0,"losses":0,"trades":2,"profit_factor":0.0},{"date":"17/12/2025","date_ts":1765929600000,"profit_abs":0.0,"wins":0,"draws":0,"losses":0,"trades":0,"profit_factor":0.0},{"date":"18/12/2025","date_ts":1766016000000,"profit_abs":0.0,"wins":0,"draws":0,"losses":0,"trades":0,"profit_factor":0.0},{"date":"19/12/2025","date_ts":1766102400000,"profit_abs":0.60282626,"wins":3,"draws":0,"losses":0,"trades":3,"profit_factor":0.0},{"date":"20/12/2025","date_ts":1766188800000,"profit_abs":0.0,"wins":0,"draws":0,"losses":0,"trades":0,"profit_factor":0.0},{"date":"21/12/2025","date_ts":1766275200000,"profit_abs":0.0,"wins":0,"draws":0,"losses":0,"trades":0,"profit_factor":0.0},{"date":"22/12/2025","date_ts":1766361600000,"profit_abs":0.0,"wins":0,"draws":0,"losses":0,"trades":0,"profit_factor":0.0},{"date":"23/12/2025","date_ts":1766448000000,"profit_abs":0.0,"wins":0,"draws":0,"losses":0,"trades":0,"profit_factor":0.0},{"date":"24/12/2025","date_ts":1766534400000,"profit_abs":0.0,"wins":0,"draws":0,"losses":0,"trades":0,"profit_factor":0.0},{"date":"25/12/2025","date_ts":1766620800000,"profit_abs":0.0,"wins":0,"draws":0,"losses":0,"trades":0,"profit_factor":0.0},{"date":"26/12/2025","date_ts":1766707200000,"profit_abs":0.0,"wins":0,"draws":0,"losses":0,"trades":0,"profit_factor":0.0},{"date":"27/12/2025","date_ts":1766793600000,"profit_abs":0.0,"wins":0,"draws":0,"losses":0,"trades":0,"profit_factor":0.0},{"date":"28/12/2025","date_ts":1766880000000,"profit_abs":0.0,"wins":0,"draws":0,"losses":0,"trades":0,"profit_factor":0.0},{"date":"29/12/2025","date_ts":1766966400000,"profit_abs":0.0,"wins":0,"draws":0,"losses":0,"trades":0,"profit_factor":0.0},{"date":"30/12/2025","date_ts":1767052800000,"profit_abs":0.0,"wins":0,"draws":0,"losses":0,"trades":0,"profit_factor":0.0},{"date":"31/12/2025","date_ts":1767139200000,"profit_abs":0.0,"wins":0,"draws":0,"losses":0,"trades":0,"profit_factor":0.0},{"date":"01/01/2026","date_ts":1767225600000,"profit_abs":0.0,"wins":0,"draws":0,"losses":0,"trades":0,"profit_factor":0.0},{"date":"02/01/2026","date_ts":1767312000000,"profit_abs":0.0,"wins":0,"draws":0,"losses":0,"trades":0,"profit_factor":0.0},{"date":"03/01/2026","date_ts":1767398400000,"profit_abs":0.0,"wins":0,"draws":0,"losses":0,"trades":0,"profit_factor":0.0},{"date":"04/01/2026","date_ts":1767484800000,"profit_abs":0.0,"wins":0,"draws":0,"losses":0,"trades":0,"profit_factor":0.0},{"date":"05/01/2026","date_ts":1767571200000,"profit_abs":0.0,"wins":0,"draws":0,"losses":0,"trades":0,"profit_factor":0.0},{"date":"06/01/2026","date_ts":1767657600000,"profit_abs":0.2034288,"wins":1,"draws":0,"losses":0,"trades":1,"profit_factor":0.0},{"date":"07/01/2026","date_ts":1767744000000,"profit_abs":0.0,"wins":0,"draws":0,"losses":0,"trades":0,"profit_factor":0.0},{"date":"08/01/2026","date_ts":1767830400000,"profit_abs":0.0,"wins":0,"draws":0,"losses":0,"trades":0,"profit_factor":0.0},{"date":"09/01/2026","date_ts":1767916800000,"profit_abs":0.0,"wins":0,"draws":0,"losses":0,"trades":0,"profit_factor":0.0},{"date":"10/01/2026","date_ts":1768003200000,"profit_abs":0.0,"wins":0,"draws":0,"losses":0,"trades":0,"profit_factor":0.0},{"date":"11/01/2026","date_ts":1768089600000,"profit_abs":0.0,"wins":0,"draws":0,"losses":0,"trades":0,"profit_factor":0.0},{"date":"12/01/2026","date_ts":1768176000000,"profit_abs":0.0,"wins":0,"draws":0,"losses":0,"trades":0,"profit_factor":0.0},{"date":"13/01/2026","date_ts":1768262400000,"profit_abs":0.0,"wins":0,"draws":0,"losses":0,"trades":0,"profit_factor":0.0},{"date":"14/01/2026","date_ts":1768348800000,"profit_abs":0.0,"wins":0,"draws":0,"losses":0,"trades":0,"profit_factor":0.0},{"date":"15/01/2026","date_ts":1768435200000,"profit_abs":0.7149989,"wins":2,"draws":0,"losses":0,"trades":2,"profit_factor":0.0},{"date":"16/01/2026","date_ts":1768521600000,"profit_abs":0.0,"wins":0,"draws":0,"losses":0,"trades":0,"profit_factor":0.0},{"date":"17/01/2026","date_ts":1768608000000,"profit_abs":0.0,"wins":0,"draws":0,"losses":0,"trades":0,"profit_factor":0.0},{"date":"18/01/2026","date_ts":1768694400000,"profit_abs":0.0,"wins":0,"draws":0,"losses":0,"trades":0,"profit_factor":0.0},{"date":"19/01/2026","date_ts":1768780800000,"profit_abs":0.0965964,"wins":5,"draws":0,"losses":3,"trades":8,"profit_factor":1.09308787},{"date":"20/01/2026","date_ts":1768867200000,"profit_abs":0.0,"wins":0,"draws":0,"losses":0,"trades":0,"profit_factor":0.0},{"date":"21/01/2026","date_ts":1768953600000,"profit_abs":0.0,"wins":0,"draws":0,"losses":0,"trades":0,"profit_factor":0.0},{"date":"22/01/2026","date_ts":1769040000000,"profit_abs":0.0,"wins":0,"draws":0,"losses":0,"trades":0,"profit_factor":0.0},{"date":"23/01/2026","date_ts":1769126400000,"profit_abs":0.0,"wins":0,"draws":0,"losses":0,"trades":0,"profit_factor":0.0},{"date":"24/01/2026","date_ts":1769212800000,"profit_abs":0.0,"wins":0,"draws":0,"losses":0,"trades":0,"profit_factor":0.0},{"date":"25/01/2026","date_ts":1769299200000,"profit_abs":0.0,"wins":0,"draws":0,"losses":0,"trades":0,"profit_factor":0.0},{"date":"26/01/2026","date_ts":1769385600000,"profit_abs":0.0,"wins":0,"draws":0,"losses":0,"trades":0,"profit_factor":0.0},{"date":"27/01/2026","date_ts":1769472000000,"profit_abs":0.0,"wins":0,"draws":0,"losses":0,"trades":0,"profit_factor":0.0},{"date":"28/01/2026","date_ts":1769558400000,"profit_abs":0.0,"wins":0,"draws":0,"losses":0,"trades":0,"profit_factor":0.0},{"date":"29/01/2026","date_ts":1769644800000,"profit_abs":0.0,"wins":0,"draws":0,"losses":0,"trades":0,"profit_factor":0.0},{"date":"30/01/2026","date_ts":1769731200000,"profit_abs":-0.3440123,"wins":0,"draws":0,"losses":1,"trades":1,"profit_factor":0.0},{"date":"31/01/2026","date_ts":1769817600000,"profit_abs":-1.23092857,"wins":3,"draws":0,"losses":7,"trades":10,"profit_factor":0.48318247},{"date":"01/02/2026","date_ts":1769904000000,"profit_abs":0.0,"wins":0,"draws":0,"losses":0,"trades":0,"profit_factor":0.0},{"date":"02/02/2026","date_ts":1769990400000,"profit_abs":0.0,"wins":0,"draws":0,"losses":0,"trades":0,"profit_factor":0.0},{"date":"03/02/2026","date_ts":1770076800000,"profit_abs":0.5032683,"wins":1,"draws":0,"losses":0,"trades":1,"profit_factor":0.0},{"date":"04/02/2026","date_ts":1770163200000,"profit_abs":0.0,"wins":0,"draws":0,"losses":0,"trades":0,"profit_factor":0.0},{"date":"05/02/2026","date_ts":1770249600000,"profit_abs":-1.30123621,"wins":2,"draws":0,"losses":6,"trades":8,"profit_factor":0.35491491},{"date":"06/02/2026","date_ts":1770336000000,"profit_abs":0.01848762,"wins":5,"draws":0,"losses":5,"trades":10,"profit_factor":1.01132132}],"week":[{"date":"15/12/2025","date_ts":1765756800000,"profit_abs":0.39566448,"wins":2,"draws":0,"losses":0,"trades":2,"profit_factor":0.0},{"date":"22/12/2025","date_ts":1766361600000,"profit_abs":1.00167786,"wins":5,"draws":0,"losses":0,"trades":5,"profit_factor":0.0},{"date":"29/12/2025","date_ts":1766966400000,"profit_abs":0.0,"wins":0,"draws":0,"losses":0,"trades":0,"profit_factor":0.0},{"date":"05/01/2026","date_ts":1767571200000,"profit_abs":0.0,"wins":0,"draws":0,"losses":0,"trades":0,"profit_factor":0.0},{"date":"12/01/2026","date_ts":1768176000000,"profit_abs":0.2034288,"wins":1,"draws":0,"losses":0,"trades":1,"profit_factor":0.0},{"date":"19/01/2026","date_ts":1768780800000,"profit_abs":0.8115953,"wins":7,"draws":0,"losses":3,"trades":10,"profit_factor":1.78211693},{"date":"26/01/2026","date_ts":1769385600000,"profit_abs":0.0,"wins":0,"draws":0,"losses":0,"trades":0,"profit_factor":0.0},{"date":"02/02/2026","date_ts":1769990400000,"profit_abs":-1.57494087,"wins":3,"draws":0,"losses":8,"trades":11,"profit_factor":0.42220104},{"date":"09/02/2026","date_ts":1770595200000,"profit_abs":-0.77948029,"wins":8,"draws":0,"losses":11,"trades":19,"profit_factor":0.78645227}],"month":[{"date":"31/12/2025","date_ts":1767139200000,"profit_abs":1.39734234,"wins":7,"draws":0,"losses":0,"trades":7,"profit_factor":0.0},{"date":"31/01/2026","date_ts":1769817600000,"profit_abs":-0.55991677,"wins":11,"draws":0,"losses":11,"trades":22,"profit_factor":0.85122247},{"date":"28/02/2026","date_ts":1772236800000,"profit_abs":-0.77948029,"wins":8,"draws":0,"losses":11,"trades":19,"profit_factor":0.78645227}],"year":[{"date":"31/12/2025","date_ts":1767139200000,"profit_abs":1.39734234,"wins":7,"draws":0,"losses":0,"trades":7,"profit_factor":0.0},{"date":"31/12/2026","date_ts":1798675200000,"profit_abs":-1.33939706,"wins":19,"draws":0,"losses":22,"trades":41,"profit_factor":0.81933232}],"weekday":[{"date":"Monday","date_ts":0,"profit_abs":0.0965964,"wins":5,"draws":0,"losses":3,"trades":8,"profit_factor":1.09308787},{"date":"Tuesday","date_ts":1,"profit_abs":1.1055487,"wins":4,"draws":0,"losses":0,"trades":4,"profit_factor":0.0},{"date":"Thursday","date_ts":3,"profit_abs":-0.58623731,"wins":4,"draws":0,"losses":6,"trades":10,"profit_factor":0.7093741},{"date":"Friday","date_ts":4,"profit_abs":0.47497038,"wins":9,"draws":0,"losses":6,"trades":15,"profit_factor":1.24024761},{"date":"Saturday","date_ts":5,"profit_abs":-1.03293289,"wins":4,"draws":0,"losses":7,"trades":11,"profit_factor":0.56631292}]},"backtest_best_day":0.06993006993006992,"backtest_worst_day":-0.12962002016743224,"backtest_best_day_abs":0.7149989,"backtest_worst_day_abs":-1.30123621,"winning_days":9,"draw_days":45,"losing_days":3,"daily_profit":[["2025-12-12",0.1976688],["2025-12-13",0.19799568],["2025-12-14",0.0],["2025-12-15",0.0],["2025-12-16",0.3988516],["2025-12-17",0.0],["2025-12-18",0.0],["2025-12-19",0.60282626],["2025-12-20",0.0],["2025-12-21",0.0],["2025-12-22",0.0],["2025-12-23",0.0],["2025-12-24",0.0],["2025-12-25",0.0],["2025-12-26",0.0],["2025-12-27",0.0],["2025-12-28",0.0],["2025-12-29",0.0],["2025-12-30",0.0],["2025-12-31",0.0],["2026-01-01",0.0],["2026-01-02",0.0],["2026-01-03",0.0],["2026-01-04",0.0],["2026-01-05",0.0],["2026-01-06",0.2034288],["2026-01-07",0.0],["2026-01-08",0.0],["2026-01-09",0.0],["2026-01-10",0.0],["2026-01-11",0.0],["2026-01-12",0.0],["2026-01-13",0.0],["2026-01-14",0.0],["2026-01-15",0.7149989],["2026-01-16",0.0],["2026-01-17",0.0],["2026-01-18",0.0],["2026-01-19",0.0965964],["2026-01-20",0.0],["2026-01-21",0.0],["2026-01-22",0.0],["2026-01-23",0.0],["2026-01-24",0.0],["2026-01-25",0.0],["2026-01-26",0.0],["2026-01-27",0.0],["2026-01-28",0.0],["2026-01-29",0.0],["2026-01-30",-0.3440123],["2026-01-31",-1.23092857],["2026-02-01",0.0],["2026-02-02",0.0],["2026-02-03",0.5032683],["2026-02-04",0.0],["2026-02-05",-1.30123621],["2026-02-06",0.01848762]],"wins":26,"losses":22,"draws":0,"winrate":0.5416666666666666,"holding_avg":"4:42:00","holding_avg_s":16920.0,"winner_holding_min":"0d 01:00","winner_holding_min_s":3600.0,"winner_holding_max":"0d 19:15","winner_holding_max_s":69300.0,"winner_holding_avg":"0d 07:04","winner_holding_avg_s":25440.0,"loser_holding_min":"0d 00:00","loser_holding_min_s":0.0,"loser_holding_max":"0d 10:20","loser_holding_max_s":37200.0,"loser_holding_avg":"0d 01:53","loser_holding_avg_s":6780.0,"max_consecutive_wins":10,"max_consecutive_losses":8,"max_drawdown_account":0.0764304356412875,"max_relative_drawdown":0.0764304356412875,"max_drawdown_abs":4.0059000000000005,"drawdown_start":"2026-01-19 19:15:00","drawdown_start_ts":1768850100000.0,"drawdown_end":"2026-02-06 00:15:00","drawdown_end_ts":1770336900000.0,"drawdown_duration":"17 days 05:00:00","drawdown_duration_s":1486800.0,"max_drawdown_low":-1.5935335600000002,"max_drawdown_high":2.41236644,"csum_min":48.40646644,"csum_max":52.41236644}},"strategy_comparison":[{"key":"UniversalMACD","trades":48,"profit_mean":0.00034803473324855703,"profit_mean_pct":0.03,"profit_total_abs":0.057945279999999766,"profit_total":0.0011589055999999952,"profit_total_pct":0.12,"duration_avg":"4:42:00","wins":26,"draws":0,"losses":22,"winrate":0.5416666666666666,"cagr":0.007191082106753344,"expectancy":0.0012071933333333007,"expectancy_ratio":0.003582371595851841,"sortino":2.563394719309175,"sharpe":0.05737222568067155,"calmar":0.4909939570373682,"sqn":0.0253,"profit_factor":1.0078160834818588,"max_drawdown_account":0.0764304356412875,"max_drawdown_abs":"4.006"}]}