{"strategy":{"MultiMa":{"trades":[{"pair":"BTC/USDT","stake_amount":11.1625944,"max_stake_amount":11.1625944,"amount":0.00012,"open_date":"2026-01-05 11:05:00+00:00","close_date":"2026-01-06 16:25:00+00:00","open_rate":93021.62,"close_rate":93227.64,"fee_open":0.001,"fee_close":0.001,"trade_duration":1760,"profit_ratio":0.00021232697303056003,"profit_abs":0.00237249,"exit_reason":"exit_signal","initial_stop_loss_abs":60929.1611,"initial_stop_loss_ratio":-0.345,"stop_loss_abs":60929.1611,"stop_loss_ratio":-0.345,"min_rate":92407.13,"max_rate":94789.08,"is_open":false,"enter_tag":"","leverage":1.0,"is_short":false,"open_timestamp":1767611100000,"close_timestamp":1767716700000,"orders":[{"amount":0.00012,"safe_price":93021.62,"ft_order_side":"buy","order_filled_timestamp":1767611100000,"ft_is_entry":true,"ft_order_tag":"","cost":11.173756994399998},{"amount":0.00012,"safe_price":93227.64,"ft_order_side":"sell","order_filled_timestamp":1767716700000,"ft_is_entry":false,"ft_order_tag":"exit_signal","cost":11.198504116799999}],"funding_fees":0.0,"weekday":1},{"pair":"ADA/USDT","stake_amount":11.85327,"max_stake_amount":11.85327,"amount":29.7,"open_date":"2026-01-05 11:50:00+00:00","close_date":"2026-01-06 16:30:00+00:00","open_rate":0.3991,"close_rate":0.41100000000000003,"fee_open":0.001,"fee_close":0.001,"trade_duration":1720,"profit_ratio":0.02775951184871255,"profit_abs":0.32937003,"exit_reason":"exit_signal","initial_stop_loss_abs":0.2615,"initial_stop_loss_ratio":-0.345,"stop_loss_abs":0.2615,"stop_loss_ratio":-0.345,"min_rate":0.397,"max_rate":0.4374,"is_open":false,"enter_tag":"","leverage":1.0,"is_short":false,"open_timestamp":1767613800000,"close_timestamp":1767717000000,"orders":[{"amount":29.7,"safe_price":0.3991,"ft_order_side":"buy","order_filled_timestamp":1767613800000,"ft_is_entry":true,"ft_order_tag":"","cost":11.86512327},{"amount":29.7,"safe_price":0.41100000000000003,"ft_order_side":"sell","order_filled_timestamp":1767717000000,"ft_is_entry":false,"ft_order_tag":"exit_signal","cost":12.2189067}],"funding_fees":0.0,"weekday":1},{"pair":"BNB/USDT","stake_amount":11.73848,"max_stake_amount":11.73848,"amount":0.013,"open_date":"2026-01-05 11:05:00+00:00","close_date":"2026-01-06 16:40:00+00:00","open_rate":902.96,"close_rate":909.22,"fee_open":0.001,"fee_close":0.001,"trade_duration":1775,"profit_ratio":0.004920900840985894,"profit_abs":0.05782166,"exit_reason":"exit_signal","initial_stop_loss_abs":591.4388,"initial_stop_loss_ratio":-0.345,"stop_loss_abs":591.4388,"stop_loss_ratio":-0.345,"min_rate":900.49,"max_rate":923.93,"is_open":false,"enter_tag":"","leverage":1.0,"is_short":false,"open_timestamp":1767611100000,"close_timestamp":1767717600000,"orders":[{"amount":0.013,"safe_price":902.96,"ft_order_side":"buy","order_filled_timestamp":1767611100000,"ft_is_entry":true,"ft_order_tag":"","cost":11.750218479999997},{"amount":0.013,"safe_price":909.22,"ft_order_side":"sell","order_filled_timestamp":1767717600000,"ft_is_entry":false,"ft_order_tag":"exit_signal","cost":11.83167986}],"funding_fees":0.0,"weekday":1},{"pair":"SOL/USDT","stake_amount":11.79024,"max_stake_amount":11.79024,"amount":0.087,"open_date":"2026-01-05 11:05:00+00:00","close_date":"2026-01-06 17:00:00+00:00","open_rate":135.52,"close_rate":138.91,"fee_open":0.001,"fee_close":0.001,"trade_duration":1795,"profit_ratio":0.02296677643489922,"profit_abs":0.27105459,"exit_reason":"exit_signal","initial_stop_loss_abs":88.7656,"initial_stop_loss_ratio":-0.345,"stop_loss_abs":88.7656,"stop_loss_ratio":-0.345,"min_rate":133.18,"max_rate":143.48,"is_open":false,"enter_tag":"","leverage":1.0,"is_short":false,"open_timestamp":1767611100000,"close_timestamp":1767718800000,"orders":[{"amount":0.087,"safe_price":135.52,"ft_order_side":"buy","order_filled_timestamp":1767611100000,"ft_is_entry":true,"ft_order_tag":"","cost":11.802030239999999},{"amount":0.087,"safe_price":138.91,"ft_order_side":"sell","order_filled_timestamp":1767718800000,"ft_is_entry":false,"ft_order_tag":"exit_signal","cost":12.097255169999999}],"funding_fees":0.0,"weekday":1},{"pair":"ETH/USDT","stake_amount":11.7179,"max_stake_amount":11.7179,"amount":0.0037,"open_date":"2026-01-05 15:00:00+00:00","close_date":"2026-01-06 17:15:00+00:00","open_rate":3167.0,"close_rate":3247.27,"fee_open":0.001,"fee_close":0.001,"trade_duration":1575,"profit_ratio":0.023297110130075085,"profit_abs":0.2732662,"exit_reason":"exit_signal","initial_stop_loss_abs":2074.385,"initial_stop_loss_ratio":-0.345,"stop_loss_abs":2074.385,"stop_loss_ratio":-0.345,"min_rate":3152.4,"max_rate":3308.86,"is_open":false,"enter_tag":"","leverage":1.0,"is_short":false,"open_timestamp":1767625200000,"close_timestamp":1767719700000,"orders":[{"amount":0.0037,"safe_price":3167.0,"ft_order_side":"buy","order_filled_timestamp":1767625200000,"ft_is_entry":true,"ft_order_tag":"","cost":11.7296179},{"amount":0.0037,"safe_price":3247.27,"ft_order_side":"sell","order_filled_timestamp":1767719700000,"ft_is_entry":false,"ft_order_tag":"exit_signal","cost":12.026913898999998}],"funding_fees":0.0,"weekday":1},{"pair":"ETH/USDT","stake_amount":11.817828,"max_stake_amount":11.817828,"amount":0.0036,"open_date":"2026-01-06 21:25:00+00:00","close_date":"2026-01-07 01:35:00+00:00","open_rate":3282.73,"close_rate":3251.0,"fee_open":0.001,"fee_close":0.001,"trade_duration":250,"profit_ratio":-0.011644425539263068,"profit_abs":-0.13774943,"exit_reason":"exit_signal","initial_stop_loss_abs":2150.18815,"initial_stop_loss_ratio":-0.345,"stop_loss_abs":2150.18815,"stop_loss_ratio":-0.345,"min_rate":3245.76,"max_rate":3301.6,"is_open":false,"enter_tag":"","leverage":1.0,"is_short":false,"open_timestamp":1767734700000,"close_timestamp":1767749700000,"orders":[{"amount":0.0036,"safe_price":3282.73,"ft_order_side":"buy","order_filled_timestamp":1767734700000,"ft_is_entry":true,"ft_order_tag":"","cost":11.829645827999999},{"amount":0.0036,"safe_price":3251.0,"ft_order_side":"sell","order_filled_timestamp":1767749700000,"ft_is_entry":false,"ft_order_tag":"exit_signal","cost":11.715303599999999}],"funding_fees":0.0,"weekday":2},{"pair":"SOL/USDT","stake_amount":12.00115,"max_stake_amount":12.00115,"amount":0.085,"open_date":"2026-01-06 21:25:00+00:00","close_date":"2026-01-07 01:55:00+00:00","open_rate":141.19,"close_rate":138.94,"fee_open":0.001,"fee_close":0.001,"trade_duration":270,"profit_ratio":-0.0179021346951087,"profit_abs":-0.21506105,"exit_reason":"exit_signal","initial_stop_loss_abs":92.47945,"initial_stop_loss_ratio":-0.345,"stop_loss_abs":92.47945,"stop_loss_ratio":-0.345,"min_rate":138.8,"max_rate":141.99,"is_open":false,"enter_tag":"","leverage":1.0,"is_short":false,"open_timestamp":1767734700000,"close_timestamp":1767750900000,"orders":[{"amount":0.085,"safe_price":141.19,"ft_order_side":"buy","order_filled_timestamp":1767734700000,"ft_is_entry":true,"ft_order_tag":"","cost":12.013151149999999},{"amount":0.085,"safe_price":138.94,"ft_order_side":"sell","order_filled_timestamp":1767750900000,"ft_is_entry":false,"ft_order_tag":"exit_signal","cost":11.8217099}],"funding_fees":0.0,"weekday":2},{"pair":"BNB/USDT","stake_amount":11.87082,"max_stake_amount":11.87082,"amount":0.013,"open_date":"2026-01-06 21:30:00+00:00","close_date":"2026-01-07 01:55:00+00:00","open_rate":913.14,"close_rate":906.42,"fee_open":0.001,"fee_close":0.001,"trade_duration":265,"profit_ratio":-0.009342520282792312,"profit_abs":-0.11101428,"exit_reason":"exit_signal","initial_stop_loss_abs":598.1067,"initial_stop_loss_ratio":-0.345,"stop_loss_abs":598.1067,"stop_loss_ratio":-0.345,"min_rate":905.28,"max_rate":919.78,"is_open":false,"enter_tag":"","leverage":1.0,"is_short":false,"open_timestamp":1767735000000,"close_timestamp":1767750900000,"orders":[{"amount":0.013,"safe_price":913.14,"ft_order_side":"buy","order_filled_timestamp":1767735000000,"ft_is_entry":true,"ft_order_tag":"","cost":11.882690819999999},{"amount":0.013,"safe_price":906.42,"ft_order_side":"sell","order_filled_timestamp":1767750900000,"ft_is_entry":false,"ft_order_tag":"exit_signal","cost":11.795243459999996}],"funding_fees":0.0,"weekday":2},{"pair":"BTC/USDT","stake_amount":12.0133325,"max_stake_amount":12.0133325,"amount":0.00013,"open_date":"2026-01-06 21:05:00+00:00","close_date":"2026-01-07 02:05:00+00:00","open_rate":92410.25,"close_rate":92366.83,"fee_open":0.001,"fee_close":0.001,"trade_duration":300,"profit_ratio":-0.002466924478780889,"profit_abs":-0.02966562,"exit_reason":"exit_signal","initial_stop_loss_abs":60528.71375,"initial_stop_loss_ratio":-0.345,"stop_loss_abs":60528.71375,"stop_loss_ratio":-0.345,"min_rate":92236.07,"max_rate":93845.03,"is_open":false,"enter_tag":"","leverage":1.0,"is_short":false,"open_timestamp":1767733500000,"close_timestamp":1767751500000,"orders":[{"amount":0.00013,"safe_price":92410.25,"ft_order_side":"buy","order_filled_timestamp":1767733500000,"ft_is_entry":true,"ft_order_tag":"","cost":12.025345832499998},{"amount":0.00013,"safe_price":92366.83,"ft_order_side":"sell","order_filled_timestamp":1767751500000,"ft_is_entry":false,"ft_order_tag":"exit_signal","cost":12.019695587899998}],"funding_fees":0.0,"weekday":2},{"pair":"ADA/USDT","stake_amount":12.045,"max_stake_amount":12.045,"amount":29.2,"open_date":"2026-01-06 20:55:00+00:00","close_date":"2026-01-07 02:30:00+00:00","open_rate":0.4125,"close_rate":0.41140000000000004,"fee_open":0.001,"fee_close":0.001,"trade_duration":335,"profit_ratio":-0.004659340659340659,"profit_abs":-0.05617788,"exit_reason":"exit_signal","initial_stop_loss_abs":0.2702,"initial_stop_loss_ratio":-0.345,"stop_loss_abs":0.2702,"stop_loss_ratio":-0.345,"min_rate":0.40900000000000003,"max_rate":0.42210000000000003,"is_open":false,"enter_tag":"","leverage":1.0,"is_short":false,"open_timestamp":1767732900000,"close_timestamp":1767753000000,"orders":[{"amount":29.2,"safe_price":0.41250000000000003,"ft_order_side":"buy","order_filled_timestamp":1767732900000,"ft_is_entry":true,"ft_order_tag":"","cost":12.057044999999999},{"amount":29.2,"safe_price":0.41140000000000004,"ft_order_side":"sell","order_filled_timestamp":1767753000000,"ft_is_entry":false,"ft_order_tag":"exit_signal","cost":12.02489288}],"funding_fees":0.0,"weekday":2},{"pair":"BTC/USDT","stake_amount":11.1700836,"max_stake_amount":11.1700836,"amount":0.00012,"open_date":"2026-01-07 03:20:00+00:00","close_date":"2026-01-07 04:20:00+00:00","open_rate":93084.03,"close_rate":92719.87,"fee_open":0.001,"fee_close":0.001,"trade_duration":60,"profit_ratio":-0.005902349760367081,"profit_abs":-0.06599567,"exit_reason":"exit_signal","initial_stop_loss_abs":60970.03965,"initial_stop_loss_ratio":-0.345,"stop_loss_abs":60970.03965,"stop_loss_ratio":-0.345,"min_rate":92680.01,"max_rate":93108.69,"is_open":false,"enter_tag":"","leverage":1.0,"is_short":false,"open_timestamp":1767756000000,"close_timestamp":1767759600000,"orders":[{"amount":0.00012,"safe_price":93084.03,"ft_order_side":"buy","order_filled_timestamp":1767756000000,"ft_is_entry":true,"ft_order_tag":"","cost":11.181253683599998},{"amount":0.00012,"safe_price":92719.87,"ft_order_side":"sell","order_filled_timestamp":1767759600000,"ft_is_entry":false,"ft_order_tag":"exit_signal","cost":11.137510784399998}],"funding_fees":0.0,"weekday":2},{"pair":"BTC/USDT","stake_amount":11.142726,"max_stake_amount":11.142726,"amount":0.00012,"open_date":"2026-01-07 07:40:00+00:00","close_date":"2026-01-07 09:20:00+00:00","open_rate":92856.05,"close_rate":92070.47,"fee_open":0.001,"fee_close":0.001,"trade_duration":100,"profit_ratio":-0.010441290180197876,"profit_abs":-0.11646078,"exit_reason":"exit_signal","initial_stop_loss_abs":60820.712750000006,"initial_stop_loss_ratio":-0.345,"stop_loss_abs":60820.712750000006,"stop_loss_ratio":-0.345,"min_rate":91943.72,"max_rate":92961.53,"is_open":false,"enter_tag":"","leverage":1.0,"is_short":false,"open_timestamp":1767771600000,"close_timestamp":1767777600000,"orders":[{"amount":0.00012,"safe_price":92856.05,"ft_order_side":"buy","order_filled_timestamp":1767771600000,"ft_is_entry":true,"ft_order_tag":"","cost":11.153868726},{"amount":0.00012,"safe_price":92070.47,"ft_order_side":"sell","order_filled_timestamp":1767777600000,"ft_is_entry":false,"ft_order_tag":"exit_signal","cost":11.0595048564}],"funding_fees":0.0,"weekday":2},{"pair":"BNB/USDT","stake_amount":11.88863,"max_stake_amount":11.88863,"amount":0.013,"open_date":"2026-01-07 05:35:00+00:00","close_date":"2026-01-07 09:55:00+00:00","open_rate":914.51,"close_rate":912.32,"fee_open":0.001,"fee_close":0.001,"trade_duration":260,"profit_ratio":-0.004387942376592036,"profit_abs":-0.05221879,"exit_reason":"exit_signal","initial_stop_loss_abs":599.00405,"initial_stop_loss_ratio":-0.345,"stop_loss_abs":599.00405,"stop_loss_ratio":-0.345,"min_rate":909.0,"max_rate":920.27,"is_open":false,"enter_tag":"","leverage":1.0,"is_short":false,"open_timestamp":1767764100000,"close_timestamp":1767779700000,"orders":[{"amount":0.013,"safe_price":914.51,"ft_order_side":"buy","order_filled_timestamp":1767764100000,"ft_is_entry":true,"ft_order_tag":"","cost":11.900518629999997},{"amount":0.013,"safe_price":912.32,"ft_order_side":"sell","order_filled_timestamp":1767779700000,"ft_is_entry":false,"ft_order_tag":"exit_signal","cost":11.87202016}],"funding_fees":0.0,"weekday":2},{"pair":"ADA/USDT","stake_amount":11.9248,"max_stake_amount":11.9248,"amount":29.0,"open_date":"2026-01-07 07:00:00+00:00","close_date":"2026-01-07 10:25:00+00:00","open_rate":0.4112,"close_rate":0.4102,"fee_open":0.001,"fee_close":0.001,"trade_duration":205,"profit_ratio":-0.0044250496585126935,"profit_abs":-0.0528206,"exit_reason":"exit_signal","initial_stop_loss_abs":0.2694,"initial_stop_loss_ratio":-0.345,"stop_loss_abs":0.2694,"stop_loss_ratio":-0.345,"min_rate":0.4093,"max_rate":0.4228,"is_open":false,"enter_tag":"","leverage":1.0,"is_short":false,"open_timestamp":1767769200000,"close_timestamp":1767781500000,"orders":[{"amount":29.0,"safe_price":0.4112,"ft_order_side":"buy","order_filled_timestamp":1767769200000,"ft_is_entry":true,"ft_order_tag":"","cost":11.9367248},{"amount":29.0,"safe_price":0.4102,"ft_order_side":"sell","order_filled_timestamp":1767781500000,"ft_is_entry":false,"ft_order_tag":"exit_signal","cost":11.907695799999999}],"funding_fees":0.0,"weekday":2},{"pair":"ADA/USDT","stake_amount":11.87472,"max_stake_amount":11.87472,"amount":28.6,"open_date":"2026-01-07 11:35:00+00:00","close_date":"2026-01-07 12:25:00+00:00","open_rate":0.4152,"close_rate":0.41350000000000003,"fee_open":0.001,"fee_close":0.001,"trade_duration":50,"profit_ratio":-0.006084233685389754,"profit_abs":-0.07232082,"exit_reason":"exit_signal","initial_stop_loss_abs":0.272,"initial_stop_loss_ratio":-0.345,"stop_loss_abs":0.272,"stop_loss_ratio":-0.345,"min_rate":0.4127,"max_rate":0.41650000000000004,"is_open":false,"enter_tag":"","leverage":1.0,"is_short":false,"open_timestamp":1767785700000,"close_timestamp":1767788700000,"orders":[{"amount":28.6,"safe_price":0.4152,"ft_order_side":"buy","order_filled_timestamp":1767785700000,"ft_is_entry":true,"ft_order_tag":"","cost":11.88659472},{"amount":28.6,"safe_price":0.41350000000000003,"ft_order_side":"sell","order_filled_timestamp":1767788700000,"ft_is_entry":false,"ft_order_tag":"exit_signal","cost":11.8379261}],"funding_fees":0.0,"weekday":2},{"pair":"BNB/USDT","stake_amount":11.73913,"max_stake_amount":11.73913,"amount":0.013,"open_date":"2026-01-08 01:40:00+00:00","close_date":"2026-01-08 03:55:00+00:00","open_rate":903.01,"close_rate":893.0,"fee_open":0.001,"fee_close":0.001,"trade_duration":135,"profit_ratio":-0.013061002407742753,"profit_abs":-0.15347813,"exit_reason":"exit_signal","initial_stop_loss_abs":591.47155,"initial_stop_loss_ratio":-0.345,"stop_loss_abs":591.47155,"stop_loss_ratio":-0.345,"min_rate":892.38,"max_rate":903.02,"is_open":false,"enter_tag":"","leverage":1.0,"is_short":false,"open_timestamp":1767836400000,"close_timestamp":1767844500000,"orders":[{"amount":0.013,"safe_price":903.01,"ft_order_side":"buy","order_filled_timestamp":1767836400000,"ft_is_entry":true,"ft_order_tag":"","cost":11.750869129999998},{"amount":0.013,"safe_price":893.0,"ft_order_side":"sell","order_filled_timestamp":1767844500000,"ft_is_entry":false,"ft_order_tag":"exit_signal","cost":11.620608999999998}],"funding_fees":0.0,"weekday":3},{"pair":"BTC/USDT","stake_amount":11.8771536,"max_stake_amount":11.8771536,"amount":0.00013,"open_date":"2026-01-08 01:05:00+00:00","close_date":"2026-01-08 04:00:00+00:00","open_rate":91362.72,"close_rate":90813.4,"fee_open":0.001,"fee_close":0.001,"trade_duration":175,"profit_ratio":-0.007998507361182943,"profit_abs":-0.0950945,"exit_reason":"exit_signal","initial_stop_loss_abs":59842.581600000005,"initial_stop_loss_ratio":-0.345,"stop_loss_abs":59842.581600000005,"stop_loss_ratio":-0.345,"min_rate":90616.36,"max_rate":91687.99,"is_open":false,"enter_tag":"","leverage":1.0,"is_short":false,"open_timestamp":1767834300000,"close_timestamp":1767844800000,"orders":[{"amount":0.00013,"safe_price":91362.72,"ft_order_side":"buy","order_filled_timestamp":1767834300000,"ft_is_entry":true,"ft_order_tag":"","cost":11.889030753599998},{"amount":0.00013,"safe_price":90813.4,"ft_order_side":"sell","order_filled_timestamp":1767844800000,"ft_is_entry":false,"ft_order_tag":"exit_signal","cost":11.817547741999997}],"funding_fees":0.0,"weekday":3},{"pair":"ETH/USDT","stake_amount":11.692,"max_stake_amount":11.692,"amount":0.0037,"open_date":"2026-01-08 05:05:00+00:00","close_date":"2026-01-08 05:55:00+00:00","open_rate":3160.0,"close_rate":3144.01,"fee_open":0.001,"fee_close":0.001,"trade_duration":50,"profit_ratio":-0.007048018693588314,"profit_abs":-0.08248784,"exit_reason":"exit_signal","initial_stop_loss_abs":2069.8,"initial_stop_loss_ratio":-0.345,"stop_loss_abs":2069.8,"stop_loss_ratio":-0.345,"min_rate":3142.22,"max_rate":3161.24,"is_open":false,"enter_tag":"","leverage":1.0,"is_short":false,"open_timestamp":1767848700000,"close_timestamp":1767851700000,"orders":[{"amount":0.0037,"safe_price":3160.0,"ft_order_side":"buy","order_filled_timestamp":1767848700000,"ft_is_entry":true,"ft_order_tag":"","cost":11.703691999999998},{"amount":0.0037,"safe_price":3144.01,"ft_order_side":"sell","order_filled_timestamp":1767851700000,"ft_is_entry":false,"ft_order_tag":"exit_signal","cost":11.644469837}],"funding_fees":0.0,"weekday":3},{"pair":"BTC/USDT","stake_amount":10.9308036,"max_stake_amount":10.9308036,"amount":0.00012,"open_date":"2026-01-08 05:15:00+00:00","close_date":"2026-01-08 05:55:00+00:00","open_rate":91090.03,"close_rate":90835.08,"fee_open":0.001,"fee_close":0.001,"trade_duration":40,"profit_ratio":-0.004791288845646936,"profit_abs":-0.05242501,"exit_reason":"exit_signal","initial_stop_loss_abs":59663.96965,"initial_stop_loss_ratio":-0.345,"stop_loss_abs":59663.96965,"stop_loss_ratio":-0.345,"min_rate":90786.14,"max_rate":91163.12,"is_open":false,"enter_tag":"","leverage":1.0,"is_short":false,"open_timestamp":1767849300000,"close_timestamp":1767851700000,"orders":[{"amount":0.00012,"safe_price":91090.03,"ft_order_side":"buy","order_filled_timestamp":1767849300000,"ft_is_entry":true,"ft_order_tag":"","cost":10.9417344036},{"amount":0.00012,"safe_price":90835.08,"ft_order_side":"sell","order_filled_timestamp":1767851700000,"ft_is_entry":false,"ft_order_tag":"exit_signal","cost":10.9111098096}],"funding_fees":0.0,"weekday":3},{"pair":"SOL/USDT","stake_amount":11.80264,"max_stake_amount":11.80264,"amount":0.086,"open_date":"2026-01-08 01:30:00+00:00","close_date":"2026-01-08 06:05:00+00:00","open_rate":137.24,"close_rate":136.36,"fee_open":0.001,"fee_close":0.001,"trade_duration":275,"profit_ratio":-0.008397315304922416,"profit_abs":-0.0992096,"exit_reason":"exit_signal","initial_stop_loss_abs":89.8922,"initial_stop_loss_ratio":-0.345,"stop_loss_abs":89.8922,"stop_loss_ratio":-0.345,"min_rate":135.86,"max_rate":138.33,"is_open":false,"enter_tag":"","leverage":1.0,"is_short":false,"open_timestamp":1767835800000,"close_timestamp":1767852300000,"orders":[{"amount":0.086,"safe_price":137.24,"ft_order_side":"buy","order_filled_timestamp":1767835800000,"ft_is_entry":true,"ft_order_tag":"","cost":11.81444264},{"amount":0.086,"safe_price":136.36,"ft_order_side":"sell","order_filled_timestamp":1767852300000,"ft_is_entry":false,"ft_order_tag":"exit_signal","cost":11.738686959999999}],"funding_fees":0.0,"weekday":3},{"pair":"ADA/USDT","stake_amount":11.79822,"max_stake_amount":11.79822,"amount":29.4,"open_date":"2026-01-08 04:50:00+00:00","close_date":"2026-01-08 06:20:00+00:00","open_rate":0.4013,"close_rate":0.3957,"fee_open":0.001,"fee_close":0.001,"trade_duration":90,"profit_ratio":-0.01592476798058657,"profit_abs":-0.1880718,"exit_reason":"exit_signal","initial_stop_loss_abs":0.2629,"initial_stop_loss_ratio":-0.345,"stop_loss_abs":0.2629,"stop_loss_ratio":-0.345,"min_rate":0.39480000000000004,"max_rate":0.4021,"is_open":false,"enter_tag":"","leverage":1.0,"is_short":false,"open_timestamp":1767847800000,"close_timestamp":1767853200000,"orders":[{"amount":29.4,"safe_price":0.40130000000000005,"ft_order_side":"buy","order_filled_timestamp":1767847800000,"ft_is_entry":true,"ft_order_tag":"","cost":11.81001822},{"amount":29.4,"safe_price":0.3957,"ft_order_side":"sell","order_filled_timestamp":1767853200000,"ft_is_entry":false,"ft_order_tag":"exit_signal","cost":11.645213579999997}],"funding_fees":0.0,"weekday":3},{"pair":"ETH/USDT","stake_amount":11.569308,"max_stake_amount":11.569308,"amount":0.0037,"open_date":"2026-01-08 11:20:00+00:00","close_date":"2026-01-08 12:35:00+00:00","open_rate":3126.84,"close_rate":3095.36,"fee_open":0.001,"fee_close":0.001,"trade_duration":75,"profit_ratio":-0.012045558923557157,"profit_abs":-0.13949814,"exit_reason":"exit_signal","initial_stop_loss_abs":2048.0802000000003,"initial_stop_loss_ratio":-0.345,"stop_loss_abs":2048.0802000000003,"stop_loss_ratio":-0.345,"min_rate":3085.16,"max_rate":3126.84,"is_open":false,"enter_tag":"","leverage":1.0,"is_short":false,"open_timestamp":1767871200000,"close_timestamp":1767875700000,"orders":[{"amount":0.0037,"safe_price":3126.84,"ft_order_side":"buy","order_filled_timestamp":1767871200000,"ft_is_entry":true,"ft_order_tag":"","cost":11.580877308},{"amount":0.0037,"safe_price":3095.36,"ft_order_side":"sell","order_filled_timestamp":1767875700000,"ft_is_entry":false,"ft_order_tag":"exit_signal","cost":11.464284831999999}],"funding_fees":0.0,"weekday":3},{"pair":"BTC/USDT","stake_amount":10.9261812,"max_stake_amount":10.9261812,"amount":0.00012,"open_date":"2026-01-08 17:05:00+00:00","close_date":"2026-01-08 21:05:00+00:00","open_rate":91051.51,"close_rate":91081.17,"fee_open":0.001,"fee_close":0.001,"trade_duration":240,"profit_ratio":-0.001672903022919074,"profit_abs":-0.01829672,"exit_reason":"exit_signal","initial_stop_loss_abs":59638.73905,"initial_stop_loss_ratio":-0.345,"stop_loss_abs":59638.73905,"stop_loss_ratio":-0.345,"min_rate":90568.11,"max_rate":91469.0,"is_open":false,"enter_tag":"","leverage":1.0,"is_short":false,"open_timestamp":1767891900000,"close_timestamp":1767906300000,"orders":[{"amount":0.00012,"safe_price":91051.51,"ft_order_side":"buy","order_filled_timestamp":1767891900000,"ft_is_entry":true,"ft_order_tag":"","cost":10.937107381199999},{"amount":0.00012,"safe_price":91081.17,"ft_order_side":"sell","order_filled_timestamp":1767906300000,"ft_is_entry":false,"ft_order_tag":"exit_signal","cost":10.940670140399998}],"funding_fees":0.0,"weekday":3},{"pair":"BTC/USDT","stake_amount":10.9530288,"max_stake_amount":10.9530288,"amount":0.00012,"open_date":"2026-01-08 21:45:00+00:00","close_date":"2026-01-08 22:40:00+00:00","open_rate":91275.24,"close_rate":91065.0,"fee_open":0.001,"fee_close":0.001,"trade_duration":55,"profit_ratio":-0.004296762867323734,"profit_abs":-0.04710963,"exit_reason":"exit_signal","initial_stop_loss_abs":59785.28220000001,"initial_stop_loss_ratio":-0.345,"stop_loss_abs":59785.28220000001,"stop_loss_ratio":-0.345,"min_rate":91033.11,"max_rate":91493.0,"is_open":false,"enter_tag":"","leverage":1.0,"is_short":false,"open_timestamp":1767908700000,"close_timestamp":1767912000000,"orders":[{"amount":0.00012,"safe_price":91275.24,"ft_order_side":"buy","order_filled_timestamp":1767908700000,"ft_is_entry":true,"ft_order_tag":"","cost":10.9639818288},{"amount":0.00012,"safe_price":91065.0,"ft_order_side":"sell","order_filled_timestamp":1767912000000,"ft_is_entry":false,"ft_order_tag":"exit_signal","cost":10.938727799999999}],"funding_fees":0.0,"weekday":3},{"pair":"SOL/USDT","stake_amount":11.65836,"max_stake_amount":11.65836,"amount":0.084,"open_date":"2026-01-08 21:40:00+00:00","close_date":"2026-01-08 23:30:00+00:00","open_rate":138.79,"close_rate":138.73,"fee_open":0.001,"fee_close":0.001,"trade_duration":110,"profit_ratio":-0.002429446049303388,"profit_abs":-0.02835168,"exit_reason":"exit_signal","initial_stop_loss_abs":90.90745,"initial_stop_loss_ratio":-0.345,"stop_loss_abs":90.90745,"stop_loss_ratio":-0.345,"min_rate":138.3,"max_rate":140.07,"is_open":false,"enter_tag":"","leverage":1.0,"is_short":false,"open_timestamp":1767908400000,"close_timestamp":1767915000000,"orders":[{"amount":0.084,"safe_price":138.79,"ft_order_side":"buy","order_filled_timestamp":1767908400000,"ft_is_entry":true,"ft_order_tag":"","cost":11.670018359999998},{"amount":0.084,"safe_price":138.73,"ft_order_side":"sell","order_filled_timestamp":1767915000000,"ft_is_entry":false,"ft_order_tag":"exit_signal","cost":11.664973319999998}],"funding_fees":0.0,"weekday":3},{"pair":"ETH/USDT","stake_amount":11.535009,"max_stake_amount":11.535009,"amount":0.0037,"open_date":"2026-01-08 21:45:00+00:00","close_date":"2026-01-09 00:00:00+00:00","open_rate":3117.57,"close_rate":3106.66,"fee_open":0.001,"fee_close":0.001,"trade_duration":135,"profit_ratio":-0.005490530322370506,"profit_abs":-0.06339665,"exit_reason":"exit_signal","initial_stop_loss_abs":2042.0083500000003,"initial_stop_loss_ratio":-0.345,"stop_loss_abs":2042.0083500000003,"stop_loss_ratio":-0.345,"min_rate":3105.0,"max_rate":3130.38,"is_open":false,"enter_tag":"","leverage":1.0,"is_short":false,"open_timestamp":1767908700000,"close_timestamp":1767916800000,"orders":[{"amount":0.0037,"safe_price":3117.57,"ft_order_side":"buy","order_filled_timestamp":1767908700000,"ft_is_entry":true,"ft_order_tag":"","cost":11.546544009},{"amount":0.0037,"safe_price":3106.66,"ft_order_side":"sell","order_filled_timestamp":1767916800000,"ft_is_entry":false,"ft_order_tag":"exit_signal","cost":11.506136642}],"funding_fees":0.0,"weekday":4},{"pair":"BNB/USDT","stake_amount":11.58885,"max_stake_amount":11.58885,"amount":0.013,"open_date":"2026-01-08 21:10:00+00:00","close_date":"2026-01-09 01:20:00+00:00","open_rate":891.45,"close_rate":893.42,"fee_open":0.001,"fee_close":0.001,"trade_duration":250,"profit_ratio":0.0002074654270514947,"profit_abs":0.00240669,"exit_reason":"exit_signal","initial_stop_loss_abs":583.89975,"initial_stop_loss_ratio":-0.345,"stop_loss_abs":583.89975,"stop_loss_ratio":-0.345,"min_rate":889.64,"max_rate":894.7,"is_open":false,"enter_tag":"","leverage":1.0,"is_short":false,"open_timestamp":1767906600000,"close_timestamp":1767921600000,"orders":[{"amount":0.013,"safe_price":891.45,"ft_order_side":"buy","order_filled_timestamp":1767906600000,"ft_is_entry":true,"ft_order_tag":"","cost":11.60043885},{"amount":0.013,"safe_price":893.42,"ft_order_side":"sell","order_filled_timestamp":1767921600000,"ft_is_entry":false,"ft_order_tag":"exit_signal","cost":11.626074459999998}],"funding_fees":0.0,"weekday":4},{"pair":"ADA/USDT","stake_amount":11.7233,"max_stake_amount":11.7233,"amount":29.5,"open_date":"2026-01-08 18:10:00+00:00","close_date":"2026-01-09 01:40:00+00:00","open_rate":0.3974,"close_rate":0.3957,"fee_open":0.001,"fee_close":0.001,"trade_duration":450,"profit_ratio":-0.006267260670884223,"profit_abs":-0.07354645,"exit_reason":"exit_signal","initial_stop_loss_abs":0.2603,"initial_stop_loss_ratio":-0.345,"stop_loss_abs":0.2603,"stop_loss_ratio":-0.345,"min_rate":0.3896,"max_rate":0.4007,"is_open":false,"enter_tag":"","leverage":1.0,"is_short":false,"open_timestamp":1767895800000,"close_timestamp":1767922800000,"orders":[{"amount":29.5,"safe_price":0.39740000000000003,"ft_order_side":"buy","order_filled_timestamp":1767895800000,"ft_is_entry":true,"ft_order_tag":"","cost":11.735023299999998},{"amount":29.5,"safe_price":0.3957,"ft_order_side":"sell","order_filled_timestamp":1767922800000,"ft_is_entry":false,"ft_order_tag":"exit_signal","cost":11.684823149999998}],"funding_fees":0.0,"weekday":4},{"pair":"ADA/USDT","stake_amount":11.6406,"max_stake_amount":11.6406,"amount":29.0,"open_date":"2026-01-09 16:25:00+00:00","close_date":"2026-01-09 18:55:00+00:00","open_rate":0.4014,"close_rate":0.3932,"fee_open":0.001,"fee_close":0.001,"trade_duration":150,"profit_ratio":-0.022385686062816105,"profit_abs":-0.2608434,"exit_reason":"exit_signal","initial_stop_loss_abs":0.263,"initial_stop_loss_ratio":-0.345,"stop_loss_abs":0.263,"stop_loss_ratio":-0.345,"min_rate":0.3896,"max_rate":0.4021,"is_open":false,"enter_tag":"","leverage":1.0,"is_short":false,"open_timestamp":1767975900000,"close_timestamp":1767984900000,"orders":[{"amount":29.0,"safe_price":0.40140000000000003,"ft_order_side":"buy","order_filled_timestamp":1767975900000,"ft_is_entry":true,"ft_order_tag":"","cost":11.652240599999999},{"amount":29.0,"safe_price":0.3932,"ft_order_side":"sell","order_filled_timestamp":1767984900000,"ft_is_entry":false,"ft_order_tag":"exit_signal","cost":11.414202799999998}],"funding_fees":0.0,"weekday":4},{"pair":"ETH/USDT","stake_amount":11.587031,"max_stake_amount":11.587031,"amount":0.0037,"open_date":"2026-01-09 16:25:00+00:00","close_date":"2026-01-09 19:10:00+00:00","open_rate":3131.63,"close_rate":3090.54,"fee_open":0.001,"fee_close":0.001,"trade_duration":165,"profit_ratio":-0.015092748940617302,"profit_abs":-0.17505503,"exit_reason":"exit_signal","initial_stop_loss_abs":2051.21765,"initial_stop_loss_ratio":-0.345,"stop_loss_abs":2051.21765,"stop_loss_ratio":-0.345,"min_rate":3073.65,"max_rate":3136.38,"is_open":false,"enter_tag":"","leverage":1.0,"is_short":false,"open_timestamp":1767975900000,"close_timestamp":1767985800000,"orders":[{"amount":0.0037,"safe_price":3131.63,"ft_order_side":"buy","order_filled_timestamp":1767975900000,"ft_is_entry":true,"ft_order_tag":"","cost":11.598618031},{"amount":0.0037,"safe_price":3090.54,"ft_order_side":"sell","order_filled_timestamp":1767985800000,"ft_is_entry":false,"ft_order_tag":"exit_signal","cost":11.446432997999999}],"funding_fees":0.0,"weekday":4},{"pair":"BNB/USDT","stake_amount":10.77468,"max_stake_amount":10.77468,"amount":0.012,"open_date":"2026-01-09 23:30:00+00:00","close_date":"2026-01-10 07:50:00+00:00","open_rate":897.89,"close_rate":905.42,"fee_open":0.001,"fee_close":0.001,"trade_duration":500,"profit_ratio":0.006371570048635167,"profit_abs":0.06872028,"exit_reason":"exit_signal","initial_stop_loss_abs":588.1179500000001,"initial_stop_loss_ratio":-0.345,"stop_loss_abs":588.1179500000001,"stop_loss_ratio":-0.345,"min_rate":896.38,"max_rate":910.22,"is_open":false,"enter_tag":"","leverage":1.0,"is_short":false,"open_timestamp":1768001400000,"close_timestamp":1768031400000,"orders":[{"amount":0.012,"safe_price":897.89,"ft_order_side":"buy","order_filled_timestamp":1768001400000,"ft_is_entry":true,"ft_order_tag":"","cost":10.785454679999999},{"amount":0.012,"safe_price":905.42,"ft_order_side":"sell","order_filled_timestamp":1768031400000,"ft_is_entry":false,"ft_order_tag":"exit_signal","cost":10.87590504}],"funding_fees":0.0,"weekday":5},{"pair":"ETH/USDT","stake_amount":11.434184,"max_stake_amount":11.434184,"amount":0.0037,"open_date":"2026-01-10 07:45:00+00:00","close_date":"2026-01-10 14:00:00+00:00","open_rate":3090.32,"close_rate":3094.94,"fee_open":0.001,"fee_close":0.001,"trade_duration":375,"profit_ratio":-0.0005059980078748361,"profit_abs":-0.00579146,"exit_reason":"exit_signal","initial_stop_loss_abs":2024.1596000000002,"initial_stop_loss_ratio":-0.345,"stop_loss_abs":2024.1596000000002,"stop_loss_ratio":-0.345,"min_rate":3087.37,"max_rate":3104.12,"is_open":false,"enter_tag":"","leverage":1.0,"is_short":false,"open_timestamp":1768031100000,"close_timestamp":1768053600000,"orders":[{"amount":0.0037,"safe_price":3090.32,"ft_order_side":"buy","order_filled_timestamp":1768031100000,"ft_is_entry":true,"ft_order_tag":"","cost":11.445618184},{"amount":0.0037,"safe_price":3094.94,"ft_order_side":"sell","order_filled_timestamp":1768053600000,"ft_is_entry":false,"ft_order_tag":"exit_signal","cost":11.462729278}],"funding_fees":0.0,"weekday":5},{"pair":"BNB/USDT","stake_amount":10.98096,"max_stake_amount":10.98096,"amount":0.012,"open_date":"2026-01-10 19:35:00+00:00","close_date":"2026-01-10 21:25:00+00:00","open_rate":915.08,"close_rate":908.0,"fee_open":0.001,"fee_close":0.001,"trade_duration":110,"profit_ratio":-0.009719571856215645,"profit_abs":-0.10683696,"exit_reason":"exit_signal","initial_stop_loss_abs":599.3774000000001,"initial_stop_loss_ratio":-0.345,"stop_loss_abs":599.3774000000001,"stop_loss_ratio":-0.345,"min_rate":907.64,"max_rate":915.91,"is_open":false,"enter_tag":"","leverage":1.0,"is_short":false,"open_timestamp":1768073700000,"close_timestamp":1768080300000,"orders":[{"amount":0.012,"safe_price":915.08,"ft_order_side":"buy","order_filled_timestamp":1768073700000,"ft_is_entry":true,"ft_order_tag":"","cost":10.99194096},{"amount":0.012,"safe_price":908.0,"ft_order_side":"sell","order_filled_timestamp":1768080300000,"ft_is_entry":false,"ft_order_tag":"exit_signal","cost":10.906896}],"funding_fees":0.0,"weekday":5},{"pair":"SOL/USDT","stake_amount":11.45676,"max_stake_amount":11.45676,"amount":0.084,"open_date":"2026-01-11 05:55:00+00:00","close_date":"2026-01-11 06:50:00+00:00","open_rate":136.39,"close_rate":136.04,"fee_open":0.001,"fee_close":0.001,"trade_duration":55,"profit_ratio":-0.004559045324497337,"profit_abs":-0.05228412,"exit_reason":"exit_signal","initial_stop_loss_abs":89.33545,"initial_stop_loss_ratio":-0.345,"stop_loss_abs":89.33545,"stop_loss_ratio":-0.345,"min_rate":135.88,"max_rate":136.4,"is_open":false,"enter_tag":"","leverage":1.0,"is_short":false,"open_timestamp":1768110900000,"close_timestamp":1768114200000,"orders":[{"amount":0.084,"safe_price":136.39,"ft_order_side":"buy","order_filled_timestamp":1768110900000,"ft_is_entry":true,"ft_order_tag":"","cost":11.468216759999997},{"amount":0.084,"safe_price":136.04,"ft_order_side":"sell","order_filled_timestamp":1768114200000,"ft_is_entry":false,"ft_order_tag":"exit_signal","cost":11.43878736}],"funding_fees":0.0,"weekday":6},{"pair":"SOL/USDT","stake_amount":11.45508,"max_stake_amount":11.45508,"amount":0.084,"open_date":"2026-01-11 08:35:00+00:00","close_date":"2026-01-11 09:40:00+00:00","open_rate":136.37,"close_rate":136.53,"fee_open":0.001,"fee_close":0.001,"trade_duration":65,"profit_ratio":-0.0008270676306167984,"profit_abs":-0.0094836,"exit_reason":"exit_signal","initial_stop_loss_abs":89.32235,"initial_stop_loss_ratio":-0.345,"stop_loss_abs":89.32235,"stop_loss_ratio":-0.345,"min_rate":136.37,"max_rate":136.91,"is_open":false,"enter_tag":"","leverage":1.0,"is_short":false,"open_timestamp":1768120500000,"close_timestamp":1768124400000,"orders":[{"amount":0.084,"safe_price":136.37,"ft_order_side":"buy","order_filled_timestamp":1768120500000,"ft_is_entry":true,"ft_order_tag":"","cost":11.46653508},{"amount":0.084,"safe_price":136.53,"ft_order_side":"sell","order_filled_timestamp":1768124400000,"ft_is_entry":false,"ft_order_tag":"exit_signal","cost":11.479988520000001}],"funding_fees":0.0,"weekday":6},{"pair":"ADA/USDT","stake_amount":11.53745,"max_stake_amount":11.53745,"amount":29.5,"open_date":"2026-01-11 08:15:00+00:00","close_date":"2026-01-11 10:20:00+00:00","open_rate":0.3911,"close_rate":0.3907,"fee_open":0.001,"fee_close":0.001,"trade_duration":125,"profit_ratio":-0.0030187148571193573,"profit_abs":-0.0348631,"exit_reason":"exit_signal","initial_stop_loss_abs":0.2562,"initial_stop_loss_ratio":-0.345,"stop_loss_abs":0.2562,"stop_loss_ratio":-0.345,"min_rate":0.38970000000000005,"max_rate":0.39330000000000004,"is_open":false,"enter_tag":"","leverage":1.0,"is_short":false,"open_timestamp":1768119300000,"close_timestamp":1768126800000,"orders":[{"amount":29.5,"safe_price":0.3911,"ft_order_side":"buy","order_filled_timestamp":1768119300000,"ft_is_entry":true,"ft_order_tag":"","cost":11.548987449999998},{"amount":29.5,"safe_price":0.3907,"ft_order_side":"sell","order_filled_timestamp":1768126800000,"ft_is_entry":false,"ft_order_tag":"exit_signal","cost":11.53717565}],"funding_fees":0.0,"weekday":6},{"pair":"ADA/USDT","stake_amount":11.54538,"max_stake_amount":11.54538,"amount":29.4,"open_date":"2026-01-11 12:45:00+00:00","close_date":"2026-01-11 15:45:00+00:00","open_rate":0.3927,"close_rate":0.3912,"fee_open":0.001,"fee_close":0.001,"trade_duration":180,"profit_ratio":-0.005810079912448133,"profit_abs":-0.06714666,"exit_reason":"exit_signal","initial_stop_loss_abs":0.2573,"initial_stop_loss_ratio":-0.345,"stop_loss_abs":0.2573,"stop_loss_ratio":-0.345,"min_rate":0.38880000000000003,"max_rate":0.3972,"is_open":false,"enter_tag":"","leverage":1.0,"is_short":false,"open_timestamp":1768135500000,"close_timestamp":1768146300000,"orders":[{"amount":29.4,"safe_price":0.3927,"ft_order_side":"buy","order_filled_timestamp":1768135500000,"ft_is_entry":true,"ft_order_tag":"","cost":11.55692538},{"amount":29.4,"safe_price":0.3912,"ft_order_side":"sell","order_filled_timestamp":1768146300000,"ft_is_entry":false,"ft_order_tag":"exit_signal","cost":11.512781279999999}],"funding_fees":0.0,"weekday":6},{"pair":"BTC/USDT","stake_amount":10.913148,"max_stake_amount":10.913148,"amount":0.00012,"open_date":"2026-01-11 13:20:00+00:00","close_date":"2026-01-11 18:05:00+00:00","open_rate":90942.9,"close_rate":90929.44,"fee_open":0.001,"fee_close":0.001,"trade_duration":285,"profit_ratio":-0.0021457111675259547,"profit_abs":-0.02343988,"exit_reason":"exit_signal","initial_stop_loss_abs":59567.5995,"initial_stop_loss_ratio":-0.345,"stop_loss_abs":59567.5995,"stop_loss_ratio":-0.345,"min_rate":90708.25,"max_rate":91283.89,"is_open":false,"enter_tag":"","leverage":1.0,"is_short":false,"open_timestamp":1768137600000,"close_timestamp":1768154700000,"orders":[{"amount":0.00012,"safe_price":90942.9,"ft_order_side":"buy","order_filled_timestamp":1768137600000,"ft_is_entry":true,"ft_order_tag":"","cost":10.924061147999998},{"amount":0.00012,"safe_price":90929.44,"ft_order_side":"sell","order_filled_timestamp":1768154700000,"ft_is_entry":false,"ft_order_tag":"exit_signal","cost":10.922444332799998}],"funding_fees":0.0,"weekday":6},{"pair":"ETH/USDT","stake_amount":11.486761,"max_stake_amount":11.486761,"amount":0.0037,"open_date":"2026-01-11 09:05:00+00:00","close_date":"2026-01-11 18:35:00+00:00","open_rate":3104.53,"close_rate":3124.87,"fee_open":0.001,"fee_close":0.001,"trade_duration":570,"profit_ratio":0.004540624022477959,"profit_abs":0.05220922,"exit_reason":"exit_signal","initial_stop_loss_abs":2033.4671500000002,"initial_stop_loss_ratio":-0.345,"stop_loss_abs":2033.4671500000002,"stop_loss_ratio":-0.345,"min_rate":3100.81,"max_rate":3147.27,"is_open":false,"enter_tag":"","leverage":1.0,"is_short":false,"open_timestamp":1768122300000,"close_timestamp":1768156500000,"orders":[{"amount":0.0037,"safe_price":3104.53,"ft_order_side":"buy","order_filled_timestamp":1768122300000,"ft_is_entry":true,"ft_order_tag":"","cost":11.498247761},{"amount":0.0037,"safe_price":3124.87,"ft_order_side":"sell","order_filled_timestamp":1768156500000,"ft_is_entry":false,"ft_order_tag":"exit_signal","cost":11.573581018999999}],"funding_fees":0.0,"weekday":6},{"pair":"SOL/USDT","stake_amount":11.55252,"max_stake_amount":11.55252,"amount":0.084,"open_date":"2026-01-11 14:10:00+00:00","close_date":"2026-01-11 19:50:00+00:00","open_rate":137.53,"close_rate":139.21,"fee_open":0.001,"fee_close":0.001,"trade_duration":340,"profit_ratio":0.010193107989952314,"profit_abs":0.11787384,"exit_reason":"exit_signal","initial_stop_loss_abs":90.08215,"initial_stop_loss_ratio":-0.345,"stop_loss_abs":90.08215,"stop_loss_ratio":-0.345,"min_rate":137.41,"max_rate":141.6,"is_open":false,"enter_tag":"","leverage":1.0,"is_short":false,"open_timestamp":1768140600000,"close_timestamp":1768161000000,"orders":[{"amount":0.084,"safe_price":137.53,"ft_order_side":"buy","order_filled_timestamp":1768140600000,"ft_is_entry":true,"ft_order_tag":"","cost":11.56407252},{"amount":0.084,"safe_price":139.21,"ft_order_side":"sell","order_filled_timestamp":1768161000000,"ft_is_entry":false,"ft_order_tag":"exit_signal","cost":11.705333640000001}],"funding_fees":0.0,"weekday":6},{"pair":"SOL/USDT","stake_amount":11.45988,"max_stake_amount":11.45988,"amount":0.081,"open_date":"2026-01-12 01:25:00+00:00","close_date":"2026-01-12 06:20:00+00:00","open_rate":141.48,"close_rate":143.04,"fee_open":0.001,"fee_close":0.001,"trade_duration":295,"profit_ratio":0.00900626091465786,"profit_abs":0.10331388,"exit_reason":"exit_signal","initial_stop_loss_abs":92.6694,"initial_stop_loss_ratio":-0.345,"stop_loss_abs":92.6694,"stop_loss_ratio":-0.345,"min_rate":140.73,"max_rate":144.4,"is_open":false,"enter_tag":"","leverage":1.0,"is_short":false,"open_timestamp":1768181100000,"close_timestamp":1768198800000,"orders":[{"amount":0.081,"safe_price":141.48,"ft_order_side":"buy","order_filled_timestamp":1768181100000,"ft_is_entry":true,"ft_order_tag":"","cost":11.471339879999999},{"amount":0.081,"safe_price":143.04,"ft_order_side":"sell","order_filled_timestamp":1768198800000,"ft_is_entry":false,"ft_order_tag":"exit_signal","cost":11.597826239999998}],"funding_fees":0.0,"weekday":0},{"pair":"BTC/USDT","stake_amount":11.0106648,"max_stake_amount":11.0106648,"amount":0.00012,"open_date":"2026-01-12 02:20:00+00:00","close_date":"2026-01-12 06:45:00+00:00","open_rate":91755.54,"close_rate":91936.33,"fee_open":0.001,"fee_close":0.001,"trade_duration":265,"profit_ratio":-3.159410754854038e-05,"profit_abs":-0.00034822,"exit_reason":"exit_signal","initial_stop_loss_abs":60099.8787,"initial_stop_loss_ratio":-0.345,"stop_loss_abs":60099.8787,"stop_loss_ratio":-0.345,"min_rate":91616.07,"max_rate":92519.95,"is_open":false,"enter_tag":"","leverage":1.0,"is_short":false,"open_timestamp":1768184400000,"close_timestamp":1768200300000,"orders":[{"amount":0.00012,"safe_price":91755.54,"ft_order_side":"buy","order_filled_timestamp":1768184400000,"ft_is_entry":true,"ft_order_tag":"","cost":11.021675464799998},{"amount":0.00012,"safe_price":91936.33,"ft_order_side":"sell","order_filled_timestamp":1768200300000,"ft_is_entry":false,"ft_order_tag":"exit_signal","cost":11.0433919596}],"funding_fees":0.0,"weekday":0},{"pair":"ADA/USDT","stake_amount":11.56036,"max_stake_amount":11.56036,"amount":28.7,"open_date":"2026-01-12 02:55:00+00:00","close_date":"2026-01-12 06:45:00+00:00","open_rate":0.4028,"close_rate":0.39590000000000003,"fee_open":0.001,"fee_close":0.001,"trade_duration":230,"profit_ratio":-0.01909386541958538,"profit_abs":-0.22095269,"exit_reason":"exit_signal","initial_stop_loss_abs":0.2639,"initial_stop_loss_ratio":-0.345,"stop_loss_abs":0.2639,"stop_loss_ratio":-0.345,"min_rate":0.39490000000000003,"max_rate":0.4036,"is_open":false,"enter_tag":"","leverage":1.0,"is_short":false,"open_timestamp":1768186500000,"close_timestamp":1768200300000,"orders":[{"amount":28.7,"safe_price":0.40280000000000005,"ft_order_side":"buy","order_filled_timestamp":1768186500000,"ft_is_entry":true,"ft_order_tag":"","cost":11.57192036},{"amount":28.7,"safe_price":0.39590000000000003,"ft_order_side":"sell","order_filled_timestamp":1768200300000,"ft_is_entry":false,"ft_order_tag":"exit_signal","cost":11.373692329999999}],"funding_fees":0.0,"weekday":0},{"pair":"ETH/USDT","stake_amount":11.363616,"max_stake_amount":11.363616,"amount":0.0036,"open_date":"2026-01-12 03:05:00+00:00","close_date":"2026-01-12 07:20:00+00:00","open_rate":3156.56,"close_rate":3153.32,"fee_open":0.001,"fee_close":0.001,"trade_duration":255,"profit_ratio":-0.003022385196334052,"profit_abs":-0.03437957,"exit_reason":"exit_signal","initial_stop_loss_abs":2067.5468,"initial_stop_loss_ratio":-0.345,"stop_loss_abs":2067.5468,"stop_loss_ratio":-0.345,"min_rate":3148.7,"max_rate":3171.49,"is_open":false,"enter_tag":"","leverage":1.0,"is_short":false,"open_timestamp":1768187100000,"close_timestamp":1768202400000,"orders":[{"amount":0.0036,"safe_price":3156.56,"ft_order_side":"buy","order_filled_timestamp":1768187100000,"ft_is_entry":true,"ft_order_tag":"","cost":11.374979615999997},{"amount":0.0036,"safe_price":3153.32,"ft_order_side":"sell","order_filled_timestamp":1768202400000,"ft_is_entry":false,"ft_order_tag":"exit_signal","cost":11.363303951999999}],"funding_fees":0.0,"weekday":0},{"pair":"BTC/USDT","stake_amount":11.0903988,"max_stake_amount":11.0903988,"amount":0.00012,"open_date":"2026-01-13 09:20:00+00:00","close_date":"2026-01-13 11:20:00+00:00","open_rate":92419.99,"close_rate":92149.41,"fee_open":0.001,"fee_close":0.001,"trade_duration":120,"profit_ratio":-0.004919874173809389,"profit_abs":-0.05461793,"exit_reason":"exit_signal","initial_stop_loss_abs":60535.09345000001,"initial_stop_loss_ratio":-0.345,"stop_loss_abs":60535.09345000001,"stop_loss_ratio":-0.345,"min_rate":91950.0,"max_rate":92672.11,"is_open":false,"enter_tag":"","leverage":1.0,"is_short":false,"open_timestamp":1768296000000,"close_timestamp":1768303200000,"orders":[{"amount":0.00012,"safe_price":92419.99,"ft_order_side":"buy","order_filled_timestamp":1768296000000,"ft_is_entry":true,"ft_order_tag":"","cost":11.1014891988},{"amount":0.00012,"safe_price":92149.41,"ft_order_side":"sell","order_filled_timestamp":1768303200000,"ft_is_entry":false,"ft_order_tag":"exit_signal","cost":11.068987129199998}],"funding_fees":0.0,"weekday":1},{"pair":"ADA/USDT","stake_amount":11.5022,"max_stake_amount":11.5022,"amount":28.9,"open_date":"2026-01-13 14:25:00+00:00","close_date":"2026-01-13 19:35:00+00:00","open_rate":0.398,"close_rate":0.4077,"fee_open":0.001,"fee_close":0.001,"trade_duration":310,"profit_ratio":0.022325162274911017,"profit_abs":0.25704527,"exit_reason":"exit_signal","initial_stop_loss_abs":0.2607,"initial_stop_loss_ratio":-0.345,"stop_loss_abs":0.2607,"stop_loss_ratio":-0.345,"min_rate":0.39580000000000004,"max_rate":0.41100000000000003,"is_open":false,"enter_tag":"","leverage":1.0,"is_short":false,"open_timestamp":1768314300000,"close_timestamp":1768332900000,"orders":[{"amount":28.9,"safe_price":0.398,"ft_order_side":"buy","order_filled_timestamp":1768314300000,"ft_is_entry":true,"ft_order_tag":"","cost":11.513702199999999},{"amount":28.9,"safe_price":0.4077,"ft_order_side":"sell","order_filled_timestamp":1768332900000,"ft_is_entry":false,"ft_order_tag":"exit_signal","cost":11.794312529999997}],"funding_fees":0.0,"weekday":1},{"pair":"ETH/USDT","stake_amount":11.481984,"max_stake_amount":11.481984,"amount":0.0036,"open_date":"2026-01-13 16:05:00+00:00","close_date":"2026-01-13 21:45:00+00:00","open_rate":3189.44,"close_rate":3209.91,"fee_open":0.001,"fee_close":0.001,"trade_duration":340,"profit_ratio":0.004407229296238025,"profit_abs":0.05065434,"exit_reason":"exit_signal","initial_stop_loss_abs":2089.0832,"initial_stop_loss_ratio":-0.345,"stop_loss_abs":2089.0832,"stop_loss_ratio":-0.345,"min_rate":3172.0,"max_rate":3220.0,"is_open":false,"enter_tag":"","leverage":1.0,"is_short":false,"open_timestamp":1768320300000,"close_timestamp":1768340700000,"orders":[{"amount":0.0036,"safe_price":3189.44,"ft_order_side":"buy","order_filled_timestamp":1768320300000,"ft_is_entry":true,"ft_order_tag":"","cost":11.493465984},{"amount":0.0036,"safe_price":3209.91,"ft_order_side":"sell","order_filled_timestamp":1768340700000,"ft_is_entry":false,"ft_order_tag":"exit_signal","cost":11.567231675999997}],"funding_fees":0.0,"weekday":1},{"pair":"BNB/USDT","stake_amount":11.02416,"max_stake_amount":11.02416,"amount":0.012,"open_date":"2026-01-13 16:10:00+00:00","close_date":"2026-01-13 23:25:00+00:00","open_rate":918.68,"close_rate":945.49,"fee_open":0.001,"fee_close":0.001,"trade_duration":435,"profit_ratio":0.02712686581933763,"profit_abs":0.29934996,"exit_reason":"exit_signal","initial_stop_loss_abs":601.7354,"initial_stop_loss_ratio":-0.345,"stop_loss_abs":601.7354,"stop_loss_ratio":-0.345,"min_rate":916.38,"max_rate":952.96,"is_open":false,"enter_tag":"","leverage":1.0,"is_short":false,"open_timestamp":1768320600000,"close_timestamp":1768346700000,"orders":[{"amount":0.012,"safe_price":918.68,"ft_order_side":"buy","order_filled_timestamp":1768320600000,"ft_is_entry":true,"ft_order_tag":"","cost":11.035184159999998},{"amount":0.012,"safe_price":945.49,"ft_order_side":"sell","order_filled_timestamp":1768346700000,"ft_is_entry":false,"ft_order_tag":"exit_signal","cost":11.35722588}],"funding_fees":0.0,"weekday":1},{"pair":"SOL/USDT","stake_amount":11.48394,"max_stake_amount":11.48394,"amount":0.078,"open_date":"2026-01-13 22:25:00+00:00","close_date":"2026-01-14 00:35:00+00:00","open_rate":147.23,"close_rate":144.54,"fee_open":0.001,"fee_close":0.001,"trade_duration":130,"profit_ratio":-0.020232229904171763,"profit_abs":-0.23257806,"exit_reason":"exit_signal","initial_stop_loss_abs":96.43565,"initial_stop_loss_ratio":-0.345,"stop_loss_abs":96.43565,"stop_loss_ratio":-0.345,"min_rate":144.33,"max_rate":147.71,"is_open":false,"enter_tag":"","leverage":1.0,"is_short":false,"open_timestamp":1768343100000,"close_timestamp":1768350900000,"orders":[{"amount":0.078,"safe_price":147.23,"ft_order_side":"buy","order_filled_timestamp":1768343100000,"ft_is_entry":true,"ft_order_tag":"","cost":11.495423939999997},{"amount":0.078,"safe_price":144.54,"ft_order_side":"sell","order_filled_timestamp":1768350900000,"ft_is_entry":false,"ft_order_tag":"exit_signal","cost":11.28539412}],"funding_fees":0.0,"weekday":2},{"pair":"BTC/USDT","stake_amount":11.160234,"max_stake_amount":11.160234,"amount":0.00012,"open_date":"2026-01-13 15:40:00+00:00","close_date":"2026-01-14 01:00:00+00:00","open_rate":93001.95,"close_rate":95236.84,"fee_open":0.001,"fee_close":0.001,"trade_duration":560,"profit_ratio":0.021984556703990007,"profit_abs":0.24559815,"exit_reason":"exit_signal","initial_stop_loss_abs":60916.27725,"initial_stop_loss_ratio":-0.345,"stop_loss_abs":60916.27725,"stop_loss_ratio":-0.345,"min_rate":92826.89,"max_rate":96495.0,"is_open":false,"enter_tag":"","leverage":1.0,"is_short":false,"open_timestamp":1768318800000,"close_timestamp":1768352400000,"orders":[{"amount":0.00012,"safe_price":93001.95,"ft_order_side":"buy","order_filled_timestamp":1768318800000,"ft_is_entry":true,"ft_order_tag":"","cost":11.171394233999997},{"amount":0.00012,"safe_price":95236.84,"ft_order_side":"sell","order_filled_timestamp":1768352400000,"ft_is_entry":false,"ft_order_tag":"exit_signal","cost":11.439849220799998}],"funding_fees":0.0,"weekday":2},{"pair":"ADA/USDT","stake_amount":11.5775,"max_stake_amount":11.5775,"amount":27.5,"open_date":"2026-01-13 22:30:00+00:00","close_date":"2026-01-14 01:35:00+00:00","open_rate":0.421,"close_rate":0.4228,"fee_open":0.001,"fee_close":0.001,"trade_duration":185,"profit_ratio":0.0022689899174459746,"profit_abs":0.0262955,"exit_reason":"exit_signal","initial_stop_loss_abs":0.2758,"initial_stop_loss_ratio":-0.345,"stop_loss_abs":0.2758,"stop_loss_ratio":-0.345,"min_rate":0.4186,"max_rate":0.4267,"is_open":false,"enter_tag":"","leverage":1.0,"is_short":false,"open_timestamp":1768343400000,"close_timestamp":1768354500000,"orders":[{"amount":27.5,"safe_price":0.421,"ft_order_side":"buy","order_filled_timestamp":1768343400000,"ft_is_entry":true,"ft_order_tag":"","cost":11.589077499999998},{"amount":27.5,"safe_price":0.4228,"ft_order_side":"sell","order_filled_timestamp":1768354500000,"ft_is_entry":false,"ft_order_tag":"exit_signal","cost":11.638627}],"funding_fees":0.0,"weekday":2},{"pair":"ETH/USDT","stake_amount":11.523785,"max_stake_amount":11.523785,"amount":0.0035,"open_date":"2026-01-13 22:10:00+00:00","close_date":"2026-01-14 02:35:00+00:00","open_rate":3292.51,"close_rate":3338.82,"fee_open":0.001,"fee_close":0.001,"trade_duration":265,"profit_ratio":0.012039153228441297,"profit_abs":0.13887535,"exit_reason":"exit_signal","initial_stop_loss_abs":2156.59405,"initial_stop_loss_ratio":-0.345,"stop_loss_abs":2156.59405,"stop_loss_ratio":-0.345,"min_rate":3284.18,"max_rate":3367.79,"is_open":false,"enter_tag":"","leverage":1.0,"is_short":false,"open_timestamp":1768342200000,"close_timestamp":1768358100000,"orders":[{"amount":0.0035,"safe_price":3292.51,"ft_order_side":"buy","order_filled_timestamp":1768342200000,"ft_is_entry":true,"ft_order_tag":"","cost":11.535308784999998},{"amount":0.0035,"safe_price":3338.82,"ft_order_side":"sell","order_filled_timestamp":1768358100000,"ft_is_entry":false,"ft_order_tag":"exit_signal","cost":11.69755587}],"funding_fees":0.0,"weekday":2},{"pair":"BTC/USDT","stake_amount":10.7390096,"max_stake_amount":10.7390096,"amount":0.00011,"open_date":"2026-01-14 20:15:00+00:00","close_date":"2026-01-14 21:35:00+00:00","open_rate":97627.36,"close_rate":97661.9,"fee_open":0.001,"fee_close":0.001,"trade_duration":80,"profit_ratio":-0.00164491474565357,"profit_abs":-0.01768242,"exit_reason":"exit_signal","initial_stop_loss_abs":63945.9208,"initial_stop_loss_ratio":-0.345,"stop_loss_abs":63945.9208,"stop_loss_ratio":-0.345,"min_rate":97299.3,"max_rate":97761.71,"is_open":false,"enter_tag":"","leverage":1.0,"is_short":false,"open_timestamp":1768421700000,"close_timestamp":1768426500000,"orders":[{"amount":0.00011,"safe_price":97627.36,"ft_order_side":"buy","order_filled_timestamp":1768421700000,"ft_is_entry":true,"ft_order_tag":"","cost":10.7497486096},{"amount":0.00011,"safe_price":97661.9,"ft_order_side":"sell","order_filled_timestamp":1768426500000,"ft_is_entry":false,"ft_order_tag":"exit_signal","cost":10.753551808999998}],"funding_fees":0.0,"weekday":2},{"pair":"ADA/USDT","stake_amount":11.6841,"max_stake_amount":11.6841,"amount":29.0,"open_date":"2026-01-17 16:10:00+00:00","close_date":"2026-01-17 18:10:00+00:00","open_rate":0.4029,"close_rate":0.3996,"fee_open":0.001,"fee_close":0.001,"trade_duration":120,"profit_ratio":-0.010172255146194088,"profit_abs":-0.1189725,"exit_reason":"exit_signal","initial_stop_loss_abs":0.2639,"initial_stop_loss_ratio":-0.345,"stop_loss_abs":0.2639,"stop_loss_ratio":-0.345,"min_rate":0.3987,"max_rate":0.40340000000000004,"is_open":false,"enter_tag":"","leverage":1.0,"is_short":false,"open_timestamp":1768666200000,"close_timestamp":1768673400000,"orders":[{"amount":29.0,"safe_price":0.40290000000000004,"ft_order_side":"buy","order_filled_timestamp":1768666200000,"ft_is_entry":true,"ft_order_tag":"","cost":11.6957841},{"amount":29.0,"safe_price":0.3996,"ft_order_side":"sell","order_filled_timestamp":1768673400000,"ft_is_entry":false,"ft_order_tag":"exit_signal","cost":11.599988399999999}],"funding_fees":0.0,"weekday":5},{"pair":"BNB/USDT","stake_amount":11.36832,"max_stake_amount":11.36832,"amount":0.012,"open_date":"2026-01-17 15:45:00+00:00","close_date":"2026-01-17 20:00:00+00:00","open_rate":947.36,"close_rate":952.5,"fee_open":0.001,"fee_close":0.001,"trade_duration":255,"profit_ratio":0.003416761417943651,"profit_abs":0.03888168,"exit_reason":"exit_signal","initial_stop_loss_abs":620.5208,"initial_stop_loss_ratio":-0.345,"stop_loss_abs":620.5208,"stop_loss_ratio":-0.345,"min_rate":947.36,"max_rate":959.52,"is_open":false,"enter_tag":"","leverage":1.0,"is_short":false,"open_timestamp":1768664700000,"close_timestamp":1768680000000,"orders":[{"amount":0.012,"safe_price":947.36,"ft_order_side":"buy","order_filled_timestamp":1768664700000,"ft_is_entry":true,"ft_order_tag":"","cost":11.37968832},{"amount":0.012,"safe_price":952.5,"ft_order_side":"sell","order_filled_timestamp":1768680000000,"ft_is_entry":false,"ft_order_tag":"exit_signal","cost":11.441429999999999}],"funding_fees":0.0,"weekday":5},{"pair":"ETH/USDT","stake_amount":11.658955,"max_stake_amount":11.658955,"amount":0.0035,"open_date":"2026-01-18 14:45:00+00:00","close_date":"2026-01-18 20:55:00+00:00","open_rate":3331.13,"close_rate":3341.72,"fee_open":0.001,"fee_close":0.001,"trade_duration":370,"profit_ratio":0.0011747471086665723,"profit_abs":0.01371002,"exit_reason":"exit_signal","initial_stop_loss_abs":2181.89015,"initial_stop_loss_ratio":-0.345,"stop_loss_abs":2181.89015,"stop_loss_ratio":-0.345,"min_rate":3319.02,"max_rate":3368.82,"is_open":false,"enter_tag":"","leverage":1.0,"is_short":false,"open_timestamp":1768747500000,"close_timestamp":1768769700000,"orders":[{"amount":0.0035,"safe_price":3331.13,"ft_order_side":"buy","order_filled_timestamp":1768747500000,"ft_is_entry":true,"ft_order_tag":"","cost":11.670613954999999},{"amount":0.0035,"safe_price":3341.72,"ft_order_side":"sell","order_filled_timestamp":1768769700000,"ft_is_entry":false,"ft_order_tag":"exit_signal","cost":11.707716019999998}],"funding_fees":0.0,"weekday":6},{"pair":"BTC/USDT","stake_amount":11.4577332,"max_stake_amount":11.4577332,"amount":0.00012,"open_date":"2026-01-18 22:20:00+00:00","close_date":"2026-01-18 23:10:00+00:00","open_rate":95481.11,"close_rate":95043.66,"fee_open":0.001,"fee_close":0.001,"trade_duration":50,"profit_ratio":-0.006570382378225416,"profit_abs":-0.07535697,"exit_reason":"exit_signal","initial_stop_loss_abs":62540.12705,"initial_stop_loss_ratio":-0.345,"stop_loss_abs":62540.12705,"stop_loss_ratio":-0.345,"min_rate":94966.55,"max_rate":95517.18,"is_open":false,"enter_tag":"","leverage":1.0,"is_short":false,"open_timestamp":1768774800000,"close_timestamp":1768777800000,"orders":[{"amount":0.00012,"safe_price":95481.11,"ft_order_side":"buy","order_filled_timestamp":1768774800000,"ft_is_entry":true,"ft_order_tag":"","cost":11.469190933199998},{"amount":0.00012,"safe_price":95043.66,"ft_order_side":"sell","order_filled_timestamp":1768777800000,"ft_is_entry":false,"ft_order_tag":"exit_signal","cost":11.416644439199999}],"funding_fees":0.0,"weekday":6},{"pair":"SOL/USDT","stake_amount":11.5596,"max_stake_amount":11.5596,"amount":0.09,"open_date":"2026-01-21 05:40:00+00:00","close_date":"2026-01-21 08:10:00+00:00","open_rate":128.44,"close_rate":127.58,"fee_open":0.001,"fee_close":0.001,"trade_duration":150,"profit_ratio":-0.00868035732563917,"profit_abs":-0.1004418,"exit_reason":"exit_signal","initial_stop_loss_abs":84.1282,"initial_stop_loss_ratio":-0.345,"stop_loss_abs":84.1282,"stop_loss_ratio":-0.345,"min_rate":127.33,"max_rate":128.75,"is_open":false,"enter_tag":"","leverage":1.0,"is_short":false,"open_timestamp":1768974000000,"close_timestamp":1768983000000,"orders":[{"amount":0.09,"safe_price":128.44,"ft_order_side":"buy","order_filled_timestamp":1768974000000,"ft_is_entry":true,"ft_order_tag":"","cost":11.571159599999998},{"amount":0.09,"safe_price":127.58,"ft_order_side":"sell","order_filled_timestamp":1768983000000,"ft_is_entry":false,"ft_order_tag":"exit_signal","cost":11.493682199999997}],"funding_fees":0.0,"weekday":2},{"pair":"SOL/USDT","stake_amount":11.6181,"max_stake_amount":11.6181,"amount":0.09,"open_date":"2026-01-21 14:40:00+00:00","close_date":"2026-01-21 17:00:00+00:00","open_rate":129.09,"close_rate":125.58,"fee_open":0.001,"fee_close":0.001,"trade_duration":140,"profit_ratio":-0.029134007985971735,"profit_abs":-0.3388203,"exit_reason":"exit_signal","initial_stop_loss_abs":84.55395,"initial_stop_loss_ratio":-0.345,"stop_loss_abs":84.55395,"stop_loss_ratio":-0.345,"min_rate":125.51,"max_rate":131.18,"is_open":false,"enter_tag":"","leverage":1.0,"is_short":false,"open_timestamp":1769006400000,"close_timestamp":1769014800000,"orders":[{"amount":0.09,"safe_price":129.09,"ft_order_side":"buy","order_filled_timestamp":1769006400000,"ft_is_entry":true,"ft_order_tag":"","cost":11.629718099999998},{"amount":0.09,"safe_price":125.58,"ft_order_side":"sell","order_filled_timestamp":1769014800000,"ft_is_entry":false,"ft_order_tag":"exit_signal","cost":11.313502199999999}],"funding_fees":0.0,"weekday":2},{"pair":"BTC/USDT","stake_amount":10.7604,"max_stake_amount":10.7604,"amount":0.00012,"open_date":"2026-01-21 14:45:00+00:00","close_date":"2026-01-21 17:00:00+00:00","open_rate":89670.0,"close_rate":87602.39,"fee_open":0.001,"fee_close":0.001,"trade_duration":135,"profit_ratio":-0.025009922793462442,"profit_abs":-0.26938589,"exit_reason":"exit_signal","initial_stop_loss_abs":58733.850000000006,"initial_stop_loss_ratio":-0.345,"stop_loss_abs":58733.850000000006,"stop_loss_ratio":-0.345,"min_rate":87590.0,"max_rate":90574.0,"is_open":false,"enter_tag":"","leverage":1.0,"is_short":false,"open_timestamp":1769006700000,"close_timestamp":1769014800000,"orders":[{"amount":0.00012,"safe_price":89670.0,"ft_order_side":"buy","order_filled_timestamp":1769006700000,"ft_is_entry":true,"ft_order_tag":"","cost":10.7711604},{"amount":0.00012,"safe_price":87602.39,"ft_order_side":"sell","order_filled_timestamp":1769014800000,"ft_is_entry":false,"ft_order_tag":"exit_signal","cost":10.5227990868}],"funding_fees":0.0,"weekday":2},{"pair":"SOL/USDT","stake_amount":11.43963,"max_stake_amount":11.43963,"amount":0.087,"open_date":"2026-01-21 20:00:00+00:00","close_date":"2026-01-21 23:50:00+00:00","open_rate":131.49,"close_rate":129.21,"fee_open":0.001,"fee_close":0.001,"trade_duration":230,"profit_ratio":-0.019303078851333474,"profit_abs":-0.2210409,"exit_reason":"exit_signal","initial_stop_loss_abs":86.12595,"initial_stop_loss_ratio":-0.345,"stop_loss_abs":86.12595,"stop_loss_ratio":-0.345,"min_rate":129.16,"max_rate":132.17,"is_open":false,"enter_tag":"","leverage":1.0,"is_short":false,"open_timestamp":1769025600000,"close_timestamp":1769039400000,"orders":[{"amount":0.087,"safe_price":131.49,"ft_order_side":"buy","order_filled_timestamp":1769025600000,"ft_is_entry":true,"ft_order_tag":"","cost":11.451069629999997},{"amount":0.087,"safe_price":129.21,"ft_order_side":"sell","order_filled_timestamp":1769039400000,"ft_is_entry":false,"ft_order_tag":"exit_signal","cost":11.25251127}],"funding_fees":0.0,"weekday":2},{"pair":"ETH/USDT","stake_amount":11.508756,"max_stake_amount":11.508756,"amount":0.0038,"open_date":"2026-01-21 20:15:00+00:00","close_date":"2026-01-22 00:05:00+00:00","open_rate":3028.62,"close_rate":2991.82,"fee_open":0.001,"fee_close":0.001,"trade_duration":230,"profit_ratio":-0.014124473130294439,"profit_abs":-0.16271767,"exit_reason":"exit_signal","initial_stop_loss_abs":1983.7461,"initial_stop_loss_ratio":-0.345,"stop_loss_abs":1983.7461,"stop_loss_ratio":-0.345,"min_rate":2972.69,"max_rate":3045.01,"is_open":false,"enter_tag":"","leverage":1.0,"is_short":false,"open_timestamp":1769026500000,"close_timestamp":1769040300000,"orders":[{"amount":0.0038,"safe_price":3028.62,"ft_order_side":"buy","order_filled_timestamp":1769026500000,"ft_is_entry":true,"ft_order_tag":"","cost":11.520264756},{"amount":0.0038,"safe_price":2991.82,"ft_order_side":"sell","order_filled_timestamp":1769040300000,"ft_is_entry":false,"ft_order_tag":"exit_signal","cost":11.380284915999999}],"funding_fees":0.0,"weekday":3},{"pair":"BTC/USDT","stake_amount":10.7891496,"max_stake_amount":10.7891496,"amount":0.00012,"open_date":"2026-01-21 20:10:00+00:00","close_date":"2026-01-22 00:40:00+00:00","open_rate":89909.58,"close_rate":89928.17,"fee_open":0.001,"fee_close":0.001,"trade_duration":270,"profit_ratio":-0.0017916518277213988,"profit_abs":-0.01934973,"exit_reason":"exit_signal","initial_stop_loss_abs":58890.774900000004,"initial_stop_loss_ratio":-0.345,"stop_loss_abs":58890.774900000004,"stop_loss_ratio":-0.345,"min_rate":89344.98,"max_rate":90377.0,"is_open":false,"enter_tag":"","leverage":1.0,"is_short":false,"open_timestamp":1769026200000,"close_timestamp":1769042400000,"orders":[{"amount":0.00012,"safe_price":89909.58,"ft_order_side":"buy","order_filled_timestamp":1769026200000,"ft_is_entry":true,"ft_order_tag":"","cost":10.799938749599999},{"amount":0.00012,"safe_price":89928.17,"ft_order_side":"sell","order_filled_timestamp":1769042400000,"ft_is_entry":false,"ft_order_tag":"exit_signal","cost":10.802171780399998}],"funding_fees":0.0,"weekday":3},{"pair":"ADA/USDT","stake_amount":11.49608,"max_stake_amount":11.49608,"amount":31.6,"open_date":"2026-01-21 20:20:00+00:00","close_date":"2026-01-22 01:20:00+00:00","open_rate":0.3638,"close_rate":0.3682,"fee_open":0.001,"fee_close":0.001,"trade_duration":300,"profit_ratio":0.010072390501197539,"profit_abs":0.1159088,"exit_reason":"exit_signal","initial_stop_loss_abs":0.2383,"initial_stop_loss_ratio":-0.345,"stop_loss_abs":0.2383,"stop_loss_ratio":-0.345,"min_rate":0.3624,"max_rate":0.3739,"is_open":false,"enter_tag":"","leverage":1.0,"is_short":false,"open_timestamp":1769026800000,"close_timestamp":1769044800000,"orders":[{"amount":31.6,"safe_price":0.3638,"ft_order_side":"buy","order_filled_timestamp":1769026800000,"ft_is_entry":true,"ft_order_tag":"","cost":11.50757608},{"amount":31.6,"safe_price":0.3682,"ft_order_side":"sell","order_filled_timestamp":1769044800000,"ft_is_entry":false,"ft_order_tag":"exit_signal","cost":11.64675512}],"funding_fees":0.0,"weekday":3},{"pair":"BNB/USDT","stake_amount":11.44793,"max_stake_amount":11.44793,"amount":0.013,"open_date":"2026-01-26 23:35:00+00:00","close_date":"2026-01-27 01:10:00+00:00","open_rate":880.61,"close_rate":876.69,"fee_open":0.001,"fee_close":0.001,"trade_duration":95,"profit_ratio":-0.006440567756019545,"profit_abs":-0.0738049,"exit_reason":"exit_signal","initial_stop_loss_abs":576.7995500000001,"initial_stop_loss_ratio":-0.345,"stop_loss_abs":576.7995500000001,"stop_loss_ratio":-0.345,"min_rate":876.2,"max_rate":881.44,"is_open":false,"enter_tag":"","leverage":1.0,"is_short":false,"open_timestamp":1769470500000,"close_timestamp":1769476200000,"orders":[{"amount":0.013,"safe_price":880.61,"ft_order_side":"buy","order_filled_timestamp":1769470500000,"ft_is_entry":true,"ft_order_tag":"","cost":11.459377929999999},{"amount":0.013,"safe_price":876.69,"ft_order_side":"sell","order_filled_timestamp":1769476200000,"ft_is_entry":false,"ft_order_tag":"exit_signal","cost":11.408366969999998}],"funding_fees":0.0,"weekday":1},{"pair":"BTC/USDT","stake_amount":10.6082412,"max_stake_amount":10.6082412,"amount":0.00012,"open_date":"2026-01-26 23:55:00+00:00","close_date":"2026-01-27 05:10:00+00:00","open_rate":88402.01,"close_rate":88481.47,"fee_open":0.001,"fee_close":0.001,"trade_duration":315,"profit_ratio":-0.0011009497841301778,"profit_abs":-0.01169082,"exit_reason":"exit_signal","initial_stop_loss_abs":57903.316549999996,"initial_stop_loss_ratio":-0.345,"stop_loss_abs":57903.316549999996,"stop_loss_ratio":-0.345,"min_rate":88194.82,"max_rate":89010.0,"is_open":false,"enter_tag":"","leverage":1.0,"is_short":false,"open_timestamp":1769471700000,"close_timestamp":1769490600000,"orders":[{"amount":0.00012,"safe_price":88402.01,"ft_order_side":"buy","order_filled_timestamp":1769471700000,"ft_is_entry":true,"ft_order_tag":"","cost":10.618849441199998},{"amount":0.00012,"safe_price":88481.47,"ft_order_side":"sell","order_filled_timestamp":1769490600000,"ft_is_entry":false,"ft_order_tag":"exit_signal","cost":10.628394176399999}],"funding_fees":0.0,"weekday":1},{"pair":"BNB/USDT","stake_amount":10.57524,"max_stake_amount":10.57524,"amount":0.012,"open_date":"2026-01-27 01:50:00+00:00","close_date":"2026-01-27 05:55:00+00:00","open_rate":881.27,"close_rate":884.46,"fee_open":0.001,"fee_close":0.001,"trade_duration":245,"profit_ratio":0.001614541687391098,"profit_abs":0.01709124,"exit_reason":"exit_signal","initial_stop_loss_abs":577.23185,"initial_stop_loss_ratio":-0.345,"stop_loss_abs":577.23185,"stop_loss_ratio":-0.345,"min_rate":880.57,"max_rate":888.25,"is_open":false,"enter_tag":"","leverage":1.0,"is_short":false,"open_timestamp":1769478600000,"close_timestamp":1769493300000,"orders":[{"amount":0.012,"safe_price":881.27,"ft_order_side":"buy","order_filled_timestamp":1769478600000,"ft_is_entry":true,"ft_order_tag":"","cost":10.58581524},{"amount":0.012,"safe_price":884.46,"ft_order_side":"sell","order_filled_timestamp":1769493300000,"ft_is_entry":false,"ft_order_tag":"exit_signal","cost":10.62413352}],"funding_fees":0.0,"weekday":1},{"pair":"SOL/USDT","stake_amount":11.4345,"max_stake_amount":11.4345,"amount":0.09,"open_date":"2026-01-27 20:25:00+00:00","close_date":"2026-01-28 00:30:00+00:00","open_rate":127.05,"close_rate":126.9,"fee_open":0.001,"fee_close":0.001,"trade_duration":245,"profit_ratio":-0.00317628062610353,"profit_abs":-0.0363555,"exit_reason":"exit_signal","initial_stop_loss_abs":83.21775,"initial_stop_loss_ratio":-0.345,"stop_loss_abs":83.21775,"stop_loss_ratio":-0.345,"min_rate":126.62,"max_rate":127.84,"is_open":false,"enter_tag":"","leverage":1.0,"is_short":false,"open_timestamp":1769545500000,"close_timestamp":1769560200000,"orders":[{"amount":0.09,"safe_price":127.05,"ft_order_side":"buy","order_filled_timestamp":1769545500000,"ft_is_entry":true,"ft_order_tag":"","cost":11.445934499999998},{"amount":0.09,"safe_price":126.9,"ft_order_side":"sell","order_filled_timestamp":1769560200000,"ft_is_entry":false,"ft_order_tag":"exit_signal","cost":11.432420999999998}],"funding_fees":0.0,"weekday":2},{"pair":"ADA/USDT","stake_amount":11.42468,"max_stake_amount":11.42468,"amount":31.7,"open_date":"2026-01-27 20:35:00+00:00","close_date":"2026-01-28 00:30:00+00:00","open_rate":0.3604,"close_rate":0.3592,"fee_open":0.001,"fee_close":0.001,"trade_duration":235,"profit_ratio":-0.005320983123424855,"profit_abs":-0.06085132,"exit_reason":"exit_signal","initial_stop_loss_abs":0.2361,"initial_stop_loss_ratio":-0.345,"stop_loss_abs":0.2361,"stop_loss_ratio":-0.345,"min_rate":0.35860000000000003,"max_rate":0.36360000000000003,"is_open":false,"enter_tag":"","leverage":1.0,"is_short":false,"open_timestamp":1769546100000,"close_timestamp":1769560200000,"orders":[{"amount":31.7,"safe_price":0.3604,"ft_order_side":"buy","order_filled_timestamp":1769546100000,"ft_is_entry":true,"ft_order_tag":"","cost":11.43610468},{"amount":31.7,"safe_price":0.3592,"ft_order_side":"sell","order_filled_timestamp":1769560200000,"ft_is_entry":false,"ft_order_tag":"exit_signal","cost":11.39802664}],"funding_fees":0.0,"weekday":2},{"pair":"BNB/USDT","stake_amount":10.74144,"max_stake_amount":10.74144,"amount":0.012,"open_date":"2026-01-27 20:20:00+00:00","close_date":"2026-01-28 00:35:00+00:00","open_rate":895.12,"close_rate":898.9,"fee_open":0.001,"fee_close":0.001,"trade_duration":255,"profit_ratio":0.0022164581329832916,"profit_abs":0.02383176,"exit_reason":"exit_signal","initial_stop_loss_abs":586.3036000000001,"initial_stop_loss_ratio":-0.345,"stop_loss_abs":586.3036000000001,"stop_loss_ratio":-0.345,"min_rate":894.66,"max_rate":901.22,"is_open":false,"enter_tag":"","leverage":1.0,"is_short":false,"open_timestamp":1769545200000,"close_timestamp":1769560500000,"orders":[{"amount":0.012,"safe_price":895.12,"ft_order_side":"buy","order_filled_timestamp":1769545200000,"ft_is_entry":true,"ft_order_tag":"","cost":10.75218144},{"amount":0.012,"safe_price":898.9,"ft_order_side":"sell","order_filled_timestamp":1769560500000,"ft_is_entry":false,"ft_order_tag":"exit_signal","cost":10.797586799999998}],"funding_fees":0.0,"weekday":2},{"pair":"ETH/USDT","stake_amount":11.291206,"max_stake_amount":11.291206,"amount":0.0038,"open_date":"2026-01-27 19:35:00+00:00","close_date":"2026-01-28 00:40:00+00:00","open_rate":2971.37,"close_rate":3017.28,"fee_open":0.001,"fee_close":0.001,"trade_duration":305,"profit_ratio":0.01342191263002202,"profit_abs":0.15170113,"exit_reason":"exit_signal","initial_stop_loss_abs":1946.24735,"initial_stop_loss_ratio":-0.345,"stop_loss_abs":1946.24735,"stop_loss_ratio":-0.345,"min_rate":2971.37,"max_rate":3035.08,"is_open":false,"enter_tag":"","leverage":1.0,"is_short":false,"open_timestamp":1769542500000,"close_timestamp":1769560800000,"orders":[{"amount":0.0038,"safe_price":2971.37,"ft_order_side":"buy","order_filled_timestamp":1769542500000,"ft_is_entry":true,"ft_order_tag":"","cost":11.302497205999998},{"amount":0.0038,"safe_price":3017.28,"ft_order_side":"sell","order_filled_timestamp":1769560800000,"ft_is_entry":false,"ft_order_tag":"exit_signal","cost":11.477129664}],"funding_fees":0.0,"weekday":2},{"pair":"BTC/USDT","stake_amount":10.8498684,"max_stake_amount":10.8498684,"amount":0.00012,"open_date":"2026-01-28 13:45:00+00:00","close_date":"2026-01-28 15:15:00+00:00","open_rate":90415.57,"close_rate":89100.0,"fee_open":0.001,"fee_close":0.001,"trade_duration":90,"profit_ratio":-0.016519190127784314,"profit_abs":-0.17941027,"exit_reason":"exit_signal","initial_stop_loss_abs":59222.198350000006,"initial_stop_loss_ratio":-0.345,"stop_loss_abs":59222.198350000006,"stop_loss_ratio":-0.345,"min_rate":88904.61,"max_rate":90467.48,"is_open":false,"enter_tag":"","leverage":1.0,"is_short":false,"open_timestamp":1769607900000,"close_timestamp":1769613300000,"orders":[{"amount":0.00012,"safe_price":90415.57,"ft_order_side":"buy","order_filled_timestamp":1769607900000,"ft_is_entry":true,"ft_order_tag":"","cost":10.860718268400001},{"amount":0.00012,"safe_price":89100.0,"ft_order_side":"sell","order_filled_timestamp":1769613300000,"ft_is_entry":false,"ft_order_tag":"exit_signal","cost":10.702691999999999}],"funding_fees":0.0,"weekday":2},{"pair":"BTC/USDT","stake_amount":10.9004014,"max_stake_amount":10.9004014,"amount":0.00014,"open_date":"2026-02-02 00:45:00+00:00","close_date":"2026-02-02 03:15:00+00:00","open_rate":77860.01,"close_rate":75890.1,"fee_open":0.001,"fee_close":0.001,"trade_duration":150,"profit_ratio":-0.02724811625702193,"profit_abs":-0.29731242,"exit_reason":"exit_signal","initial_stop_loss_abs":50998.30655,"initial_stop_loss_ratio":-0.345,"stop_loss_abs":50998.30655,"stop_loss_ratio":-0.345,"min_rate":75412.0,"max_rate":77976.6,"is_open":false,"enter_tag":"","leverage":1.0,"is_short":false,"open_timestamp":1769993100000,"close_timestamp":1770002100000,"orders":[{"amount":0.00014,"safe_price":77860.01,"ft_order_side":"buy","order_filled_timestamp":1769993100000,"ft_is_entry":true,"ft_order_tag":"","cost":10.911301801399997},{"amount":0.00014,"safe_price":75890.1,"ft_order_side":"sell","order_filled_timestamp":1770002100000,"ft_is_entry":false,"ft_order_tag":"exit_signal","cost":10.635238613999999}],"funding_fees":0.0,"weekday":0},{"pair":"ADA/USDT","stake_amount":11.427,"max_stake_amount":11.427,"amount":39.0,"open_date":"2026-02-02 01:30:00+00:00","close_date":"2026-02-02 03:30:00+00:00","open_rate":0.293,"close_rate":0.27840000000000004,"fee_open":0.001,"fee_close":0.001,"trade_duration":120,"profit_ratio":-0.05172779438991043,"profit_abs":-0.5916846,"exit_reason":"exit_signal","initial_stop_loss_abs":0.192,"initial_stop_loss_ratio":-0.345,"stop_loss_abs":0.192,"stop_loss_ratio":-0.345,"min_rate":0.27740000000000004,"max_rate":0.293,"is_open":false,"enter_tag":"","leverage":1.0,"is_short":false,"open_timestamp":1769995800000,"close_timestamp":1770003000000,"orders":[{"amount":39.0,"safe_price":0.293,"ft_order_side":"buy","order_filled_timestamp":1769995800000,"ft_is_entry":true,"ft_order_tag":"","cost":11.438426999999999},{"amount":39.0,"safe_price":0.27840000000000004,"ft_order_side":"sell","order_filled_timestamp":1770003000000,"ft_is_entry":false,"ft_order_tag":"exit_signal","cost":10.868457600000001}],"funding_fees":0.0,"weekday":0},{"pair":"SOL/USDT","stake_amount":11.2101,"max_stake_amount":11.2101,"amount":0.11,"open_date":"2026-02-02 07:50:00+00:00","close_date":"2026-02-02 09:05:00+00:00","open_rate":101.91,"close_rate":101.99,"fee_open":0.001,"fee_close":0.001,"trade_duration":75,"profit_ratio":-0.001214564064137217,"profit_abs":-0.013629,"exit_reason":"force_exit","initial_stop_loss_abs":66.75105,"initial_stop_loss_ratio":-0.345,"stop_loss_abs":66.75105,"stop_loss_ratio":-0.345,"min_rate":101.35,"max_rate":102.49,"is_open":false,"enter_tag":"","leverage":1.0,"is_short":false,"open_timestamp":1770018600000,"close_timestamp":1770023100000,"orders":[{"amount":0.11,"safe_price":101.91,"ft_order_side":"buy","order_filled_timestamp":1770018600000,"ft_is_entry":true,"ft_order_tag":"","cost":11.221310099999998},{"amount":0.11,"safe_price":101.99,"ft_order_side":"sell","order_filled_timestamp":1770023100000,"ft_is_entry":false,"ft_order_tag":"force_exit","cost":11.230118899999999}],"funding_fees":0.0,"weekday":0}],"locks":[],"best_pair":{"key":"BNB/USDT","trades":12,"profit_mean":0.00024357989124716112,"profit_mean_pct":0.02,"profit_total_abs":0.010750210000000024,"profit_total":0.00017917016666666707,"profit_total_pct":0.02,"duration_avg":"6:22:00","wins":7,"draws":0,"losses":5,"winrate":0.5833333333333334,"cagr":0.0023381310654193577,"expectancy":0.0008958508333333434,"expectancy_ratio":0.009006186001282002,"sortino":0.21182000317731692,"sharpe":0.06443383281097449,"calmar":2.083347238131493,"sqn":0.0261,"profit_factor":1.0216148464030765,"max_drawdown_account":0.0058680315112847724,"max_drawdown_abs":0.35242119},"worst_pair":{"key":"BTC/USDT","trades":19,"profit_mean":-0.005387128958014795,"profit_mean_pct":-0.54,"profit_total_abs":-1.12567184,"profit_total":-0.018761197333333333,"profit_total_pct":-1.88,"duration_avg":"4:26:00","wins":2,"draws":0,"losses":17,"winrate":0.10526315789473684,"cagr":-0.21877250449210883,"expectancy":-0.05924588631578947,"expectancy_ratio":-0.7332184917347788,"sortino":-8.945101476619575,"sharpe":-6.981484580579929,"calmar":-68.09123451001199,"sqn":-2.2848,"profit_factor":0.18052050923760016,"max_drawdown_account":0.018799995453313144,"max_drawdown_abs":1.1280443299999998},"results_per_pair":[{"key":"BNB/USDT","trades":12,"profit_mean":0.00024357989124716112,"profit_mean_pct":0.02,"profit_total_abs":0.010750210000000024,"profit_total":0.00017917016666666707,"profit_total_pct":0.02,"duration_avg":"6:22:00","wins":7,"draws":0,"losses":5,"winrate":0.5833333333333334,"cagr":0.0023381310654193577,"expectancy":0.0008958508333333434,"expectancy_ratio":0.009006186001282002,"sortino":0.21182000317731692,"sharpe":0.06443383281097449,"calmar":2.083347238131493,"sqn":0.0261,"profit_factor":1.0216148464030765,"max_drawdown_account":0.0058680315112847724,"max_drawdown_abs":0.35242119},{"key":"ETH/USDT","trades":14,"profit_mean":-0.0007209544527127651,"profit_mean_pct":-0.07,"profit_total_abs":-0.12065952999999993,"profit_total":-0.0020109921666666654,"profit_total_pct":-0.2,"duration_avg":"5:54:00","wins":6,"draws":0,"losses":8,"winrate":0.42857142857142855,"cagr":-0.02589980741987985,"expectancy":-0.00861853785714286,"expectancy_ratio":-0.08606963750226793,"sortino":-1.4072853588123149,"sharpe":-0.6437069555725511,"calmar":-13.693106662868821,"sqn":-0.243,"profit_factor":0.8493781343710312,"max_drawdown_account":0.010020670656802746,"max_drawdown_abs":0.6039785500000001},{"key":"SOL/USDT","trades":14,"profit_mean":-0.005263527315878295,"profit_mean_pct":-0.53,"profit_total_abs":-0.8550133000000001,"profit_total":-0.014250221666666668,"profit_total_pct":-1.43,"duration_avg":"4:58:00","wins":3,"draws":0,"losses":11,"winrate":0.21428571428571427,"cagr":-0.1706376295309855,"expectancy":-0.06107237857142857,"expectancy_ratio":-0.49864046532767026,"sortino":-5.493424904687417,"sharpe":-3.7720278343453497,"calmar":-52.04203096599762,"sqn":-1.4237,"profit_factor":0.36536668049205606,"max_drawdown_account":0.01868339450272097,"max_drawdown_abs":1.1260678899999998},{"key":"ADA/USDT","trades":16,"profit_mean":-0.005778998563996574,"profit_mean_pct":-0.58,"profit_total_abs":-1.0696322200000001,"profit_total":-0.01782720366666667,"profit_total_pct":-1.78,"duration_avg":"5:00:00","wins":4,"draws":0,"losses":12,"winrate":0.25,"cagr":-0.20902326274693028,"expectancy":-0.06685201375,"expectancy_ratio":-0.44611336192057904,"sortino":-4.838632099888612,"sharpe":-3.59435931323233,"calmar":-52.454409743831064,"sqn":-1.2751,"profit_factor":0.4051821841058946,"max_drawdown_account":0.023189405911321802,"max_drawdown_abs":1.39900225},{"key":"BTC/USDT","trades":19,"profit_mean":-0.005387128958014795,"profit_mean_pct":-0.54,"profit_total_abs":-1.12567184,"profit_total":-0.018761197333333333,"profit_total_pct":-1.88,"duration_avg":"4:26:00","wins":2,"draws":0,"losses":17,"winrate":0.10526315789473684,"cagr":-0.21877250449210883,"expectancy":-0.05924588631578947,"expectancy_ratio":-0.7332184917347788,"sortino":-8.945101476619575,"sharpe":-6.981484580579929,"calmar":-68.09123451001199,"sqn":-2.2848,"profit_factor":0.18052050923760016,"max_drawdown_account":0.018799995453313144,"max_drawdown_abs":1.1280443299999998},{"key":"TOTAL","trades":75,"profit_mean":-0.003675722843887136,"profit_mean_pct":-0.37,"profit_total_abs":-3.160226679999999,"profit_total":-0.052670444666666656,"profit_total_pct":-5.27,"duration_avg":"5:14:00","wins":22,"draws":0,"losses":53,"winrate":0.29333333333333333,"cagr":-0.5060592206728387,"expectancy":-0.04213635573333333,"expectancy_ratio":-0.3838756544598404,"sortino":-20.395990187676148,"sharpe":-14.461885514593352,"calmar":-53.487779889440205,"sqn":-2.431,"profit_factor":0.4567797342549429,"max_drawdown_account":0.06718940786420699,"max_drawdown_abs":4.09411165}],"results_per_enter_tag":[{"key":"","trades":75,"profit_mean":-0.003675722843887136,"profit_mean_pct":-0.37,"profit_total_abs":-3.160226679999999,"profit_total":-0.052670444666666656,"profit_total_pct":-5.27,"duration_avg":"5:14:00","wins":22,"draws":0,"losses":53,"winrate":0.29333333333333333,"cagr":-0.5060592206728387,"expectancy":-0.04213635573333333,"expectancy_ratio":-0.3838756544598404,"sortino":-20.395990187676148,"sharpe":-14.461885514593352,"calmar":-53.487779889440205,"sqn":-2.431,"profit_factor":0.4567797342549429,"max_drawdown_account":0.06718940786420699,"max_drawdown_abs":4.09411165},{"key":"TOTAL","trades":75,"profit_mean":-0.003675722843887136,"profit_mean_pct":-0.37,"profit_total_abs":-3.160226679999999,"profit_total":-0.052670444666666656,"profit_total_pct":-5.27,"duration_avg":"5:14:00","wins":22,"draws":0,"losses":53,"winrate":0.29333333333333333,"cagr":-0.5060592206728387,"expectancy":-0.04213635573333333,"expectancy_ratio":-0.3838756544598404,"sortino":-20.395990187676148,"sharpe":-14.461885514593352,"calmar":-53.487779889440205,"sqn":-2.431,"profit_factor":0.4567797342549429,"max_drawdown_account":0.06718940786420699,"max_drawdown_abs":4.09411165}],"exit_reason_summary":[{"key":"force_exit","trades":1,"profit_mean":-0.001214564064137217,"profit_mean_pct":-0.12,"profit_total_abs":-0.013629,"profit_total":-0.00022715000000000002,"profit_total_pct":-0.02,"duration_avg":"1:15:00","wins":0,"draws":0,"losses":1,"winrate":0.0,"cagr":-0.0029570182373429565,"expectancy":-0.013629,"expectancy_ratio":-1.0,"sortino":-100,"sharpe":-100,"calmar":-68.23204705193022,"sqn":-100.0,"profit_factor":0.0,"max_drawdown_account":0.0002271500000000278,"max_drawdown_abs":0.013629},{"key":"exit_signal","trades":74,"profit_mean":-0.003708981746316189,"profit_mean_pct":-0.37,"profit_total_abs":-3.1465976799999993,"profit_total":-0.052443294666666654,"profit_total_pct":-5.24,"duration_avg":"5:18:00","wins":22,"draws":0,"losses":52,"winrate":0.2972972972972973,"cagr":-0.5045130830824551,"expectancy":-0.04252159027027027,"expectancy_ratio":-0.38096861370041457,"sortino":-20.27740298175415,"sharpe":-14.306731459292852,"calmar":-53.43498617990692,"sqn":-2.4209,"profit_factor":0.4578523574263331,"max_drawdown_account":0.06696573921076873,"max_drawdown_abs":4.08048265},{"key":"TOTAL","trades":75,"profit_mean":-0.003675722843887136,"profit_mean_pct":-0.37,"profit_total_abs":-3.160226679999999,"profit_total":-0.052670444666666656,"profit_total_pct":-5.27,"duration_avg":"5:14:00","wins":22,"draws":0,"losses":53,"winrate":0.29333333333333333,"cagr":-0.5060592206728387,"expectancy":-0.04213635573333333,"expectancy_ratio":-0.3838756544598404,"sortino":-20.395990187676148,"sharpe":-14.461885514593352,"calmar":-53.487779889440205,"sqn":-2.431,"profit_factor":0.4567797342549429,"max_drawdown_account":0.06718940786420699,"max_drawdown_abs":4.09411165}],"mix_tag_stats":[{"key":["","force_exit"],"trades":1,"profit_mean":-0.001214564064137217,"profit_mean_pct":-0.12,"profit_total_abs":-0.013629,"profit_total":-0.00022715000000000002,"profit_total_pct":-0.02,"duration_avg":"1:15:00","wins":0,"draws":0,"losses":1,"winrate":0.0,"cagr":-0.0029570182373429565,"expectancy":-0.013629,"expectancy_ratio":-1.0,"sortino":-100,"sharpe":-100,"calmar":-68.23204705193022,"sqn":-100.0,"profit_factor":0.0,"max_drawdown_account":0.0002271500000000278,"max_drawdown_abs":0.013629},{"key":["","exit_signal"],"trades":74,"profit_mean":-0.003708981746316189,"profit_mean_pct":-0.37,"profit_total_abs":-3.1465976799999993,"profit_total":-0.052443294666666654,"profit_total_pct":-5.24,"duration_avg":"5:18:00","wins":22,"draws":0,"losses":52,"winrate":0.2972972972972973,"cagr":-0.5045130830824551,"expectancy":-0.04252159027027027,"expectancy_ratio":-0.38096861370041457,"sortino":-20.27740298175415,"sharpe":-14.306731459292852,"calmar":-53.43498617990692,"sqn":-2.4209,"profit_factor":0.4578523574263331,"max_drawdown_account":0.06696573921076873,"max_drawdown_abs":4.08048265},{"key":"TOTAL","trades":75,"profit_mean":-0.003675722843887136,"profit_mean_pct":-0.37,"profit_total_abs":-3.160226679999999,"profit_total":-0.052670444666666656,"profit_total_pct":-5.27,"duration_avg":"5:14:00","wins":22,"draws":0,"losses":53,"winrate":0.29333333333333333,"cagr":-0.5060592206728387,"expectancy":-0.04213635573333333,"expectancy_ratio":-0.3838756544598404,"sortino":-20.395990187676148,"sharpe":-14.461885514593352,"calmar":-53.487779889440205,"sqn":-2.431,"profit_factor":0.4567797342549429,"max_drawdown_account":0.06718940786420699,"max_drawdown_abs":4.09411165}],"left_open_trades":[{"key":"SOL/USDT","trades":1,"profit_mean":-0.001214564064137217,"profit_mean_pct":-0.12,"profit_total_abs":-0.013629,"profit_total":-0.00022715000000000002,"profit_total_pct":-0.02,"duration_avg":"1:15:00","wins":0,"draws":0,"losses":1,"winrate":0.0,"cagr":-0.0029570182373429565,"expectancy":-0.013629,"expectancy_ratio":-1.0,"sortino":-100,"sharpe":-100,"calmar":-68.23204705193022,"sqn":-100.0,"profit_factor":0.0,"max_drawdown_account":0.0002271500000000278,"max_drawdown_abs":0.013629},{"key":"TOTAL","trades":1,"profit_mean":-0.001214564064137217,"profit_mean_pct":-0.12,"profit_total_abs":-0.013629,"profit_total":-0.00022715000000000002,"profit_total_pct":-0.02,"duration_avg":"1:15:00","wins":0,"draws":0,"losses":1,"winrate":0.0,"cagr":-0.0029570182373429565,"expectancy":-0.013629,"expectancy_ratio":-1.0,"sortino":-100,"sharpe":-100,"calmar":-68.23204705193022,"sqn":-100.0,"profit_factor":0.0,"max_drawdown_account":0.0002271500000000278,"max_drawdown_abs":0.013629}],"total_trades":75,"trade_count_long":75,"trade_count_short":0,"total_volume":1713.0610240744,"avg_stake_amount":11.418657009333334,"profit_mean":-0.003675722843887136,"profit_median":-0.004387942376592036,"profit_total":-0.052670444666666656,"profit_total_long":-0.052670444666666656,"profit_total_short":0.0,"profit_total_abs":-3.160226679999999,"profit_total_long_abs":-3.160226679999999,"profit_total_short_abs":0.0,"cagr":-0.5060592206728387,"expectancy":-0.04213635573333333,"expectancy_ratio":-0.3838756544598404,"sortino":-20.395990187676148,"sharpe":-14.461885514593352,"calmar":-53.487779889440205,"sqn":-2.431,"profit_factor":0.4567797342549429,"backtest_start":"2026-01-05 00:00:00","backtest_start_ts":1767571200000,"backtest_end":"2026-02-02 09:05:00","backtest_end_ts":1770023100000,"backtest_days":28,"backtest_run_start_ts":1770384196,"backtest_run_end_ts":1770384196,"trades_per_day":2.68,"market_change":-0.22598717928901565,"pairlist":["BTC/USDT","ETH/USDT","BNB/USDT","SOL/USDT","ADA/USDT"],"stake_amount":"unlimited","stake_currency":"USDT","stake_currency_decimals":3,"starting_balance":60,"dry_run_wallet":60,"final_balance":56.83977332,"rejected_signals":0,"timedout_entry_orders":0,"timedout_exit_orders":0,"canceled_trade_entries":0,"canceled_entry_orders":0,"replaced_entry_orders":0,"max_open_trades":5,"max_open_trades_setting":5,"timeframe":"5m","timeframe_detail":"","timerange":"20260105-20260204","enable_protections":false,"strategy_name":"MultiMa","freqaimodel":"XGBoostRegressor","freqai_identifier":"qs_v9_scalp_5m1h_l2","stoploss":-0.345,"trailing_stop":false,"trailing_stop_positive":null,"trailing_stop_positive_offset":0.0,"trailing_only_offset_is_reached":false,"use_custom_stoploss":false,"minimal_roi":{"0":0.523,"1553":0.123,"2332":0.076,"3169":0},"use_exit_signal":true,"exit_profit_only":false,"exit_profit_offset":0.0,"ignore_roi_if_entry_signal":false,"trading_mode":"spot","margin_mode":"","periodic_breakdown":{"day":[{"date":"06/01/2026","date_ts":1767657600000,"profit_abs":0.93388497,"wins":5,"draws":0,"losses":0,"trades":5,"profit_factor":0.0},{"date":"07/01/2026","date_ts":1767744000000,"profit_abs":-0.90948492,"wins":0,"draws":0,"losses":10,"trades":10,"profit_factor":0.0},{"date":"08/01/2026","date_ts":1767830400000,"profit_abs":-0.90402305,"wins":0,"draws":0,"losses":10,"trades":10,"profit_factor":0.0},{"date":"09/01/2026","date_ts":1767916800000,"profit_abs":-0.57043484,"wins":1,"draws":0,"losses":4,"trades":5,"profit_factor":0.00420132},{"date":"10/01/2026","date_ts":1768003200000,"profit_abs":-0.04390814,"wins":1,"draws":0,"losses":2,"trades":3,"profit_factor":0.61015044},{"date":"11/01/2026","date_ts":1768089600000,"profit_abs":-0.0171343,"wins":2,"draws":0,"losses":5,"trades":7,"profit_factor":0.90847911},{"date":"12/01/2026","date_ts":1768176000000,"profit_abs":-0.1523666,"wins":1,"draws":0,"losses":3,"trades":4,"profit_factor":0.40407418},{"date":"13/01/2026","date_ts":1768262400000,"profit_abs":0.55243164,"wins":3,"draws":0,"losses":1,"trades":4,"profit_factor":11.11447413},{"date":"14/01/2026","date_ts":1768348800000,"profit_abs":0.16050852,"wins":3,"draws":0,"losses":2,"trades":5,"profit_factor":1.64136583},{"date":"15/01/2026","date_ts":1768435200000,"profit_abs":0.0,"wins":0,"draws":0,"losses":0,"trades":0,"profit_factor":0.0},{"date":"16/01/2026","date_ts":1768521600000,"profit_abs":0.0,"wins":0,"draws":0,"losses":0,"trades":0,"profit_factor":0.0},{"date":"17/01/2026","date_ts":1768608000000,"profit_abs":-0.08009082,"wins":1,"draws":0,"losses":1,"trades":2,"profit_factor":0.32681233},{"date":"18/01/2026","date_ts":1768694400000,"profit_abs":-0.06164695,"wins":1,"draws":0,"losses":1,"trades":2,"profit_factor":0.18193433},{"date":"19/01/2026","date_ts":1768780800000,"profit_abs":0.0,"wins":0,"draws":0,"losses":0,"trades":0,"profit_factor":0.0},{"date":"20/01/2026","date_ts":1768867200000,"profit_abs":0.0,"wins":0,"draws":0,"losses":0,"trades":0,"profit_factor":0.0},{"date":"21/01/2026","date_ts":1768953600000,"profit_abs":-0.92968889,"wins":0,"draws":0,"losses":4,"trades":4,"profit_factor":0.0},{"date":"22/01/2026","date_ts":1769040000000,"profit_abs":-0.0661586,"wins":1,"draws":0,"losses":2,"trades":3,"profit_factor":0.63662578},{"date":"23/01/2026","date_ts":1769126400000,"profit_abs":0.0,"wins":0,"draws":0,"losses":0,"trades":0,"profit_factor":0.0},{"date":"24/01/2026","date_ts":1769212800000,"profit_abs":0.0,"wins":0,"draws":0,"losses":0,"trades":0,"profit_factor":0.0},{"date":"25/01/2026","date_ts":1769299200000,"profit_abs":0.0,"wins":0,"draws":0,"losses":0,"trades":0,"profit_factor":0.0},{"date":"26/01/2026","date_ts":1769385600000,"profit_abs":0.0,"wins":0,"draws":0,"losses":0,"trades":0,"profit_factor":0.0},{"date":"27/01/2026","date_ts":1769472000000,"profit_abs":-0.06840448,"wins":1,"draws":0,"losses":2,"trades":3,"profit_factor":0.19990755},{"date":"28/01/2026","date_ts":1769558400000,"profit_abs":-0.1010842,"wins":2,"draws":0,"losses":3,"trades":5,"profit_factor":0.63456994},{"date":"29/01/2026","date_ts":1769644800000,"profit_abs":0.0,"wins":0,"draws":0,"losses":0,"trades":0,"profit_factor":0.0},{"date":"30/01/2026","date_ts":1769731200000,"profit_abs":0.0,"wins":0,"draws":0,"losses":0,"trades":0,"profit_factor":0.0},{"date":"31/01/2026","date_ts":1769817600000,"profit_abs":0.0,"wins":0,"draws":0,"losses":0,"trades":0,"profit_factor":0.0},{"date":"01/02/2026","date_ts":1769904000000,"profit_abs":0.0,"wins":0,"draws":0,"losses":0,"trades":0,"profit_factor":0.0},{"date":"02/02/2026","date_ts":1769990400000,"profit_abs":-0.90262602,"wins":0,"draws":0,"losses":3,"trades":3,"profit_factor":0.0}],"week":[{"date":"12/01/2026","date_ts":1768176000000,"profit_abs":-1.66346688,"wins":10,"draws":0,"losses":34,"trades":44,"profit_factor":0.4345557},{"date":"19/01/2026","date_ts":1768780800000,"profit_abs":0.57120239,"wins":8,"draws":0,"losses":5,"trades":13,"profit_factor":2.1442175},{"date":"26/01/2026","date_ts":1769385600000,"profit_abs":-0.99584749,"wins":1,"draws":0,"losses":6,"trades":7,"profit_factor":0.10425738},{"date":"02/02/2026","date_ts":1769990400000,"profit_abs":-1.0721147,"wins":3,"draws":0,"losses":8,"trades":11,"profit_factor":0.15230348}],"month":[{"date":"31/01/2026","date_ts":1769817600000,"profit_abs":-2.25760066,"wins":22,"draws":0,"losses":50,"trades":72,"profit_factor":0.54066686},{"date":"28/02/2026","date_ts":1772236800000,"profit_abs":-0.90262602,"wins":0,"draws":0,"losses":3,"trades":3,"profit_factor":0.0}],"year":[{"date":"31/12/2026","date_ts":1798675200000,"profit_abs":-3.16022668,"wins":22,"draws":0,"losses":53,"trades":75,"profit_factor":0.45677973}],"weekday":[{"date":"Monday","date_ts":0,"profit_abs":-1.05499262,"wins":1,"draws":0,"losses":6,"trades":7,"profit_factor":0.08919391},{"date":"Tuesday","date_ts":1,"profit_abs":1.41791213,"wins":9,"draws":0,"losses":3,"trades":12,"profit_factor":11.11972873},{"date":"Wednesday","date_ts":2,"profit_abs":-1.77974949,"wins":5,"draws":0,"losses":19,"trades":24,"profit_factor":0.24779762},{"date":"Thursday","date_ts":3,"profit_abs":-0.97018165,"wins":1,"draws":0,"losses":12,"trades":13,"profit_factor":0.10672113},{"date":"Friday","date_ts":4,"profit_abs":-0.57043484,"wins":1,"draws":0,"losses":4,"trades":5,"profit_factor":0.00420132},{"date":"Saturday","date_ts":5,"profit_abs":-0.12399896,"wins":2,"draws":0,"losses":3,"trades":5,"profit_factor":0.46460075},{"date":"Sunday","date_ts":6,"profit_abs":-0.07878125,"wins":3,"draws":0,"losses":6,"trades":9,"profit_factor":0.69996591}]},"backtest_best_day":0.07915662622770331,"backtest_worst_day":-0.08212736695640682,"backtest_best_day_abs":0.93388497,"backtest_worst_day_abs":-0.92968889,"winning_days":3,"draw_days":12,"losing_days":13,"daily_profit":[["2026-01-06",0.93388497],["2026-01-07",-0.90948492],["2026-01-08",-0.90402305],["2026-01-09",-0.57043484],["2026-01-10",-0.04390814],["2026-01-11",-0.0171343],["2026-01-12",-0.1523666],["2026-01-13",0.55243164],["2026-01-14",0.16050852],["2026-01-15",0.0],["2026-01-16",0.0],["2026-01-17",-0.08009082],["2026-01-18",-0.06164695],["2026-01-19",0.0],["2026-01-20",0.0],["2026-01-21",-0.92968889],["2026-01-22",-0.0661586],["2026-01-23",0.0],["2026-01-24",0.0],["2026-01-25",0.0],["2026-01-26",0.0],["2026-01-27",-0.06840448],["2026-01-28",-0.1010842],["2026-01-29",0.0],["2026-01-30",0.0],["2026-01-31",0.0],["2026-02-01",0.0],["2026-02-02",-0.90262602]],"wins":22,"losses":53,"draws":0,"winrate":0.29333333333333333,"holding_avg":"5:14:00","holding_avg_s":18840.0,"winner_holding_min":"0d 03:05","winner_holding_min_s":11100.0,"winner_holding_max":"1d 05:55","winner_holding_max_s":107700.0,"winner_holding_avg":"0d 10:55","winner_holding_avg_s":39300.0,"loser_holding_min":"0d 00:40","loser_holding_min_s":2400.0,"loser_holding_max":"0d 07:30","loser_holding_max_s":27000.0,"loser_holding_avg":"0d 02:53","loser_holding_avg_s":10380.0,"max_consecutive_wins":5,"max_consecutive_losses":21,"max_drawdown_account":0.06718940786420699,"max_relative_drawdown":0.06718940786420699,"max_drawdown_abs":4.09411165,"drawdown_start":"2026-01-06 17:15:00","drawdown_start_ts":1767719700000.0,"drawdown_end":"2026-02-02 09:05:00","drawdown_end_ts":1770023100000.0,"drawdown_duration":"26 days 15:50:00","drawdown_duration_s":2303400.0,"max_drawdown_low":-3.16022668,"max_drawdown_high":0.9338849699999999,"csum_min":56.83977332,"csum_max":60.93388497}},"strategy_comparison":[{"key":"MultiMa","trades":75,"profit_mean":-0.003675722843887136,"profit_mean_pct":-0.37,"profit_total_abs":-3.160226679999999,"profit_total":-0.052670444666666656,"profit_total_pct":-5.27,"duration_avg":"5:14:00","wins":22,"draws":0,"losses":53,"winrate":0.29333333333333333,"cagr":-0.5060592206728387,"expectancy":-0.04213635573333333,"expectancy_ratio":-0.3838756544598404,"sortino":-20.395990187676148,"sharpe":-14.461885514593352,"calmar":-53.487779889440205,"sqn":-2.431,"profit_factor":0.4567797342549429,"max_drawdown_account":0.06718940786420699,"max_drawdown_abs":"4.094"}]}