{"strategy":{"mabStra":{"trades":[{"pair":"DOGE/USDT","stake_amount":9.86154,"max_stake_amount":9.86154,"amount":78.0,"open_date":"2026-01-02 02:20:00+00:00","close_date":"2026-01-04 03:00:00+00:00","open_rate":0.12643,"close_rate":0.14769150150150148,"fee_open":0.001,"fee_close":0.001,"trade_duration":2920,"profit_ratio":0.16583416583416583,"profit_abs":1.63701564,"exit_reason":"roi","initial_stop_loss_abs":0.12289,"initial_stop_loss_ratio":-0.028,"stop_loss_abs":0.12289,"stop_loss_ratio":-0.028,"min_rate":0.12622,"max_rate":0.14780000000000001,"is_open":false,"enter_tag":"","leverage":1.0,"is_short":false,"open_timestamp":1767320400000,"close_timestamp":1767495600000,"orders":[{"amount":78.0,"safe_price":0.12643000000000001,"ft_order_side":"buy","order_filled_timestamp":1767320400000,"ft_is_entry":true,"ft_order_tag":"","cost":9.87140154},{"amount":78.0,"safe_price":0.14769150150150148,"ft_order_side":"sell","order_filled_timestamp":1767495600000,"ft_is_entry":false,"ft_order_tag":"roi","cost":11.531457054234231}],"funding_fees":0.0,"weekday":6},{"pair":"XRP/USDT","stake_amount":9.72452,"max_stake_amount":9.72452,"amount":5.2,"open_date":"2026-01-02 02:20:00+00:00","close_date":"2026-01-04 09:55:00+00:00","open_rate":1.8701,"close_rate":2.0891207207207207,"fee_open":0.001,"fee_close":0.001,"trade_duration":3335,"profit_ratio":0.11488511488511488,"profit_abs":1.1183198,"exit_reason":"roi","initial_stop_loss_abs":1.8178,"initial_stop_loss_ratio":-0.028,"stop_loss_abs":1.8178,"stop_loss_ratio":-0.028,"min_rate":1.8689,"max_rate":2.0898,"is_open":false,"enter_tag":"","leverage":1.0,"is_short":false,"open_timestamp":1767320400000,"close_timestamp":1767520500000,"orders":[{"amount":5.2,"safe_price":1.8701,"ft_order_side":"buy","order_filled_timestamp":1767320400000,"ft_is_entry":true,"ft_order_tag":"","cost":9.734244519999999},{"amount":5.2,"safe_price":2.0891207207207207,"ft_order_side":"sell","order_filled_timestamp":1767520500000,"ft_is_entry":false,"ft_order_tag":"roi","cost":10.874291175495495}],"funding_fees":0.0,"weekday":6},{"pair":"DOT/USDT","stake_amount":9.88494,"max_stake_amount":9.88494,"amount":4.94,"open_date":"2026-01-02 02:20:00+00:00","close_date":"2026-01-05 22:15:00+00:00","open_rate":2.001,"close_rate":2.235351351351351,"fee_open":0.001,"fee_close":0.001,"trade_duration":5515,"profit_ratio":0.1148851148851149,"profit_abs":1.1367681,"exit_reason":"roi","initial_stop_loss_abs":1.945,"initial_stop_loss_ratio":-0.028,"stop_loss_abs":1.945,"stop_loss_ratio":-0.028,"min_rate":1.968,"max_rate":2.236,"is_open":false,"enter_tag":"","leverage":1.0,"is_short":false,"open_timestamp":1767320400000,"close_timestamp":1767651300000,"orders":[{"amount":4.94,"safe_price":2.001,"ft_order_side":"buy","order_filled_timestamp":1767320400000,"ft_is_entry":true,"ft_order_tag":"","cost":9.89482494},{"amount":4.94,"safe_price":2.235351351351351,"ft_order_side":"sell","order_filled_timestamp":1767651300000,"ft_is_entry":false,"ft_order_tag":"roi","cost":11.05367831135135}],"funding_fees":0.0,"weekday":0},{"pair":"DOT/USDT","stake_amount":10.66254,"max_stake_amount":10.66254,"amount":4.79,"open_date":"2026-01-05 22:20:00+00:00","close_date":"2026-01-06 16:25:00+00:00","open_rate":2.226,"close_rate":2.164,"fee_open":0.001,"fee_close":0.001,"trade_duration":1085,"profit_ratio":-0.029795002840824945,"profit_abs":-0.3180081,"exit_reason":"stop_loss","initial_stop_loss_abs":2.164,"initial_stop_loss_ratio":-0.028,"stop_loss_abs":2.164,"stop_loss_ratio":-0.028,"min_rate":2.162,"max_rate":2.263,"is_open":false,"enter_tag":"","leverage":1.0,"is_short":false,"open_timestamp":1767651600000,"close_timestamp":1767716700000,"orders":[{"amount":4.79,"safe_price":2.226,"ft_order_side":"buy","order_filled_timestamp":1767651600000,"ft_is_entry":true,"ft_order_tag":"","cost":10.673202539999998},{"amount":4.79,"safe_price":2.164,"ft_order_side":"sell","order_filled_timestamp":1767716700000,"ft_is_entry":false,"ft_order_tag":"stop_loss","cost":10.375925559999999}],"funding_fees":0.0,"weekday":1},{"pair":"ETH/USDT","stake_amount":9.890661,"max_stake_amount":9.890661,"amount":0.0033,"open_date":"2026-01-02 02:20:00+00:00","close_date":"2026-01-07 03:50:00+00:00","open_rate":2997.17,"close_rate":3265.14,"fee_open":0.001,"fee_close":0.001,"trade_duration":7290,"profit_ratio":0.0872310361655917,"profit_abs":0.86363538,"exit_reason":"roi","initial_stop_loss_abs":2913.24924,"initial_stop_loss_ratio":-0.028,"stop_loss_abs":2913.24924,"stop_loss_ratio":-0.028,"min_rate":2992.49,"max_rate":3308.86,"is_open":false,"enter_tag":"","leverage":1.0,"is_short":false,"open_timestamp":1767320400000,"close_timestamp":1767757800000,"orders":[{"amount":0.0033,"safe_price":2997.17,"ft_order_side":"buy","order_filled_timestamp":1767320400000,"ft_is_entry":true,"ft_order_tag":"","cost":9.900551660999998},{"amount":0.0033,"safe_price":3265.14,"ft_order_side":"sell","order_filled_timestamp":1767757800000,"ft_is_entry":false,"ft_order_tag":"roi","cost":10.785736962}],"funding_fees":0.0,"weekday":2},{"pair":"ETH/USDT","stake_amount":10.456384,"max_stake_amount":10.456384,"amount":0.0032,"open_date":"2026-01-07 03:55:00+00:00","close_date":"2026-01-07 14:30:00+00:00","open_rate":3267.62,"close_rate":3176.12664,"fee_open":0.001,"fee_close":0.001,"trade_duration":635,"profit_ratio":-0.029942057822824254,"profit_abs":-0.31339874,"exit_reason":"stop_loss","initial_stop_loss_abs":3176.12664,"initial_stop_loss_ratio":-0.028,"stop_loss_abs":3176.12664,"stop_loss_ratio":-0.028,"min_rate":3166.14,"max_rate":3271.81,"is_open":false,"enter_tag":"","leverage":1.0,"is_short":false,"open_timestamp":1767758100000,"close_timestamp":1767796200000,"orders":[{"amount":0.0032,"safe_price":3267.62,"ft_order_side":"buy","order_filled_timestamp":1767758100000,"ft_is_entry":true,"ft_order_tag":"","cost":10.466840384},{"amount":0.0032,"safe_price":3176.12664,"ft_order_side":"sell","order_filled_timestamp":1767796200000,"ft_is_entry":false,"ft_order_tag":"stop_loss","cost":10.173768853248}],"funding_fees":0.0,"weekday":2},{"pair":"DOGE/USDT","stake_amount":10.13196,"max_stake_amount":10.13196,"amount":69.0,"open_date":"2026-01-04 03:05:00+00:00","close_date":"2026-01-08 06:55:00+00:00","open_rate":0.14684,"close_rate":0.14273,"fee_open":0.001,"fee_close":0.001,"trade_duration":5990,"profit_ratio":-0.029931727221294096,"profit_abs":-0.30357033,"exit_reason":"stop_loss","initial_stop_loss_abs":0.14273,"initial_stop_loss_ratio":-0.028,"stop_loss_abs":0.14273,"stop_loss_ratio":-0.028,"min_rate":0.14238,"max_rate":0.15656,"is_open":false,"enter_tag":"","leverage":1.0,"is_short":false,"open_timestamp":1767495900000,"close_timestamp":1767855300000,"orders":[{"amount":69.0,"safe_price":0.14684,"ft_order_side":"buy","order_filled_timestamp":1767495900000,"ft_is_entry":true,"ft_order_tag":"","cost":10.142091959999998},{"amount":69.0,"safe_price":0.14273,"ft_order_side":"sell","order_filled_timestamp":1767855300000,"ft_is_entry":false,"ft_order_tag":"stop_loss","cost":9.858218369999998}],"funding_fees":0.0,"weekday":3},{"pair":"DOT/USDT","stake_amount":10.6036,"max_stake_amount":10.6036,"amount":4.9,"open_date":"2026-01-06 16:30:00+00:00","close_date":"2026-01-08 06:55:00+00:00","open_rate":2.164,"close_rate":2.104,"fee_open":0.001,"fee_close":0.001,"trade_duration":2305,"profit_ratio":-0.029669037062752406,"profit_abs":-0.3149132,"exit_reason":"stop_loss","initial_stop_loss_abs":2.104,"initial_stop_loss_ratio":-0.028,"stop_loss_abs":2.104,"stop_loss_ratio":-0.028,"min_rate":2.096,"max_rate":2.249,"is_open":false,"enter_tag":"","leverage":1.0,"is_short":false,"open_timestamp":1767717000000,"close_timestamp":1767855300000,"orders":[{"amount":4.9,"safe_price":2.164,"ft_order_side":"buy","order_filled_timestamp":1767717000000,"ft_is_entry":true,"ft_order_tag":"","cost":10.614203600000002},{"amount":4.9,"safe_price":2.104,"ft_order_side":"sell","order_filled_timestamp":1767855300000,"ft_is_entry":false,"ft_order_tag":"stop_loss","cost":10.3199096}],"funding_fees":0.0,"weekday":3},{"pair":"ETH/USDT","stake_amount":10.522347,"max_stake_amount":10.522347,"amount":0.0033,"open_date":"2026-01-07 14:35:00+00:00","close_date":"2026-01-08 07:00:00+00:00","open_rate":3188.59,"close_rate":3099.30948,"fee_open":0.001,"fee_close":0.001,"trade_duration":985,"profit_ratio":-0.029942057535331166,"profit_abs":-0.31537578,"exit_reason":"stop_loss","initial_stop_loss_abs":3099.30948,"initial_stop_loss_ratio":-0.028,"stop_loss_abs":3099.30948,"stop_loss_ratio":-0.028,"min_rate":3090.04,"max_rate":3203.96,"is_open":false,"enter_tag":"","leverage":1.0,"is_short":false,"open_timestamp":1767796500000,"close_timestamp":1767855600000,"orders":[{"amount":0.0033,"safe_price":3188.59,"ft_order_side":"buy","order_filled_timestamp":1767796500000,"ft_is_entry":true,"ft_order_tag":"","cost":10.532869346999998},{"amount":0.0033,"safe_price":3099.30948,"ft_order_side":"sell","order_filled_timestamp":1767855600000,"ft_is_entry":false,"ft_order_tag":"stop_loss","cost":10.237949005283998}],"funding_fees":0.0,"weekday":3},{"pair":"DOGE/USDT","stake_amount":10.40323,"max_stake_amount":10.40323,"amount":73.0,"open_date":"2026-01-08 07:00:00+00:00","close_date":"2026-01-08 11:20:00+00:00","open_rate":0.14251,"close_rate":0.13852,"fee_open":0.001,"fee_close":0.001,"trade_duration":260,"profit_ratio":-0.029940097093279324,"profit_abs":-0.31178519,"exit_reason":"stop_loss","initial_stop_loss_abs":0.13852,"initial_stop_loss_ratio":-0.028,"stop_loss_abs":0.13852,"stop_loss_ratio":-0.028,"min_rate":0.138,"max_rate":0.14491,"is_open":false,"enter_tag":"","leverage":1.0,"is_short":false,"open_timestamp":1767855600000,"close_timestamp":1767871200000,"orders":[{"amount":73.0,"safe_price":0.14251,"ft_order_side":"buy","order_filled_timestamp":1767855600000,"ft_is_entry":true,"ft_order_tag":"","cost":10.41363323},{"amount":73.0,"safe_price":0.13852,"ft_order_side":"sell","order_filled_timestamp":1767871200000,"ft_is_entry":false,"ft_order_tag":"stop_loss","cost":10.12207196}],"funding_fees":0.0,"weekday":3},{"pair":"XRP/USDT","stake_amount":10.4325,"max_stake_amount":10.4325,"amount":5.0,"open_date":"2026-01-04 10:00:00+00:00","close_date":"2026-01-09 11:30:00+00:00","open_rate":2.0865,"close_rate":2.1028000000000002,"fee_open":0.001,"fee_close":0.001,"trade_duration":7290,"profit_ratio":0.005798514928637143,"profit_abs":0.0605535,"exit_reason":"roi","initial_stop_loss_abs":2.0281,"initial_stop_loss_ratio":-0.028,"stop_loss_abs":2.0281,"stop_loss_ratio":-0.028,"min_rate":2.0649,"max_rate":2.4172000000000002,"is_open":false,"enter_tag":"","leverage":1.0,"is_short":false,"open_timestamp":1767520800000,"close_timestamp":1767958200000,"orders":[{"amount":5.0,"safe_price":2.0865,"ft_order_side":"buy","order_filled_timestamp":1767520800000,"ft_is_entry":true,"ft_order_tag":"","cost":10.4429325},{"amount":5.0,"safe_price":2.1028000000000002,"ft_order_side":"sell","order_filled_timestamp":1767958200000,"ft_is_entry":false,"ft_order_tag":"roi","cost":10.524514}],"funding_fees":0.0,"weekday":4},{"pair":"DOGE/USDT","stake_amount":10.37332,"max_stake_amount":10.37332,"amount":74.0,"open_date":"2026-01-08 11:25:00+00:00","close_date":"2026-01-11 20:15:00+00:00","open_rate":0.14018,"close_rate":0.13626,"fee_open":0.001,"fee_close":0.001,"trade_duration":4850,"profit_ratio":-0.029906176004050166,"profit_abs":-0.31053656,"exit_reason":"stop_loss","initial_stop_loss_abs":0.13626,"initial_stop_loss_ratio":-0.028,"stop_loss_abs":0.13626,"stop_loss_ratio":-0.028,"min_rate":0.13585,"max_rate":0.14462,"is_open":false,"enter_tag":"","leverage":1.0,"is_short":false,"open_timestamp":1767871500000,"close_timestamp":1768162500000,"orders":[{"amount":74.0,"safe_price":0.14018,"ft_order_side":"buy","order_filled_timestamp":1767871500000,"ft_is_entry":true,"ft_order_tag":"","cost":10.383693319999999},{"amount":74.0,"safe_price":0.13626,"ft_order_side":"sell","order_filled_timestamp":1768162500000,"ft_is_entry":false,"ft_order_tag":"stop_loss","cost":10.093323239999998}],"funding_fees":0.0,"weekday":6},{"pair":"XRP/USDT","stake_amount":10.32626,"max_stake_amount":10.32626,"amount":4.9,"open_date":"2026-01-09 11:35:00+00:00","close_date":"2026-01-11 20:15:00+00:00","open_rate":2.1074,"close_rate":2.0484,"fee_open":0.001,"fee_close":0.001,"trade_duration":3400,"profit_ratio":-0.029938648236076344,"profit_abs":-0.30946342,"exit_reason":"stop_loss","initial_stop_loss_abs":2.0484,"initial_stop_loss_ratio":-0.028,"stop_loss_abs":2.0484,"stop_loss_ratio":-0.028,"min_rate":2.045,"max_rate":2.1622,"is_open":false,"enter_tag":"","leverage":1.0,"is_short":false,"open_timestamp":1767958500000,"close_timestamp":1768162500000,"orders":[{"amount":4.9,"safe_price":2.1074,"ft_order_side":"buy","order_filled_timestamp":1767958500000,"ft_is_entry":true,"ft_order_tag":"","cost":10.33658626},{"amount":4.9,"safe_price":2.0484,"ft_order_side":"sell","order_filled_timestamp":1768162500000,"ft_is_entry":false,"ft_order_tag":"stop_loss","cost":10.04719716}],"funding_fees":0.0,"weekday":6},{"pair":"DOT/USDT","stake_amount":10.52192,"max_stake_amount":10.52192,"amount":5.02,"open_date":"2026-01-08 07:00:00+00:00","close_date":"2026-01-11 23:00:00+00:00","open_rate":2.096,"close_rate":2.038,"fee_open":0.001,"fee_close":0.001,"trade_duration":5280,"profit_ratio":-0.029614469499965684,"profit_abs":-0.31191268,"exit_reason":"stop_loss","initial_stop_loss_abs":2.038,"initial_stop_loss_ratio":-0.028,"stop_loss_abs":2.038,"stop_loss_ratio":-0.028,"min_rate":2.037,"max_rate":2.159,"is_open":false,"enter_tag":"","leverage":1.0,"is_short":false,"open_timestamp":1767855600000,"close_timestamp":1768172400000,"orders":[{"amount":5.02,"safe_price":2.096,"ft_order_side":"buy","order_filled_timestamp":1767855600000,"ft_is_entry":true,"ft_order_tag":"","cost":10.532441919999998},{"amount":5.02,"safe_price":2.038,"ft_order_side":"sell","order_filled_timestamp":1768172400000,"ft_is_entry":false,"ft_order_tag":"stop_loss","cost":10.240990759999997}],"funding_fees":0.0,"weekday":6},{"pair":"ETH/USDT","stake_amount":10.236006,"max_stake_amount":10.236006,"amount":0.0033,"open_date":"2026-01-08 07:05:00+00:00","close_date":"2026-01-13 08:35:00+00:00","open_rate":3101.82,"close_rate":3127.22,"fee_open":0.001,"fee_close":0.001,"trade_duration":7290,"profit_ratio":0.006174377880490596,"profit_abs":0.06326417,"exit_reason":"roi","initial_stop_loss_abs":3014.96904,"initial_stop_loss_ratio":-0.028,"stop_loss_abs":3014.96904,"stop_loss_ratio":-0.028,"min_rate":3054.65,"max_rate":3171.49,"is_open":false,"enter_tag":"","leverage":1.0,"is_short":false,"open_timestamp":1767855900000,"close_timestamp":1768293300000,"orders":[{"amount":0.0033,"safe_price":3101.82,"ft_order_side":"buy","order_filled_timestamp":1767855900000,"ft_is_entry":true,"ft_order_tag":"","cost":10.246242006},{"amount":0.0033,"safe_price":3127.22,"ft_order_side":"sell","order_filled_timestamp":1768293300000,"ft_is_entry":false,"ft_order_tag":"roi","cost":10.330145825999997}],"funding_fees":0.0,"weekday":1},{"pair":"DOT/USDT","stake_amount":10.29168,"max_stake_amount":10.29168,"amount":5.04,"open_date":"2026-01-11 23:05:00+00:00","close_date":"2026-01-14 06:10:00+00:00","open_rate":2.042,"close_rate":2.281153153153153,"fee_open":0.001,"fee_close":0.001,"trade_duration":3305,"profit_ratio":0.11488511488511488,"profit_abs":1.1835432,"exit_reason":"roi","initial_stop_loss_abs":1.985,"initial_stop_loss_ratio":-0.028,"stop_loss_abs":1.985,"stop_loss_ratio":-0.028,"min_rate":2.022,"max_rate":2.343,"is_open":false,"enter_tag":"","leverage":1.0,"is_short":false,"open_timestamp":1768172700000,"close_timestamp":1768371000000,"orders":[{"amount":5.04,"safe_price":2.042,"ft_order_side":"buy","order_filled_timestamp":1768172700000,"ft_is_entry":true,"ft_order_tag":"","cost":10.301971679999998},{"amount":5.04,"safe_price":2.281153153153153,"ft_order_side":"sell","order_filled_timestamp":1768371000000,"ft_is_entry":false,"ft_order_tag":"roi","cost":11.508508903783781}],"funding_fees":0.0,"weekday":2},{"pair":"DOT/USDT","stake_amount":10.54284,"max_stake_amount":10.54284,"amount":4.62,"open_date":"2026-01-14 06:15:00+00:00","close_date":"2026-01-14 18:30:00+00:00","open_rate":2.282,"close_rate":2.219,"fee_open":0.001,"fee_close":0.001,"trade_duration":735,"profit_ratio":-0.02955020439683017,"profit_abs":-0.31185462,"exit_reason":"stop_loss","initial_stop_loss_abs":2.219,"initial_stop_loss_ratio":-0.028,"stop_loss_abs":2.219,"stop_loss_ratio":-0.028,"min_rate":2.209,"max_rate":2.298,"is_open":false,"enter_tag":"","leverage":1.0,"is_short":false,"open_timestamp":1768371300000,"close_timestamp":1768415400000,"orders":[{"amount":4.62,"safe_price":2.282,"ft_order_side":"buy","order_filled_timestamp":1768371300000,"ft_is_entry":true,"ft_order_tag":"","cost":10.55338284},{"amount":4.62,"safe_price":2.219,"ft_order_side":"sell","order_filled_timestamp":1768415400000,"ft_is_entry":false,"ft_order_tag":"stop_loss","cost":10.26203178}],"funding_fees":0.0,"weekday":2},{"pair":"DOT/USDT","stake_amount":10.47222,"max_stake_amount":10.47222,"amount":4.73,"open_date":"2026-01-14 18:35:00+00:00","close_date":"2026-01-15 15:40:00+00:00","open_rate":2.214,"close_rate":2.153,"fee_open":0.001,"fee_close":0.001,"trade_duration":1265,"profit_ratio":-0.029494895348553884,"profit_abs":-0.30918591,"exit_reason":"stop_loss","initial_stop_loss_abs":2.153,"initial_stop_loss_ratio":-0.028,"stop_loss_abs":2.153,"stop_loss_ratio":-0.028,"min_rate":2.153,"max_rate":2.2560000000000002,"is_open":false,"enter_tag":"","leverage":1.0,"is_short":false,"open_timestamp":1768415700000,"close_timestamp":1768491600000,"orders":[{"amount":4.73,"safe_price":2.214,"ft_order_side":"buy","order_filled_timestamp":1768415700000,"ft_is_entry":true,"ft_order_tag":"","cost":10.482692219999999},{"amount":4.73,"safe_price":2.153,"ft_order_side":"sell","order_filled_timestamp":1768491600000,"ft_is_entry":false,"ft_order_tag":"stop_loss","cost":10.193873689999998}],"funding_fees":0.0,"weekday":3},{"pair":"DOT/USDT","stake_amount":10.40156,"max_stake_amount":10.40156,"amount":4.82,"open_date":"2026-01-15 15:45:00+00:00","close_date":"2026-01-15 19:00:00+00:00","open_rate":2.158,"close_rate":2.098,"fee_open":0.001,"fee_close":0.001,"trade_duration":195,"profit_ratio":-0.029745972285360606,"profit_abs":-0.30971392,"exit_reason":"stop_loss","initial_stop_loss_abs":2.098,"initial_stop_loss_ratio":-0.028,"stop_loss_abs":2.098,"stop_loss_ratio":-0.028,"min_rate":2.098,"max_rate":2.173,"is_open":false,"enter_tag":"","leverage":1.0,"is_short":false,"open_timestamp":1768491900000,"close_timestamp":1768503600000,"orders":[{"amount":4.82,"safe_price":2.158,"ft_order_side":"buy","order_filled_timestamp":1768491900000,"ft_is_entry":true,"ft_order_tag":"","cost":10.411961559999998},{"amount":4.82,"safe_price":2.098,"ft_order_side":"sell","order_filled_timestamp":1768503600000,"ft_is_entry":false,"ft_order_tag":"stop_loss","cost":10.12247236}],"funding_fees":0.0,"weekday":3},{"pair":"DOGE/USDT","stake_amount":10.34816,"max_stake_amount":10.34816,"amount":76.0,"open_date":"2026-01-11 20:20:00+00:00","close_date":"2026-01-16 21:50:00+00:00","open_rate":0.13616,"close_rate":0.13784000000000002,"fee_open":0.001,"fee_close":0.001,"trade_duration":7290,"profit_ratio":0.010315771185336404,"profit_abs":0.106856,"exit_reason":"roi","initial_stop_loss_abs":0.13235,"initial_stop_loss_ratio":-0.028,"stop_loss_abs":0.13235,"stop_loss_ratio":-0.028,"min_rate":0.13492,"max_rate":0.15133000000000002,"is_open":false,"enter_tag":"","leverage":1.0,"is_short":false,"open_timestamp":1768162800000,"close_timestamp":1768600200000,"orders":[{"amount":76.0,"safe_price":0.13616,"ft_order_side":"buy","order_filled_timestamp":1768162800000,"ft_is_entry":true,"ft_order_tag":"","cost":10.35850816},{"amount":76.0,"safe_price":0.13784000000000002,"ft_order_side":"sell","order_filled_timestamp":1768600200000,"ft_is_entry":false,"ft_order_tag":"roi","cost":10.48631584}],"funding_fees":0.0,"weekday":4},{"pair":"XRP/USDT","stake_amount":10.254,"max_stake_amount":10.254,"amount":5.0,"open_date":"2026-01-11 20:20:00+00:00","close_date":"2026-01-16 21:50:00+00:00","open_rate":2.0508,"close_rate":2.0747,"fee_open":0.001,"fee_close":0.001,"trade_duration":7290,"profit_ratio":0.009632701996657528,"profit_abs":0.0988725,"exit_reason":"roi","initial_stop_loss_abs":1.9934,"initial_stop_loss_ratio":-0.028,"stop_loss_abs":1.9934,"stop_loss_ratio":-0.028,"min_rate":2.0263,"max_rate":2.1924,"is_open":false,"enter_tag":"","leverage":1.0,"is_short":false,"open_timestamp":1768162800000,"close_timestamp":1768600200000,"orders":[{"amount":5.0,"safe_price":2.0508,"ft_order_side":"buy","order_filled_timestamp":1768162800000,"ft_is_entry":true,"ft_order_tag":"","cost":10.264254},{"amount":5.0,"safe_price":2.0747,"ft_order_side":"sell","order_filled_timestamp":1768600200000,"ft_is_entry":false,"ft_order_tag":"roi","cost":10.383873499999998}],"funding_fees":0.0,"weekday":4},{"pair":"ETH/USDT","stake_amount":10.017344,"max_stake_amount":10.017344,"amount":0.0032,"open_date":"2026-01-13 08:40:00+00:00","close_date":"2026-01-18 10:10:00+00:00","open_rate":3130.42,"close_rate":3319.9,"fee_open":0.001,"fee_close":0.001,"trade_duration":7290,"profit_ratio":0.05840968126180654,"profit_abs":0.58569498,"exit_reason":"roi","initial_stop_loss_abs":3042.76824,"initial_stop_loss_ratio":-0.028,"stop_loss_abs":3042.76824,"stop_loss_ratio":-0.028,"min_rate":3129.06,"max_rate":3402.89,"is_open":false,"enter_tag":"","leverage":1.0,"is_short":false,"open_timestamp":1768293600000,"close_timestamp":1768731000000,"orders":[{"amount":0.0032,"safe_price":3130.42,"ft_order_side":"buy","order_filled_timestamp":1768293600000,"ft_is_entry":true,"ft_order_tag":"","cost":10.027361344000001},{"amount":0.0032,"safe_price":3319.9,"ft_order_side":"sell","order_filled_timestamp":1768731000000,"ft_is_entry":false,"ft_order_tag":"roi","cost":10.634303679999999}],"funding_fees":0.0,"weekday":6},{"pair":"DOGE/USDT","stake_amount":10.33875,"max_stake_amount":10.33875,"amount":75.0,"open_date":"2026-01-16 21:55:00+00:00","close_date":"2026-01-18 23:20:00+00:00","open_rate":0.13785,"close_rate":0.134,"fee_open":0.001,"fee_close":0.001,"trade_duration":2965,"profit_ratio":-0.02987110821713651,"profit_abs":-0.30913875,"exit_reason":"stop_loss","initial_stop_loss_abs":0.134,"initial_stop_loss_ratio":-0.028,"stop_loss_abs":0.134,"stop_loss_ratio":-0.028,"min_rate":0.13294,"max_rate":0.14003000000000002,"is_open":false,"enter_tag":"","leverage":1.0,"is_short":false,"open_timestamp":1768600500000,"close_timestamp":1768778400000,"orders":[{"amount":75.0,"safe_price":0.13785,"ft_order_side":"buy","order_filled_timestamp":1768600500000,"ft_is_entry":true,"ft_order_tag":"","cost":10.349088749999998},{"amount":75.0,"safe_price":0.134,"ft_order_side":"sell","order_filled_timestamp":1768778400000,"ft_is_entry":false,"ft_order_tag":"stop_loss","cost":10.06005}],"funding_fees":0.0,"weekday":6},{"pair":"XRP/USDT","stake_amount":10.3735,"max_stake_amount":10.3735,"amount":5.0,"open_date":"2026-01-16 21:55:00+00:00","close_date":"2026-01-18 23:30:00+00:00","open_rate":2.0747,"close_rate":2.0167,"fee_open":0.001,"fee_close":0.001,"trade_duration":2975,"profit_ratio":-0.029897995194182594,"profit_abs":-0.310457,"exit_reason":"stop_loss","initial_stop_loss_abs":2.0167,"initial_stop_loss_ratio":-0.028,"stop_loss_abs":2.0167,"stop_loss_ratio":-0.028,"min_rate":2.0126,"max_rate":2.0834,"is_open":false,"enter_tag":"","leverage":1.0,"is_short":false,"open_timestamp":1768600500000,"close_timestamp":1768779000000,"orders":[{"amount":5.0,"safe_price":2.0747,"ft_order_side":"buy","order_filled_timestamp":1768600500000,"ft_is_entry":true,"ft_order_tag":"","cost":10.383873499999998},{"amount":5.0,"safe_price":2.0167,"ft_order_side":"sell","order_filled_timestamp":1768779000000,"ft_is_entry":false,"ft_order_tag":"stop_loss","cost":10.0935835}],"funding_fees":0.0,"weekday":6},{"pair":"DOT/USDT","stake_amount":10.35519,"max_stake_amount":10.35519,"amount":4.91,"open_date":"2026-01-15 19:05:00+00:00","close_date":"2026-01-19 00:00:00+00:00","open_rate":2.109,"close_rate":2.05,"fee_open":0.001,"fee_close":0.001,"trade_duration":4615,"profit_ratio":-0.02991745097008255,"profit_abs":-0.31011069,"exit_reason":"stop_loss","initial_stop_loss_abs":2.05,"initial_stop_loss_ratio":-0.028,"stop_loss_abs":2.05,"stop_loss_ratio":-0.028,"min_rate":1.834,"max_rate":2.235,"is_open":false,"enter_tag":"","leverage":1.0,"is_short":false,"open_timestamp":1768503900000,"close_timestamp":1768780800000,"orders":[{"amount":4.91,"safe_price":2.109,"ft_order_side":"buy","order_filled_timestamp":1768503900000,"ft_is_entry":true,"ft_order_tag":"","cost":10.365545189999999},{"amount":4.91,"safe_price":2.05,"ft_order_side":"sell","order_filled_timestamp":1768780800000,"ft_is_entry":false,"ft_order_tag":"stop_loss","cost":10.0755655}],"funding_fees":0.0,"weekday":0},{"pair":"ETH/USDT","stake_amount":10.295503,"max_stake_amount":10.295503,"amount":0.0031,"open_date":"2026-01-18 10:15:00+00:00","close_date":"2026-01-19 00:00:00+00:00","open_rate":3321.13,"close_rate":3228.13836,"fee_open":0.001,"fee_close":0.001,"trade_duration":825,"profit_ratio":-0.0299420583383397,"profit_abs":-0.30857682,"exit_reason":"stop_loss","initial_stop_loss_abs":3228.13836,"initial_stop_loss_ratio":-0.028,"stop_loss_abs":3228.13836,"stop_loss_ratio":-0.028,"min_rate":3216.34,"max_rate":3368.82,"is_open":false,"enter_tag":"","leverage":1.0,"is_short":false,"open_timestamp":1768731300000,"close_timestamp":1768780800000,"orders":[{"amount":0.0031,"safe_price":3321.13,"ft_order_side":"buy","order_filled_timestamp":1768731300000,"ft_is_entry":true,"ft_order_tag":"","cost":10.305798502999998},{"amount":0.0031,"safe_price":3228.13836,"ft_order_side":"sell","order_filled_timestamp":1768780800000,"ft_is_entry":false,"ft_order_tag":"stop_loss","cost":10.017236144915998}],"funding_fees":0.0,"weekday":0},{"pair":"DOGE/USDT","stake_amount":10.35265,"max_stake_amount":10.35265,"amount":77.0,"open_date":"2026-01-18 23:25:00+00:00","close_date":"2026-01-19 00:00:00+00:00","open_rate":0.13445,"close_rate":0.13069,"fee_open":0.001,"fee_close":0.001,"trade_duration":35,"profit_ratio":-0.029907912838370257,"profit_abs":-0.30993578,"exit_reason":"stop_loss","initial_stop_loss_abs":0.13069,"initial_stop_loss_ratio":-0.028,"stop_loss_abs":0.13069,"stop_loss_ratio":-0.028,"min_rate":0.12,"max_rate":0.13446000000000002,"is_open":false,"enter_tag":"","leverage":1.0,"is_short":false,"open_timestamp":1768778700000,"close_timestamp":1768780800000,"orders":[{"amount":77.0,"safe_price":0.13445000000000001,"ft_order_side":"buy","order_filled_timestamp":1768778700000,"ft_is_entry":true,"ft_order_tag":"","cost":10.36300265},{"amount":77.0,"safe_price":0.13069,"ft_order_side":"sell","order_filled_timestamp":1768780800000,"ft_is_entry":false,"ft_order_tag":"stop_loss","cost":10.073193129999998}],"funding_fees":0.0,"weekday":0},{"pair":"XRP/USDT","stake_amount":10.28211,"max_stake_amount":10.28211,"amount":5.1,"open_date":"2026-01-18 23:35:00+00:00","close_date":"2026-01-19 00:00:00+00:00","open_rate":2.0161,"close_rate":1.9597,"fee_open":0.001,"fee_close":0.001,"trade_duration":25,"profit_ratio":-0.029916911123200492,"profit_abs":-0.30791658,"exit_reason":"stop_loss","initial_stop_loss_abs":1.9597,"initial_stop_loss_ratio":-0.028,"stop_loss_abs":1.9597,"stop_loss_ratio":-0.028,"min_rate":1.847,"max_rate":2.0189,"is_open":false,"enter_tag":"","leverage":1.0,"is_short":false,"open_timestamp":1768779300000,"close_timestamp":1768780800000,"orders":[{"amount":5.1,"safe_price":2.0161,"ft_order_side":"buy","order_filled_timestamp":1768779300000,"ft_is_entry":true,"ft_order_tag":"","cost":10.292392109999996},{"amount":5.1,"safe_price":1.9597,"ft_order_side":"sell","order_filled_timestamp":1768780800000,"ft_is_entry":false,"ft_order_tag":"stop_loss","cost":10.004464469999998}],"funding_fees":0.0,"weekday":0},{"pair":"DOT/USDT","stake_amount":10.13688,"max_stake_amount":10.13688,"amount":5.13,"open_date":"2026-01-19 00:05:00+00:00","close_date":"2026-01-19 00:20:00+00:00","open_rate":1.976,"close_rate":1.921,"fee_open":0.001,"fee_close":0.001,"trade_duration":15,"profit_ratio":-0.029776397691377448,"profit_abs":-0.30214161,"exit_reason":"stop_loss","initial_stop_loss_abs":1.921,"initial_stop_loss_ratio":-0.028,"stop_loss_abs":1.921,"stop_loss_ratio":-0.028,"min_rate":1.919,"max_rate":1.986,"is_open":false,"enter_tag":"","leverage":1.0,"is_short":false,"open_timestamp":1768781100000,"close_timestamp":1768782000000,"orders":[{"amount":5.13,"safe_price":1.976,"ft_order_side":"buy","order_filled_timestamp":1768781100000,"ft_is_entry":true,"ft_order_tag":"","cost":10.147016879999999},{"amount":5.13,"safe_price":1.921,"ft_order_side":"sell","order_filled_timestamp":1768782000000,"ft_is_entry":false,"ft_order_tag":"stop_loss","cost":9.864584729999999}],"funding_fees":0.0,"weekday":0},{"pair":"ETH/USDT","stake_amount":10.102869,"max_stake_amount":10.102869,"amount":0.0031,"open_date":"2026-01-19 00:05:00+00:00","close_date":"2026-01-19 23:05:00+00:00","open_rate":3258.99,"close_rate":3167.7382799999996,"fee_open":0.001,"fee_close":0.001,"trade_duration":1380,"profit_ratio":-0.029942057974887065,"profit_abs":-0.30280319,"exit_reason":"stop_loss","initial_stop_loss_abs":3167.7382799999996,"initial_stop_loss_ratio":-0.028,"stop_loss_abs":3167.7382799999996,"stop_loss_ratio":-0.028,"min_rate":3165.38,"max_rate":3262.83,"is_open":false,"enter_tag":"","leverage":1.0,"is_short":false,"open_timestamp":1768781100000,"close_timestamp":1768863900000,"orders":[{"amount":0.0031,"safe_price":3258.99,"ft_order_side":"buy","order_filled_timestamp":1768781100000,"ft_is_entry":true,"ft_order_tag":"","cost":10.112971868999997},{"amount":0.0031,"safe_price":3167.7382799999996,"ft_order_side":"sell","order_filled_timestamp":1768863900000,"ft_is_entry":false,"ft_order_tag":"stop_loss","cost":9.829808656667998}],"funding_fees":0.0,"weekday":0},{"pair":"ETH/USDT","stake_amount":9.853567,"max_stake_amount":9.853567,"amount":0.0031,"open_date":"2026-01-19 23:10:00+00:00","close_date":"2026-01-20 08:35:00+00:00","open_rate":3178.57,"close_rate":3089.57004,"fee_open":0.001,"fee_close":0.001,"trade_duration":565,"profit_ratio":-0.02994205792948624,"profit_abs":-0.29533111,"exit_reason":"stop_loss","initial_stop_loss_abs":3089.57004,"initial_stop_loss_ratio":-0.028,"stop_loss_abs":3089.57004,"stop_loss_ratio":-0.028,"min_rate":3085.17,"max_rate":3200.5,"is_open":false,"enter_tag":"","leverage":1.0,"is_short":false,"open_timestamp":1768864200000,"close_timestamp":1768898100000,"orders":[{"amount":0.0031,"safe_price":3178.57,"ft_order_side":"buy","order_filled_timestamp":1768864200000,"ft_is_entry":true,"ft_order_tag":"","cost":9.863420566999999},{"amount":0.0031,"safe_price":3089.57004,"ft_order_side":"sell","order_filled_timestamp":1768898100000,"ft_is_entry":false,"ft_order_tag":"stop_loss","cost":9.587244791123998}],"funding_fees":0.0,"weekday":1},{"pair":"ETH/USDT","stake_amount":9.889728,"max_stake_amount":9.889728,"amount":0.0032,"open_date":"2026-01-20 08:40:00+00:00","close_date":"2026-01-20 15:05:00+00:00","open_rate":3090.54,"close_rate":3004.00488,"fee_open":0.001,"fee_close":0.001,"trade_duration":385,"profit_ratio":-0.02994205818287532,"profit_abs":-0.29641493,"exit_reason":"stop_loss","initial_stop_loss_abs":3004.00488,"initial_stop_loss_ratio":-0.028,"stop_loss_abs":3004.00488,"stop_loss_ratio":-0.028,"min_rate":2995.33,"max_rate":3115.0,"is_open":false,"enter_tag":"","leverage":1.0,"is_short":false,"open_timestamp":1768898400000,"close_timestamp":1768921500000,"orders":[{"amount":0.0032,"safe_price":3090.54,"ft_order_side":"buy","order_filled_timestamp":1768898400000,"ft_is_entry":true,"ft_order_tag":"","cost":9.899617727999999},{"amount":0.0032,"safe_price":3004.00488,"ft_order_side":"sell","order_filled_timestamp":1768921500000,"ft_is_entry":false,"ft_order_tag":"stop_loss","cost":9.622428431616}],"funding_fees":0.0,"weekday":1},{"pair":"DOGE/USDT","stake_amount":10.04722,"max_stake_amount":10.04722,"amount":79.0,"open_date":"2026-01-19 00:05:00+00:00","close_date":"2026-01-20 16:30:00+00:00","open_rate":0.12718,"close_rate":0.12362,"fee_open":0.001,"fee_close":0.001,"trade_duration":2425,"profit_ratio":-0.029933896894110763,"profit_abs":-0.3010532,"exit_reason":"stop_loss","initial_stop_loss_abs":0.12362,"initial_stop_loss_ratio":-0.028,"stop_loss_abs":0.12362,"stop_loss_ratio":-0.028,"min_rate":0.12354000000000001,"max_rate":0.13066,"is_open":false,"enter_tag":"","leverage":1.0,"is_short":false,"open_timestamp":1768781100000,"close_timestamp":1768926600000,"orders":[{"amount":79.0,"safe_price":0.12718000000000002,"ft_order_side":"buy","order_filled_timestamp":1768781100000,"ft_is_entry":true,"ft_order_tag":"","cost":10.05726722},{"amount":79.0,"safe_price":0.12362,"ft_order_side":"sell","order_filled_timestamp":1768926600000,"ft_is_entry":false,"ft_order_tag":"stop_loss","cost":9.775745979999998}],"funding_fees":0.0,"weekday":1},{"pair":"XRP/USDT","stake_amount":10.0958,"max_stake_amount":10.0958,"amount":5.2,"open_date":"2026-01-19 00:05:00+00:00","close_date":"2026-01-20 21:30:00+00:00","open_rate":1.9415,"close_rate":1.8872,"fee_open":0.001,"fee_close":0.001,"trade_duration":2725,"profit_ratio":-0.02991018767480266,"profit_abs":-0.30226924,"exit_reason":"stop_loss","initial_stop_loss_abs":1.8872,"initial_stop_loss_ratio":-0.028,"stop_loss_abs":1.8872,"stop_loss_ratio":-0.028,"min_rate":1.8856000000000002,"max_rate":2.0299,"is_open":false,"enter_tag":"","leverage":1.0,"is_short":false,"open_timestamp":1768781100000,"close_timestamp":1768944600000,"orders":[{"amount":5.2,"safe_price":1.9415,"ft_order_side":"buy","order_filled_timestamp":1768781100000,"ft_is_entry":true,"ft_order_tag":"","cost":10.105895799999999},{"amount":5.2,"safe_price":1.8872,"ft_order_side":"sell","order_filled_timestamp":1768944600000,"ft_is_entry":false,"ft_order_tag":"stop_loss","cost":9.823253439999998}],"funding_fees":0.0,"weekday":1},{"pair":"DOT/USDT","stake_amount":10.08417,"max_stake_amount":10.08417,"amount":5.19,"open_date":"2026-01-19 00:25:00+00:00","close_date":"2026-01-20 22:30:00+00:00","open_rate":1.943,"close_rate":1.889,"fee_open":0.001,"fee_close":0.001,"trade_duration":2765,"profit_ratio":-0.02973454749059484,"profit_abs":-0.30014808,"exit_reason":"stop_loss","initial_stop_loss_abs":1.889,"initial_stop_loss_ratio":-0.028,"stop_loss_abs":1.889,"stop_loss_ratio":-0.028,"min_rate":1.881,"max_rate":2.064,"is_open":false,"enter_tag":"","leverage":1.0,"is_short":false,"open_timestamp":1768782300000,"close_timestamp":1768948200000,"orders":[{"amount":5.19,"safe_price":1.943,"ft_order_side":"buy","order_filled_timestamp":1768782300000,"ft_is_entry":true,"ft_order_tag":"","cost":10.09425417},{"amount":5.19,"safe_price":1.889,"ft_order_side":"sell","order_filled_timestamp":1768948200000,"ft_is_entry":false,"ft_order_tag":"stop_loss","cost":9.813713909999999}],"funding_fees":0.0,"weekday":1},{"pair":"ETH/USDT","stake_amount":9.903927,"max_stake_amount":9.903927,"amount":0.0033,"open_date":"2026-01-20 15:10:00+00:00","close_date":"2026-01-21 12:10:00+00:00","open_rate":3001.19,"close_rate":2917.15668,"fee_open":0.001,"fee_close":0.001,"trade_duration":1260,"profit_ratio":-0.0299420579376197,"profit_abs":-0.2968405,"exit_reason":"stop_loss","initial_stop_loss_abs":2917.15668,"initial_stop_loss_ratio":-0.028,"stop_loss_abs":2917.15668,"stop_loss_ratio":-0.028,"min_rate":2913.36,"max_rate":3042.92,"is_open":false,"enter_tag":"","leverage":1.0,"is_short":false,"open_timestamp":1768921800000,"close_timestamp":1768997400000,"orders":[{"amount":0.0033,"safe_price":3001.19,"ft_order_side":"buy","order_filled_timestamp":1768921800000,"ft_is_entry":true,"ft_order_tag":"","cost":9.913830926999998},{"amount":0.0033,"safe_price":2917.15668,"ft_order_side":"sell","order_filled_timestamp":1768997400000,"ft_is_entry":false,"ft_order_tag":"stop_loss","cost":9.636243661043999}],"funding_fees":0.0,"weekday":2},{"pair":"DOGE/USDT","stake_amount":9.79047,"max_stake_amount":9.79047,"amount":79.0,"open_date":"2026-01-20 16:35:00+00:00","close_date":"2026-01-21 16:55:00+00:00","open_rate":0.12393,"close_rate":0.12046,"fee_open":0.001,"fee_close":0.001,"trade_duration":1460,"profit_ratio":-0.02994173582408876,"profit_abs":-0.29343681,"exit_reason":"stop_loss","initial_stop_loss_abs":0.12046,"initial_stop_loss_ratio":-0.028,"stop_loss_abs":0.12046,"stop_loss_ratio":-0.028,"min_rate":0.12040000000000001,"max_rate":0.12663000000000002,"is_open":false,"enter_tag":"","leverage":1.0,"is_short":false,"open_timestamp":1768926900000,"close_timestamp":1769014500000,"orders":[{"amount":79.0,"safe_price":0.12393000000000001,"ft_order_side":"buy","order_filled_timestamp":1768926900000,"ft_is_entry":true,"ft_order_tag":"","cost":9.80026047},{"amount":79.0,"safe_price":0.12046,"ft_order_side":"sell","order_filled_timestamp":1769014500000,"ft_is_entry":false,"ft_order_tag":"stop_loss","cost":9.525856339999999}],"funding_fees":0.0,"weekday":2},{"pair":"DOT/USDT","stake_amount":9.73176,"max_stake_amount":9.73176,"amount":5.16,"open_date":"2026-01-20 22:35:00+00:00","close_date":"2026-01-25 16:20:00+00:00","open_rate":1.886,"close_rate":1.834,"fee_open":0.001,"fee_close":0.001,"trade_duration":6825,"profit_ratio":-0.029514493989573523,"profit_abs":-0.2875152,"exit_reason":"stop_loss","initial_stop_loss_abs":1.834,"initial_stop_loss_ratio":-0.028,"stop_loss_abs":1.834,"stop_loss_ratio":-0.028,"min_rate":1.832,"max_rate":2.0,"is_open":false,"enter_tag":"","leverage":1.0,"is_short":false,"open_timestamp":1768948500000,"close_timestamp":1769358000000,"orders":[{"amount":5.16,"safe_price":1.8860000000000001,"ft_order_side":"buy","order_filled_timestamp":1768948500000,"ft_is_entry":true,"ft_order_tag":"","cost":9.74149176},{"amount":5.16,"safe_price":1.834,"ft_order_side":"sell","order_filled_timestamp":1769358000000,"ft_is_entry":false,"ft_order_tag":"stop_loss","cost":9.47290344}],"funding_fees":0.0,"weekday":6},{"pair":"XRP/USDT","stake_amount":9.61707,"max_stake_amount":9.61707,"amount":5.1,"open_date":"2026-01-20 21:35:00+00:00","close_date":"2026-01-25 18:10:00+00:00","open_rate":1.8857,"close_rate":1.833,"fee_open":0.001,"fee_close":0.001,"trade_duration":6995,"profit_ratio":-0.029889344891731274,"profit_abs":-0.28773537,"exit_reason":"stop_loss","initial_stop_loss_abs":1.833,"initial_stop_loss_ratio":-0.028,"stop_loss_abs":1.833,"stop_loss_ratio":-0.028,"min_rate":1.832,"max_rate":1.9907,"is_open":false,"enter_tag":"","leverage":1.0,"is_short":false,"open_timestamp":1768944900000,"close_timestamp":1769364600000,"orders":[{"amount":5.1,"safe_price":1.8857,"ft_order_side":"buy","order_filled_timestamp":1768944900000,"ft_is_entry":true,"ft_order_tag":"","cost":9.626687069999997},{"amount":5.1,"safe_price":1.833,"ft_order_side":"sell","order_filled_timestamp":1769364600000,"ft_is_entry":false,"ft_order_tag":"stop_loss","cost":9.357648299999997}],"funding_fees":0.0,"weekday":6},{"pair":"ETH/USDT","stake_amount":9.642897,"max_stake_amount":9.642897,"amount":0.0033,"open_date":"2026-01-21 12:15:00+00:00","close_date":"2026-01-25 18:30:00+00:00","open_rate":2922.09,"close_rate":2840.27148,"fee_open":0.001,"fee_close":0.001,"trade_duration":6135,"profit_ratio":-0.02994205805767518,"profit_abs":-0.28901691,"exit_reason":"stop_loss","initial_stop_loss_abs":2840.27148,"initial_stop_loss_ratio":-0.028,"stop_loss_abs":2840.27148,"stop_loss_ratio":-0.028,"min_rate":2833.0,"max_rate":3069.07,"is_open":false,"enter_tag":"","leverage":1.0,"is_short":false,"open_timestamp":1768997700000,"close_timestamp":1769365800000,"orders":[{"amount":0.0033,"safe_price":2922.09,"ft_order_side":"buy","order_filled_timestamp":1768997700000,"ft_is_entry":true,"ft_order_tag":"","cost":9.652539896999999},{"amount":0.0033,"safe_price":2840.27148,"ft_order_side":"sell","order_filled_timestamp":1769365800000,"ft_is_entry":false,"ft_order_tag":"stop_loss","cost":9.382268779883999}],"funding_fees":0.0,"weekday":6},{"pair":"DOT/USDT","stake_amount":9.55192,"max_stake_amount":9.55192,"amount":5.18,"open_date":"2026-01-25 16:25:00+00:00","close_date":"2026-01-25 19:50:00+00:00","open_rate":1.844,"close_rate":1.793,"fee_open":0.001,"fee_close":0.001,"trade_duration":205,"profit_ratio":-0.02960000953493362,"profit_abs":-0.28301966,"exit_reason":"stop_loss","initial_stop_loss_abs":1.793,"initial_stop_loss_ratio":-0.028,"stop_loss_abs":1.793,"stop_loss_ratio":-0.028,"min_rate":1.78,"max_rate":1.853,"is_open":false,"enter_tag":"","leverage":1.0,"is_short":false,"open_timestamp":1769358300000,"close_timestamp":1769370600000,"orders":[{"amount":5.18,"safe_price":1.8439999999999999,"ft_order_side":"buy","order_filled_timestamp":1769358300000,"ft_is_entry":true,"ft_order_tag":"","cost":9.561471919999999},{"amount":5.18,"safe_price":1.793,"ft_order_side":"sell","order_filled_timestamp":1769370600000,"ft_is_entry":false,"ft_order_tag":"stop_loss","cost":9.297027739999999}],"funding_fees":0.0,"weekday":6},{"pair":"DOGE/USDT","stake_amount":9.54083,"max_stake_amount":9.54083,"amount":79.0,"open_date":"2026-01-21 17:00:00+00:00","close_date":"2026-01-26 18:30:00+00:00","open_rate":0.12077,"close_rate":0.12283000000000001,"fee_open":0.001,"fee_close":0.001,"trade_duration":7290,"profit_ratio":0.015025133846033073,"profit_abs":0.1434956,"exit_reason":"roi","initial_stop_loss_abs":0.11739,"initial_stop_loss_ratio":-0.028,"stop_loss_abs":0.11739,"stop_loss_ratio":-0.028,"min_rate":0.11764000000000001,"max_rate":0.12884,"is_open":false,"enter_tag":"","leverage":1.0,"is_short":false,"open_timestamp":1769014800000,"close_timestamp":1769452200000,"orders":[{"amount":79.0,"safe_price":0.12077000000000002,"ft_order_side":"buy","order_filled_timestamp":1769014800000,"ft_is_entry":true,"ft_order_tag":"","cost":9.55037083},{"amount":79.0,"safe_price":0.12283000000000001,"ft_order_side":"sell","order_filled_timestamp":1769452200000,"ft_is_entry":false,"ft_order_tag":"roi","cost":9.71327357}],"funding_fees":0.0,"weekday":0},{"pair":"DOGE/USDT","stake_amount":9.37384,"max_stake_amount":9.37384,"amount":76.0,"open_date":"2026-01-26 18:35:00+00:00","close_date":"2026-01-29 14:35:00+00:00","open_rate":0.12334,"close_rate":0.11989,"fee_open":0.001,"fee_close":0.001,"trade_duration":4080,"profit_ratio":-0.029913575965140746,"profit_abs":-0.28068548,"exit_reason":"stop_loss","initial_stop_loss_abs":0.11989,"initial_stop_loss_ratio":-0.028,"stop_loss_abs":0.11989,"stop_loss_ratio":-0.028,"min_rate":0.11976,"max_rate":0.12775,"is_open":false,"enter_tag":"","leverage":1.0,"is_short":false,"open_timestamp":1769452500000,"close_timestamp":1769697300000,"orders":[{"amount":76.0,"safe_price":0.12334,"ft_order_side":"buy","order_filled_timestamp":1769452500000,"ft_is_entry":true,"ft_order_tag":"","cost":9.38321384},{"amount":76.0,"safe_price":0.11989,"ft_order_side":"sell","order_filled_timestamp":1769697300000,"ft_is_entry":false,"ft_order_tag":"stop_loss","cost":9.120751639999998}],"funding_fees":0.0,"weekday":3},{"pair":"DOT/USDT","stake_amount":9.38175,"max_stake_amount":9.38175,"amount":5.25,"open_date":"2026-01-25 19:55:00+00:00","close_date":"2026-01-29 15:05:00+00:00","open_rate":1.787,"close_rate":1.737,"fee_open":0.001,"fee_close":0.001,"trade_duration":5470,"profit_ratio":-0.029921952697554266,"profit_abs":-0.281001,"exit_reason":"stop_loss","initial_stop_loss_abs":1.737,"initial_stop_loss_ratio":-0.028,"stop_loss_abs":1.737,"stop_loss_ratio":-0.028,"min_rate":1.733,"max_rate":1.899,"is_open":false,"enter_tag":"","leverage":1.0,"is_short":false,"open_timestamp":1769370900000,"close_timestamp":1769699100000,"orders":[{"amount":5.25,"safe_price":1.787,"ft_order_side":"buy","order_filled_timestamp":1769370900000,"ft_is_entry":true,"ft_order_tag":"","cost":9.39113175},{"amount":5.25,"safe_price":1.737,"ft_order_side":"sell","order_filled_timestamp":1769699100000,"ft_is_entry":false,"ft_order_tag":"stop_loss","cost":9.12836925}],"funding_fees":0.0,"weekday":3},{"pair":"DOGE/USDT","stake_amount":9.25001,"max_stake_amount":9.25001,"amount":77.0,"open_date":"2026-01-29 14:40:00+00:00","close_date":"2026-01-29 15:05:00+00:00","open_rate":0.12013,"close_rate":0.11677,"fee_open":0.001,"fee_close":0.001,"trade_duration":25,"profit_ratio":-0.029911817974749802,"profit_abs":-0.2769613,"exit_reason":"stop_loss","initial_stop_loss_abs":0.11677,"initial_stop_loss_ratio":-0.028,"stop_loss_abs":0.11677,"stop_loss_ratio":-0.028,"min_rate":0.11671000000000001,"max_rate":0.12021000000000001,"is_open":false,"enter_tag":"","leverage":1.0,"is_short":false,"open_timestamp":1769697600000,"close_timestamp":1769699100000,"orders":[{"amount":77.0,"safe_price":0.12013000000000001,"ft_order_side":"buy","order_filled_timestamp":1769697600000,"ft_is_entry":true,"ft_order_tag":"","cost":9.25926001},{"amount":77.0,"safe_price":0.11677,"ft_order_side":"sell","order_filled_timestamp":1769699100000,"ft_is_entry":false,"ft_order_tag":"stop_loss","cost":9.000281289999998}],"funding_fees":0.0,"weekday":3},{"pair":"XRP/USDT","stake_amount":9.41052,"max_stake_amount":9.41052,"amount":5.1,"open_date":"2026-01-25 18:15:00+00:00","close_date":"2026-01-29 15:40:00+00:00","open_rate":1.8452,"close_rate":1.7936,"fee_open":0.001,"fee_close":0.001,"trade_duration":5605,"profit_ratio":-0.02990657727271644,"profit_abs":-0.28171788,"exit_reason":"stop_loss","initial_stop_loss_abs":1.7936,"initial_stop_loss_ratio":-0.028,"stop_loss_abs":1.7936,"stop_loss_ratio":-0.028,"min_rate":1.7865000000000002,"max_rate":1.9460000000000002,"is_open":false,"enter_tag":"","leverage":1.0,"is_short":false,"open_timestamp":1769364900000,"close_timestamp":1769701200000,"orders":[{"amount":5.1,"safe_price":1.8452000000000002,"ft_order_side":"buy","order_filled_timestamp":1769364900000,"ft_is_entry":true,"ft_order_tag":"","cost":9.41993052},{"amount":5.1,"safe_price":1.7936,"ft_order_side":"sell","order_filled_timestamp":1769701200000,"ft_is_entry":false,"ft_order_tag":"stop_loss","cost":9.156507359999997}],"funding_fees":0.0,"weekday":3},{"pair":"ETH/USDT","stake_amount":9.379425,"max_stake_amount":9.379425,"amount":0.0033,"open_date":"2026-01-25 18:35:00+00:00","close_date":"2026-01-29 18:50:00+00:00","open_rate":2842.25,"close_rate":2762.667,"fee_open":0.001,"fee_close":0.001,"trade_duration":5775,"profit_ratio":-0.029942058357446295,"profit_abs":-0.28112013,"exit_reason":"stop_loss","initial_stop_loss_abs":2762.667,"initial_stop_loss_ratio":-0.028,"stop_loss_abs":2762.667,"stop_loss_ratio":-0.028,"min_rate":2754.53,"max_rate":3045.78,"is_open":false,"enter_tag":"","leverage":1.0,"is_short":false,"open_timestamp":1769366100000,"close_timestamp":1769712600000,"orders":[{"amount":0.0033,"safe_price":2842.25,"ft_order_side":"buy","order_filled_timestamp":1769366100000,"ft_is_entry":true,"ft_order_tag":"","cost":9.388804424999998},{"amount":0.0033,"safe_price":2762.667,"ft_order_side":"sell","order_filled_timestamp":1769712600000,"ft_is_entry":false,"ft_order_tag":"stop_loss","cost":9.1259179011}],"funding_fees":0.0,"weekday":3},{"pair":"DOT/USDT","stake_amount":9.23552,"max_stake_amount":9.23552,"amount":5.32,"open_date":"2026-01-29 15:10:00+00:00","close_date":"2026-01-30 01:40:00+00:00","open_rate":1.736,"close_rate":1.688,"fee_open":0.001,"fee_close":0.001,"trade_duration":630,"profit_ratio":-0.02959252728837982,"profit_abs":-0.27357568,"exit_reason":"stop_loss","initial_stop_loss_abs":1.688,"initial_stop_loss_ratio":-0.028,"stop_loss_abs":1.688,"stop_loss_ratio":-0.028,"min_rate":1.675,"max_rate":1.7650000000000001,"is_open":false,"enter_tag":"","leverage":1.0,"is_short":false,"open_timestamp":1769699400000,"close_timestamp":1769737200000,"orders":[{"amount":5.32,"safe_price":1.736,"ft_order_side":"buy","order_filled_timestamp":1769699400000,"ft_is_entry":true,"ft_order_tag":"","cost":9.24475552},{"amount":5.32,"safe_price":1.688,"ft_order_side":"sell","order_filled_timestamp":1769737200000,"ft_is_entry":false,"ft_order_tag":"stop_loss","cost":8.989140159999998}],"funding_fees":0.0,"weekday":4},{"pair":"DOGE/USDT","stake_amount":9.23984,"max_stake_amount":9.23984,"amount":79.0,"open_date":"2026-01-29 15:10:00+00:00","close_date":"2026-01-30 01:40:00+00:00","open_rate":0.11696,"close_rate":0.11369,"fee_open":0.001,"fee_close":0.001,"trade_duration":630,"profit_ratio":-0.02990041763981572,"profit_abs":-0.27655135,"exit_reason":"stop_loss","initial_stop_loss_abs":0.11369,"initial_stop_loss_ratio":-0.028,"stop_loss_abs":0.11369,"stop_loss_ratio":-0.028,"min_rate":0.11217,"max_rate":0.11881000000000001,"is_open":false,"enter_tag":"","leverage":1.0,"is_short":false,"open_timestamp":1769699400000,"close_timestamp":1769737200000,"orders":[{"amount":79.0,"safe_price":0.11696000000000001,"ft_order_side":"buy","order_filled_timestamp":1769699400000,"ft_is_entry":true,"ft_order_tag":"","cost":9.24907984},{"amount":79.0,"safe_price":0.11369,"ft_order_side":"sell","order_filled_timestamp":1769737200000,"ft_is_entry":false,"ft_order_tag":"stop_loss","cost":8.990491509999998}],"funding_fees":0.0,"weekday":4},{"pair":"XRP/USDT","stake_amount":9.14736,"max_stake_amount":9.14736,"amount":5.1,"open_date":"2026-01-29 15:45:00+00:00","close_date":"2026-01-30 01:40:00+00:00","open_rate":1.7936,"close_rate":1.7434,"fee_open":0.001,"fee_close":0.001,"trade_duration":595,"profit_ratio":-0.02993048432388307,"profit_abs":-0.2740587,"exit_reason":"stop_loss","initial_stop_loss_abs":1.7434,"initial_stop_loss_ratio":-0.028,"stop_loss_abs":1.7434,"stop_loss_ratio":-0.028,"min_rate":1.7107,"max_rate":1.8432,"is_open":false,"enter_tag":"","leverage":1.0,"is_short":false,"open_timestamp":1769701500000,"close_timestamp":1769737200000,"orders":[{"amount":5.1,"safe_price":1.7936,"ft_order_side":"buy","order_filled_timestamp":1769701500000,"ft_is_entry":true,"ft_order_tag":"","cost":9.156507359999997},{"amount":5.1,"safe_price":1.7434,"ft_order_side":"sell","order_filled_timestamp":1769737200000,"ft_is_entry":false,"ft_order_tag":"stop_loss","cost":8.900231339999998}],"funding_fees":0.0,"weekday":4},{"pair":"ETH/USDT","stake_amount":9.115557,"max_stake_amount":9.115557,"amount":0.0033,"open_date":"2026-01-29 18:55:00+00:00","close_date":"2026-01-30 18:15:00+00:00","open_rate":2762.29,"close_rate":2684.9458799999998,"fee_open":0.001,"fee_close":0.001,"trade_duration":1400,"profit_ratio":-0.029942057459410486,"profit_abs":-0.27321147,"exit_reason":"stop_loss","initial_stop_loss_abs":2684.9458799999998,"initial_stop_loss_ratio":-0.028,"stop_loss_abs":2684.9458799999998,"stop_loss_ratio":-0.028,"min_rate":2659.31,"max_rate":2828.65,"is_open":false,"enter_tag":"","leverage":1.0,"is_short":false,"open_timestamp":1769712900000,"close_timestamp":1769796900000,"orders":[{"amount":0.0033,"safe_price":2762.29,"ft_order_side":"buy","order_filled_timestamp":1769712900000,"ft_is_entry":true,"ft_order_tag":"","cost":9.124672556999998},{"amount":0.0033,"safe_price":2684.9458799999998,"ft_order_side":"sell","order_filled_timestamp":1769796900000,"ft_is_entry":false,"ft_order_tag":"stop_loss","cost":8.869181725403998}],"funding_fees":0.0,"weekday":4},{"pair":"DOT/USDT","stake_amount":8.976,"max_stake_amount":8.976,"amount":5.28,"open_date":"2026-01-30 01:45:00+00:00","close_date":"2026-01-30 18:20:00+00:00","open_rate":1.7,"close_rate":1.653,"fee_open":0.001,"fee_close":0.001,"trade_duration":995,"profit_ratio":-0.029589821942763116,"profit_abs":-0.26586384,"exit_reason":"stop_loss","initial_stop_loss_abs":1.653,"initial_stop_loss_ratio":-0.028,"stop_loss_abs":1.653,"stop_loss_ratio":-0.028,"min_rate":1.6520000000000001,"max_rate":1.7269999999999999,"is_open":false,"enter_tag":"","leverage":1.0,"is_short":false,"open_timestamp":1769737500000,"close_timestamp":1769797200000,"orders":[{"amount":5.28,"safe_price":1.7000000000000002,"ft_order_side":"buy","order_filled_timestamp":1769737500000,"ft_is_entry":true,"ft_order_tag":"","cost":8.984976},{"amount":5.28,"safe_price":1.653,"ft_order_side":"sell","order_filled_timestamp":1769797200000,"ft_is_entry":false,"ft_order_tag":"stop_loss","cost":8.73656784}],"funding_fees":0.0,"weekday":4},{"pair":"XRP/USDT","stake_amount":8.89542,"max_stake_amount":8.89542,"amount":5.1,"open_date":"2026-01-30 01:45:00+00:00","close_date":"2026-01-31 08:30:00+00:00","open_rate":1.7442,"close_rate":1.6954,"fee_open":0.001,"fee_close":0.001,"trade_duration":1845,"profit_ratio":-0.029920543852432393,"profit_abs":-0.26642196,"exit_reason":"stop_loss","initial_stop_loss_abs":1.6954,"initial_stop_loss_ratio":-0.028,"stop_loss_abs":1.6954,"stop_loss_ratio":-0.028,"min_rate":1.6951,"max_rate":1.7847,"is_open":false,"enter_tag":"","leverage":1.0,"is_short":false,"open_timestamp":1769737500000,"close_timestamp":1769848200000,"orders":[{"amount":5.1,"safe_price":1.7442000000000002,"ft_order_side":"buy","order_filled_timestamp":1769737500000,"ft_is_entry":true,"ft_order_tag":"","cost":8.904315419999998},{"amount":5.1,"safe_price":1.6954,"ft_order_side":"sell","order_filled_timestamp":1769848200000,"ft_is_entry":false,"ft_order_tag":"stop_loss","cost":8.655186539999999}],"funding_fees":0.0,"weekday":5},{"pair":"DOGE/USDT","stake_amount":8.89278,"max_stake_amount":8.89278,"amount":78.0,"open_date":"2026-01-30 01:45:00+00:00","close_date":"2026-01-31 08:40:00+00:00","open_rate":0.11401,"close_rate":0.11082,"fee_open":0.001,"fee_close":0.001,"trade_duration":1855,"profit_ratio":-0.029922099652825024,"profit_abs":-0.26635674,"exit_reason":"stop_loss","initial_stop_loss_abs":0.11082,"initial_stop_loss_ratio":-0.028,"stop_loss_abs":0.11082,"stop_loss_ratio":-0.028,"min_rate":0.11032000000000002,"max_rate":0.11871000000000001,"is_open":false,"enter_tag":"","leverage":1.0,"is_short":false,"open_timestamp":1769737500000,"close_timestamp":1769848800000,"orders":[{"amount":78.0,"safe_price":0.11401000000000001,"ft_order_side":"buy","order_filled_timestamp":1769737500000,"ft_is_entry":true,"ft_order_tag":"","cost":8.90167278},{"amount":78.0,"safe_price":0.11082,"ft_order_side":"sell","order_filled_timestamp":1769848800000,"ft_is_entry":false,"ft_order_tag":"stop_loss","cost":8.652603959999999}],"funding_fees":0.0,"weekday":5},{"pair":"DOT/USDT","stake_amount":8.85906,"max_stake_amount":8.85906,"amount":5.34,"open_date":"2026-01-30 18:25:00+00:00","close_date":"2026-01-31 14:05:00+00:00","open_rate":1.659,"close_rate":1.613,"fee_open":0.001,"fee_close":0.001,"trade_duration":1180,"profit_ratio":-0.029670149019154442,"profit_abs":-0.26311248,"exit_reason":"stop_loss","initial_stop_loss_abs":1.613,"initial_stop_loss_ratio":-0.028,"stop_loss_abs":1.613,"stop_loss_ratio":-0.028,"min_rate":1.612,"max_rate":1.7229999999999999,"is_open":false,"enter_tag":"","leverage":1.0,"is_short":false,"open_timestamp":1769797500000,"close_timestamp":1769868300000,"orders":[{"amount":5.34,"safe_price":1.659,"ft_order_side":"buy","order_filled_timestamp":1769797500000,"ft_is_entry":true,"ft_order_tag":"","cost":8.867919059999998},{"amount":5.34,"safe_price":1.613,"ft_order_side":"sell","order_filled_timestamp":1769868300000,"ft_is_entry":false,"ft_order_tag":"stop_loss","cost":8.62203342}],"funding_fees":0.0,"weekday":5},{"pair":"ETH/USDT","stake_amount":8.783973,"max_stake_amount":8.783973,"amount":0.0033,"open_date":"2026-01-30 18:20:00+00:00","close_date":"2026-01-31 14:20:00+00:00","open_rate":2661.81,"close_rate":2587.27932,"fee_open":0.001,"fee_close":0.001,"trade_duration":1200,"profit_ratio":-0.02994205808353803,"profit_abs":-0.26327324,"exit_reason":"stop_loss","initial_stop_loss_abs":2587.27932,"initial_stop_loss_ratio":-0.028,"stop_loss_abs":2587.27932,"stop_loss_ratio":-0.028,"min_rate":2575.0,"max_rate":2761.46,"is_open":false,"enter_tag":"","leverage":1.0,"is_short":false,"open_timestamp":1769797200000,"close_timestamp":1769869200000,"orders":[{"amount":0.0033,"safe_price":2661.81,"ft_order_side":"buy","order_filled_timestamp":1769797200000,"ft_is_entry":true,"ft_order_tag":"","cost":8.792756973},{"amount":0.0033,"safe_price":2587.27932,"ft_order_side":"sell","order_filled_timestamp":1769869200000,"ft_is_entry":false,"ft_order_tag":"stop_loss","cost":8.546559777756}],"funding_fees":0.0,"weekday":5},{"pair":"XRP/USDT","stake_amount":8.65215,"max_stake_amount":8.65215,"amount":5.1,"open_date":"2026-01-31 08:35:00+00:00","close_date":"2026-01-31 14:20:00+00:00","open_rate":1.6965,"close_rate":1.649,"fee_open":0.001,"fee_close":0.001,"trade_duration":345,"profit_ratio":-0.029940881399767343,"profit_abs":-0.25931205,"exit_reason":"stop_loss","initial_stop_loss_abs":1.649,"initial_stop_loss_ratio":-0.028,"stop_loss_abs":1.649,"stop_loss_ratio":-0.028,"min_rate":1.6451,"max_rate":1.7119,"is_open":false,"enter_tag":"","leverage":1.0,"is_short":false,"open_timestamp":1769848500000,"close_timestamp":1769869200000,"orders":[{"amount":5.1,"safe_price":1.6965,"ft_order_side":"buy","order_filled_timestamp":1769848500000,"ft_is_entry":true,"ft_order_tag":"","cost":8.660802149999999},{"amount":5.1,"safe_price":1.649,"ft_order_side":"sell","order_filled_timestamp":1769869200000,"ft_is_entry":false,"ft_order_tag":"stop_loss","cost":8.418309899999999}],"funding_fees":0.0,"weekday":5},{"pair":"DOGE/USDT","stake_amount":8.66268,"max_stake_amount":8.66268,"amount":78.0,"open_date":"2026-01-31 08:45:00+00:00","close_date":"2026-01-31 14:25:00+00:00","open_rate":0.11106,"close_rate":0.10796,"fee_open":0.001,"fee_close":0.001,"trade_duration":340,"profit_ratio":-0.02985507199445611,"profit_abs":-0.25888356,"exit_reason":"stop_loss","initial_stop_loss_abs":0.10796,"initial_stop_loss_ratio":-0.028,"stop_loss_abs":0.10796,"stop_loss_ratio":-0.028,"min_rate":0.1051,"max_rate":0.11269000000000001,"is_open":false,"enter_tag":"","leverage":1.0,"is_short":false,"open_timestamp":1769849100000,"close_timestamp":1769869500000,"orders":[{"amount":78.0,"safe_price":0.11106,"ft_order_side":"buy","order_filled_timestamp":1769849100000,"ft_is_entry":true,"ft_order_tag":"","cost":8.671342679999999},{"amount":78.0,"safe_price":0.10796,"ft_order_side":"sell","order_filled_timestamp":1769869500000,"ft_is_entry":false,"ft_order_tag":"stop_loss","cost":8.42930088}],"funding_fees":0.0,"weekday":5},{"pair":"DOT/USDT","stake_amount":8.69946,"max_stake_amount":8.69946,"amount":5.39,"open_date":"2026-01-31 14:10:00+00:00","close_date":"2026-01-31 14:25:00+00:00","open_rate":1.614,"close_rate":1.569,"fee_open":0.001,"fee_close":0.001,"trade_duration":15,"profit_ratio":-0.029823336514786334,"profit_abs":-0.25970637,"exit_reason":"stop_loss","initial_stop_loss_abs":1.569,"initial_stop_loss_ratio":-0.028,"stop_loss_abs":1.569,"stop_loss_ratio":-0.028,"min_rate":1.5430000000000001,"max_rate":1.616,"is_open":false,"enter_tag":"","leverage":1.0,"is_short":false,"open_timestamp":1769868600000,"close_timestamp":1769869500000,"orders":[{"amount":5.39,"safe_price":1.6139999999999999,"ft_order_side":"buy","order_filled_timestamp":1769868600000,"ft_is_entry":true,"ft_order_tag":"","cost":8.708159459999997},{"amount":5.39,"safe_price":1.569,"ft_order_side":"sell","order_filled_timestamp":1769869500000,"ft_is_entry":false,"ft_order_tag":"stop_loss","cost":8.465366909999998}],"funding_fees":0.0,"weekday":5},{"pair":"ETH/USDT","stake_amount":8.251424,"max_stake_amount":8.251424,"amount":0.0032,"open_date":"2026-01-31 14:25:00+00:00","close_date":"2026-01-31 16:15:00+00:00","open_rate":2578.57,"close_rate":2506.3700400000002,"fee_open":0.001,"fee_close":0.001,"trade_duration":110,"profit_ratio":-0.029942057926560968,"profit_abs":-0.24731168,"exit_reason":"stop_loss","initial_stop_loss_abs":2506.3700400000002,"initial_stop_loss_ratio":-0.028,"stop_loss_abs":2506.3700400000002,"stop_loss_ratio":-0.028,"min_rate":2505.0,"max_rate":2589.15,"is_open":false,"enter_tag":"","leverage":1.0,"is_short":false,"open_timestamp":1769869500000,"close_timestamp":1769876100000,"orders":[{"amount":0.0032,"safe_price":2578.57,"ft_order_side":"buy","order_filled_timestamp":1769869500000,"ft_is_entry":true,"ft_order_tag":"","cost":8.259675424},{"amount":0.0032,"safe_price":2506.3700400000002,"ft_order_side":"sell","order_filled_timestamp":1769876100000,"ft_is_entry":false,"ft_order_tag":"stop_loss","cost":8.028404512128}],"funding_fees":0.0,"weekday":5},{"pair":"XRP/USDT","stake_amount":8.41704,"max_stake_amount":8.41704,"amount":5.1,"open_date":"2026-01-31 14:25:00+00:00","close_date":"2026-01-31 16:55:00+00:00","open_rate":1.6504,"close_rate":1.6042,"fee_open":0.001,"fee_close":0.001,"trade_duration":150,"profit_ratio":-0.029935285267325983,"profit_abs":-0.25221846,"exit_reason":"stop_loss","initial_stop_loss_abs":1.6042,"initial_stop_loss_ratio":-0.028,"stop_loss_abs":1.6042,"stop_loss_ratio":-0.028,"min_rate":1.6033,"max_rate":1.6600000000000001,"is_open":false,"enter_tag":"","leverage":1.0,"is_short":false,"open_timestamp":1769869500000,"close_timestamp":1769878500000,"orders":[{"amount":5.1,"safe_price":1.6503999999999999,"ft_order_side":"buy","order_filled_timestamp":1769869500000,"ft_is_entry":true,"ft_order_tag":"","cost":8.425457039999998},{"amount":5.1,"safe_price":1.6042,"ft_order_side":"sell","order_filled_timestamp":1769878500000,"ft_is_entry":false,"ft_order_tag":"stop_loss","cost":8.189601419999999}],"funding_fees":0.0,"weekday":5},{"pair":"ETH/USDT","stake_amount":8.366655,"max_stake_amount":8.366655,"amount":0.0033,"open_date":"2026-01-31 16:20:00+00:00","close_date":"2026-01-31 17:05:00+00:00","open_rate":2535.35,"close_rate":2464.3601999999996,"fee_open":0.001,"fee_close":0.001,"trade_duration":45,"profit_ratio":-0.029942057505044146,"profit_abs":-0.25076538,"exit_reason":"stop_loss","initial_stop_loss_abs":2464.3601999999996,"initial_stop_loss_ratio":-0.028,"stop_loss_abs":2464.3601999999996,"stop_loss_ratio":-0.028,"min_rate":2453.58,"max_rate":2551.26,"is_open":false,"enter_tag":"","leverage":1.0,"is_short":false,"open_timestamp":1769876400000,"close_timestamp":1769879100000,"orders":[{"amount":0.0033,"safe_price":2535.35,"ft_order_side":"buy","order_filled_timestamp":1769876400000,"ft_is_entry":true,"ft_order_tag":"","cost":8.375021655},{"amount":0.0033,"safe_price":2464.3601999999996,"ft_order_side":"sell","order_filled_timestamp":1769879100000,"ft_is_entry":false,"ft_order_tag":"stop_loss","cost":8.140521048659998}],"funding_fees":0.0,"weekday":5},{"pair":"DOT/USDT","stake_amount":8.4911,"max_stake_amount":8.4911,"amount":5.45,"open_date":"2026-01-31 14:30:00+00:00","close_date":"2026-01-31 17:10:00+00:00","open_rate":1.558,"close_rate":1.515,"fee_open":0.001,"fee_close":0.001,"trade_duration":160,"profit_ratio":-0.02954234468996985,"profit_abs":-0.25109785,"exit_reason":"stop_loss","initial_stop_loss_abs":1.515,"initial_stop_loss_ratio":-0.028,"stop_loss_abs":1.515,"stop_loss_ratio":-0.028,"min_rate":1.465,"max_rate":1.592,"is_open":false,"enter_tag":"","leverage":1.0,"is_short":false,"open_timestamp":1769869800000,"close_timestamp":1769879400000,"orders":[{"amount":5.45,"safe_price":1.558,"ft_order_side":"buy","order_filled_timestamp":1769869800000,"ft_is_entry":true,"ft_order_tag":"","cost":8.4995911},{"amount":5.45,"safe_price":1.515,"ft_order_side":"sell","order_filled_timestamp":1769879400000,"ft_is_entry":false,"ft_order_tag":"stop_loss","cost":8.26500675}],"funding_fees":0.0,"weekday":5},{"pair":"DOGE/USDT","stake_amount":8.44905,"max_stake_amount":8.44905,"amount":79.0,"open_date":"2026-01-31 14:30:00+00:00","close_date":"2026-01-31 17:10:00+00:00","open_rate":0.10695,"close_rate":0.10396,"fee_open":0.001,"fee_close":0.001,"trade_duration":160,"profit_ratio":-0.029899133124939577,"profit_abs":-0.25287189,"exit_reason":"stop_loss","initial_stop_loss_abs":0.10396,"initial_stop_loss_ratio":-0.028,"stop_loss_abs":0.10396,"stop_loss_ratio":-0.028,"min_rate":0.099,"max_rate":0.1082,"is_open":false,"enter_tag":"","leverage":1.0,"is_short":false,"open_timestamp":1769869800000,"close_timestamp":1769879400000,"orders":[{"amount":79.0,"safe_price":0.10695,"ft_order_side":"buy","order_filled_timestamp":1769869800000,"ft_is_entry":true,"ft_order_tag":"","cost":8.45749905},{"amount":79.0,"safe_price":0.10396,"ft_order_side":"sell","order_filled_timestamp":1769879400000,"ft_is_entry":false,"ft_order_tag":"stop_loss","cost":8.221052839999999}],"funding_fees":0.0,"weekday":5},{"pair":"XRP/USDT","stake_amount":8.37408,"max_stake_amount":8.37408,"amount":5.2,"open_date":"2026-01-31 17:00:00+00:00","close_date":"2026-01-31 17:10:00+00:00","open_rate":1.6104,"close_rate":1.5654,"fee_open":0.001,"fee_close":0.001,"trade_duration":10,"profit_ratio":-0.02988553919999523,"profit_abs":-0.25051416,"exit_reason":"stop_loss","initial_stop_loss_abs":1.5654,"initial_stop_loss_ratio":-0.028,"stop_loss_abs":1.5654,"stop_loss_ratio":-0.028,"min_rate":1.5173,"max_rate":1.6163,"is_open":false,"enter_tag":"","leverage":1.0,"is_short":false,"open_timestamp":1769878800000,"close_timestamp":1769879400000,"orders":[{"amount":5.2,"safe_price":1.6104,"ft_order_side":"buy","order_filled_timestamp":1769878800000,"ft_is_entry":true,"ft_order_tag":"","cost":8.38245408},{"amount":5.2,"safe_price":1.5654,"ft_order_side":"sell","order_filled_timestamp":1769879400000,"ft_is_entry":false,"ft_order_tag":"stop_loss","cost":8.148220079999998}],"funding_fees":0.0,"weekday":5},{"pair":"ETH/USDT","stake_amount":8.102919,"max_stake_amount":8.102919,"amount":0.0033,"open_date":"2026-01-31 17:10:00+00:00","close_date":"2026-01-31 17:10:00+00:00","open_rate":2455.43,"close_rate":2386.67796,"fee_open":0.001,"fee_close":0.001,"trade_duration":0,"profit_ratio":-0.029942058155594534,"profit_abs":-0.24286069,"exit_reason":"stop_loss","initial_stop_loss_abs":2386.67796,"initial_stop_loss_ratio":-0.028,"stop_loss_abs":2386.67796,"stop_loss_ratio":-0.028,"min_rate":2370.0,"max_rate":2460.28,"is_open":false,"enter_tag":"","leverage":1.0,"is_short":false,"open_timestamp":1769879400000,"close_timestamp":1769879400000,"orders":[{"amount":0.0033,"safe_price":2455.43,"ft_order_side":"buy","order_filled_timestamp":1769879400000,"ft_is_entry":true,"ft_order_tag":"","cost":8.111021918999999},{"amount":0.0033,"safe_price":2386.67796,"ft_order_side":"sell","order_filled_timestamp":1769879400000,"ft_is_entry":false,"ft_order_tag":"stop_loss","cost":7.883913305267999}],"funding_fees":0.0,"weekday":5},{"pair":"ETH/USDT","stake_amount":7.949634,"max_stake_amount":7.949634,"amount":0.0033,"open_date":"2026-01-31 17:15:00+00:00","close_date":"2026-01-31 18:40:00+00:00","open_rate":2408.98,"close_rate":2341.5285599999997,"fee_open":0.001,"fee_close":0.001,"trade_duration":85,"profit_ratio":-0.029942057910892703,"profit_abs":-0.23826643,"exit_reason":"stop_loss","initial_stop_loss_abs":2341.5285599999997,"initial_stop_loss_ratio":-0.028,"stop_loss_abs":2341.5285599999997,"stop_loss_ratio":-0.028,"min_rate":2250.0,"max_rate":2433.0,"is_open":false,"enter_tag":"","leverage":1.0,"is_short":false,"open_timestamp":1769879700000,"close_timestamp":1769884800000,"orders":[{"amount":0.0033,"safe_price":2408.98,"ft_order_side":"buy","order_filled_timestamp":1769879700000,"ft_is_entry":true,"ft_order_tag":"","cost":7.957583633999999},{"amount":0.0033,"safe_price":2341.5285599999997,"ft_order_side":"sell","order_filled_timestamp":1769884800000,"ft_is_entry":false,"ft_order_tag":"stop_loss","cost":7.7347712922479985}],"funding_fees":0.0,"weekday":5},{"pair":"DOT/USDT","stake_amount":8.15586,"max_stake_amount":8.15586,"amount":5.43,"open_date":"2026-01-31 17:15:00+00:00","close_date":"2026-01-31 18:40:00+00:00","open_rate":1.502,"close_rate":1.46,"fee_open":0.001,"fee_close":0.001,"trade_duration":85,"profit_ratio":-0.02990484881297132,"profit_abs":-0.24414366,"exit_reason":"stop_loss","initial_stop_loss_abs":1.46,"initial_stop_loss_ratio":-0.028,"stop_loss_abs":1.46,"stop_loss_ratio":-0.028,"min_rate":1.399,"max_rate":1.518,"is_open":false,"enter_tag":"","leverage":1.0,"is_short":false,"open_timestamp":1769879700000,"close_timestamp":1769884800000,"orders":[{"amount":5.43,"safe_price":1.502,"ft_order_side":"buy","order_filled_timestamp":1769879700000,"ft_is_entry":true,"ft_order_tag":"","cost":8.164015859999997},{"amount":5.43,"safe_price":1.46,"ft_order_side":"sell","order_filled_timestamp":1769884800000,"ft_is_entry":false,"ft_order_tag":"stop_loss","cost":7.935727799999999}],"funding_fees":0.0,"weekday":5},{"pair":"DOGE/USDT","stake_amount":8.1328,"max_stake_amount":8.1328,"amount":80.0,"open_date":"2026-01-31 17:15:00+00:00","close_date":"2026-01-31 18:40:00+00:00","open_rate":0.10166,"close_rate":0.09882,"fee_open":0.001,"fee_close":0.001,"trade_duration":85,"profit_ratio":-0.0298784434137572,"profit_abs":-0.2432384,"exit_reason":"stop_loss","initial_stop_loss_abs":0.09882,"initial_stop_loss_ratio":-0.028,"stop_loss_abs":0.09882,"stop_loss_ratio":-0.028,"min_rate":0.09461000000000001,"max_rate":0.10282000000000001,"is_open":false,"enter_tag":"","leverage":1.0,"is_short":false,"open_timestamp":1769879700000,"close_timestamp":1769884800000,"orders":[{"amount":80.0,"safe_price":0.10166000000000001,"ft_order_side":"buy","order_filled_timestamp":1769879700000,"ft_is_entry":true,"ft_order_tag":"","cost":8.1409328},{"amount":80.0,"safe_price":0.09882,"ft_order_side":"sell","order_filled_timestamp":1769884800000,"ft_is_entry":false,"ft_order_tag":"stop_loss","cost":7.9135056}],"funding_fees":0.0,"weekday":5},{"pair":"XRP/USDT","stake_amount":8.11928,"max_stake_amount":8.11928,"amount":5.2,"open_date":"2026-01-31 17:15:00+00:00","close_date":"2026-01-31 18:40:00+00:00","open_rate":1.5614,"close_rate":1.5177,"fee_open":0.001,"fee_close":0.001,"trade_duration":85,"profit_ratio":-0.02992978585395647,"profit_abs":-0.24325132,"exit_reason":"stop_loss","initial_stop_loss_abs":1.5177,"initial_stop_loss_ratio":-0.028,"stop_loss_abs":1.5177,"stop_loss_ratio":-0.028,"min_rate":1.5028000000000001,"max_rate":1.5841,"is_open":false,"enter_tag":"","leverage":1.0,"is_short":false,"open_timestamp":1769879700000,"close_timestamp":1769884800000,"orders":[{"amount":5.2,"safe_price":1.5614,"ft_order_side":"buy","order_filled_timestamp":1769879700000,"ft_is_entry":true,"ft_order_tag":"","cost":8.127399279999999},{"amount":5.2,"safe_price":1.5177,"ft_order_side":"sell","order_filled_timestamp":1769884800000,"ft_is_entry":false,"ft_order_tag":"stop_loss","cost":7.8999320399999995}],"funding_fees":0.0,"weekday":5},{"pair":"ETH/USDT","stake_amount":7.762194,"max_stake_amount":7.762194,"amount":0.0033,"open_date":"2026-01-31 18:45:00+00:00","close_date":"2026-02-01 00:00:00+00:00","open_rate":2352.18,"close_rate":2451.96,"fee_open":0.001,"fee_close":0.001,"trade_duration":315,"profit_ratio":0.04033746551132744,"profit_abs":0.31342034,"exit_reason":"force_exit","initial_stop_loss_abs":2286.3189599999996,"initial_stop_loss_ratio":-0.028,"stop_loss_abs":2286.3189599999996,"stop_loss_ratio":-0.028,"min_rate":2327.4,"max_rate":2473.77,"is_open":false,"enter_tag":"","leverage":1.0,"is_short":false,"open_timestamp":1769885100000,"close_timestamp":1769904000000,"orders":[{"amount":0.0033,"safe_price":2352.18,"ft_order_side":"buy","order_filled_timestamp":1769885100000,"ft_is_entry":true,"ft_order_tag":"","cost":7.769956193999998},{"amount":0.0033,"safe_price":2451.96,"ft_order_side":"sell","order_filled_timestamp":1769904000000,"ft_is_entry":false,"ft_order_tag":"force_exit","cost":8.099559468}],"funding_fees":0.0,"weekday":6},{"pair":"DOT/USDT","stake_amount":7.95872,"max_stake_amount":7.95872,"amount":5.44,"open_date":"2026-01-31 18:45:00+00:00","close_date":"2026-02-01 00:00:00+00:00","open_rate":1.463,"close_rate":1.548,"fee_open":0.001,"fee_close":0.001,"trade_duration":315,"profit_ratio":0.055985709437520785,"profit_abs":0.44602016,"exit_reason":"force_exit","initial_stop_loss_abs":1.423,"initial_stop_loss_ratio":-0.028,"stop_loss_abs":1.423,"stop_loss_ratio":-0.028,"min_rate":1.453,"max_rate":1.557,"is_open":false,"enter_tag":"","leverage":1.0,"is_short":false,"open_timestamp":1769885100000,"close_timestamp":1769904000000,"orders":[{"amount":5.44,"safe_price":1.463,"ft_order_side":"buy","order_filled_timestamp":1769885100000,"ft_is_entry":true,"ft_order_tag":"","cost":7.966678720000001},{"amount":5.44,"safe_price":1.548,"ft_order_side":"sell","order_filled_timestamp":1769904000000,"ft_is_entry":false,"ft_order_tag":"force_exit","cost":8.42954112}],"funding_fees":0.0,"weekday":6},{"pair":"DOGE/USDT","stake_amount":7.96715,"max_stake_amount":7.96715,"amount":79.0,"open_date":"2026-01-31 18:45:00+00:00","close_date":"2026-02-01 00:00:00+00:00","open_rate":0.10085,"close_rate":0.10426,"fee_open":0.001,"fee_close":0.001,"trade_duration":315,"profit_ratio":0.03174703333354796,"profit_abs":0.25318631,"exit_reason":"force_exit","initial_stop_loss_abs":0.09803,"initial_stop_loss_ratio":-0.028,"stop_loss_abs":0.09803,"stop_loss_ratio":-0.028,"min_rate":0.09954,"max_rate":0.10478000000000001,"is_open":false,"enter_tag":"","leverage":1.0,"is_short":false,"open_timestamp":1769885100000,"close_timestamp":1769904000000,"orders":[{"amount":79.0,"safe_price":0.10085000000000001,"ft_order_side":"buy","order_filled_timestamp":1769885100000,"ft_is_entry":true,"ft_order_tag":"","cost":7.97511715},{"amount":79.0,"safe_price":0.10426,"ft_order_side":"sell","order_filled_timestamp":1769904000000,"ft_is_entry":false,"ft_order_tag":"force_exit","cost":8.244776539999998}],"funding_fees":0.0,"weekday":6},{"pair":"XRP/USDT","stake_amount":7.918,"max_stake_amount":7.918,"amount":5.0,"open_date":"2026-01-31 18:45:00+00:00","close_date":"2026-02-01 00:00:00+00:00","open_rate":1.5836,"close_rate":1.6472,"fee_open":0.001,"fee_close":0.001,"trade_duration":315,"profit_ratio":0.03808341191518762,"profit_abs":0.301846,"exit_reason":"force_exit","initial_stop_loss_abs":1.5393,"initial_stop_loss_ratio":-0.028,"stop_loss_abs":1.5393,"stop_loss_ratio":-0.028,"min_rate":1.5702,"max_rate":1.6546,"is_open":false,"enter_tag":"","leverage":1.0,"is_short":false,"open_timestamp":1769885100000,"close_timestamp":1769904000000,"orders":[{"amount":5.0,"safe_price":1.5836000000000001,"ft_order_side":"buy","order_filled_timestamp":1769885100000,"ft_is_entry":true,"ft_order_tag":"","cost":7.925918},{"amount":5.0,"safe_price":1.6472,"ft_order_side":"sell","order_filled_timestamp":1769904000000,"ft_is_entry":false,"ft_order_tag":"force_exit","cost":8.244235999999999}],"funding_fees":0.0,"weekday":6}],"locks":[],"best_pair":{"key":"XRP/USDT","trades":16,"profit_mean":-0.011912652535279568,"profit_mean_pct":-1.19,"profit_total_abs":-1.7657443399999995,"profit_total":-0.03531488679999999,"profit_total_pct":-3.53,"duration_avg":"1 day, 20:47:00","wins":4,"draws":0,"losses":12,"winrate":0.25,"cagr":-0.3543093229068235,"expectancy":-0.11035902124999998,"expectancy_ratio":-0.39586702190112355,"sortino":-47.394153401605536,"sharpe":-3.1040991618682665,"calmar":-35.453831269244205,"sqn":-1.1799,"profit_factor":0.4721773041318353,"max_drawdown_account":0.06343366765754888,"max_drawdown_abs":3.24646364},"worst_pair":{"key":"DOT/USDT","trades":21,"profit_mean":-0.01184292966041325,"profit_mean_pct":-1.18,"profit_total_abs":-2.43069309,"profit_total":-0.048613861800000005,"profit_total_pct":-4.86,"duration_avg":"1 day, 10:06:00","wins":3,"draws":0,"losses":18,"winrate":0.14285714285714285,"cagr":-0.4546508555092692,"expectancy":-0.11574729,"expectancy_ratio":-0.40089308794971934,"sortino":-65.70597164271652,"sharpe":-3.4942863366054713,"calmar":-37.40489581078396,"sqn":-1.1685,"profit_factor":0.5322913973919943,"max_drawdown_account":0.08276693068007107,"max_drawdown_abs":4.25219057},"results_per_pair":[{"key":"XRP/USDT","trades":16,"profit_mean":-0.011912652535279568,"profit_mean_pct":-1.19,"profit_total_abs":-1.7657443399999995,"profit_total":-0.03531488679999999,"profit_total_pct":-3.53,"duration_avg":"1 day, 20:47:00","wins":4,"draws":0,"losses":12,"winrate":0.25,"cagr":-0.3543093229068235,"expectancy":-0.11035902124999998,"expectancy_ratio":-0.39586702190112355,"sortino":-47.394153401605536,"sharpe":-3.1040991618682665,"calmar":-35.453831269244205,"sqn":-1.1799,"profit_factor":0.4721773041318353,"max_drawdown_account":0.06343366765754888,"max_drawdown_abs":3.24646364},{"key":"DOGE/USDT","trades":18,"profit_mean":-0.010877283869940598,"profit_mean_pct":-1.09,"profit_total_abs":-1.85445179,"profit_total":-0.037089035799999996,"profit_total_pct":-3.71,"duration_avg":"1 day, 15:48:00","wins":4,"draws":0,"losses":14,"winrate":0.2222222222222222,"cagr":-0.36860965384848154,"expectancy":-0.10302509944444449,"expectancy_ratio":-0.361038664399438,"sortino":-52.052654022701034,"sharpe":-2.593587979354832,"calmar":-32.57018229622096,"sqn":-0.9329,"profit_factor":0.535807431486437,"max_drawdown_account":0.07251878702880056,"max_drawdown_abs":3.74465374},{"key":"ETH/USDT","trades":19,"profit_mean":-0.013525174124121554,"profit_mean_pct":-1.35,"profit_total_abs":-2.3885521300000003,"profit_total":-0.04777104260000001,"profit_total_pct":-4.78,"duration_avg":"1 day, 13:42:00","wins":4,"draws":0,"losses":15,"winrate":0.21052631578947367,"cagr":-0.44874377231932316,"expectancy":-0.1257132700000001,"expectancy_ratio":-0.4474241481983797,"sortino":-59.11914286778735,"sharpe":-4.591842248334039,"calmar":-43.1702389964866,"sqn":-1.6101,"profit_factor":0.43326274561538575,"max_drawdown_account":0.0704701903138424,"max_drawdown_abs":3.58579248},{"key":"DOT/USDT","trades":21,"profit_mean":-0.01184292966041325,"profit_mean_pct":-1.18,"profit_total_abs":-2.43069309,"profit_total":-0.048613861800000005,"profit_total_pct":-4.86,"duration_avg":"1 day, 10:06:00","wins":3,"draws":0,"losses":18,"winrate":0.14285714285714285,"cagr":-0.4546508555092692,"expectancy":-0.11574729,"expectancy_ratio":-0.40089308794971934,"sortino":-65.70597164271652,"sharpe":-3.4942863366054713,"calmar":-37.40489581078396,"sqn":-1.1685,"profit_factor":0.5322913973919943,"max_drawdown_account":0.08276693068007107,"max_drawdown_abs":4.25219057},{"key":"TOTAL","trades":74,"profit_mean":-0.012055045695275563,"profit_mean_pct":-1.21,"profit_total_abs":-8.439441350000001,"profit_total":-0.16878882700000003,"profit_total_pct":-16.88,"duration_avg":"1 day, 14:43:00","wins":15,"draws":0,"losses":59,"winrate":0.20270270270270271,"cagr":-0.8945236652987975,"expectancy":-0.11404650472972967,"expectancy_ratio":-0.40166969190982094,"sortino":-221.37966850789022,"sharpe":-13.322609499855048,"calmar":-41.23216585114013,"sqn":-2.4154,"profit_factor":0.49621089489276693,"max_drawdown_account":0.2606950136647889,"max_drawdown_abs":14.191644980000003}],"results_per_enter_tag":[{"key":"","trades":74,"profit_mean":-0.012055045695275563,"profit_mean_pct":-1.21,"profit_total_abs":-8.439441350000001,"profit_total":-0.16878882700000003,"profit_total_pct":-16.88,"duration_avg":"1 day, 14:43:00","wins":15,"draws":0,"losses":59,"winrate":0.20270270270270271,"cagr":-0.8945236652987975,"expectancy":-0.11404650472972967,"expectancy_ratio":-0.40166969190982094,"sortino":-221.37966850789022,"sharpe":-13.322609499855048,"calmar":-41.23216585114013,"sqn":-2.4154,"profit_factor":0.49621089489276693,"max_drawdown_account":0.2606950136647889,"max_drawdown_abs":14.191644980000003},{"key":"TOTAL","trades":74,"profit_mean":-0.012055045695275563,"profit_mean_pct":-1.21,"profit_total_abs":-8.439441350000001,"profit_total":-0.16878882700000003,"profit_total_pct":-16.88,"duration_avg":"1 day, 14:43:00","wins":15,"draws":0,"losses":59,"winrate":0.20270270270270271,"cagr":-0.8945236652987975,"expectancy":-0.11404650472972967,"expectancy_ratio":-0.40166969190982094,"sortino":-221.37966850789022,"sharpe":-13.322609499855048,"calmar":-41.23216585114013,"sqn":-2.4154,"profit_factor":0.49621089489276693,"max_drawdown_account":0.2606950136647889,"max_drawdown_abs":14.191644980000003}],"exit_reason_summary":[{"key":"roi","trades":11,"profit_mean":0.06391606615946033,"profit_mean_pct":6.39,"profit_total_abs":6.998018869999999,"profit_total":0.13996037739999997,"profit_total_pct":14.0,"duration_avg":"4 days, 4:10:00","wins":11,"draws":0,"losses":0,"winrate":1.0,"cagr":3.9221937362706054,"expectancy":0.6361835336363636,"expectancy_ratio":100.0,"sortino":-100,"sharpe":8.124471146254539,"calmar":-100,"sqn":3.6676,"profit_factor":0.0,"max_drawdown_account":0.0,"max_drawdown_abs":0.0},{"key":"force_exit","trades":4,"profit_mean":0.041538405049395946,"profit_mean_pct":4.15,"profit_total_abs":1.31447281,"profit_total":0.026289456200000002,"profit_total_pct":2.63,"duration_avg":"5:15:00","wins":4,"draws":0,"losses":0,"winrate":1.0,"cagr":0.37125023980244376,"expectancy":0.3286182025,"expectancy_ratio":100.0,"sortino":-100,"sharpe":11.715725081949973,"calmar":-100,"sqn":7.9661,"profit_factor":0.0,"max_drawdown_account":0.0,"max_drawdown_abs":0.0},{"key":"stop_loss","trades":59,"profit_mean":-0.029852605583085404,"profit_mean_pct":-2.99,"profit_total_abs":-16.751933029999996,"profit_total":-0.3350386605999999,"profit_total_pct":-33.5,"duration_avg":"1 day, 5:32:00","wins":0,"draws":0,"losses":59,"winrate":0.0,"cagr":-0.9930173090328579,"expectancy":-0.2839310683050847,"expectancy_ratio":-1.0,"sortino":-439.42924978651314,"sharpe":-439.42924978651314,"calmar":-63.68324391514264,"sqn":-89.0688,"profit_factor":0.0,"max_drawdown_account":0.3350386606000001,"max_drawdown_abs":16.75193303},{"key":"TOTAL","trades":74,"profit_mean":-0.012055045695275563,"profit_mean_pct":-1.21,"profit_total_abs":-8.439441350000001,"profit_total":-0.16878882700000003,"profit_total_pct":-16.88,"duration_avg":"1 day, 14:43:00","wins":15,"draws":0,"losses":59,"winrate":0.20270270270270271,"cagr":-0.8945236652987975,"expectancy":-0.11404650472972967,"expectancy_ratio":-0.40166969190982094,"sortino":-221.37966850789022,"sharpe":-13.322609499855048,"calmar":-41.23216585114013,"sqn":-2.4154,"profit_factor":0.49621089489276693,"max_drawdown_account":0.2606950136647889,"max_drawdown_abs":14.191644980000003}],"mix_tag_stats":[{"key":["","roi"],"trades":11,"profit_mean":0.06391606615946033,"profit_mean_pct":6.39,"profit_total_abs":6.998018869999999,"profit_total":0.13996037739999997,"profit_total_pct":14.0,"duration_avg":"4 days, 4:10:00","wins":11,"draws":0,"losses":0,"winrate":1.0,"cagr":3.9221937362706054,"expectancy":0.6361835336363636,"expectancy_ratio":100.0,"sortino":-100,"sharpe":8.124471146254539,"calmar":-100,"sqn":3.6676,"profit_factor":0.0,"max_drawdown_account":0.0,"max_drawdown_abs":0.0},{"key":["","force_exit"],"trades":4,"profit_mean":0.041538405049395946,"profit_mean_pct":4.15,"profit_total_abs":1.31447281,"profit_total":0.026289456200000002,"profit_total_pct":2.63,"duration_avg":"5:15:00","wins":4,"draws":0,"losses":0,"winrate":1.0,"cagr":0.37125023980244376,"expectancy":0.3286182025,"expectancy_ratio":100.0,"sortino":-100,"sharpe":11.715725081949973,"calmar":-100,"sqn":7.9661,"profit_factor":0.0,"max_drawdown_account":0.0,"max_drawdown_abs":0.0},{"key":["","stop_loss"],"trades":59,"profit_mean":-0.029852605583085404,"profit_mean_pct":-2.99,"profit_total_abs":-16.751933029999996,"profit_total":-0.3350386605999999,"profit_total_pct":-33.5,"duration_avg":"1 day, 5:32:00","wins":0,"draws":0,"losses":59,"winrate":0.0,"cagr":-0.9930173090328579,"expectancy":-0.2839310683050847,"expectancy_ratio":-1.0,"sortino":-439.42924978651314,"sharpe":-439.42924978651314,"calmar":-63.68324391514264,"sqn":-89.0688,"profit_factor":0.0,"max_drawdown_account":0.3350386606000001,"max_drawdown_abs":16.75193303},{"key":"TOTAL","trades":74,"profit_mean":-0.012055045695275563,"profit_mean_pct":-1.21,"profit_total_abs":-8.439441350000001,"profit_total":-0.16878882700000003,"profit_total_pct":-16.88,"duration_avg":"1 day, 14:43:00","wins":15,"draws":0,"losses":59,"winrate":0.20270270270270271,"cagr":-0.8945236652987975,"expectancy":-0.11404650472972967,"expectancy_ratio":-0.40166969190982094,"sortino":-221.37966850789022,"sharpe":-13.322609499855048,"calmar":-41.23216585114013,"sqn":-2.4154,"profit_factor":0.49621089489276693,"max_drawdown_account":0.2606950136647889,"max_drawdown_abs":14.191644980000003}],"left_open_trades":[{"key":"DOT/USDT","trades":1,"profit_mean":0.055985709437520785,"profit_mean_pct":5.6,"profit_total_abs":0.44602016,"profit_total":0.0089204032,"profit_total_pct":0.89,"duration_avg":"5:15:00","wins":1,"draws":0,"losses":0,"winrate":1.0,"cagr":0.1141038493525548,"expectancy":0.44602016,"expectancy_ratio":100.0,"sortino":-100,"sharpe":-100,"calmar":-100,"sqn":-100.0,"profit_factor":0.0,"max_drawdown_account":0.0,"max_drawdown_abs":0.0},{"key":"ETH/USDT","trades":1,"profit_mean":0.04033746551132744,"profit_mean_pct":4.03,"profit_total_abs":0.31342034,"profit_total":0.0062684068,"profit_total_pct":0.63,"duration_avg":"5:15:00","wins":1,"draws":0,"losses":0,"winrate":1.0,"cagr":0.07899233056481636,"expectancy":0.31342034,"expectancy_ratio":100.0,"sortino":-100,"sharpe":-100,"calmar":-100,"sqn":-100.0,"profit_factor":0.0,"max_drawdown_account":0.0,"max_drawdown_abs":0.0},{"key":"XRP/USDT","trades":1,"profit_mean":0.03808341191518762,"profit_mean_pct":3.81,"profit_total_abs":0.301846,"profit_total":0.00603692,"profit_total_pct":0.6,"duration_avg":"5:15:00","wins":1,"draws":0,"losses":0,"winrate":1.0,"cagr":0.07597623829993694,"expectancy":0.301846,"expectancy_ratio":100.0,"sortino":-100,"sharpe":-100,"calmar":-100,"sqn":-100.0,"profit_factor":0.0,"max_drawdown_account":0.0,"max_drawdown_abs":0.0},{"key":"DOGE/USDT","trades":1,"profit_mean":0.03174703333354796,"profit_mean_pct":3.17,"profit_total_abs":0.25318631,"profit_total":0.0050637262,"profit_total_pct":0.51,"duration_avg":"5:15:00","wins":1,"draws":0,"losses":0,"winrate":1.0,"cagr":0.06338073832920887,"expectancy":0.25318631,"expectancy_ratio":100.0,"sortino":-100,"sharpe":-100,"calmar":-100,"sqn":-100.0,"profit_factor":0.0,"max_drawdown_account":0.0,"max_drawdown_abs":0.0},{"key":"TOTAL","trades":4,"profit_mean":0.041538405049395946,"profit_mean_pct":4.15,"profit_total_abs":1.31447281,"profit_total":0.026289456200000002,"profit_total_pct":2.63,"duration_avg":"5:15:00","wins":4,"draws":0,"losses":0,"winrate":1.0,"cagr":0.37125023980244376,"expectancy":0.3286182025,"expectancy_ratio":100.0,"sortino":-100,"sharpe":11.715725081949973,"calmar":-100,"sqn":7.9661,"profit_factor":0.0,"max_drawdown_account":0.0,"max_drawdown_abs":0.0}],"total_trades":74,"trade_count_long":74,"trade_count_short":0,"total_volume":1399.7925349212128,"avg_stake_amount":9.496183702702702,"profit_mean":-0.012055045695275563,"profit_median":-0.029899775382377647,"profit_total":-0.16878882700000003,"profit_total_long":-0.16878882700000003,"profit_total_short":0.0,"profit_total_abs":-8.439441350000001,"profit_total_long_abs":-8.439441350000001,"profit_total_short_abs":0.0,"cagr":-0.8945236652987975,"expectancy":-0.11404650472972967,"expectancy_ratio":-0.40166969190982094,"sortino":-221.37966850789022,"sharpe":-13.322609499855048,"calmar":-41.23216585114013,"sqn":-2.4154,"profit_factor":0.49621089489276693,"backtest_start":"2026-01-02 00:00:00","backtest_start_ts":1767312000000,"backtest_end":"2026-02-01 00:00:00","backtest_end_ts":1769904000000,"backtest_days":30,"backtest_run_start_ts":1769939590,"backtest_run_end_ts":1769939592,"trades_per_day":2.47,"market_change":-0.17484539015725417,"pairlist":["ETH/USDT","DOT/USDT","DOGE/USDT","XRP/USDT"],"stake_amount":"unlimited","stake_currency":"USDT","stake_currency_decimals":3,"starting_balance":50,"dry_run_wallet":50,"final_balance":41.56055865,"rejected_signals":0,"timedout_entry_orders":0,"timedout_exit_orders":0,"canceled_trade_entries":0,"canceled_entry_orders":0,"replaced_entry_orders":0,"max_open_trades":4,"max_open_trades_setting":5,"timeframe":"5m","timeframe_detail":"","timerange":"20260102-20260201","enable_protections":false,"strategy_name":"mabStra","freqaimodel":"XGBoostRegressor","freqai_identifier":"qs_v9_scalp_5m1h_l2","stoploss":-0.028,"trailing_stop":false,"trailing_stop_positive":null,"trailing_stop_positive_offset":0.0,"trailing_only_offset_is_reached":false,"use_custom_stoploss":false,"minimal_roi":{"0":0.598,"644":0.166,"3269":0.115,"7289":0},"use_exit_signal":true,"exit_profit_only":false,"exit_profit_offset":0.0,"ignore_roi_if_entry_signal":false,"trading_mode":"spot","margin_mode":"","periodic_breakdown":{"day":[{"date":"04/01/2026","date_ts":1767484800000,"profit_abs":2.75533544,"wins":2,"draws":0,"losses":0,"trades":2,"profit_factor":0.0},{"date":"05/01/2026","date_ts":1767571200000,"profit_abs":1.1367681,"wins":1,"draws":0,"losses":0,"trades":1,"profit_factor":0.0},{"date":"06/01/2026","date_ts":1767657600000,"profit_abs":-0.3180081,"wins":0,"draws":0,"losses":1,"trades":1,"profit_factor":0.0},{"date":"07/01/2026","date_ts":1767744000000,"profit_abs":0.55023664,"wins":1,"draws":0,"losses":1,"trades":2,"profit_factor":2.75570789},{"date":"08/01/2026","date_ts":1767830400000,"profit_abs":-1.2456445,"wins":0,"draws":0,"losses":4,"trades":4,"profit_factor":0.0},{"date":"09/01/2026","date_ts":1767916800000,"profit_abs":0.0605535,"wins":1,"draws":0,"losses":0,"trades":1,"profit_factor":0.0},{"date":"10/01/2026","date_ts":1768003200000,"profit_abs":0.0,"wins":0,"draws":0,"losses":0,"trades":0,"profit_factor":0.0},{"date":"11/01/2026","date_ts":1768089600000,"profit_abs":-0.93191266,"wins":0,"draws":0,"losses":3,"trades":3,"profit_factor":0.0},{"date":"12/01/2026","date_ts":1768176000000,"profit_abs":0.0,"wins":0,"draws":0,"losses":0,"trades":0,"profit_factor":0.0},{"date":"13/01/2026","date_ts":1768262400000,"profit_abs":0.06326417,"wins":1,"draws":0,"losses":0,"trades":1,"profit_factor":0.0},{"date":"14/01/2026","date_ts":1768348800000,"profit_abs":0.87168858,"wins":1,"draws":0,"losses":1,"trades":2,"profit_factor":3.7951761},{"date":"15/01/2026","date_ts":1768435200000,"profit_abs":-0.61889983,"wins":0,"draws":0,"losses":2,"trades":2,"profit_factor":0.0},{"date":"16/01/2026","date_ts":1768521600000,"profit_abs":0.2057285,"wins":2,"draws":0,"losses":0,"trades":2,"profit_factor":0.0},{"date":"17/01/2026","date_ts":1768608000000,"profit_abs":0.0,"wins":0,"draws":0,"losses":0,"trades":0,"profit_factor":0.0},{"date":"18/01/2026","date_ts":1768694400000,"profit_abs":-0.03390077,"wins":1,"draws":0,"losses":2,"trades":3,"profit_factor":0.94528566},{"date":"19/01/2026","date_ts":1768780800000,"profit_abs":-1.84148467,"wins":0,"draws":0,"losses":6,"trades":6,"profit_factor":0.0},{"date":"20/01/2026","date_ts":1768867200000,"profit_abs":-1.49521656,"wins":0,"draws":0,"losses":5,"trades":5,"profit_factor":0.0},{"date":"21/01/2026","date_ts":1768953600000,"profit_abs":-0.59027731,"wins":0,"draws":0,"losses":2,"trades":2,"profit_factor":0.0},{"date":"22/01/2026","date_ts":1769040000000,"profit_abs":0.0,"wins":0,"draws":0,"losses":0,"trades":0,"profit_factor":0.0},{"date":"23/01/2026","date_ts":1769126400000,"profit_abs":0.0,"wins":0,"draws":0,"losses":0,"trades":0,"profit_factor":0.0},{"date":"24/01/2026","date_ts":1769212800000,"profit_abs":0.0,"wins":0,"draws":0,"losses":0,"trades":0,"profit_factor":0.0},{"date":"25/01/2026","date_ts":1769299200000,"profit_abs":-1.14728714,"wins":0,"draws":0,"losses":4,"trades":4,"profit_factor":0.0},{"date":"26/01/2026","date_ts":1769385600000,"profit_abs":0.1434956,"wins":1,"draws":0,"losses":0,"trades":1,"profit_factor":0.0},{"date":"27/01/2026","date_ts":1769472000000,"profit_abs":0.0,"wins":0,"draws":0,"losses":0,"trades":0,"profit_factor":0.0},{"date":"28/01/2026","date_ts":1769558400000,"profit_abs":0.0,"wins":0,"draws":0,"losses":0,"trades":0,"profit_factor":0.0},{"date":"29/01/2026","date_ts":1769644800000,"profit_abs":-1.40148579,"wins":0,"draws":0,"losses":5,"trades":5,"profit_factor":0.0},{"date":"30/01/2026","date_ts":1769731200000,"profit_abs":-1.36326104,"wins":0,"draws":0,"losses":5,"trades":5,"profit_factor":0.0},{"date":"31/01/2026","date_ts":1769817600000,"profit_abs":-4.55360632,"wins":0,"draws":0,"losses":18,"trades":18,"profit_factor":0.0},{"date":"01/02/2026","date_ts":1769904000000,"profit_abs":1.31447281,"wins":4,"draws":0,"losses":0,"trades":4,"profit_factor":0.0}],"week":[{"date":"05/01/2026","date_ts":1767571200000,"profit_abs":3.89210354,"wins":3,"draws":0,"losses":0,"trades":3,"profit_factor":0.0},{"date":"12/01/2026","date_ts":1768176000000,"profit_abs":-1.88477512,"wins":2,"draws":0,"losses":9,"trades":11,"profit_factor":0.32901414},{"date":"19/01/2026","date_ts":1768780800000,"profit_abs":-1.35360402,"wins":5,"draws":0,"losses":11,"trades":16,"profit_factor":0.60092278},{"date":"26/01/2026","date_ts":1769385600000,"profit_abs":-3.08928541,"wins":1,"draws":0,"losses":11,"trades":12,"profit_factor":0.04438766},{"date":"02/02/2026","date_ts":1769990400000,"profit_abs":-6.00388034,"wins":4,"draws":0,"losses":28,"trades":32,"profit_factor":0.1796132}],"month":[{"date":"31/01/2026","date_ts":1769817600000,"profit_abs":-9.75391416,"wins":11,"draws":0,"losses":59,"trades":70,"profit_factor":0.41774396},{"date":"28/02/2026","date_ts":1772236800000,"profit_abs":1.31447281,"wins":4,"draws":0,"losses":0,"trades":4,"profit_factor":0.0}],"year":[{"date":"31/12/2026","date_ts":1798675200000,"profit_abs":-8.43944135,"wins":15,"draws":0,"losses":59,"trades":74,"profit_factor":0.49621089}],"weekday":[{"date":"Monday","date_ts":0,"profit_abs":-0.56122097,"wins":2,"draws":0,"losses":6,"trades":8,"profit_factor":0.69523451},{"date":"Tuesday","date_ts":1,"profit_abs":-1.74996049,"wins":1,"draws":0,"losses":6,"trades":7,"profit_factor":0.03489042},{"date":"Wednesday","date_ts":2,"profit_abs":0.83164791,"wins":2,"draws":0,"losses":4,"trades":6,"profit_factor":1.68418505},{"date":"Thursday","date_ts":3,"profit_abs":-3.26603012,"wins":0,"draws":0,"losses":11,"trades":11,"profit_factor":0.0},{"date":"Friday","date_ts":4,"profit_abs":-1.09697904,"wins":3,"draws":0,"losses":5,"trades":8,"profit_factor":0.19532723},{"date":"Saturday","date_ts":5,"profit_abs":-4.55360632,"wins":0,"draws":0,"losses":18,"trades":18,"profit_factor":0.0},{"date":"Sunday","date_ts":6,"profit_abs":1.95670768,"wins":7,"draws":0,"losses":9,"trades":16,"profit_factor":1.72502998}]},"backtest_best_day":0.2807192807192807,"backtest_worst_day":-0.5378177523779677,"backtest_best_day_abs":2.75533544,"backtest_worst_day_abs":-4.55360632,"winning_days":9,"draw_days":8,"losing_days":12,"daily_profit":[["2026-01-04",2.75533544],["2026-01-05",1.1367681],["2026-01-06",-0.3180081],["2026-01-07",0.55023664],["2026-01-08",-1.2456445],["2026-01-09",0.0605535],["2026-01-10",0.0],["2026-01-11",-0.93191266],["2026-01-12",0.0],["2026-01-13",0.06326417],["2026-01-14",0.87168858],["2026-01-15",-0.61889983],["2026-01-16",0.2057285],["2026-01-17",0.0],["2026-01-18",-0.03390077],["2026-01-19",-1.84148467],["2026-01-20",-1.49521656],["2026-01-21",-0.59027731],["2026-01-22",0.0],["2026-01-23",0.0],["2026-01-24",0.0],["2026-01-25",-1.14728714],["2026-01-26",0.1434956],["2026-01-27",0.0],["2026-01-28",0.0],["2026-01-29",-1.40148579],["2026-01-30",-1.36326104],["2026-01-31",-4.55360632],["2026-02-01",1.31447281]],"wins":15,"losses":59,"draws":0,"winrate":0.20270270270270271,"holding_avg":"1 day, 14:43:00","holding_avg_s":139380.0,"winner_holding_min":"0d 05:15","winner_holding_min_s":18900.0,"winner_holding_max":"5d 01:30","winner_holding_max_s":437400.0,"winner_holding_avg":"3d 02:51","winner_holding_avg_s":269460.0,"loser_holding_min":"0d 00:00","loser_holding_min_s":0.0,"loser_holding_max":"4d 20:35","loser_holding_max_s":419700.0,"loser_holding_avg":"1d 05:32","loser_holding_avg_s":106320.0,"max_consecutive_wins":4,"max_consecutive_losses":28,"max_drawdown_account":0.2606950136647889,"max_relative_drawdown":0.2606950136647889,"max_drawdown_abs":14.191644980000003,"drawdown_start":"2026-01-07 03:50:00","drawdown_start_ts":1767757800000.0,"drawdown_end":"2026-01-31 18:40:00","drawdown_end_ts":1769884800000.0,"drawdown_duration":"24 days 14:50:00","drawdown_duration_s":2127000.0,"max_drawdown_low":-9.753914160000003,"max_drawdown_high":4.43773082,"csum_min":40.24608584,"csum_max":54.43773082}},"strategy_comparison":[{"key":"mabStra","trades":74,"profit_mean":-0.012055045695275563,"profit_mean_pct":-1.21,"profit_total_abs":-8.439441350000001,"profit_total":-0.16878882700000003,"profit_total_pct":-16.88,"duration_avg":"1 day, 14:43:00","wins":15,"draws":0,"losses":59,"winrate":0.20270270270270271,"cagr":-0.8945236652987975,"expectancy":-0.11404650472972967,"expectancy_ratio":-0.40166969190982094,"sortino":-221.37966850789022,"sharpe":-13.322609499855048,"calmar":-41.23216585114013,"sqn":-2.4154,"profit_factor":0.49621089489276693,"max_drawdown_account":0.2606950136647889,"max_drawdown_abs":"14.192"}]}