{"strategy":{"MultiMa":{"trades":[{"pair":"SAND/USDT","stake_amount":24.684,"max_stake_amount":24.684,"amount":136.0,"open_date":"2025-11-04 11:15:00+00:00","close_date":"2025-11-04 20:15:00+00:00","open_rate":0.1815,"close_rate":0.1634,"fee_open":0.001,"fee_close":0.001,"trade_duration":540,"profit_ratio":-0.10152327011831143,"profit_abs":-2.5085064,"exit_reason":"stop_loss","initial_stop_loss_abs":0.1634,"initial_stop_loss_ratio":-0.1,"stop_loss_abs":0.1634,"stop_loss_ratio":-0.1,"min_rate":0.1626,"max_rate":0.1849,"is_open":false,"enter_tag":"","leverage":1.0,"is_short":false,"open_timestamp":1762254900000,"close_timestamp":1762287300000,"orders":[{"amount":136.0,"safe_price":0.18150000000000002,"ft_order_side":"buy","order_filled_timestamp":1762254900000,"ft_is_entry":true,"ft_order_tag":"","cost":24.708684},{"amount":136.0,"safe_price":0.1634,"ft_order_side":"sell","order_filled_timestamp":1762287300000,"ft_is_entry":false,"ft_order_tag":"stop_loss","cost":22.244622399999997}],"funding_fees":0.0,"weekday":1},{"pair":"ATOM/USDT","stake_amount":24.72653,"max_stake_amount":24.72653,"amount":9.61,"open_date":"2025-11-04 11:05:00+00:00","close_date":"2025-11-05 09:50:00+00:00","open_rate":2.573,"close_rate":2.583,"fee_open":0.001,"fee_close":0.001,"trade_duration":1365,"profit_ratio":0.001880746536790066,"profit_abs":0.04655084,"exit_reason":"exit_signal","initial_stop_loss_abs":2.316,"initial_stop_loss_ratio":-0.1,"stop_loss_abs":2.316,"stop_loss_ratio":-0.1,"min_rate":2.346,"max_rate":2.641,"is_open":false,"enter_tag":"","leverage":1.0,"is_short":false,"open_timestamp":1762254300000,"close_timestamp":1762336200000,"orders":[{"amount":9.61,"safe_price":2.573,"ft_order_side":"buy","order_filled_timestamp":1762254300000,"ft_is_entry":true,"ft_order_tag":"","cost":24.751256529999996},{"amount":9.61,"safe_price":2.583,"ft_order_side":"sell","order_filled_timestamp":1762336200000,"ft_is_entry":false,"ft_order_tag":"exit_signal","cost":24.847452629999996}],"funding_fees":0.0,"weekday":2},{"pair":"SAND/USDT","stake_amount":22.2267,"max_stake_amount":22.2267,"amount":129.0,"open_date":"2025-11-04 20:45:00+00:00","close_date":"2025-11-05 10:50:00+00:00","open_rate":0.1723,"close_rate":0.1758,"fee_open":0.001,"fee_close":0.001,"trade_duration":845,"profit_ratio":0.018274818623048455,"profit_abs":0.4065951,"exit_reason":"exit_signal","initial_stop_loss_abs":0.1551,"initial_stop_loss_ratio":-0.1,"stop_loss_abs":0.1551,"stop_loss_ratio":-0.1,"min_rate":0.1623,"max_rate":0.1796,"is_open":false,"enter_tag":"","leverage":1.0,"is_short":false,"open_timestamp":1762289100000,"close_timestamp":1762339800000,"orders":[{"amount":129.0,"safe_price":0.1723,"ft_order_side":"buy","order_filled_timestamp":1762289100000,"ft_is_entry":true,"ft_order_tag":"","cost":22.2489267},{"amount":129.0,"safe_price":0.1758,"ft_order_side":"sell","order_filled_timestamp":1762339800000,"ft_is_entry":false,"ft_order_tag":"exit_signal","cost":22.7008782}],"funding_fees":0.0,"weekday":2},{"pair":"ATOM/USDT","stake_amount":23.70936,"max_stake_amount":23.70936,"amount":8.92,"open_date":"2025-11-05 13:55:00+00:00","close_date":"2025-11-05 15:00:00+00:00","open_rate":2.658,"close_rate":2.626,"fee_open":0.001,"fee_close":0.001,"trade_duration":65,"profit_ratio":-0.014013074961156228,"profit_abs":-0.33257328,"exit_reason":"exit_signal","initial_stop_loss_abs":2.393,"initial_stop_loss_ratio":-0.1,"stop_loss_abs":2.393,"stop_loss_ratio":-0.1,"min_rate":2.607,"max_rate":2.658,"is_open":false,"enter_tag":"","leverage":1.0,"is_short":false,"open_timestamp":1762350900000,"close_timestamp":1762354800000,"orders":[{"amount":8.92,"safe_price":2.658,"ft_order_side":"buy","order_filled_timestamp":1762350900000,"ft_is_entry":true,"ft_order_tag":"","cost":23.73306936},{"amount":8.92,"safe_price":2.626,"ft_order_side":"sell","order_filled_timestamp":1762354800000,"ft_is_entry":false,"ft_order_tag":"exit_signal","cost":23.447343919999998}],"funding_fees":0.0,"weekday":2},{"pair":"ATOM/USDT","stake_amount":23.49648,"max_stake_amount":23.49648,"amount":8.82,"open_date":"2025-11-05 16:05:00+00:00","close_date":"2025-11-05 16:20:00+00:00","open_rate":2.664,"close_rate":2.641,"fee_open":0.001,"fee_close":0.001,"trade_duration":15,"profit_ratio":-0.010614385614385614,"profit_abs":-0.2496501,"exit_reason":"exit_signal","initial_stop_loss_abs":2.398,"initial_stop_loss_ratio":-0.1,"stop_loss_abs":2.398,"stop_loss_ratio":-0.1,"min_rate":2.635,"max_rate":2.67,"is_open":false,"enter_tag":"","leverage":1.0,"is_short":false,"open_timestamp":1762358700000,"close_timestamp":1762359600000,"orders":[{"amount":8.82,"safe_price":2.664,"ft_order_side":"buy","order_filled_timestamp":1762358700000,"ft_is_entry":true,"ft_order_tag":"","cost":23.51997648},{"amount":8.82,"safe_price":2.641,"ft_order_side":"sell","order_filled_timestamp":1762359600000,"ft_is_entry":false,"ft_order_tag":"exit_signal","cost":23.316913619999998}],"funding_fees":0.0,"weekday":2},{"pair":"SAND/USDT","stake_amount":23.6324,"max_stake_amount":23.6324,"amount":131.0,"open_date":"2025-11-05 12:40:00+00:00","close_date":"2025-11-05 18:35:00+00:00","open_rate":0.1804,"close_rate":0.1842,"fee_open":0.001,"fee_close":0.001,"trade_duration":355,"profit_ratio":0.019024213037516804,"profit_abs":0.4500374,"exit_reason":"exit_signal","initial_stop_loss_abs":0.1624,"initial_stop_loss_ratio":-0.1,"stop_loss_abs":0.1624,"stop_loss_ratio":-0.1,"min_rate":0.1796,"max_rate":0.185,"is_open":false,"enter_tag":"","leverage":1.0,"is_short":false,"open_timestamp":1762346400000,"close_timestamp":1762367700000,"orders":[{"amount":131.0,"safe_price":0.1804,"ft_order_side":"buy","order_filled_timestamp":1762346400000,"ft_is_entry":true,"ft_order_tag":"","cost":23.656032399999997},{"amount":131.0,"safe_price":0.1842,"ft_order_side":"sell","order_filled_timestamp":1762367700000,"ft_is_entry":false,"ft_order_tag":"exit_signal","cost":24.1543302}],"funding_fees":0.0,"weekday":2},{"pair":"SAND/USDT","stake_amount":23.5331,"max_stake_amount":23.5331,"amount":127.0,"open_date":"2025-11-05 18:55:00+00:00","close_date":"2025-11-05 19:10:00+00:00","open_rate":0.1853,"close_rate":0.1837,"fee_open":0.001,"fee_close":0.001,"trade_duration":15,"profit_ratio":-0.0106153964761628,"profit_abs":-0.250063,"exit_reason":"exit_signal","initial_stop_loss_abs":0.1668,"initial_stop_loss_ratio":-0.1,"stop_loss_abs":0.1668,"stop_loss_ratio":-0.1,"min_rate":0.1834,"max_rate":0.18530000000000002,"is_open":false,"enter_tag":"","leverage":1.0,"is_short":false,"open_timestamp":1762368900000,"close_timestamp":1762369800000,"orders":[{"amount":127.0,"safe_price":0.18530000000000002,"ft_order_side":"buy","order_filled_timestamp":1762368900000,"ft_is_entry":true,"ft_order_tag":"","cost":23.5566331},{"amount":127.0,"safe_price":0.1837,"ft_order_side":"sell","order_filled_timestamp":1762369800000,"ft_is_entry":false,"ft_order_tag":"exit_signal","cost":23.353229899999995}],"funding_fees":0.0,"weekday":2},{"pair":"ATOM/USDT","stake_amount":23.52831,"max_stake_amount":23.52831,"amount":8.97,"open_date":"2025-11-06 13:50:00+00:00","close_date":"2025-11-06 19:50:00+00:00","open_rate":2.623,"close_rate":2.625,"fee_open":0.001,"fee_close":0.001,"trade_duration":360,"profit_ratio":-0.001237039742567764,"profit_abs":-0.02913456,"exit_reason":"exit_signal","initial_stop_loss_abs":2.361,"initial_stop_loss_ratio":-0.1,"stop_loss_abs":2.361,"stop_loss_ratio":-0.1,"min_rate":2.534,"max_rate":2.648,"is_open":false,"enter_tag":"","leverage":1.0,"is_short":false,"open_timestamp":1762437000000,"close_timestamp":1762458600000,"orders":[{"amount":8.97,"safe_price":2.623,"ft_order_side":"buy","order_filled_timestamp":1762437000000,"ft_is_entry":true,"ft_order_tag":"","cost":23.55183831},{"amount":8.97,"safe_price":2.625,"ft_order_side":"sell","order_filled_timestamp":1762458600000,"ft_is_entry":false,"ft_order_tag":"exit_signal","cost":23.56979625}],"funding_fees":0.0,"weekday":3},{"pair":"SAND/USDT","stake_amount":23.426,"max_stake_amount":23.426,"amount":130.0,"open_date":"2025-11-06 19:15:00+00:00","close_date":"2025-11-06 19:50:00+00:00","open_rate":0.1802,"close_rate":0.1797,"fee_open":0.001,"fee_close":0.001,"trade_duration":35,"profit_ratio":-0.0047671529358543786,"profit_abs":-0.111787,"exit_reason":"exit_signal","initial_stop_loss_abs":0.1622,"initial_stop_loss_ratio":-0.1,"stop_loss_abs":0.1622,"stop_loss_ratio":-0.1,"min_rate":0.1791,"max_rate":0.18080000000000002,"is_open":false,"enter_tag":"","leverage":1.0,"is_short":false,"open_timestamp":1762456500000,"close_timestamp":1762458600000,"orders":[{"amount":130.0,"safe_price":0.1802,"ft_order_side":"buy","order_filled_timestamp":1762456500000,"ft_is_entry":true,"ft_order_tag":"","cost":23.449425999999995},{"amount":130.0,"safe_price":0.1797,"ft_order_side":"sell","order_filled_timestamp":1762458600000,"ft_is_entry":false,"ft_order_tag":"exit_signal","cost":23.384361}],"funding_fees":0.0,"weekday":3},{"pair":"ATOM/USDT","stake_amount":23.45172,"max_stake_amount":23.45172,"amount":8.79,"open_date":"2025-11-06 21:50:00+00:00","close_date":"2025-11-07 04:25:00+00:00","open_rate":2.668,"close_rate":2.7119999999999997,"fee_open":0.001,"fee_close":0.001,"trade_duration":395,"profit_ratio":0.014460801567248344,"profit_abs":0.3394698,"exit_reason":"exit_signal","initial_stop_loss_abs":2.402,"initial_stop_loss_ratio":-0.1,"stop_loss_abs":2.402,"stop_loss_ratio":-0.1,"min_rate":2.6310000000000002,"max_rate":2.7279999999999998,"is_open":false,"enter_tag":"","leverage":1.0,"is_short":false,"open_timestamp":1762465800000,"close_timestamp":1762489500000,"orders":[{"amount":8.79,"safe_price":2.668,"ft_order_side":"buy","order_filled_timestamp":1762465800000,"ft_is_entry":true,"ft_order_tag":"","cost":23.475171719999995},{"amount":8.79,"safe_price":2.7119999999999997,"ft_order_side":"sell","order_filled_timestamp":1762489500000,"ft_is_entry":false,"ft_order_tag":"exit_signal","cost":23.862318479999995}],"funding_fees":0.0,"weekday":4},{"pair":"ATOM/USDT","stake_amount":23.64075,"max_stake_amount":23.64075,"amount":8.55,"open_date":"2025-11-07 06:40:00+00:00","close_date":"2025-11-07 07:00:00+00:00","open_rate":2.765,"close_rate":2.74,"fee_open":0.001,"fee_close":0.001,"trade_duration":20,"profit_ratio":-0.01102152820055171,"profit_abs":-0.26081775,"exit_reason":"exit_signal","initial_stop_loss_abs":2.489,"initial_stop_loss_ratio":-0.1,"stop_loss_abs":2.489,"stop_loss_ratio":-0.1,"min_rate":2.737,"max_rate":2.768,"is_open":false,"enter_tag":"","leverage":1.0,"is_short":false,"open_timestamp":1762497600000,"close_timestamp":1762498800000,"orders":[{"amount":8.55,"safe_price":2.765,"ft_order_side":"buy","order_filled_timestamp":1762497600000,"ft_is_entry":true,"ft_order_tag":"","cost":23.664390750000003},{"amount":8.55,"safe_price":2.74,"ft_order_side":"sell","order_filled_timestamp":1762498800000,"ft_is_entry":false,"ft_order_tag":"exit_signal","cost":23.450427}],"funding_fees":0.0,"weekday":4},{"pair":"ATOM/USDT","stake_amount":23.50284,"max_stake_amount":23.50284,"amount":8.43,"open_date":"2025-11-07 08:00:00+00:00","close_date":"2025-11-07 08:45:00+00:00","open_rate":2.788,"close_rate":2.759,"fee_open":0.001,"fee_close":0.001,"trade_duration":45,"profit_ratio":-0.012378941001609581,"profit_abs":-0.29123121,"exit_reason":"exit_signal","initial_stop_loss_abs":2.51,"initial_stop_loss_ratio":-0.1,"stop_loss_abs":2.51,"stop_loss_ratio":-0.1,"min_rate":2.753,"max_rate":2.793,"is_open":false,"enter_tag":"","leverage":1.0,"is_short":false,"open_timestamp":1762502400000,"close_timestamp":1762505100000,"orders":[{"amount":8.43,"safe_price":2.7880000000000003,"ft_order_side":"buy","order_filled_timestamp":1762502400000,"ft_is_entry":true,"ft_order_tag":"","cost":23.52634284},{"amount":8.43,"safe_price":2.759,"ft_order_side":"sell","order_filled_timestamp":1762505100000,"ft_is_entry":false,"ft_order_tag":"exit_signal","cost":23.281628369999996}],"funding_fees":0.0,"weekday":4},{"pair":"SAND/USDT","stake_amount":23.4496,"max_stake_amount":23.4496,"amount":128.0,"open_date":"2025-11-07 00:50:00+00:00","close_date":"2025-11-07 09:05:00+00:00","open_rate":0.1832,"close_rate":0.1883,"fee_open":0.001,"fee_close":0.001,"trade_duration":495,"profit_ratio":0.02578480471493572,"profit_abs":0.605248,"exit_reason":"exit_signal","initial_stop_loss_abs":0.1649,"initial_stop_loss_ratio":-0.1,"stop_loss_abs":0.1649,"stop_loss_ratio":-0.1,"min_rate":0.18080000000000002,"max_rate":0.1908,"is_open":false,"enter_tag":"","leverage":1.0,"is_short":false,"open_timestamp":1762476600000,"close_timestamp":1762506300000,"orders":[{"amount":128.0,"safe_price":0.1832,"ft_order_side":"buy","order_filled_timestamp":1762476600000,"ft_is_entry":true,"ft_order_tag":"","cost":23.473049599999996},{"amount":128.0,"safe_price":0.1883,"ft_order_side":"sell","order_filled_timestamp":1762506300000,"ft_is_entry":false,"ft_order_tag":"exit_signal","cost":24.126502399999996}],"funding_fees":0.0,"weekday":4},{"pair":"SAND/USDT","stake_amount":23.4982,"max_stake_amount":23.4982,"amount":121.0,"open_date":"2025-11-07 16:10:00+00:00","close_date":"2025-11-07 22:05:00+00:00","open_rate":0.1942,"close_rate":0.2109,"fee_open":0.001,"fee_close":0.001,"trade_duration":355,"profit_ratio":0.08382400297951277,"profit_abs":1.9716829,"exit_reason":"exit_signal","initial_stop_loss_abs":0.1748,"initial_stop_loss_ratio":-0.1,"stop_loss_abs":0.1748,"stop_loss_ratio":-0.1,"min_rate":0.1937,"max_rate":0.214,"is_open":false,"enter_tag":"","leverage":1.0,"is_short":false,"open_timestamp":1762531800000,"close_timestamp":1762553100000,"orders":[{"amount":121.0,"safe_price":0.1942,"ft_order_side":"buy","order_filled_timestamp":1762531800000,"ft_is_entry":true,"ft_order_tag":"","cost":23.5216982},{"amount":121.0,"safe_price":0.2109,"ft_order_side":"sell","order_filled_timestamp":1762553100000,"ft_is_entry":false,"ft_order_tag":"exit_signal","cost":25.5444189}],"funding_fees":0.0,"weekday":4},{"pair":"ATOM/USDT","stake_amount":23.65137,"max_stake_amount":23.65137,"amount":8.29,"open_date":"2025-11-07 16:10:00+00:00","close_date":"2025-11-07 22:10:00+00:00","open_rate":2.853,"close_rate":3.12,"fee_open":0.001,"fee_close":0.001,"trade_duration":360,"profit_ratio":0.09140071285181695,"profit_abs":2.16391383,"exit_reason":"exit_signal","initial_stop_loss_abs":2.568,"initial_stop_loss_ratio":-0.1,"stop_loss_abs":2.568,"stop_loss_ratio":-0.1,"min_rate":2.847,"max_rate":3.199,"is_open":false,"enter_tag":"","leverage":1.0,"is_short":false,"open_timestamp":1762531800000,"close_timestamp":1762553400000,"orders":[{"amount":8.29,"safe_price":2.8529999999999998,"ft_order_side":"buy","order_filled_timestamp":1762531800000,"ft_is_entry":true,"ft_order_tag":"","cost":23.675021369999993},{"amount":8.29,"safe_price":3.12,"ft_order_side":"sell","order_filled_timestamp":1762553400000,"ft_is_entry":false,"ft_order_tag":"exit_signal","cost":25.890664799999996}],"funding_fees":0.0,"weekday":4},{"pair":"ATOM/USDT","stake_amount":25.69074,"max_stake_amount":25.69074,"amount":8.49,"open_date":"2025-11-10 05:10:00+00:00","close_date":"2025-11-10 05:30:00+00:00","open_rate":3.026,"close_rate":3.007,"fee_open":0.001,"fee_close":0.001,"trade_duration":20,"profit_ratio":-0.008264372771973564,"profit_abs":-0.21253017,"exit_reason":"exit_signal","initial_stop_loss_abs":2.724,"initial_stop_loss_ratio":-0.1,"stop_loss_abs":2.724,"stop_loss_ratio":-0.1,"min_rate":3.002,"max_rate":3.033,"is_open":false,"enter_tag":"","leverage":1.0,"is_short":false,"open_timestamp":1762751400000,"close_timestamp":1762752600000,"orders":[{"amount":8.49,"safe_price":3.026,"ft_order_side":"buy","order_filled_timestamp":1762751400000,"ft_is_entry":true,"ft_order_tag":"","cost":25.716430739999996},{"amount":8.49,"safe_price":3.007,"ft_order_side":"sell","order_filled_timestamp":1762752600000,"ft_is_entry":false,"ft_order_tag":"exit_signal","cost":25.55495943}],"funding_fees":0.0,"weekday":0},{"pair":"ATOM/USDT","stake_amount":25.6082,"max_stake_amount":25.6082,"amount":8.74,"open_date":"2025-11-15 06:10:00+00:00","close_date":"2025-11-15 09:05:00+00:00","open_rate":2.93,"close_rate":2.909,"fee_open":0.001,"fee_close":0.001,"trade_duration":175,"profit_ratio":-0.00915091734204362,"profit_abs":-0.23457286,"exit_reason":"exit_signal","initial_stop_loss_abs":2.637,"initial_stop_loss_ratio":-0.1,"stop_loss_abs":2.637,"stop_loss_ratio":-0.1,"min_rate":2.902,"max_rate":3.0,"is_open":false,"enter_tag":"","leverage":1.0,"is_short":false,"open_timestamp":1763187000000,"close_timestamp":1763197500000,"orders":[{"amount":8.74,"safe_price":2.93,"ft_order_side":"buy","order_filled_timestamp":1763187000000,"ft_is_entry":true,"ft_order_tag":"","cost":25.6338082},{"amount":8.74,"safe_price":2.909,"ft_order_side":"sell","order_filled_timestamp":1763197500000,"ft_is_entry":false,"ft_order_tag":"exit_signal","cost":25.450084659999998}],"funding_fees":0.0,"weekday":5},{"pair":"ATOM/USDT","stake_amount":25.49274,"max_stake_amount":25.49274,"amount":8.97,"open_date":"2025-11-17 09:35:00+00:00","close_date":"2025-11-17 10:00:00+00:00","open_rate":2.842,"close_rate":2.832,"fee_open":0.001,"fee_close":0.001,"trade_duration":25,"profit_ratio":-0.0055096205694376,"profit_abs":-0.14059578,"exit_reason":"exit_signal","initial_stop_loss_abs":2.558,"initial_stop_loss_ratio":-0.1,"stop_loss_abs":2.558,"stop_loss_ratio":-0.1,"min_rate":2.83,"max_rate":2.844,"is_open":false,"enter_tag":"","leverage":1.0,"is_short":false,"open_timestamp":1763372100000,"close_timestamp":1763373600000,"orders":[{"amount":8.97,"safe_price":2.842,"ft_order_side":"buy","order_filled_timestamp":1763372100000,"ft_is_entry":true,"ft_order_tag":"","cost":25.51823274},{"amount":8.97,"safe_price":2.832,"ft_order_side":"sell","order_filled_timestamp":1763373600000,"ft_is_entry":false,"ft_order_tag":"exit_signal","cost":25.428443039999998}],"funding_fees":0.0,"weekday":0},{"pair":"ATOM/USDT","stake_amount":25.422,"max_stake_amount":25.422,"amount":8.92,"open_date":"2025-11-17 10:35:00+00:00","close_date":"2025-11-17 13:15:00+00:00","open_rate":2.85,"close_rate":2.843,"fee_open":0.001,"fee_close":0.001,"trade_duration":160,"profit_ratio":-0.004449234975550765,"profit_abs":-0.11322156,"exit_reason":"exit_signal","initial_stop_loss_abs":2.565,"initial_stop_loss_ratio":-0.1,"stop_loss_abs":2.565,"stop_loss_ratio":-0.1,"min_rate":2.842,"max_rate":2.883,"is_open":false,"enter_tag":"","leverage":1.0,"is_short":false,"open_timestamp":1763375700000,"close_timestamp":1763385300000,"orders":[{"amount":8.92,"safe_price":2.85,"ft_order_side":"buy","order_filled_timestamp":1763375700000,"ft_is_entry":true,"ft_order_tag":"","cost":25.447422},{"amount":8.92,"safe_price":2.843,"ft_order_side":"sell","order_filled_timestamp":1763385300000,"ft_is_entry":false,"ft_order_tag":"exit_signal","cost":25.384919559999997}],"funding_fees":0.0,"weekday":0},{"pair":"SAND/USDT","stake_amount":25.2476,"max_stake_amount":25.2476,"amount":142.0,"open_date":"2025-11-18 15:40:00+00:00","close_date":"2025-11-18 20:10:00+00:00","open_rate":0.1778,"close_rate":0.1791,"fee_open":0.001,"fee_close":0.001,"trade_duration":270,"profit_ratio":0.005298975490201587,"profit_abs":0.1339202,"exit_reason":"exit_signal","initial_stop_loss_abs":0.1601,"initial_stop_loss_ratio":-0.1,"stop_loss_abs":0.1601,"stop_loss_ratio":-0.1,"min_rate":0.1768,"max_rate":0.18130000000000002,"is_open":false,"enter_tag":"","leverage":1.0,"is_short":false,"open_timestamp":1763480400000,"close_timestamp":1763496600000,"orders":[{"amount":142.0,"safe_price":0.1778,"ft_order_side":"buy","order_filled_timestamp":1763480400000,"ft_is_entry":true,"ft_order_tag":"","cost":25.2728476},{"amount":142.0,"safe_price":0.1791,"ft_order_side":"sell","order_filled_timestamp":1763496600000,"ft_is_entry":false,"ft_order_tag":"exit_signal","cost":25.4576322}],"funding_fees":0.0,"weekday":1},{"pair":"ATOM/USDT","stake_amount":25.4187,"max_stake_amount":25.4187,"amount":9.15,"open_date":"2025-11-19 15:15:00+00:00","close_date":"2025-11-19 15:40:00+00:00","open_rate":2.778,"close_rate":2.729,"fee_open":0.001,"fee_close":0.001,"trade_duration":25,"profit_ratio":-0.019601348974999083,"profit_abs":-0.49873905,"exit_reason":"exit_signal","initial_stop_loss_abs":2.501,"initial_stop_loss_ratio":-0.1,"stop_loss_abs":2.501,"stop_loss_ratio":-0.1,"min_rate":2.723,"max_rate":2.789,"is_open":false,"enter_tag":"","leverage":1.0,"is_short":false,"open_timestamp":1763565300000,"close_timestamp":1763566800000,"orders":[{"amount":9.15,"safe_price":2.778,"ft_order_side":"buy","order_filled_timestamp":1763565300000,"ft_is_entry":true,"ft_order_tag":"","cost":25.444118699999997},{"amount":9.15,"safe_price":2.729,"ft_order_side":"sell","order_filled_timestamp":1763566800000,"ft_is_entry":false,"ft_order_tag":"exit_signal","cost":24.99532035}],"funding_fees":0.0,"weekday":2},{"pair":"ATOM/USDT","stake_amount":25.1868,"max_stake_amount":25.1868,"amount":9.06,"open_date":"2025-11-20 01:50:00+00:00","close_date":"2025-11-20 11:00:00+00:00","open_rate":2.78,"close_rate":3.062,"fee_open":0.001,"fee_close":0.001,"trade_duration":550,"profit_ratio":0.0992381719000424,"profit_abs":2.50199148,"exit_reason":"exit_signal","initial_stop_loss_abs":2.502,"initial_stop_loss_ratio":-0.1,"stop_loss_abs":2.502,"stop_loss_ratio":-0.1,"min_rate":2.762,"max_rate":3.141,"is_open":false,"enter_tag":"","leverage":1.0,"is_short":false,"open_timestamp":1763603400000,"close_timestamp":1763636400000,"orders":[{"amount":9.06,"safe_price":2.7800000000000002,"ft_order_side":"buy","order_filled_timestamp":1763603400000,"ft_is_entry":true,"ft_order_tag":"","cost":25.211986800000002},{"amount":9.06,"safe_price":3.062,"ft_order_side":"sell","order_filled_timestamp":1763636400000,"ft_is_entry":false,"ft_order_tag":"exit_signal","cost":27.76946172}],"funding_fees":0.0,"weekday":3},{"pair":"SAND/USDT","stake_amount":26.316,"max_stake_amount":26.316,"amount":172.0,"open_date":"2025-11-22 22:55:00+00:00","close_date":"2025-11-23 00:45:00+00:00","open_rate":0.153,"close_rate":0.1507,"fee_open":0.001,"fee_close":0.001,"trade_duration":110,"profit_ratio":-0.01700064641241112,"profit_abs":-0.4478364,"exit_reason":"exit_signal","initial_stop_loss_abs":0.1377,"initial_stop_loss_ratio":-0.1,"stop_loss_abs":0.1377,"stop_loss_ratio":-0.1,"min_rate":0.1501,"max_rate":0.15330000000000002,"is_open":false,"enter_tag":"","leverage":1.0,"is_short":false,"open_timestamp":1763852100000,"close_timestamp":1763858700000,"orders":[{"amount":172.0,"safe_price":0.153,"ft_order_side":"buy","order_filled_timestamp":1763852100000,"ft_is_entry":true,"ft_order_tag":"","cost":26.342315999999997},{"amount":172.0,"safe_price":0.1507,"ft_order_side":"sell","order_filled_timestamp":1763858700000,"ft_is_entry":false,"ft_order_tag":"exit_signal","cost":25.946320399999998}],"funding_fees":0.0,"weekday":6},{"pair":"SAND/USDT","stake_amount":26.163,"max_stake_amount":26.163,"amount":171.0,"open_date":"2025-11-23 02:45:00+00:00","close_date":"2025-11-23 03:25:00+00:00","open_rate":0.153,"close_rate":0.1519,"fee_open":0.001,"fee_close":0.001,"trade_duration":40,"profit_ratio":-0.009173179761415056,"profit_abs":-0.2402379,"exit_reason":"exit_signal","initial_stop_loss_abs":0.1377,"initial_stop_loss_ratio":-0.1,"stop_loss_abs":0.1377,"stop_loss_ratio":-0.1,"min_rate":0.15180000000000002,"max_rate":0.1534,"is_open":false,"enter_tag":"","leverage":1.0,"is_short":false,"open_timestamp":1763865900000,"close_timestamp":1763868300000,"orders":[{"amount":171.0,"safe_price":0.153,"ft_order_side":"buy","order_filled_timestamp":1763865900000,"ft_is_entry":true,"ft_order_tag":"","cost":26.189162999999997},{"amount":171.0,"safe_price":0.1519,"ft_order_side":"sell","order_filled_timestamp":1763868300000,"ft_is_entry":false,"ft_order_tag":"exit_signal","cost":26.0008749}],"funding_fees":0.0,"weekday":6},{"pair":"SAND/USDT","stake_amount":25.9728,"max_stake_amount":25.9728,"amount":168.0,"open_date":"2025-11-23 04:35:00+00:00","close_date":"2025-11-23 06:00:00+00:00","open_rate":0.1546,"close_rate":0.15380000000000002,"fee_open":0.001,"fee_close":0.001,"trade_duration":85,"profit_ratio":-0.007162307291673396,"profit_abs":-0.1862112,"exit_reason":"exit_signal","initial_stop_loss_abs":0.1392,"initial_stop_loss_ratio":-0.1,"stop_loss_abs":0.1392,"stop_loss_ratio":-0.1,"min_rate":0.1535,"max_rate":0.1549,"is_open":false,"enter_tag":"","leverage":1.0,"is_short":false,"open_timestamp":1763872500000,"close_timestamp":1763877600000,"orders":[{"amount":168.0,"safe_price":0.15460000000000002,"ft_order_side":"buy","order_filled_timestamp":1763872500000,"ft_is_entry":true,"ft_order_tag":"","cost":25.9987728},{"amount":168.0,"safe_price":0.15380000000000002,"ft_order_side":"sell","order_filled_timestamp":1763877600000,"ft_is_entry":false,"ft_order_tag":"exit_signal","cost":25.8642384}],"funding_fees":0.0,"weekday":6},{"pair":"ATOM/USDT","stake_amount":25.98928,"max_stake_amount":25.98928,"amount":10.16,"open_date":"2025-11-26 18:35:00+00:00","close_date":"2025-11-26 22:55:00+00:00","open_rate":2.558,"close_rate":2.539,"fee_open":0.001,"fee_close":0.001,"trade_duration":260,"profit_ratio":-0.009410839356109098,"profit_abs":-0.24482552,"exit_reason":"exit_signal","initial_stop_loss_abs":2.303,"initial_stop_loss_ratio":-0.1,"stop_loss_abs":2.303,"stop_loss_ratio":-0.1,"min_rate":2.515,"max_rate":2.56,"is_open":false,"enter_tag":"","leverage":1.0,"is_short":false,"open_timestamp":1764182100000,"close_timestamp":1764197700000,"orders":[{"amount":10.16,"safe_price":2.558,"ft_order_side":"buy","order_filled_timestamp":1764182100000,"ft_is_entry":true,"ft_order_tag":"","cost":26.015269279999995},{"amount":10.16,"safe_price":2.539,"ft_order_side":"sell","order_filled_timestamp":1764197700000,"ft_is_entry":false,"ft_order_tag":"exit_signal","cost":25.82203624}],"funding_fees":0.0,"weekday":2},{"pair":"ATOM/USDT","stake_amount":25.86539,"max_stake_amount":25.86539,"amount":11.29,"open_date":"2025-12-02 13:50:00+00:00","close_date":"2025-12-02 19:35:00+00:00","open_rate":2.291,"close_rate":2.394,"fee_open":0.001,"fee_close":0.001,"trade_duration":345,"profit_ratio":0.04287070415398656,"profit_abs":1.10997635,"exit_reason":"exit_signal","initial_stop_loss_abs":2.062,"initial_stop_loss_ratio":-0.1,"stop_loss_abs":2.062,"stop_loss_ratio":-0.1,"min_rate":2.287,"max_rate":2.432,"is_open":false,"enter_tag":"","leverage":1.0,"is_short":false,"open_timestamp":1764683400000,"close_timestamp":1764704100000,"orders":[{"amount":11.29,"safe_price":2.291,"ft_order_side":"buy","order_filled_timestamp":1764683400000,"ft_is_entry":true,"ft_order_tag":"","cost":25.891255389999994},{"amount":11.29,"safe_price":2.394,"ft_order_side":"sell","order_filled_timestamp":1764704100000,"ft_is_entry":false,"ft_order_tag":"exit_signal","cost":27.055288259999998}],"funding_fees":0.0,"weekday":1},{"pair":"SAND/USDT","stake_amount":25.8287,"max_stake_amount":25.8287,"amount":181.0,"open_date":"2025-12-02 13:30:00+00:00","close_date":"2025-12-02 19:55:00+00:00","open_rate":0.1427,"close_rate":0.15230000000000002,"fee_open":0.001,"fee_close":0.001,"trade_duration":385,"profit_ratio":0.06514158581432583,"profit_abs":1.684205,"exit_reason":"exit_signal","initial_stop_loss_abs":0.1285,"initial_stop_loss_ratio":-0.1,"stop_loss_abs":0.1285,"stop_loss_ratio":-0.1,"min_rate":0.1427,"max_rate":0.154,"is_open":false,"enter_tag":"","leverage":1.0,"is_short":false,"open_timestamp":1764682200000,"close_timestamp":1764705300000,"orders":[{"amount":181.0,"safe_price":0.1427,"ft_order_side":"buy","order_filled_timestamp":1764682200000,"ft_is_entry":true,"ft_order_tag":"","cost":25.854528699999996},{"amount":181.0,"safe_price":0.15230000000000002,"ft_order_side":"sell","order_filled_timestamp":1764705300000,"ft_is_entry":false,"ft_order_tag":"exit_signal","cost":27.5938663}],"funding_fees":0.0,"weekday":1},{"pair":"SAND/USDT","stake_amount":27.216,"max_stake_amount":27.216,"amount":189.0,"open_date":"2025-12-08 09:25:00+00:00","close_date":"2025-12-08 11:55:00+00:00","open_rate":0.144,"close_rate":0.14350000000000002,"fee_open":0.001,"fee_close":0.001,"trade_duration":150,"profit_ratio":-0.005463286713286713,"profit_abs":-0.1488375,"exit_reason":"exit_signal","initial_stop_loss_abs":0.1296,"initial_stop_loss_ratio":-0.1,"stop_loss_abs":0.1296,"stop_loss_ratio":-0.1,"min_rate":0.1432,"max_rate":0.14450000000000002,"is_open":false,"enter_tag":"","leverage":1.0,"is_short":false,"open_timestamp":1765185900000,"close_timestamp":1765194900000,"orders":[{"amount":189.0,"safe_price":0.14400000000000002,"ft_order_side":"buy","order_filled_timestamp":1765185900000,"ft_is_entry":true,"ft_order_tag":"","cost":27.243216},{"amount":189.0,"safe_price":0.14350000000000002,"ft_order_side":"sell","order_filled_timestamp":1765194900000,"ft_is_entry":false,"ft_order_tag":"exit_signal","cost":27.1486215}],"funding_fees":0.0,"weekday":0},{"pair":"ATOM/USDT","stake_amount":27.16668,"max_stake_amount":27.16668,"amount":11.58,"open_date":"2025-12-09 16:05:00+00:00","close_date":"2025-12-09 20:15:00+00:00","open_rate":2.346,"close_rate":2.371,"fee_open":0.001,"fee_close":0.001,"trade_duration":250,"profit_ratio":0.008637142908242653,"profit_abs":0.23487714,"exit_reason":"exit_signal","initial_stop_loss_abs":2.112,"initial_stop_loss_ratio":-0.1,"stop_loss_abs":2.112,"stop_loss_ratio":-0.1,"min_rate":2.345,"max_rate":2.421,"is_open":false,"enter_tag":"","leverage":1.0,"is_short":false,"open_timestamp":1765296300000,"close_timestamp":1765311300000,"orders":[{"amount":11.58,"safe_price":2.346,"ft_order_side":"buy","order_filled_timestamp":1765296300000,"ft_is_entry":true,"ft_order_tag":"","cost":27.193846679999996},{"amount":11.58,"safe_price":2.371,"ft_order_side":"sell","order_filled_timestamp":1765311300000,"ft_is_entry":false,"ft_order_tag":"exit_signal","cost":27.483636179999998}],"funding_fees":0.0,"weekday":1},{"pair":"SAND/USDT","stake_amount":27.166,"max_stake_amount":27.166,"amount":188.0,"open_date":"2025-12-09 15:45:00+00:00","close_date":"2025-12-09 20:30:00+00:00","open_rate":0.1445,"close_rate":0.1471,"fee_open":0.001,"fee_close":0.001,"trade_duration":285,"profit_ratio":0.015959127377812497,"profit_abs":0.4339792,"exit_reason":"exit_signal","initial_stop_loss_abs":0.1301,"initial_stop_loss_ratio":-0.1,"stop_loss_abs":0.1301,"stop_loss_ratio":-0.1,"min_rate":0.1441,"max_rate":0.1497,"is_open":false,"enter_tag":"","leverage":1.0,"is_short":false,"open_timestamp":1765295100000,"close_timestamp":1765312200000,"orders":[{"amount":188.0,"safe_price":0.14450000000000002,"ft_order_side":"buy","order_filled_timestamp":1765295100000,"ft_is_entry":true,"ft_order_tag":"","cost":27.193166},{"amount":188.0,"safe_price":0.1471,"ft_order_side":"sell","order_filled_timestamp":1765312200000,"ft_is_entry":false,"ft_order_tag":"exit_signal","cost":27.6824548}],"funding_fees":0.0,"weekday":1},{"pair":"ATOM/USDT","stake_amount":27.5058,"max_stake_amount":27.5058,"amount":12.6,"open_date":"2025-12-13 09:45:00+00:00","close_date":"2025-12-13 10:10:00+00:00","open_rate":2.183,"close_rate":2.174,"fee_open":0.001,"fee_close":0.001,"trade_duration":25,"profit_ratio":-0.0061125315362603495,"profit_abs":-0.1682982,"exit_reason":"exit_signal","initial_stop_loss_abs":1.965,"initial_stop_loss_ratio":-0.1,"stop_loss_abs":1.965,"stop_loss_ratio":-0.1,"min_rate":2.17,"max_rate":2.183,"is_open":false,"enter_tag":"","leverage":1.0,"is_short":false,"open_timestamp":1765619100000,"close_timestamp":1765620600000,"orders":[{"amount":12.6,"safe_price":2.183,"ft_order_side":"buy","order_filled_timestamp":1765619100000,"ft_is_entry":true,"ft_order_tag":"","cost":27.533305799999994},{"amount":12.6,"safe_price":2.174,"ft_order_side":"sell","order_filled_timestamp":1765620600000,"ft_is_entry":false,"ft_order_tag":"exit_signal","cost":27.419792399999995}],"funding_fees":0.0,"weekday":5},{"pair":"ATOM/USDT","stake_amount":27.41472,"max_stake_amount":27.41472,"amount":13.68,"open_date":"2025-12-17 11:50:00+00:00","close_date":"2025-12-17 16:35:00+00:00","open_rate":2.004,"close_rate":1.959,"fee_open":0.001,"fee_close":0.001,"trade_duration":285,"profit_ratio":-0.02440822650403489,"profit_abs":-0.66981384,"exit_reason":"exit_signal","initial_stop_loss_abs":1.804,"initial_stop_loss_ratio":-0.1,"stop_loss_abs":1.804,"stop_loss_ratio":-0.1,"min_rate":1.9500000000000002,"max_rate":2.094,"is_open":false,"enter_tag":"","leverage":1.0,"is_short":false,"open_timestamp":1765972200000,"close_timestamp":1765989300000,"orders":[{"amount":13.68,"safe_price":2.004,"ft_order_side":"buy","order_filled_timestamp":1765972200000,"ft_is_entry":true,"ft_order_tag":"","cost":27.442134719999995},{"amount":13.68,"safe_price":1.959,"ft_order_side":"sell","order_filled_timestamp":1765989300000,"ft_is_entry":false,"ft_order_tag":"exit_signal","cost":26.82591912}],"funding_fees":0.0,"weekday":2},{"pair":"ATOM/USDT","stake_amount":27.0864,"max_stake_amount":27.0864,"amount":14.4,"open_date":"2025-12-19 08:05:00+00:00","close_date":"2025-12-19 10:10:00+00:00","open_rate":1.881,"close_rate":1.8719999999999999,"fee_open":0.001,"fee_close":0.001,"trade_duration":125,"profit_ratio":-0.006773131175045051,"profit_abs":-0.1836432,"exit_reason":"exit_signal","initial_stop_loss_abs":1.693,"initial_stop_loss_ratio":-0.1,"stop_loss_abs":1.693,"stop_loss_ratio":-0.1,"min_rate":1.869,"max_rate":1.884,"is_open":false,"enter_tag":"","leverage":1.0,"is_short":false,"open_timestamp":1766131500000,"close_timestamp":1766139000000,"orders":[{"amount":14.4,"safe_price":1.881,"ft_order_side":"buy","order_filled_timestamp":1766131500000,"ft_is_entry":true,"ft_order_tag":"","cost":27.1134864},{"amount":14.4,"safe_price":1.8719999999999999,"ft_order_side":"sell","order_filled_timestamp":1766139000000,"ft_is_entry":false,"ft_order_tag":"exit_signal","cost":26.983756799999995}],"funding_fees":0.0,"weekday":4},{"pair":"SAND/USDT","stake_amount":26.9449,"max_stake_amount":26.9449,"amount":227.0,"open_date":"2025-12-19 16:25:00+00:00","close_date":"2025-12-19 17:45:00+00:00","open_rate":0.1187,"close_rate":0.11710000000000001,"fee_open":0.001,"fee_close":0.001,"trade_duration":80,"profit_ratio":-0.015450429940741651,"profit_abs":-0.4167266,"exit_reason":"exit_signal","initial_stop_loss_abs":0.1069,"initial_stop_loss_ratio":-0.1,"stop_loss_abs":0.1069,"stop_loss_ratio":-0.1,"min_rate":0.11660000000000001,"max_rate":0.12010000000000001,"is_open":false,"enter_tag":"","leverage":1.0,"is_short":false,"open_timestamp":1766161500000,"close_timestamp":1766166300000,"orders":[{"amount":227.0,"safe_price":0.1187,"ft_order_side":"buy","order_filled_timestamp":1766161500000,"ft_is_entry":true,"ft_order_tag":"","cost":26.971844899999997},{"amount":227.0,"safe_price":0.11710000000000001,"ft_order_side":"sell","order_filled_timestamp":1766166300000,"ft_is_entry":false,"ft_order_tag":"exit_signal","cost":26.6082817}],"funding_fees":0.0,"weekday":4},{"pair":"ATOM/USDT","stake_amount":27.00222,"max_stake_amount":27.00222,"amount":14.34,"open_date":"2025-12-19 13:10:00+00:00","close_date":"2025-12-19 21:30:00+00:00","open_rate":1.883,"close_rate":1.972,"fee_open":0.001,"fee_close":0.001,"trade_duration":500,"profit_ratio":0.04517256508759429,"profit_abs":1.2209793,"exit_reason":"exit_signal","initial_stop_loss_abs":1.695,"initial_stop_loss_ratio":-0.1,"stop_loss_abs":1.695,"stop_loss_ratio":-0.1,"min_rate":1.88,"max_rate":1.991,"is_open":false,"enter_tag":"","leverage":1.0,"is_short":false,"open_timestamp":1766149800000,"close_timestamp":1766179800000,"orders":[{"amount":14.34,"safe_price":1.883,"ft_order_side":"buy","order_filled_timestamp":1766149800000,"ft_is_entry":true,"ft_order_tag":"","cost":27.029222219999998},{"amount":14.34,"safe_price":1.972,"ft_order_side":"sell","order_filled_timestamp":1766179800000,"ft_is_entry":false,"ft_order_tag":"exit_signal","cost":28.306758479999996}],"funding_fees":0.0,"weekday":4},{"pair":"SAND/USDT","stake_amount":26.4979,"max_stake_amount":26.4979,"amount":221.0,"open_date":"2025-12-19 20:35:00+00:00","close_date":"2025-12-19 21:50:00+00:00","open_rate":0.1199,"close_rate":0.1193,"fee_open":0.001,"fee_close":0.001,"trade_duration":75,"profit_ratio":-0.00699217379784519,"profit_abs":-0.1854632,"exit_reason":"exit_signal","initial_stop_loss_abs":0.108,"initial_stop_loss_ratio":-0.1,"stop_loss_abs":0.108,"stop_loss_ratio":-0.1,"min_rate":0.1193,"max_rate":0.12040000000000001,"is_open":false,"enter_tag":"","leverage":1.0,"is_short":false,"open_timestamp":1766176500000,"close_timestamp":1766181000000,"orders":[{"amount":221.0,"safe_price":0.1199,"ft_order_side":"buy","order_filled_timestamp":1766176500000,"ft_is_entry":true,"ft_order_tag":"","cost":26.524397899999997},{"amount":221.0,"safe_price":0.1193,"ft_order_side":"sell","order_filled_timestamp":1766181000000,"ft_is_entry":false,"ft_order_tag":"exit_signal","cost":26.3916653}],"funding_fees":0.0,"weekday":4},{"pair":"ATOM/USDT","stake_amount":27.29448,"max_stake_amount":27.29448,"amount":13.62,"open_date":"2025-12-25 02:50:00+00:00","close_date":"2025-12-25 03:15:00+00:00","open_rate":2.004,"close_rate":1.99,"fee_open":0.001,"fee_close":0.001,"trade_duration":25,"profit_ratio":-0.008970071844323342,"profit_abs":-0.24507828,"exit_reason":"exit_signal","initial_stop_loss_abs":1.804,"initial_stop_loss_ratio":-0.1,"stop_loss_abs":1.804,"stop_loss_ratio":-0.1,"min_rate":1.9889999999999999,"max_rate":2.005,"is_open":false,"enter_tag":"","leverage":1.0,"is_short":false,"open_timestamp":1766631000000,"close_timestamp":1766632500000,"orders":[{"amount":13.62,"safe_price":2.004,"ft_order_side":"buy","order_filled_timestamp":1766631000000,"ft_is_entry":true,"ft_order_tag":"","cost":27.32177448},{"amount":13.62,"safe_price":1.99,"ft_order_side":"sell","order_filled_timestamp":1766632500000,"ft_is_entry":false,"ft_order_tag":"exit_signal","cost":27.130903799999995}],"funding_fees":0.0,"weekday":3},{"pair":"SAND/USDT","stake_amount":27.14,"max_stake_amount":27.14,"amount":236.0,"open_date":"2025-12-25 04:00:00+00:00","close_date":"2025-12-25 05:40:00+00:00","open_rate":0.115,"close_rate":0.1145,"fee_open":0.001,"fee_close":0.001,"trade_duration":100,"profit_ratio":-0.006337141119749816,"profit_abs":-0.172162,"exit_reason":"exit_signal","initial_stop_loss_abs":0.1036,"initial_stop_loss_ratio":-0.1,"stop_loss_abs":0.1036,"stop_loss_ratio":-0.1,"min_rate":0.1145,"max_rate":0.1153,"is_open":false,"enter_tag":"","leverage":1.0,"is_short":false,"open_timestamp":1766635200000,"close_timestamp":1766641200000,"orders":[{"amount":236.0,"safe_price":0.115,"ft_order_side":"buy","order_filled_timestamp":1766635200000,"ft_is_entry":true,"ft_order_tag":"","cost":27.167139999999996},{"amount":236.0,"safe_price":0.1145,"ft_order_side":"sell","order_filled_timestamp":1766641200000,"ft_is_entry":false,"ft_order_tag":"exit_signal","cost":27.049022}],"funding_fees":0.0,"weekday":3},{"pair":"SAND/USDT","stake_amount":27.0844,"max_stake_amount":27.0844,"amount":238.0,"open_date":"2025-12-27 22:35:00+00:00","close_date":"2025-12-28 04:30:00+00:00","open_rate":0.1138,"close_rate":0.1169,"fee_open":0.001,"fee_close":0.001,"trade_duration":355,"profit_ratio":0.025188344169012004,"profit_abs":0.6828934,"exit_reason":"exit_signal","initial_stop_loss_abs":0.1025,"initial_stop_loss_ratio":-0.1,"stop_loss_abs":0.1025,"stop_loss_ratio":-0.1,"min_rate":0.1136,"max_rate":0.11750000000000001,"is_open":false,"enter_tag":"","leverage":1.0,"is_short":false,"open_timestamp":1766874900000,"close_timestamp":1766896200000,"orders":[{"amount":238.0,"safe_price":0.11380000000000001,"ft_order_side":"buy","order_filled_timestamp":1766874900000,"ft_is_entry":true,"ft_order_tag":"","cost":27.1114844},{"amount":238.0,"safe_price":0.1169,"ft_order_side":"sell","order_filled_timestamp":1766896200000,"ft_is_entry":false,"ft_order_tag":"exit_signal","cost":27.850022199999998}],"funding_fees":0.0,"weekday":6},{"pair":"ATOM/USDT","stake_amount":27.43906,"max_stake_amount":27.43906,"amount":13.06,"open_date":"2025-12-28 06:40:00+00:00","close_date":"2025-12-28 08:55:00+00:00","open_rate":2.101,"close_rate":2.103,"fee_open":0.001,"fee_close":0.001,"trade_duration":135,"profit_ratio":-0.001047976297857307,"profit_abs":-0.02878424,"exit_reason":"exit_signal","initial_stop_loss_abs":1.891,"initial_stop_loss_ratio":-0.1,"stop_loss_abs":1.891,"stop_loss_ratio":-0.1,"min_rate":2.095,"max_rate":2.109,"is_open":false,"enter_tag":"","leverage":1.0,"is_short":false,"open_timestamp":1766904000000,"close_timestamp":1766912100000,"orders":[{"amount":13.06,"safe_price":2.101,"ft_order_side":"buy","order_filled_timestamp":1766904000000,"ft_is_entry":true,"ft_order_tag":"","cost":27.466499059999997},{"amount":13.06,"safe_price":2.103,"ft_order_side":"sell","order_filled_timestamp":1766912100000,"ft_is_entry":false,"ft_order_tag":"exit_signal","cost":27.49264518}],"funding_fees":0.0,"weekday":6},{"pair":"ATOM/USDT","stake_amount":27.4202,"max_stake_amount":27.4202,"amount":14.2,"open_date":"2026-01-01 06:15:00+00:00","close_date":"2026-01-01 20:35:00+00:00","open_rate":1.931,"close_rate":2.047,"fee_open":0.001,"fee_close":0.001,"trade_duration":860,"profit_ratio":0.057954474319052256,"profit_abs":1.5907124,"exit_reason":"exit_signal","initial_stop_loss_abs":1.738,"initial_stop_loss_ratio":-0.1,"stop_loss_abs":1.738,"stop_loss_ratio":-0.1,"min_rate":1.925,"max_rate":2.06,"is_open":false,"enter_tag":"","leverage":1.0,"is_short":false,"open_timestamp":1767248100000,"close_timestamp":1767299700000,"orders":[{"amount":14.2,"safe_price":1.931,"ft_order_side":"buy","order_filled_timestamp":1767248100000,"ft_is_entry":true,"ft_order_tag":"","cost":27.447620199999996},{"amount":14.2,"safe_price":2.047,"ft_order_side":"sell","order_filled_timestamp":1767299700000,"ft_is_entry":false,"ft_order_tag":"exit_signal","cost":29.096467399999995}],"funding_fees":0.0,"weekday":3},{"pair":"SAND/USDT","stake_amount":27.3938,"max_stake_amount":27.3938,"amount":238.0,"open_date":"2026-01-01 20:00:00+00:00","close_date":"2026-01-02 00:05:00+00:00","open_rate":0.1151,"close_rate":0.1165,"fee_open":0.001,"fee_close":0.001,"trade_duration":245,"profit_ratio":0.01014103186127513,"profit_abs":0.2780792,"exit_reason":"exit_signal","initial_stop_loss_abs":0.1036,"initial_stop_loss_ratio":-0.1,"stop_loss_abs":0.1036,"stop_loss_ratio":-0.1,"min_rate":0.1151,"max_rate":0.1177,"is_open":false,"enter_tag":"","leverage":1.0,"is_short":false,"open_timestamp":1767297600000,"close_timestamp":1767312300000,"orders":[{"amount":238.0,"safe_price":0.11510000000000001,"ft_order_side":"buy","order_filled_timestamp":1767297600000,"ft_is_entry":true,"ft_order_tag":"","cost":27.4211938},{"amount":238.0,"safe_price":0.1165,"ft_order_side":"sell","order_filled_timestamp":1767312300000,"ft_is_entry":false,"ft_order_tag":"exit_signal","cost":27.754726999999995}],"funding_fees":0.0,"weekday":4},{"pair":"SAND/USDT","stake_amount":28.3458,"max_stake_amount":28.3458,"amount":238.0,"open_date":"2026-01-09 14:05:00+00:00","close_date":"2026-01-09 14:50:00+00:00","open_rate":0.1191,"close_rate":0.11750000000000001,"fee_open":0.001,"fee_close":0.001,"trade_duration":45,"profit_ratio":-0.015405249662176615,"profit_abs":-0.4371108,"exit_reason":"exit_signal","initial_stop_loss_abs":0.1072,"initial_stop_loss_ratio":-0.1,"stop_loss_abs":0.1072,"stop_loss_ratio":-0.1,"min_rate":0.11720000000000001,"max_rate":0.11910000000000001,"is_open":false,"enter_tag":"","leverage":1.0,"is_short":false,"open_timestamp":1767967500000,"close_timestamp":1767970200000,"orders":[{"amount":238.0,"safe_price":0.11910000000000001,"ft_order_side":"buy","order_filled_timestamp":1767967500000,"ft_is_entry":true,"ft_order_tag":"","cost":28.3741458},{"amount":238.0,"safe_price":0.11750000000000001,"ft_order_side":"sell","order_filled_timestamp":1767970200000,"ft_is_entry":false,"ft_order_tag":"exit_signal","cost":27.992965}],"funding_fees":0.0,"weekday":4},{"pair":"SAND/USDT","stake_amount":28.072,"max_stake_amount":28.072,"amount":232.0,"open_date":"2026-01-09 15:35:00+00:00","close_date":"2026-01-09 18:45:00+00:00","open_rate":0.121,"close_rate":0.11900000000000001,"fee_open":0.001,"fee_close":0.001,"trade_duration":190,"profit_ratio":-0.018493902791423454,"profit_abs":-0.51968,"exit_reason":"exit_signal","initial_stop_loss_abs":0.1089,"initial_stop_loss_ratio":-0.1,"stop_loss_abs":0.1089,"stop_loss_ratio":-0.1,"min_rate":0.1177,"max_rate":0.1221,"is_open":false,"enter_tag":"","leverage":1.0,"is_short":false,"open_timestamp":1767972900000,"close_timestamp":1767984300000,"orders":[{"amount":232.0,"safe_price":0.121,"ft_order_side":"buy","order_filled_timestamp":1767972900000,"ft_is_entry":true,"ft_order_tag":"","cost":28.100071999999997},{"amount":232.0,"safe_price":0.11900000000000001,"ft_order_side":"sell","order_filled_timestamp":1767984300000,"ft_is_entry":false,"ft_order_tag":"exit_signal","cost":27.635607999999998}],"funding_fees":0.0,"weekday":4},{"pair":"ATOM/USDT","stake_amount":28.1285,"max_stake_amount":28.1285,"amount":11.14,"open_date":"2026-01-09 16:05:00+00:00","close_date":"2026-01-09 19:30:00+00:00","open_rate":2.525,"close_rate":2.5220000000000002,"fee_open":0.001,"fee_close":0.001,"trade_duration":205,"profit_ratio":-0.0031837469461231836,"profit_abs":-0.08964358,"exit_reason":"exit_signal","initial_stop_loss_abs":2.273,"initial_stop_loss_ratio":-0.1,"stop_loss_abs":2.273,"stop_loss_ratio":-0.1,"min_rate":2.517,"max_rate":2.588,"is_open":false,"enter_tag":"","leverage":1.0,"is_short":false,"open_timestamp":1767974700000,"close_timestamp":1767987000000,"orders":[{"amount":11.14,"safe_price":2.525,"ft_order_side":"buy","order_filled_timestamp":1767974700000,"ft_is_entry":true,"ft_order_tag":"","cost":28.156628499999997},{"amount":11.14,"safe_price":2.5220000000000002,"ft_order_side":"sell","order_filled_timestamp":1767987000000,"ft_is_entry":false,"ft_order_tag":"exit_signal","cost":28.12317508}],"funding_fees":0.0,"weekday":4},{"pair":"ATOM/USDT","stake_amount":27.83003,"max_stake_amount":27.83003,"amount":10.61,"open_date":"2026-01-09 20:30:00+00:00","close_date":"2026-01-09 23:00:00+00:00","open_rate":2.623,"close_rate":2.606,"fee_open":0.001,"fee_close":0.001,"trade_duration":150,"profit_ratio":-0.008466181169192987,"profit_abs":-0.23584969,"exit_reason":"exit_signal","initial_stop_loss_abs":2.361,"initial_stop_loss_ratio":-0.1,"stop_loss_abs":2.361,"stop_loss_ratio":-0.1,"min_rate":2.598,"max_rate":2.654,"is_open":false,"enter_tag":"","leverage":1.0,"is_short":false,"open_timestamp":1767990600000,"close_timestamp":1767999600000,"orders":[{"amount":10.61,"safe_price":2.623,"ft_order_side":"buy","order_filled_timestamp":1767990600000,"ft_is_entry":true,"ft_order_tag":"","cost":27.857860029999998},{"amount":10.61,"safe_price":2.606,"ft_order_side":"sell","order_filled_timestamp":1767999600000,"ft_is_entry":false,"ft_order_tag":"exit_signal","cost":27.677309659999995}],"funding_fees":0.0,"weekday":4},{"pair":"SAND/USDT","stake_amount":27.6861,"max_stake_amount":27.6861,"amount":229.0,"open_date":"2026-01-10 09:25:00+00:00","close_date":"2026-01-10 14:30:00+00:00","open_rate":0.1209,"close_rate":0.1202,"fee_open":0.001,"fee_close":0.001,"trade_duration":305,"profit_ratio":-0.007776342763935815,"profit_abs":-0.2155119,"exit_reason":"exit_signal","initial_stop_loss_abs":0.1089,"initial_stop_loss_ratio":-0.1,"stop_loss_abs":0.1089,"stop_loss_ratio":-0.1,"min_rate":0.1197,"max_rate":0.1221,"is_open":false,"enter_tag":"","leverage":1.0,"is_short":false,"open_timestamp":1768037100000,"close_timestamp":1768055400000,"orders":[{"amount":229.0,"safe_price":0.12090000000000001,"ft_order_side":"buy","order_filled_timestamp":1768037100000,"ft_is_entry":true,"ft_order_tag":"","cost":27.7137861},{"amount":229.0,"safe_price":0.1202,"ft_order_side":"sell","order_filled_timestamp":1768055400000,"ft_is_entry":false,"ft_order_tag":"exit_signal","cost":27.553325799999996}],"funding_fees":0.0,"weekday":5},{"pair":"SAND/USDT","stake_amount":27.5884,"max_stake_amount":27.5884,"amount":236.0,"open_date":"2026-01-13 09:35:00+00:00","close_date":"2026-01-13 12:15:00+00:00","open_rate":0.1169,"close_rate":0.1173,"fee_open":0.001,"fee_close":0.001,"trade_duration":160,"profit_ratio":0.0014168893552982517,"profit_abs":0.0391288,"exit_reason":"exit_signal","initial_stop_loss_abs":0.1053,"initial_stop_loss_ratio":-0.1,"stop_loss_abs":0.1053,"stop_loss_ratio":-0.1,"min_rate":0.1164,"max_rate":0.1177,"is_open":false,"enter_tag":"","leverage":1.0,"is_short":false,"open_timestamp":1768296900000,"close_timestamp":1768306500000,"orders":[{"amount":236.0,"safe_price":0.1169,"ft_order_side":"buy","order_filled_timestamp":1768296900000,"ft_is_entry":true,"ft_order_tag":"","cost":27.615988399999996},{"amount":236.0,"safe_price":0.1173,"ft_order_side":"sell","order_filled_timestamp":1768306500000,"ft_is_entry":false,"ft_order_tag":"exit_signal","cost":27.710482799999998}],"funding_fees":0.0,"weekday":1},{"pair":"SAND/USDT","stake_amount":27.5384,"max_stake_amount":27.5384,"amount":232.0,"open_date":"2026-01-13 13:05:00+00:00","close_date":"2026-01-13 18:40:00+00:00","open_rate":0.1187,"close_rate":0.12240000000000001,"fee_open":0.001,"fee_close":0.001,"trade_duration":335,"profit_ratio":0.029110737619583448,"profit_abs":0.8024648,"exit_reason":"exit_signal","initial_stop_loss_abs":0.1069,"initial_stop_loss_ratio":-0.1,"stop_loss_abs":0.1069,"stop_loss_ratio":-0.1,"min_rate":0.1184,"max_rate":0.12380000000000001,"is_open":false,"enter_tag":"","leverage":1.0,"is_short":false,"open_timestamp":1768309500000,"close_timestamp":1768329600000,"orders":[{"amount":232.0,"safe_price":0.1187,"ft_order_side":"buy","order_filled_timestamp":1768309500000,"ft_is_entry":true,"ft_order_tag":"","cost":27.565938399999997},{"amount":232.0,"safe_price":0.12240000000000001,"ft_order_side":"sell","order_filled_timestamp":1768329600000,"ft_is_entry":false,"ft_order_tag":"exit_signal","cost":28.4251968}],"funding_fees":0.0,"weekday":1},{"pair":"ATOM/USDT","stake_amount":28.0098,"max_stake_amount":28.0098,"amount":10.53,"open_date":"2026-01-13 23:15:00+00:00","close_date":"2026-01-13 23:35:00+00:00","open_rate":2.66,"close_rate":2.63,"fee_open":0.001,"fee_close":0.001,"trade_duration":20,"profit_ratio":-0.013253663629603478,"profit_abs":-0.3716037,"exit_reason":"exit_signal","initial_stop_loss_abs":2.394,"initial_stop_loss_ratio":-0.1,"stop_loss_abs":2.394,"stop_loss_ratio":-0.1,"min_rate":2.626,"max_rate":2.66,"is_open":false,"enter_tag":"","leverage":1.0,"is_short":false,"open_timestamp":1768346100000,"close_timestamp":1768347300000,"orders":[{"amount":10.53,"safe_price":2.66,"ft_order_side":"buy","order_filled_timestamp":1768346100000,"ft_is_entry":true,"ft_order_tag":"","cost":28.037809799999994},{"amount":10.53,"safe_price":2.63,"ft_order_side":"sell","order_filled_timestamp":1768347300000,"ft_is_entry":false,"ft_order_tag":"exit_signal","cost":27.72159389999999}],"funding_fees":0.0,"weekday":1},{"pair":"SAND/USDT","stake_amount":28.0228,"max_stake_amount":28.0228,"amount":221.0,"open_date":"2026-01-13 22:50:00+00:00","close_date":"2026-01-14 02:55:00+00:00","open_rate":0.1268,"close_rate":0.1275,"fee_open":0.001,"fee_close":0.001,"trade_duration":245,"profit_ratio":0.0035114727543749625,"profit_abs":0.0984997,"exit_reason":"exit_signal","initial_stop_loss_abs":0.1142,"initial_stop_loss_ratio":-0.1,"stop_loss_abs":0.1142,"stop_loss_ratio":-0.1,"min_rate":0.12480000000000001,"max_rate":0.1297,"is_open":false,"enter_tag":"","leverage":1.0,"is_short":false,"open_timestamp":1768344600000,"close_timestamp":1768359300000,"orders":[{"amount":221.0,"safe_price":0.1268,"ft_order_side":"buy","order_filled_timestamp":1768344600000,"ft_is_entry":true,"ft_order_tag":"","cost":28.0508228},{"amount":221.0,"safe_price":0.1275,"ft_order_side":"sell","order_filled_timestamp":1768359300000,"ft_is_entry":false,"ft_order_tag":"exit_signal","cost":28.2056775}],"funding_fees":0.0,"weekday":2},{"pair":"ATOM/USDT","stake_amount":27.88836,"max_stake_amount":27.88836,"amount":11.08,"open_date":"2026-01-17 01:30:00+00:00","close_date":"2026-01-17 06:00:00+00:00","open_rate":2.517,"close_rate":2.517,"fee_open":0.001,"fee_close":0.001,"trade_duration":270,"profit_ratio":-0.001998001998001998,"profit_abs":-0.05577672,"exit_reason":"exit_signal","initial_stop_loss_abs":2.266,"initial_stop_loss_ratio":-0.1,"stop_loss_abs":2.266,"stop_loss_ratio":-0.1,"min_rate":2.496,"max_rate":2.532,"is_open":false,"enter_tag":"","leverage":1.0,"is_short":false,"open_timestamp":1768613400000,"close_timestamp":1768629600000,"orders":[{"amount":11.08,"safe_price":2.517,"ft_order_side":"buy","order_filled_timestamp":1768613400000,"ft_is_entry":true,"ft_order_tag":"","cost":27.916248359999997},{"amount":11.08,"safe_price":2.517,"ft_order_side":"sell","order_filled_timestamp":1768629600000,"ft_is_entry":false,"ft_order_tag":"exit_signal","cost":27.916248359999997}],"funding_fees":0.0,"weekday":5},{"pair":"SAND/USDT","stake_amount":27.846,"max_stake_amount":27.846,"amount":210.0,"open_date":"2026-01-17 02:00:00+00:00","close_date":"2026-01-17 06:45:00+00:00","open_rate":0.1326,"close_rate":0.1342,"fee_open":0.001,"fee_close":0.001,"trade_duration":285,"profit_ratio":0.01004425438814579,"profit_abs":0.279972,"exit_reason":"exit_signal","initial_stop_loss_abs":0.1194,"initial_stop_loss_ratio":-0.1,"stop_loss_abs":0.1194,"stop_loss_ratio":-0.1,"min_rate":0.1292,"max_rate":0.1374,"is_open":false,"enter_tag":"","leverage":1.0,"is_short":false,"open_timestamp":1768615200000,"close_timestamp":1768632300000,"orders":[{"amount":210.0,"safe_price":0.1326,"ft_order_side":"buy","order_filled_timestamp":1768615200000,"ft_is_entry":true,"ft_order_tag":"","cost":27.873845999999997},{"amount":210.0,"safe_price":0.1342,"ft_order_side":"sell","order_filled_timestamp":1768632300000,"ft_is_entry":false,"ft_order_tag":"exit_signal","cost":28.210182}],"funding_fees":0.0,"weekday":5},{"pair":"ATOM/USDT","stake_amount":28.0064,"max_stake_amount":28.0064,"amount":10.94,"open_date":"2026-01-17 08:45:00+00:00","close_date":"2026-01-17 11:55:00+00:00","open_rate":2.56,"close_rate":2.563,"fee_open":0.001,"fee_close":0.001,"trade_duration":190,"profit_ratio":-0.0008284684065934065,"profit_abs":-0.02322562,"exit_reason":"exit_signal","initial_stop_loss_abs":2.305,"initial_stop_loss_ratio":-0.1,"stop_loss_abs":2.305,"stop_loss_ratio":-0.1,"min_rate":2.5460000000000003,"max_rate":2.591,"is_open":false,"enter_tag":"","leverage":1.0,"is_short":false,"open_timestamp":1768639500000,"close_timestamp":1768650900000,"orders":[{"amount":10.94,"safe_price":2.56,"ft_order_side":"buy","order_filled_timestamp":1768639500000,"ft_is_entry":true,"ft_order_tag":"","cost":28.034406399999995},{"amount":10.94,"safe_price":2.563,"ft_order_side":"sell","order_filled_timestamp":1768650900000,"ft_is_entry":false,"ft_order_tag":"exit_signal","cost":28.067259219999997}],"funding_fees":0.0,"weekday":5},{"pair":"SAND/USDT","stake_amount":27.854,"max_stake_amount":27.854,"amount":190.0,"open_date":"2026-01-17 13:15:00+00:00","close_date":"2026-01-17 17:00:00+00:00","open_rate":0.1466,"close_rate":0.1506,"fee_open":0.001,"fee_close":0.001,"trade_duration":225,"profit_ratio":0.02523261186289836,"profit_abs":0.703532,"exit_reason":"exit_signal","initial_stop_loss_abs":0.132,"initial_stop_loss_ratio":-0.1,"stop_loss_abs":0.132,"stop_loss_ratio":-0.1,"min_rate":0.1458,"max_rate":0.1578,"is_open":false,"enter_tag":"","leverage":1.0,"is_short":false,"open_timestamp":1768655700000,"close_timestamp":1768669200000,"orders":[{"amount":190.0,"safe_price":0.1466,"ft_order_side":"buy","order_filled_timestamp":1768655700000,"ft_is_entry":true,"ft_order_tag":"","cost":27.881854},{"amount":190.0,"safe_price":0.1506,"ft_order_side":"sell","order_filled_timestamp":1768669200000,"ft_is_entry":false,"ft_order_tag":"exit_signal","cost":28.642614}],"funding_fees":0.0,"weekday":5},{"pair":"ATOM/USDT","stake_amount":28.34286,"max_stake_amount":28.34286,"amount":11.31,"open_date":"2026-01-20 04:10:00+00:00","close_date":"2026-01-20 06:25:00+00:00","open_rate":2.506,"close_rate":2.471,"fee_open":0.001,"fee_close":0.001,"trade_duration":135,"profit_ratio":-0.015936577389091353,"profit_abs":-0.45213987,"exit_reason":"exit_signal","initial_stop_loss_abs":2.256,"initial_stop_loss_ratio":-0.1,"stop_loss_abs":2.256,"stop_loss_ratio":-0.1,"min_rate":2.468,"max_rate":2.547,"is_open":false,"enter_tag":"","leverage":1.0,"is_short":false,"open_timestamp":1768882200000,"close_timestamp":1768890300000,"orders":[{"amount":11.31,"safe_price":2.5060000000000002,"ft_order_side":"buy","order_filled_timestamp":1768882200000,"ft_is_entry":true,"ft_order_tag":"","cost":28.371202860000004},{"amount":11.31,"safe_price":2.471,"ft_order_side":"sell","order_filled_timestamp":1768890300000,"ft_is_entry":false,"ft_order_tag":"exit_signal","cost":27.97495701}],"funding_fees":0.0,"weekday":1},{"pair":"ATOM/USDT","stake_amount":28.09861,"max_stake_amount":28.09861,"amount":11.53,"open_date":"2026-01-21 15:30:00+00:00","close_date":"2026-01-21 16:10:00+00:00","open_rate":2.437,"close_rate":2.375,"fee_open":0.001,"fee_close":0.001,"trade_duration":40,"profit_ratio":-0.02738828672353498,"profit_abs":-0.77034236,"exit_reason":"exit_signal","initial_stop_loss_abs":2.194,"initial_stop_loss_ratio":-0.1,"stop_loss_abs":2.194,"stop_loss_ratio":-0.1,"min_rate":2.372,"max_rate":2.439,"is_open":false,"enter_tag":"","leverage":1.0,"is_short":false,"open_timestamp":1769009400000,"close_timestamp":1769011800000,"orders":[{"amount":11.53,"safe_price":2.437,"ft_order_side":"buy","order_filled_timestamp":1769009400000,"ft_is_entry":true,"ft_order_tag":"","cost":28.126708609999994},{"amount":11.53,"safe_price":2.375,"ft_order_side":"sell","order_filled_timestamp":1769011800000,"ft_is_entry":false,"ft_order_tag":"exit_signal","cost":27.411133749999998}],"funding_fees":0.0,"weekday":2},{"pair":"ATOM/USDT","stake_amount":27.72326,"max_stake_amount":27.72326,"amount":11.39,"open_date":"2026-01-22 02:10:00+00:00","close_date":"2026-01-22 02:50:00+00:00","open_rate":2.434,"close_rate":2.409,"fee_open":0.001,"fee_close":0.001,"trade_duration":40,"profit_ratio":-0.012248638789312576,"profit_abs":-0.33991177,"exit_reason":"exit_signal","initial_stop_loss_abs":2.191,"initial_stop_loss_ratio":-0.1,"stop_loss_abs":2.191,"stop_loss_ratio":-0.1,"min_rate":2.4,"max_rate":2.437,"is_open":false,"enter_tag":"","leverage":1.0,"is_short":false,"open_timestamp":1769047800000,"close_timestamp":1769050200000,"orders":[{"amount":11.39,"safe_price":2.434,"ft_order_side":"buy","order_filled_timestamp":1769047800000,"ft_is_entry":true,"ft_order_tag":"","cost":27.75098326},{"amount":11.39,"safe_price":2.409,"ft_order_side":"sell","order_filled_timestamp":1769050200000,"ft_is_entry":false,"ft_order_tag":"exit_signal","cost":27.465948509999997}],"funding_fees":0.0,"weekday":3},{"pair":"SAND/USDT","stake_amount":27.7182,"max_stake_amount":27.7182,"amount":177.0,"open_date":"2026-01-22 01:35:00+00:00","close_date":"2026-01-22 06:50:00+00:00","open_rate":0.1566,"close_rate":0.164,"fee_open":0.001,"fee_close":0.001,"trade_duration":315,"profit_ratio":0.045161734816907224,"profit_abs":1.2530538,"exit_reason":"exit_signal","initial_stop_loss_abs":0.141,"initial_stop_loss_ratio":-0.1,"stop_loss_abs":0.141,"stop_loss_ratio":-0.1,"min_rate":0.1563,"max_rate":0.1734,"is_open":false,"enter_tag":"","leverage":1.0,"is_short":false,"open_timestamp":1769045700000,"close_timestamp":1769064600000,"orders":[{"amount":177.0,"safe_price":0.15660000000000002,"ft_order_side":"buy","order_filled_timestamp":1769045700000,"ft_is_entry":true,"ft_order_tag":"","cost":27.7459182},{"amount":177.0,"safe_price":0.164,"ft_order_side":"sell","order_filled_timestamp":1769064600000,"ft_is_entry":false,"ft_order_tag":"exit_signal","cost":29.057028}],"funding_fees":0.0,"weekday":3},{"pair":"ATOM/USDT","stake_amount":28.1765,"max_stake_amount":28.1765,"amount":11.75,"open_date":"2026-01-23 16:55:00+00:00","close_date":"2026-01-23 19:35:00+00:00","open_rate":2.398,"close_rate":2.359,"fee_open":0.001,"fee_close":0.001,"trade_duration":160,"profit_ratio":-0.018229060347492373,"profit_abs":-0.51414475,"exit_reason":"exit_signal","initial_stop_loss_abs":2.159,"initial_stop_loss_ratio":-0.1,"stop_loss_abs":2.159,"stop_loss_ratio":-0.1,"min_rate":2.358,"max_rate":2.419,"is_open":false,"enter_tag":"","leverage":1.0,"is_short":false,"open_timestamp":1769187300000,"close_timestamp":1769196900000,"orders":[{"amount":11.75,"safe_price":2.398,"ft_order_side":"buy","order_filled_timestamp":1769187300000,"ft_is_entry":true,"ft_order_tag":"","cost":28.204676499999998},{"amount":11.75,"safe_price":2.359,"ft_order_side":"sell","order_filled_timestamp":1769196900000,"ft_is_entry":false,"ft_order_tag":"exit_signal","cost":27.745968249999997}],"funding_fees":0.0,"weekday":4},{"pair":"ATOM/USDT","stake_amount":27.9258,"max_stake_amount":27.9258,"amount":12.2,"open_date":"2026-01-26 14:45:00+00:00","close_date":"2026-01-26 16:10:00+00:00","open_rate":2.289,"close_rate":2.257,"fee_open":0.001,"fee_close":0.001,"trade_duration":85,"profit_ratio":-0.015949974010262345,"profit_abs":-0.4458612,"exit_reason":"exit_signal","initial_stop_loss_abs":2.061,"initial_stop_loss_ratio":-0.1,"stop_loss_abs":2.061,"stop_loss_ratio":-0.1,"min_rate":2.247,"max_rate":2.314,"is_open":false,"enter_tag":"","leverage":1.0,"is_short":false,"open_timestamp":1769438700000,"close_timestamp":1769443800000,"orders":[{"amount":12.2,"safe_price":2.289,"ft_order_side":"buy","order_filled_timestamp":1769438700000,"ft_is_entry":true,"ft_order_tag":"","cost":27.953725799999997},{"amount":12.2,"safe_price":2.257,"ft_order_side":"sell","order_filled_timestamp":1769443800000,"ft_is_entry":false,"ft_order_tag":"exit_signal","cost":27.562935399999997}],"funding_fees":0.0,"weekday":0},{"pair":"ATOM/USDT","stake_amount":27.7033,"max_stake_amount":27.7033,"amount":12.34,"open_date":"2026-01-27 16:55:00+00:00","close_date":"2026-01-27 23:50:00+00:00","open_rate":2.245,"close_rate":2.249,"fee_open":0.001,"fee_close":0.001,"trade_duration":415,"profit_ratio":-0.00021982471871113295,"profit_abs":-0.00609596,"exit_reason":"exit_signal","initial_stop_loss_abs":2.021,"initial_stop_loss_ratio":-0.1,"stop_loss_abs":2.021,"stop_loss_ratio":-0.1,"min_rate":2.204,"max_rate":2.27,"is_open":false,"enter_tag":"","leverage":1.0,"is_short":false,"open_timestamp":1769532900000,"close_timestamp":1769557800000,"orders":[{"amount":12.34,"safe_price":2.245,"ft_order_side":"buy","order_filled_timestamp":1769532900000,"ft_is_entry":true,"ft_order_tag":"","cost":27.731003299999998},{"amount":12.34,"safe_price":2.249,"ft_order_side":"sell","order_filled_timestamp":1769557800000,"ft_is_entry":false,"ft_order_tag":"exit_signal","cost":27.78041266}],"funding_fees":0.0,"weekday":1},{"pair":"ATOM/USDT","stake_amount":27.7095,"max_stake_amount":27.7095,"amount":12.25,"open_date":"2026-01-28 09:55:00+00:00","close_date":"2026-01-28 15:10:00+00:00","open_rate":2.262,"close_rate":2.2880000000000003,"fee_open":0.001,"fee_close":0.001,"trade_duration":315,"profit_ratio":0.009473285335354301,"profit_abs":0.2627625,"exit_reason":"exit_signal","initial_stop_loss_abs":2.036,"initial_stop_loss_ratio":-0.1,"stop_loss_abs":2.036,"stop_loss_ratio":-0.1,"min_rate":2.261,"max_rate":2.303,"is_open":false,"enter_tag":"","leverage":1.0,"is_short":false,"open_timestamp":1769594100000,"close_timestamp":1769613000000,"orders":[{"amount":12.25,"safe_price":2.262,"ft_order_side":"buy","order_filled_timestamp":1769594100000,"ft_is_entry":true,"ft_order_tag":"","cost":27.737209499999995},{"amount":12.25,"safe_price":2.2880000000000003,"ft_order_side":"sell","order_filled_timestamp":1769613000000,"ft_is_entry":false,"ft_order_tag":"exit_signal","cost":28.056027999999998}],"funding_fees":0.0,"weekday":2},{"pair":"SAND/USDT","stake_amount":27.7672,"max_stake_amount":27.7672,"amount":244.0,"open_date":"2026-01-30 11:05:00+00:00","close_date":"2026-01-30 15:00:00+00:00","open_rate":0.1138,"close_rate":0.1136,"fee_open":0.001,"fee_close":0.001,"trade_duration":235,"profit_ratio":-0.003751959815228708,"profit_abs":-0.1042856,"exit_reason":"exit_signal","initial_stop_loss_abs":0.1025,"initial_stop_loss_ratio":-0.1,"stop_loss_abs":0.1025,"stop_loss_ratio":-0.1,"min_rate":0.1131,"max_rate":0.1155,"is_open":false,"enter_tag":"","leverage":1.0,"is_short":false,"open_timestamp":1769771100000,"close_timestamp":1769785200000,"orders":[{"amount":244.0,"safe_price":0.11380000000000001,"ft_order_side":"buy","order_filled_timestamp":1769771100000,"ft_is_entry":true,"ft_order_tag":"","cost":27.7949672},{"amount":244.0,"safe_price":0.1136,"ft_order_side":"sell","order_filled_timestamp":1769785200000,"ft_is_entry":false,"ft_order_tag":"exit_signal","cost":27.7461184}],"funding_fees":0.0,"weekday":4},{"pair":"SAND/USDT","stake_amount":27.6762,"max_stake_amount":27.6762,"amount":239.0,"open_date":"2026-01-30 19:10:00+00:00","close_date":"2026-01-30 21:05:00+00:00","open_rate":0.1158,"close_rate":0.1145,"fee_open":0.001,"fee_close":0.001,"trade_duration":115,"profit_ratio":-0.013201824082653099,"profit_abs":-0.3657417,"exit_reason":"exit_signal","initial_stop_loss_abs":0.1043,"initial_stop_loss_ratio":-0.1,"stop_loss_abs":0.1043,"stop_loss_ratio":-0.1,"min_rate":0.11410000000000001,"max_rate":0.1169,"is_open":false,"enter_tag":"","leverage":1.0,"is_short":false,"open_timestamp":1769800200000,"close_timestamp":1769807100000,"orders":[{"amount":239.0,"safe_price":0.1158,"ft_order_side":"buy","order_filled_timestamp":1769800200000,"ft_is_entry":true,"ft_order_tag":"","cost":27.7038762},{"amount":239.0,"safe_price":0.1145,"ft_order_side":"sell","order_filled_timestamp":1769807100000,"ft_is_entry":false,"ft_order_tag":"exit_signal","cost":27.3928655}],"funding_fees":0.0,"weekday":4}],"locks":[],"best_pair":{"key":"SAND/USDT","trades":30,"profit_mean":0.004666678039399319,"profit_mean_pct":0.47,"profit_total_abs":3.5131303,"profit_total":0.07026260599999999,"profit_total_pct":7.03,"duration_avg":"4:02:00","wins":15,"draws":0,"losses":15,"winrate":0.5,"cagr":0.31704241108172826,"expectancy":0.11710434333333333,"expectancy_ratio":0.27837088377393604,"sortino":1.3024012771912732,"sharpe":0.9583051972903094,"calmar":29.72918251282624,"sqn":0.8104,"profit_factor":1.5567417675478716,"max_drawdown_account":0.050170128000000036,"max_drawdown_abs":2.5085064},"worst_pair":{"key":"ATOM/USDT","trades":36,"profit_mean":0.002789526101786179,"profit_mean_pct":0.28,"profit_total_abs":2.2631288200000004,"profit_total":0.045262576400000004,"profit_total_pct":4.53,"duration_avg":"3:54:00","wins":9,"draws":0,"losses":27,"winrate":0.25,"cagr":0.19665699630728484,"expectancy":0.06286468944444445,"expectancy_ratio":0.23547751557253305,"sortino":2.499642142609736,"sharpe":0.6575446735411689,"calmar":16.0801100986971,"sqn":0.509,"profit_factor":1.3139700207633775,"max_drawdown_account":0.05975223791829081,"max_drawdown_abs":3.3045952199999995},"results_per_pair":[{"key":"SAND/USDT","trades":30,"profit_mean":0.004666678039399319,"profit_mean_pct":0.47,"profit_total_abs":3.5131303,"profit_total":0.07026260599999999,"profit_total_pct":7.03,"duration_avg":"4:02:00","wins":15,"draws":0,"losses":15,"winrate":0.5,"cagr":0.31704241108172826,"expectancy":0.11710434333333333,"expectancy_ratio":0.27837088377393604,"sortino":1.3024012771912732,"sharpe":0.9583051972903094,"calmar":29.72918251282624,"sqn":0.8104,"profit_factor":1.5567417675478716,"max_drawdown_account":0.050170128000000036,"max_drawdown_abs":2.5085064},{"key":"ATOM/USDT","trades":36,"profit_mean":0.002789526101786179,"profit_mean_pct":0.28,"profit_total_abs":2.2631288200000004,"profit_total":0.045262576400000004,"profit_total_pct":4.53,"duration_avg":"3:54:00","wins":9,"draws":0,"losses":27,"winrate":0.25,"cagr":0.19665699630728484,"expectancy":0.06286468944444445,"expectancy_ratio":0.23547751557253305,"sortino":2.499642142609736,"sharpe":0.6575446735411689,"calmar":16.0801100986971,"sqn":0.509,"profit_factor":1.3139700207633775,"max_drawdown_account":0.05975223791829081,"max_drawdown_abs":3.3045952199999995},{"key":"TOTAL","trades":66,"profit_mean":0.0036427769825194247,"profit_mean_pct":0.36,"profit_total_abs":5.77625912,"profit_total":0.1155251824,"profit_total_pct":11.55,"duration_avg":"3:58:00","wins":24,"draws":0,"losses":42,"winrate":0.36363636363636365,"cagr":0.5579562509796949,"expectancy":0.08751907757575753,"expectancy_ratio":0.2719136650176541,"sortino":3.2060910101629188,"sharpe":1.6281544327838464,"calmar":43.931255231673,"sqn":0.9369,"profit_factor":1.4272929021705993,"max_drawdown_account":0.055822203200000045,"max_drawdown_abs":2.7911101600000006}],"results_per_enter_tag":[{"key":"","trades":66,"profit_mean":0.0036427769825194247,"profit_mean_pct":0.36,"profit_total_abs":5.77625912,"profit_total":0.1155251824,"profit_total_pct":11.55,"duration_avg":"3:58:00","wins":24,"draws":0,"losses":42,"winrate":0.36363636363636365,"cagr":0.5579562509796949,"expectancy":0.08751907757575753,"expectancy_ratio":0.2719136650176541,"sortino":3.2060910101629188,"sharpe":1.6281544327838464,"calmar":43.931255231673,"sqn":0.9369,"profit_factor":1.4272929021705993,"max_drawdown_account":0.055822203200000045,"max_drawdown_abs":2.7911101600000006},{"key":"TOTAL","trades":66,"profit_mean":0.0036427769825194247,"profit_mean_pct":0.36,"profit_total_abs":5.77625912,"profit_total":0.1155251824,"profit_total_pct":11.55,"duration_avg":"3:58:00","wins":24,"draws":0,"losses":42,"winrate":0.36363636363636365,"cagr":0.5579562509796949,"expectancy":0.08751907757575753,"expectancy_ratio":0.2719136650176541,"sortino":3.2060910101629188,"sharpe":1.6281544327838464,"calmar":43.931255231673,"sqn":0.9369,"profit_factor":1.4272929021705993,"max_drawdown_account":0.055822203200000045,"max_drawdown_abs":2.7911101600000006}],"exit_reason_summary":[{"key":"exit_signal","trades":65,"profit_mean":0.005260716168686054,"profit_mean_pct":0.53,"profit_total_abs":8.28476552,"profit_total":0.16569531040000002,"profit_total_pct":16.57,"duration_avg":"3:53:00","wins":24,"draws":0,"losses":41,"winrate":0.36923076923076925,"cagr":0.8622559332056483,"expectancy":0.1274579310769231,"expectancy_ratio":0.474649343357221,"sortino":10.091391330414373,"sharpe":2.5636086933711133,"calmar":132.5036773668593,"sqn":1.4864,"profit_factor":1.7524928614199844,"max_drawdown_account":0.026545212624762105,"max_drawdown_abs":1.587198710000001},{"key":"stop_loss","trades":1,"profit_mean":-0.10152327011831143,"profit_mean_pct":-10.15,"profit_total_abs":-2.5085064,"profit_total":-0.050170128,"profit_total_pct":-5.02,"duration_avg":"9:00:00","wins":0,"draws":0,"losses":1,"winrate":0.0,"cagr":-0.18840119828756718,"expectancy":-2.5085064,"expectancy_ratio":-1.0,"sortino":-100,"sharpe":-100,"calmar":-21.227747971714205,"sqn":-100.0,"profit_factor":0.0,"max_drawdown_account":0.050170128000000036,"max_drawdown_abs":2.5085064},{"key":"TOTAL","trades":66,"profit_mean":0.0036427769825194247,"profit_mean_pct":0.36,"profit_total_abs":5.77625912,"profit_total":0.1155251824,"profit_total_pct":11.55,"duration_avg":"3:58:00","wins":24,"draws":0,"losses":42,"winrate":0.36363636363636365,"cagr":0.5579562509796949,"expectancy":0.08751907757575753,"expectancy_ratio":0.2719136650176541,"sortino":3.2060910101629188,"sharpe":1.6281544327838464,"calmar":43.931255231673,"sqn":0.9369,"profit_factor":1.4272929021705993,"max_drawdown_account":0.055822203200000045,"max_drawdown_abs":2.7911101600000006}],"mix_tag_stats":[{"key":["","exit_signal"],"trades":65,"profit_mean":0.005260716168686054,"profit_mean_pct":0.53,"profit_total_abs":8.28476552,"profit_total":0.16569531040000002,"profit_total_pct":16.57,"duration_avg":"3:53:00","wins":24,"draws":0,"losses":41,"winrate":0.36923076923076925,"cagr":0.8622559332056483,"expectancy":0.1274579310769231,"expectancy_ratio":0.474649343357221,"sortino":10.091391330414373,"sharpe":2.5636086933711133,"calmar":132.5036773668593,"sqn":1.4864,"profit_factor":1.7524928614199844,"max_drawdown_account":0.026545212624762105,"max_drawdown_abs":1.587198710000001},{"key":["","stop_loss"],"trades":1,"profit_mean":-0.10152327011831143,"profit_mean_pct":-10.15,"profit_total_abs":-2.5085064,"profit_total":-0.050170128,"profit_total_pct":-5.02,"duration_avg":"9:00:00","wins":0,"draws":0,"losses":1,"winrate":0.0,"cagr":-0.18840119828756718,"expectancy":-2.5085064,"expectancy_ratio":-1.0,"sortino":-100,"sharpe":-100,"calmar":-21.227747971714205,"sqn":-100.0,"profit_factor":0.0,"max_drawdown_account":0.050170128000000036,"max_drawdown_abs":2.5085064},{"key":"TOTAL","trades":66,"profit_mean":0.0036427769825194247,"profit_mean_pct":0.36,"profit_total_abs":5.77625912,"profit_total":0.1155251824,"profit_total_pct":11.55,"duration_avg":"3:58:00","wins":24,"draws":0,"losses":42,"winrate":0.36363636363636365,"cagr":0.5579562509796949,"expectancy":0.08751907757575753,"expectancy_ratio":0.2719136650176541,"sortino":3.2060910101629188,"sharpe":1.6281544327838464,"calmar":43.931255231673,"sqn":0.9369,"profit_factor":1.4272929021705993,"max_drawdown_account":0.055822203200000045,"max_drawdown_abs":2.7911101600000006}],"left_open_trades":[{"key":"TOTAL","trades":0,"profit_mean":0.0,"profit_mean_pct":0.0,"profit_total_abs":0.0,"profit_total":0.0,"profit_total_pct":0.0,"duration_avg":"0:00","wins":0,"draws":0,"losses":0,"winrate":0.0,"cagr":0.0,"expectancy":0.0,"expectancy_ratio":100.0,"sortino":0,"sharpe":0,"calmar":0,"sqn":0.0,"profit_factor":0.0,"max_drawdown_account":0.0,"max_drawdown_abs":0.0}],"total_trades":66,"trade_count_long":66,"trade_count_short":0,"total_volume":3488.3257208799996,"avg_stake_amount":26.330149848484847,"profit_mean":0.0036427769825194247,"profit_median":-0.005115219824570546,"profit_total":0.1155251824,"profit_total_long":0.1155251824,"profit_total_short":0.0,"profit_total_abs":5.77625912,"profit_total_long_abs":5.77625912,"profit_total_short_abs":0.0,"cagr":0.5579562509796949,"expectancy":0.08751907757575753,"expectancy_ratio":0.2719136650176541,"sortino":3.2060910101629188,"sharpe":1.6281544327838464,"calmar":43.931255231673,"sqn":0.9369,"profit_factor":1.4272929021705993,"backtest_start":"2025-11-04 00:00:00","backtest_start_ts":1762214400000,"backtest_end":"2026-02-02 00:00:00","backtest_end_ts":1769990400000,"backtest_days":90,"backtest_run_start_ts":1770041424,"backtest_run_end_ts":1770041425,"trades_per_day":0.73,"market_change":-0.34886446517393865,"pairlist":["ATOM/USDT","SAND/USDT"],"stake_amount":"unlimited","stake_currency":"USDT","stake_currency_decimals":3,"starting_balance":50,"dry_run_wallet":50,"final_balance":55.77625912,"rejected_signals":0,"timedout_entry_orders":0,"timedout_exit_orders":0,"canceled_trade_entries":0,"canceled_entry_orders":0,"replaced_entry_orders":0,"max_open_trades":2,"max_open_trades_setting":2,"timeframe":"5m","timeframe_detail":"","timerange":"20251104-20260202","enable_protections":false,"strategy_name":"MultiMa","freqaimodel":"XGBoostRegressor","freqai_identifier":"qs_v9_scalp_5m1h_l2","stoploss":-0.1,"trailing_stop":false,"trailing_stop_positive":0.01,"trailing_stop_positive_offset":0.02,"trailing_only_offset_is_reached":false,"use_custom_stoploss":false,"minimal_roi":{},"use_exit_signal":true,"exit_profit_only":false,"exit_profit_offset":0.0,"ignore_roi_if_entry_signal":false,"trading_mode":"spot","margin_mode":"","periodic_breakdown":{"day":[{"date":"04/11/2025","date_ts":1762214400000,"profit_abs":-2.5085064,"wins":0,"draws":0,"losses":1,"trades":1,"profit_factor":0.0},{"date":"05/11/2025","date_ts":1762300800000,"profit_abs":0.07089696,"wins":3,"draws":0,"losses":3,"trades":6,"profit_factor":1.08518337},{"date":"06/11/2025","date_ts":1762387200000,"profit_abs":-0.14092156,"wins":0,"draws":0,"losses":2,"trades":2,"profit_factor":0.0},{"date":"07/11/2025","date_ts":1762473600000,"profit_abs":4.52826557,"wins":4,"draws":0,"losses":2,"trades":6,"profit_factor":9.20265212},{"date":"08/11/2025","date_ts":1762560000000,"profit_abs":0.0,"wins":0,"draws":0,"losses":0,"trades":0,"profit_factor":0.0},{"date":"09/11/2025","date_ts":1762646400000,"profit_abs":0.0,"wins":0,"draws":0,"losses":0,"trades":0,"profit_factor":0.0},{"date":"10/11/2025","date_ts":1762732800000,"profit_abs":-0.21253017,"wins":0,"draws":0,"losses":1,"trades":1,"profit_factor":0.0},{"date":"11/11/2025","date_ts":1762819200000,"profit_abs":0.0,"wins":0,"draws":0,"losses":0,"trades":0,"profit_factor":0.0},{"date":"12/11/2025","date_ts":1762905600000,"profit_abs":0.0,"wins":0,"draws":0,"losses":0,"trades":0,"profit_factor":0.0},{"date":"13/11/2025","date_ts":1762992000000,"profit_abs":0.0,"wins":0,"draws":0,"losses":0,"trades":0,"profit_factor":0.0},{"date":"14/11/2025","date_ts":1763078400000,"profit_abs":0.0,"wins":0,"draws":0,"losses":0,"trades":0,"profit_factor":0.0},{"date":"15/11/2025","date_ts":1763164800000,"profit_abs":-0.23457286,"wins":0,"draws":0,"losses":1,"trades":1,"profit_factor":0.0},{"date":"16/11/2025","date_ts":1763251200000,"profit_abs":0.0,"wins":0,"draws":0,"losses":0,"trades":0,"profit_factor":0.0},{"date":"17/11/2025","date_ts":1763337600000,"profit_abs":-0.25381734,"wins":0,"draws":0,"losses":2,"trades":2,"profit_factor":0.0},{"date":"18/11/2025","date_ts":1763424000000,"profit_abs":0.1339202,"wins":1,"draws":0,"losses":0,"trades":1,"profit_factor":0.0},{"date":"19/11/2025","date_ts":1763510400000,"profit_abs":-0.49873905,"wins":0,"draws":0,"losses":1,"trades":1,"profit_factor":0.0},{"date":"20/11/2025","date_ts":1763596800000,"profit_abs":2.50199148,"wins":1,"draws":0,"losses":0,"trades":1,"profit_factor":0.0},{"date":"21/11/2025","date_ts":1763683200000,"profit_abs":0.0,"wins":0,"draws":0,"losses":0,"trades":0,"profit_factor":0.0},{"date":"22/11/2025","date_ts":1763769600000,"profit_abs":0.0,"wins":0,"draws":0,"losses":0,"trades":0,"profit_factor":0.0},{"date":"23/11/2025","date_ts":1763856000000,"profit_abs":-0.8742855,"wins":0,"draws":0,"losses":3,"trades":3,"profit_factor":0.0},{"date":"24/11/2025","date_ts":1763942400000,"profit_abs":0.0,"wins":0,"draws":0,"losses":0,"trades":0,"profit_factor":0.0},{"date":"25/11/2025","date_ts":1764028800000,"profit_abs":0.0,"wins":0,"draws":0,"losses":0,"trades":0,"profit_factor":0.0},{"date":"26/11/2025","date_ts":1764115200000,"profit_abs":-0.24482552,"wins":0,"draws":0,"losses":1,"trades":1,"profit_factor":0.0},{"date":"27/11/2025","date_ts":1764201600000,"profit_abs":0.0,"wins":0,"draws":0,"losses":0,"trades":0,"profit_factor":0.0},{"date":"28/11/2025","date_ts":1764288000000,"profit_abs":0.0,"wins":0,"draws":0,"losses":0,"trades":0,"profit_factor":0.0},{"date":"29/11/2025","date_ts":1764374400000,"profit_abs":0.0,"wins":0,"draws":0,"losses":0,"trades":0,"profit_factor":0.0},{"date":"30/11/2025","date_ts":1764460800000,"profit_abs":0.0,"wins":0,"draws":0,"losses":0,"trades":0,"profit_factor":0.0},{"date":"01/12/2025","date_ts":1764547200000,"profit_abs":0.0,"wins":0,"draws":0,"losses":0,"trades":0,"profit_factor":0.0},{"date":"02/12/2025","date_ts":1764633600000,"profit_abs":2.79418135,"wins":2,"draws":0,"losses":0,"trades":2,"profit_factor":0.0},{"date":"03/12/2025","date_ts":1764720000000,"profit_abs":0.0,"wins":0,"draws":0,"losses":0,"trades":0,"profit_factor":0.0},{"date":"04/12/2025","date_ts":1764806400000,"profit_abs":0.0,"wins":0,"draws":0,"losses":0,"trades":0,"profit_factor":0.0},{"date":"05/12/2025","date_ts":1764892800000,"profit_abs":0.0,"wins":0,"draws":0,"losses":0,"trades":0,"profit_factor":0.0},{"date":"06/12/2025","date_ts":1764979200000,"profit_abs":0.0,"wins":0,"draws":0,"losses":0,"trades":0,"profit_factor":0.0},{"date":"07/12/2025","date_ts":1765065600000,"profit_abs":0.0,"wins":0,"draws":0,"losses":0,"trades":0,"profit_factor":0.0},{"date":"08/12/2025","date_ts":1765152000000,"profit_abs":-0.1488375,"wins":0,"draws":0,"losses":1,"trades":1,"profit_factor":0.0},{"date":"09/12/2025","date_ts":1765238400000,"profit_abs":0.66885634,"wins":2,"draws":0,"losses":0,"trades":2,"profit_factor":0.0},{"date":"10/12/2025","date_ts":1765324800000,"profit_abs":0.0,"wins":0,"draws":0,"losses":0,"trades":0,"profit_factor":0.0},{"date":"11/12/2025","date_ts":1765411200000,"profit_abs":0.0,"wins":0,"draws":0,"losses":0,"trades":0,"profit_factor":0.0},{"date":"12/12/2025","date_ts":1765497600000,"profit_abs":0.0,"wins":0,"draws":0,"losses":0,"trades":0,"profit_factor":0.0},{"date":"13/12/2025","date_ts":1765584000000,"profit_abs":-0.1682982,"wins":0,"draws":0,"losses":1,"trades":1,"profit_factor":0.0},{"date":"14/12/2025","date_ts":1765670400000,"profit_abs":0.0,"wins":0,"draws":0,"losses":0,"trades":0,"profit_factor":0.0},{"date":"15/12/2025","date_ts":1765756800000,"profit_abs":0.0,"wins":0,"draws":0,"losses":0,"trades":0,"profit_factor":0.0},{"date":"16/12/2025","date_ts":1765843200000,"profit_abs":0.0,"wins":0,"draws":0,"losses":0,"trades":0,"profit_factor":0.0},{"date":"17/12/2025","date_ts":1765929600000,"profit_abs":-0.66981384,"wins":0,"draws":0,"losses":1,"trades":1,"profit_factor":0.0},{"date":"18/12/2025","date_ts":1766016000000,"profit_abs":0.0,"wins":0,"draws":0,"losses":0,"trades":0,"profit_factor":0.0},{"date":"19/12/2025","date_ts":1766102400000,"profit_abs":0.4351463,"wins":1,"draws":0,"losses":3,"trades":4,"profit_factor":1.5537389},{"date":"20/12/2025","date_ts":1766188800000,"profit_abs":0.0,"wins":0,"draws":0,"losses":0,"trades":0,"profit_factor":0.0},{"date":"21/12/2025","date_ts":1766275200000,"profit_abs":0.0,"wins":0,"draws":0,"losses":0,"trades":0,"profit_factor":0.0},{"date":"22/12/2025","date_ts":1766361600000,"profit_abs":0.0,"wins":0,"draws":0,"losses":0,"trades":0,"profit_factor":0.0},{"date":"23/12/2025","date_ts":1766448000000,"profit_abs":0.0,"wins":0,"draws":0,"losses":0,"trades":0,"profit_factor":0.0},{"date":"24/12/2025","date_ts":1766534400000,"profit_abs":0.0,"wins":0,"draws":0,"losses":0,"trades":0,"profit_factor":0.0},{"date":"25/12/2025","date_ts":1766620800000,"profit_abs":-0.41724028,"wins":0,"draws":0,"losses":2,"trades":2,"profit_factor":0.0},{"date":"26/12/2025","date_ts":1766707200000,"profit_abs":0.0,"wins":0,"draws":0,"losses":0,"trades":0,"profit_factor":0.0},{"date":"27/12/2025","date_ts":1766793600000,"profit_abs":0.0,"wins":0,"draws":0,"losses":0,"trades":0,"profit_factor":0.0},{"date":"28/12/2025","date_ts":1766880000000,"profit_abs":0.65410916,"wins":1,"draws":0,"losses":1,"trades":2,"profit_factor":23.72455899},{"date":"29/12/2025","date_ts":1766966400000,"profit_abs":0.0,"wins":0,"draws":0,"losses":0,"trades":0,"profit_factor":0.0},{"date":"30/12/2025","date_ts":1767052800000,"profit_abs":0.0,"wins":0,"draws":0,"losses":0,"trades":0,"profit_factor":0.0},{"date":"31/12/2025","date_ts":1767139200000,"profit_abs":0.0,"wins":0,"draws":0,"losses":0,"trades":0,"profit_factor":0.0},{"date":"01/01/2026","date_ts":1767225600000,"profit_abs":1.5907124,"wins":1,"draws":0,"losses":0,"trades":1,"profit_factor":0.0},{"date":"02/01/2026","date_ts":1767312000000,"profit_abs":0.2780792,"wins":1,"draws":0,"losses":0,"trades":1,"profit_factor":0.0},{"date":"03/01/2026","date_ts":1767398400000,"profit_abs":0.0,"wins":0,"draws":0,"losses":0,"trades":0,"profit_factor":0.0},{"date":"04/01/2026","date_ts":1767484800000,"profit_abs":0.0,"wins":0,"draws":0,"losses":0,"trades":0,"profit_factor":0.0},{"date":"05/01/2026","date_ts":1767571200000,"profit_abs":0.0,"wins":0,"draws":0,"losses":0,"trades":0,"profit_factor":0.0},{"date":"06/01/2026","date_ts":1767657600000,"profit_abs":0.0,"wins":0,"draws":0,"losses":0,"trades":0,"profit_factor":0.0},{"date":"07/01/2026","date_ts":1767744000000,"profit_abs":0.0,"wins":0,"draws":0,"losses":0,"trades":0,"profit_factor":0.0},{"date":"08/01/2026","date_ts":1767830400000,"profit_abs":0.0,"wins":0,"draws":0,"losses":0,"trades":0,"profit_factor":0.0},{"date":"09/01/2026","date_ts":1767916800000,"profit_abs":-1.28228407,"wins":0,"draws":0,"losses":4,"trades":4,"profit_factor":0.0},{"date":"10/01/2026","date_ts":1768003200000,"profit_abs":-0.2155119,"wins":0,"draws":0,"losses":1,"trades":1,"profit_factor":0.0},{"date":"11/01/2026","date_ts":1768089600000,"profit_abs":0.0,"wins":0,"draws":0,"losses":0,"trades":0,"profit_factor":0.0},{"date":"12/01/2026","date_ts":1768176000000,"profit_abs":0.0,"wins":0,"draws":0,"losses":0,"trades":0,"profit_factor":0.0},{"date":"13/01/2026","date_ts":1768262400000,"profit_abs":0.4699899,"wins":2,"draws":0,"losses":1,"trades":3,"profit_factor":2.26476109},{"date":"14/01/2026","date_ts":1768348800000,"profit_abs":0.0984997,"wins":1,"draws":0,"losses":0,"trades":1,"profit_factor":0.0},{"date":"15/01/2026","date_ts":1768435200000,"profit_abs":0.0,"wins":0,"draws":0,"losses":0,"trades":0,"profit_factor":0.0},{"date":"16/01/2026","date_ts":1768521600000,"profit_abs":0.0,"wins":0,"draws":0,"losses":0,"trades":0,"profit_factor":0.0},{"date":"17/01/2026","date_ts":1768608000000,"profit_abs":0.90450166,"wins":2,"draws":0,"losses":2,"trades":4,"profit_factor":12.44904898},{"date":"18/01/2026","date_ts":1768694400000,"profit_abs":0.0,"wins":0,"draws":0,"losses":0,"trades":0,"profit_factor":0.0},{"date":"19/01/2026","date_ts":1768780800000,"profit_abs":0.0,"wins":0,"draws":0,"losses":0,"trades":0,"profit_factor":0.0},{"date":"20/01/2026","date_ts":1768867200000,"profit_abs":-0.45213987,"wins":0,"draws":0,"losses":1,"trades":1,"profit_factor":0.0},{"date":"21/01/2026","date_ts":1768953600000,"profit_abs":-0.77034236,"wins":0,"draws":0,"losses":1,"trades":1,"profit_factor":0.0},{"date":"22/01/2026","date_ts":1769040000000,"profit_abs":0.91314203,"wins":1,"draws":0,"losses":1,"trades":2,"profit_factor":3.68640898},{"date":"23/01/2026","date_ts":1769126400000,"profit_abs":-0.51414475,"wins":0,"draws":0,"losses":1,"trades":1,"profit_factor":0.0},{"date":"24/01/2026","date_ts":1769212800000,"profit_abs":0.0,"wins":0,"draws":0,"losses":0,"trades":0,"profit_factor":0.0},{"date":"25/01/2026","date_ts":1769299200000,"profit_abs":0.0,"wins":0,"draws":0,"losses":0,"trades":0,"profit_factor":0.0},{"date":"26/01/2026","date_ts":1769385600000,"profit_abs":-0.4458612,"wins":0,"draws":0,"losses":1,"trades":1,"profit_factor":0.0},{"date":"27/01/2026","date_ts":1769472000000,"profit_abs":-0.00609596,"wins":0,"draws":0,"losses":1,"trades":1,"profit_factor":0.0},{"date":"28/01/2026","date_ts":1769558400000,"profit_abs":0.2627625,"wins":1,"draws":0,"losses":0,"trades":1,"profit_factor":0.0},{"date":"29/01/2026","date_ts":1769644800000,"profit_abs":0.0,"wins":0,"draws":0,"losses":0,"trades":0,"profit_factor":0.0},{"date":"30/01/2026","date_ts":1769731200000,"profit_abs":-0.4700273,"wins":0,"draws":0,"losses":2,"trades":2,"profit_factor":0.0}],"week":[{"date":"10/11/2025","date_ts":1762732800000,"profit_abs":1.7372044,"wins":7,"draws":0,"losses":9,"trades":16,"profit_factor":1.40911077},{"date":"17/11/2025","date_ts":1763337600000,"profit_abs":-0.4883902,"wins":0,"draws":0,"losses":3,"trades":3,"profit_factor":0.0},{"date":"24/11/2025","date_ts":1763942400000,"profit_abs":1.26288713,"wins":2,"draws":0,"losses":4,"trades":6,"profit_factor":1.91978481},{"date":"01/12/2025","date_ts":1764547200000,"profit_abs":-0.24482552,"wins":0,"draws":0,"losses":1,"trades":1,"profit_factor":0.0},{"date":"08/12/2025","date_ts":1765152000000,"profit_abs":2.64534385,"wins":2,"draws":0,"losses":1,"trades":3,"profit_factor":18.77336928},{"date":"15/12/2025","date_ts":1765756800000,"profit_abs":0.50055814,"wins":2,"draws":0,"losses":1,"trades":3,"profit_factor":3.97423347},{"date":"22/12/2025","date_ts":1766361600000,"profit_abs":-0.23466754,"wins":1,"draws":0,"losses":4,"trades":5,"profit_factor":0.83878814},{"date":"29/12/2025","date_ts":1766966400000,"profit_abs":0.23686888,"wins":1,"draws":0,"losses":3,"trades":4,"profit_factor":1.53106695},{"date":"05/01/2026","date_ts":1767571200000,"profit_abs":1.8687916,"wins":2,"draws":0,"losses":0,"trades":2,"profit_factor":0.0},{"date":"12/01/2026","date_ts":1768176000000,"profit_abs":-1.49779597,"wins":0,"draws":0,"losses":5,"trades":5,"profit_factor":0.0},{"date":"19/01/2026","date_ts":1768780800000,"profit_abs":1.47299126,"wins":5,"draws":0,"losses":3,"trades":8,"profit_factor":4.26891149},{"date":"26/01/2026","date_ts":1769385600000,"profit_abs":-1.26934615,"wins":1,"draws":0,"losses":5,"trades":6,"profit_factor":0.49677047},{"date":"02/02/2026","date_ts":1769990400000,"profit_abs":-0.21336076,"wins":1,"draws":0,"losses":3,"trades":4,"profit_factor":0.55187915}],"month":[{"date":"30/11/2025","date_ts":1764460800000,"profit_abs":2.26687581,"wins":9,"draws":0,"losses":17,"trades":26,"profit_factor":1.35684593},{"date":"31/12/2025","date_ts":1767139200000,"profit_abs":3.14810333,"wins":6,"draws":0,"losses":9,"trades":15,"profit_factor":2.41882698},{"date":"31/01/2026","date_ts":1769817600000,"profit_abs":0.36127998,"wins":9,"draws":0,"losses":16,"trades":25,"profit_factor":1.07303122}],"year":[{"date":"31/12/2025","date_ts":1767139200000,"profit_abs":5.41497914,"wins":15,"draws":0,"losses":26,"trades":41,"profit_factor":1.63175404},{"date":"31/12/2026","date_ts":1798675200000,"profit_abs":0.36127998,"wins":9,"draws":0,"losses":16,"trades":25,"profit_factor":1.07303122}],"weekday":[{"date":"Monday","date_ts":0,"profit_abs":-1.06104621,"wins":0,"draws":0,"losses":5,"trades":5,"profit_factor":0.0},{"date":"Tuesday","date_ts":1,"profit_abs":1.10020556,"wins":7,"draws":0,"losses":4,"trades":11,"profit_factor":1.32956607},{"date":"Wednesday","date_ts":2,"profit_abs":-1.75156161,"wins":5,"draws":0,"losses":7,"trades":12,"profit_factor":0.41924487},{"date":"Thursday","date_ts":3,"profit_abs":4.44768407,"wins":3,"draws":0,"losses":5,"trades":8,"profit_factor":5.95247162},{"date":"Friday","date_ts":4,"profit_abs":2.97503495,"wins":6,"draws":0,"losses":12,"trades":18,"profit_factor":1.82540397},{"date":"Saturday","date_ts":5,"profit_abs":0.2861187,"wins":2,"draws":0,"losses":5,"trades":7,"profit_factor":1.41027349},{"date":"Sunday","date_ts":6,"profit_abs":-0.22017634,"wins":1,"draws":0,"losses":4,"trades":5,"profit_factor":0.75619121}]},"backtest_best_day":0.19206985291135248,"backtest_worst_day":-0.10152327011831143,"backtest_best_day_abs":4.52826557,"backtest_worst_day_abs":-2.5085064,"winning_days":15,"draw_days":53,"losing_days":20,"daily_profit":[["2025-11-04",-2.5085064],["2025-11-05",0.07089696],["2025-11-06",-0.14092156],["2025-11-07",4.52826557],["2025-11-08",0.0],["2025-11-09",0.0],["2025-11-10",-0.21253017],["2025-11-11",0.0],["2025-11-12",0.0],["2025-11-13",0.0],["2025-11-14",0.0],["2025-11-15",-0.23457286],["2025-11-16",0.0],["2025-11-17",-0.25381734],["2025-11-18",0.1339202],["2025-11-19",-0.49873905],["2025-11-20",2.50199148],["2025-11-21",0.0],["2025-11-22",0.0],["2025-11-23",-0.8742855],["2025-11-24",0.0],["2025-11-25",0.0],["2025-11-26",-0.24482552],["2025-11-27",0.0],["2025-11-28",0.0],["2025-11-29",0.0],["2025-11-30",0.0],["2025-12-01",0.0],["2025-12-02",2.79418135],["2025-12-03",0.0],["2025-12-04",0.0],["2025-12-05",0.0],["2025-12-06",0.0],["2025-12-07",0.0],["2025-12-08",-0.1488375],["2025-12-09",0.66885634],["2025-12-10",0.0],["2025-12-11",0.0],["2025-12-12",0.0],["2025-12-13",-0.1682982],["2025-12-14",0.0],["2025-12-15",0.0],["2025-12-16",0.0],["2025-12-17",-0.66981384],["2025-12-18",0.0],["2025-12-19",0.4351463],["2025-12-20",0.0],["2025-12-21",0.0],["2025-12-22",0.0],["2025-12-23",0.0],["2025-12-24",0.0],["2025-12-25",-0.41724028],["2025-12-26",0.0],["2025-12-27",0.0],["2025-12-28",0.65410916],["2025-12-29",0.0],["2025-12-30",0.0],["2025-12-31",0.0],["2026-01-01",1.5907124],["2026-01-02",0.2780792],["2026-01-03",0.0],["2026-01-04",0.0],["2026-01-05",0.0],["2026-01-06",0.0],["2026-01-07",0.0],["2026-01-08",0.0],["2026-01-09",-1.28228407],["2026-01-10",-0.2155119],["2026-01-11",0.0],["2026-01-12",0.0],["2026-01-13",0.4699899],["2026-01-14",0.0984997],["2026-01-15",0.0],["2026-01-16",0.0],["2026-01-17",0.90450166],["2026-01-18",0.0],["2026-01-19",0.0],["2026-01-20",-0.45213987],["2026-01-21",-0.77034236],["2026-01-22",0.91314203],["2026-01-23",-0.51414475],["2026-01-24",0.0],["2026-01-25",0.0],["2026-01-26",-0.4458612],["2026-01-27",-0.00609596],["2026-01-28",0.2627625],["2026-01-29",0.0],["2026-01-30",-0.4700273]],"wins":24,"losses":42,"draws":0,"winrate":0.36363636363636365,"holding_avg":"3:58:00","holding_avg_s":14280.0,"winner_holding_min":"0d 02:40","winner_holding_min_s":9600.0,"winner_holding_max":"0d 22:45","winner_holding_max_s":81900.0,"winner_holding_avg":"0d 07:01","winner_holding_avg_s":25260.0,"loser_holding_min":"0d 00:15","loser_holding_min_s":900.0,"loser_holding_max":"0d 09:00","loser_holding_max_s":32400.0,"loser_holding_avg":"0d 02:13","loser_holding_avg_s":7980.0,"max_consecutive_wins":3,"max_consecutive_losses":5,"max_drawdown_account":0.055822203200000045,"max_relative_drawdown":0.055822203200000045,"max_drawdown_abs":2.7911101600000006,"drawdown_start":"2025-11-04 20:15:00","drawdown_start_ts":1762287300000.0,"drawdown_end":"2025-11-07 08:45:00","drawdown_end_ts":1762505100000.0,"drawdown_duration":"2 days 12:30:00","drawdown_duration_s":217800.0,"max_drawdown_low":-2.7911101600000006,"max_drawdown_high":0.0,"csum_min":47.20888984,"csum_max":57.28377074}},"strategy_comparison":[{"key":"MultiMa","trades":66,"profit_mean":0.0036427769825194247,"profit_mean_pct":0.36,"profit_total_abs":5.77625912,"profit_total":0.1155251824,"profit_total_pct":11.55,"duration_avg":"3:58:00","wins":24,"draws":0,"losses":42,"winrate":0.36363636363636365,"cagr":0.5579562509796949,"expectancy":0.08751907757575753,"expectancy_ratio":0.2719136650176541,"sortino":3.2060910101629188,"sharpe":1.6281544327838464,"calmar":43.931255231673,"sqn":0.9369,"profit_factor":1.4272929021705993,"max_drawdown_account":0.055822203200000045,"max_drawdown_abs":"2.791"}]}