{"strategy":{"SwingHighToSky":{"trades":[{"pair":"DOT/USDT","stake_amount":9.88473,"max_stake_amount":9.88473,"amount":5.01,"open_date":"2026-01-02 08:25:00+00:00","close_date":"2026-01-02 12:30:00+00:00","open_rate":1.973,"close_rate":1.982,"fee_open":0.001,"fee_close":0.001,"trade_duration":245,"profit_ratio":0.0025544653015509584,"profit_abs":0.02527545,"exit_reason":"roi","initial_stop_loss_abs":1.296,"initial_stop_loss_ratio":-0.34338,"stop_loss_abs":1.296,"stop_loss_ratio":-0.34338,"min_rate":1.968,"max_rate":2.01,"is_open":false,"enter_tag":"","leverage":1.0,"is_short":false,"open_timestamp":1767342300000,"close_timestamp":1767357000000,"orders":[{"amount":5.01,"safe_price":1.9729999999999999,"ft_order_side":"buy","order_filled_timestamp":1767342300000,"ft_is_entry":true,"ft_order_tag":"","cost":9.894614729999999},{"amount":5.01,"safe_price":1.982,"ft_order_side":"sell","order_filled_timestamp":1767357000000,"ft_is_entry":false,"ft_order_tag":"roi","cost":9.939749819999998}],"funding_fees":0.0,"weekday":4},{"pair":"DOGE/USDT","stake_amount":9.8308,"max_stake_amount":9.8308,"amount":70.0,"open_date":"2026-01-03 07:20:00+00:00","close_date":"2026-01-03 11:25:00+00:00","open_rate":0.14044,"close_rate":0.14232,"fee_open":0.001,"fee_close":0.001,"trade_duration":245,"profit_ratio":0.011361751321876643,"profit_abs":0.1118068,"exit_reason":"roi","initial_stop_loss_abs":0.09222,"initial_stop_loss_ratio":-0.34338,"stop_loss_abs":0.09222,"stop_loss_ratio":-0.34338,"min_rate":0.13914,"max_rate":0.14329,"is_open":false,"enter_tag":"","leverage":1.0,"is_short":false,"open_timestamp":1767424800000,"close_timestamp":1767439500000,"orders":[{"amount":70.0,"safe_price":0.14044,"ft_order_side":"buy","order_filled_timestamp":1767424800000,"ft_is_entry":true,"ft_order_tag":"","cost":9.8406308},{"amount":70.0,"safe_price":0.14232,"ft_order_side":"sell","order_filled_timestamp":1767439500000,"ft_is_entry":false,"ft_order_tag":"roi","cost":9.9723624}],"funding_fees":0.0,"weekday":5},{"pair":"XRP/USDT","stake_amount":9.77697,"max_stake_amount":9.77697,"amount":4.9,"open_date":"2026-01-03 07:20:00+00:00","close_date":"2026-01-03 11:25:00+00:00","open_rate":1.9953,"close_rate":2.001,"fee_open":0.001,"fee_close":0.001,"trade_duration":245,"profit_ratio":0.0008530035593635053,"profit_abs":0.00834813,"exit_reason":"roi","initial_stop_loss_abs":1.3102,"initial_stop_loss_ratio":-0.34338,"stop_loss_abs":1.3102,"stop_loss_ratio":-0.34338,"min_rate":1.9844,"max_rate":2.0217,"is_open":false,"enter_tag":"","leverage":1.0,"is_short":false,"open_timestamp":1767424800000,"close_timestamp":1767439500000,"orders":[{"amount":4.9,"safe_price":1.9953,"ft_order_side":"buy","order_filled_timestamp":1767424800000,"ft_is_entry":true,"ft_order_tag":"","cost":9.78674697},{"amount":4.9,"safe_price":2.001,"ft_order_side":"sell","order_filled_timestamp":1767439500000,"ft_is_entry":false,"ft_order_tag":"roi","cost":9.814704899999999}],"funding_fees":0.0,"weekday":5},{"pair":"DOT/USDT","stake_amount":9.89573,"max_stake_amount":9.89573,"amount":4.67,"open_date":"2026-01-03 07:20:00+00:00","close_date":"2026-01-03 12:20:00+00:00","open_rate":2.119,"close_rate":2.1232422422422426,"fee_open":0.001,"fee_close":0.001,"trade_duration":300,"profit_ratio":0.0,"profit_abs":0.0,"exit_reason":"roi","initial_stop_loss_abs":1.392,"initial_stop_loss_ratio":-0.34338,"stop_loss_abs":1.392,"stop_loss_ratio":-0.34338,"min_rate":2.108,"max_rate":2.144,"is_open":false,"enter_tag":"","leverage":1.0,"is_short":false,"open_timestamp":1767424800000,"close_timestamp":1767442800000,"orders":[{"amount":4.67,"safe_price":2.119,"ft_order_side":"buy","order_filled_timestamp":1767424800000,"ft_is_entry":true,"ft_order_tag":"","cost":9.905625729999999},{"amount":4.67,"safe_price":2.1232422422422426,"ft_order_side":"sell","order_filled_timestamp":1767442800000,"ft_is_entry":false,"ft_order_tag":"roi","cost":9.925456812542544}],"funding_fees":0.0,"weekday":5},{"pair":"DOGE/USDT","stake_amount":9.9148,"max_stake_amount":9.9148,"amount":70.0,"open_date":"2026-01-03 16:05:00+00:00","close_date":"2026-01-03 20:35:00+00:00","open_rate":0.14164,"close_rate":0.14192356356356353,"fee_open":0.001,"fee_close":0.001,"trade_duration":270,"profit_ratio":0.0,"profit_abs":0.0,"exit_reason":"roi","initial_stop_loss_abs":0.09301,"initial_stop_loss_ratio":-0.34338,"stop_loss_abs":0.09301,"stop_loss_ratio":-0.34338,"min_rate":0.14074,"max_rate":0.14244,"is_open":false,"enter_tag":"","leverage":1.0,"is_short":false,"open_timestamp":1767456300000,"close_timestamp":1767472500000,"orders":[{"amount":70.0,"safe_price":0.14164000000000002,"ft_order_side":"buy","order_filled_timestamp":1767456300000,"ft_is_entry":true,"ft_order_tag":"","cost":9.9247148},{"amount":70.0,"safe_price":0.14192356356356353,"ft_order_side":"sell","order_filled_timestamp":1767472500000,"ft_is_entry":false,"ft_order_tag":"roi","cost":9.944584098898895}],"funding_fees":0.0,"weekday":5},{"pair":"ETH/USDT","stake_amount":9.658484,"max_stake_amount":9.658484,"amount":0.0031,"open_date":"2026-01-03 04:45:00+00:00","close_date":"2026-01-03 21:20:00+00:00","open_rate":3115.64,"close_rate":3121.877517517517,"fee_open":0.001,"fee_close":0.001,"trade_duration":995,"profit_ratio":0.0,"profit_abs":0.0,"exit_reason":"roi","initial_stop_loss_abs":2045.7915368,"initial_stop_loss_ratio":-0.34338,"stop_loss_abs":2045.7915368,"stop_loss_ratio":-0.34338,"min_rate":3076.0,"max_rate":3123.92,"is_open":false,"enter_tag":"","leverage":1.0,"is_short":false,"open_timestamp":1767415500000,"close_timestamp":1767475200000,"orders":[{"amount":0.0031,"safe_price":3115.64,"ft_order_side":"buy","order_filled_timestamp":1767415500000,"ft_is_entry":true,"ft_order_tag":"","cost":9.668142483999999},{"amount":0.0031,"safe_price":3121.877517517517,"ft_order_side":"sell","order_filled_timestamp":1767475200000,"ft_is_entry":false,"ft_order_tag":"roi","cost":9.687498124608604}],"funding_fees":0.0,"weekday":5},{"pair":"DOT/USDT","stake_amount":9.91441,"max_stake_amount":9.91441,"amount":4.67,"open_date":"2026-01-03 21:45:00+00:00","close_date":"2026-01-04 01:50:00+00:00","open_rate":2.123,"close_rate":2.12725025025025,"fee_open":0.001,"fee_close":0.001,"trade_duration":245,"profit_ratio":0.0,"profit_abs":0.0,"exit_reason":"roi","initial_stop_loss_abs":1.395,"initial_stop_loss_ratio":-0.34338,"stop_loss_abs":1.395,"stop_loss_ratio":-0.34338,"min_rate":2.116,"max_rate":2.146,"is_open":false,"enter_tag":"","leverage":1.0,"is_short":false,"open_timestamp":1767476700000,"close_timestamp":1767491400000,"orders":[{"amount":4.67,"safe_price":2.123,"ft_order_side":"buy","order_filled_timestamp":1767476700000,"ft_is_entry":true,"ft_order_tag":"","cost":9.924324409999999},{"amount":4.67,"safe_price":2.12725025025025,"ft_order_side":"sell","order_filled_timestamp":1767491400000,"ft_is_entry":false,"ft_order_tag":"roi","cost":9.944192927337335}],"funding_fees":0.0,"weekday":6},{"pair":"ETH/USDT","stake_amount":9.733473,"max_stake_amount":9.733473,"amount":0.0031,"open_date":"2026-01-04 07:30:00+00:00","close_date":"2026-01-04 12:30:00+00:00","open_rate":3139.83,"close_rate":3146.1159459459454,"fee_open":0.001,"fee_close":0.001,"trade_duration":300,"profit_ratio":0.0,"profit_abs":0.0,"exit_reason":"roi","initial_stop_loss_abs":2061.6751746,"initial_stop_loss_ratio":-0.34338,"stop_loss_abs":2061.6751746,"stop_loss_ratio":-0.34338,"min_rate":3126.0,"max_rate":3148.3,"is_open":false,"enter_tag":"","leverage":1.0,"is_short":false,"open_timestamp":1767511800000,"close_timestamp":1767529800000,"orders":[{"amount":0.0031,"safe_price":3139.83,"ft_order_side":"buy","order_filled_timestamp":1767511800000,"ft_is_entry":true,"ft_order_tag":"","cost":9.743206472999999},{"amount":0.0031,"safe_price":3146.1159459459454,"ft_order_side":"sell","order_filled_timestamp":1767529800000,"ft_is_entry":false,"ft_order_tag":"roi","cost":9.762712391864861}],"funding_fees":0.0,"weekday":6},{"pair":"DOGE/USDT","stake_amount":9.81435,"max_stake_amount":9.81435,"amount":65.0,"open_date":"2026-01-04 14:45:00+00:00","close_date":"2026-01-04 18:50:00+00:00","open_rate":0.15099,"close_rate":0.15137,"fee_open":0.001,"fee_close":0.001,"trade_duration":245,"profit_ratio":0.0005136925462774856,"profit_abs":0.0050466,"exit_reason":"roi","initial_stop_loss_abs":0.09915,"initial_stop_loss_ratio":-0.34338,"stop_loss_abs":0.09915,"stop_loss_ratio":-0.34338,"min_rate":0.15042000000000003,"max_rate":0.15285,"is_open":false,"enter_tag":"","leverage":1.0,"is_short":false,"open_timestamp":1767537900000,"close_timestamp":1767552600000,"orders":[{"amount":65.0,"safe_price":0.15099,"ft_order_side":"buy","order_filled_timestamp":1767537900000,"ft_is_entry":true,"ft_order_tag":"","cost":9.82416435},{"amount":65.0,"safe_price":0.15137,"ft_order_side":"sell","order_filled_timestamp":1767552600000,"ft_is_entry":false,"ft_order_tag":"roi","cost":9.848889049999999}],"funding_fees":0.0,"weekday":6},{"pair":"ETH/USDT","stake_amount":9.706751,"max_stake_amount":9.706751,"amount":0.0031,"open_date":"2026-01-04 15:45:00+00:00","close_date":"2026-01-04 20:05:00+00:00","open_rate":3131.21,"close_rate":3137.478688688688,"fee_open":0.001,"fee_close":0.001,"trade_duration":260,"profit_ratio":0.0,"profit_abs":0.0,"exit_reason":"roi","initial_stop_loss_abs":2056.0151102,"initial_stop_loss_ratio":-0.34338,"stop_loss_abs":2056.0151102,"stop_loss_ratio":-0.34338,"min_rate":3118.75,"max_rate":3143.6,"is_open":false,"enter_tag":"","leverage":1.0,"is_short":false,"open_timestamp":1767541500000,"close_timestamp":1767557100000,"orders":[{"amount":0.0031,"safe_price":3131.21,"ft_order_side":"buy","order_filled_timestamp":1767541500000,"ft_is_entry":true,"ft_order_tag":"","cost":9.716457751},{"amount":0.0031,"safe_price":3137.478688688688,"ft_order_side":"sell","order_filled_timestamp":1767557100000,"ft_is_entry":false,"ft_order_tag":"roi","cost":9.735910118869867}],"funding_fees":0.0,"weekday":6},{"pair":"DOT/USDT","stake_amount":9.91746,"max_stake_amount":9.91746,"amount":4.63,"open_date":"2026-01-04 18:50:00+00:00","close_date":"2026-01-04 22:55:00+00:00","open_rate":2.142,"close_rate":2.1462882882882877,"fee_open":0.001,"fee_close":0.001,"trade_duration":245,"profit_ratio":0.0,"profit_abs":0.0,"exit_reason":"roi","initial_stop_loss_abs":1.407,"initial_stop_loss_ratio":-0.34338,"stop_loss_abs":1.407,"stop_loss_ratio":-0.34338,"min_rate":2.119,"max_rate":2.153,"is_open":false,"enter_tag":"","leverage":1.0,"is_short":false,"open_timestamp":1767552600000,"close_timestamp":1767567300000,"orders":[{"amount":4.63,"safe_price":2.142,"ft_order_side":"buy","order_filled_timestamp":1767552600000,"ft_is_entry":true,"ft_order_tag":"","cost":9.927377459999999},{"amount":4.63,"safe_price":2.1462882882882877,"ft_order_side":"sell","order_filled_timestamp":1767567300000,"ft_is_entry":false,"ft_order_tag":"roi","cost":9.947252089549545}],"funding_fees":0.0,"weekday":6},{"pair":"DOGE/USDT","stake_amount":9.80496,"max_stake_amount":9.80496,"amount":66.0,"open_date":"2026-01-04 19:10:00+00:00","close_date":"2026-01-04 23:15:00+00:00","open_rate":0.14856,"close_rate":0.14934,"fee_open":0.001,"fee_close":0.001,"trade_duration":245,"profit_ratio":0.003241911561782321,"profit_abs":0.0318186,"exit_reason":"roi","initial_stop_loss_abs":0.09755,"initial_stop_loss_ratio":-0.34338,"stop_loss_abs":0.09755,"stop_loss_ratio":-0.34338,"min_rate":0.14856,"max_rate":0.15069000000000002,"is_open":false,"enter_tag":"","leverage":1.0,"is_short":false,"open_timestamp":1767553800000,"close_timestamp":1767568500000,"orders":[{"amount":66.0,"safe_price":0.14856000000000003,"ft_order_side":"buy","order_filled_timestamp":1767553800000,"ft_is_entry":true,"ft_order_tag":"","cost":9.81476496},{"amount":66.0,"safe_price":0.14934,"ft_order_side":"sell","order_filled_timestamp":1767568500000,"ft_is_entry":false,"ft_order_tag":"roi","cost":9.866296439999998}],"funding_fees":0.0,"weekday":6},{"pair":"XRP/USDT","stake_amount":9.74545,"max_stake_amount":9.74545,"amount":4.7,"open_date":"2026-01-04 19:10:00+00:00","close_date":"2026-01-04 23:15:00+00:00","open_rate":2.0735,"close_rate":2.0843,"fee_open":0.001,"fee_close":0.001,"trade_duration":245,"profit_ratio":0.0032001757586517655,"profit_abs":0.03121834,"exit_reason":"roi","initial_stop_loss_abs":1.3616,"initial_stop_loss_ratio":-0.34338,"stop_loss_abs":1.3616,"stop_loss_ratio":-0.34338,"min_rate":2.0722,"max_rate":2.1032,"is_open":false,"enter_tag":"","leverage":1.0,"is_short":false,"open_timestamp":1767553800000,"close_timestamp":1767568500000,"orders":[{"amount":4.7,"safe_price":2.0735,"ft_order_side":"buy","order_filled_timestamp":1767553800000,"ft_is_entry":true,"ft_order_tag":"","cost":9.75519545},{"amount":4.7,"safe_price":2.0843,"ft_order_side":"sell","order_filled_timestamp":1767568500000,"ft_is_entry":false,"ft_order_tag":"roi","cost":9.80600621}],"funding_fees":0.0,"weekday":6},{"pair":"DOT/USDT","stake_amount":9.93309,"max_stake_amount":9.93309,"amount":4.67,"open_date":"2026-01-05 04:35:00+00:00","close_date":"2026-01-05 10:10:00+00:00","open_rate":2.127,"close_rate":2.1312582582582578,"fee_open":0.001,"fee_close":0.001,"trade_duration":335,"profit_ratio":0.0,"profit_abs":0.0,"exit_reason":"roi","initial_stop_loss_abs":1.397,"initial_stop_loss_ratio":-0.34338,"stop_loss_abs":1.397,"stop_loss_ratio":-0.34338,"min_rate":2.108,"max_rate":2.153,"is_open":false,"enter_tag":"","leverage":1.0,"is_short":false,"open_timestamp":1767587700000,"close_timestamp":1767607800000,"orders":[{"amount":4.67,"safe_price":2.127,"ft_order_side":"buy","order_filled_timestamp":1767587700000,"ft_is_entry":true,"ft_order_tag":"","cost":9.943023089999997},{"amount":4.67,"safe_price":2.1312582582582578,"ft_order_side":"sell","order_filled_timestamp":1767607800000,"ft_is_entry":false,"ft_order_tag":"roi","cost":9.96292904213213}],"funding_fees":0.0,"weekday":0},{"pair":"DOT/USDT","stake_amount":9.92354,"max_stake_amount":9.92354,"amount":4.73,"open_date":"2026-01-05 11:05:00+00:00","close_date":"2026-01-05 15:10:00+00:00","open_rate":2.098,"close_rate":2.144,"fee_open":0.001,"fee_close":0.001,"trade_duration":245,"profit_ratio":0.019883833992508922,"profit_abs":0.19751534,"exit_reason":"roi","initial_stop_loss_abs":1.378,"initial_stop_loss_ratio":-0.34338,"stop_loss_abs":1.378,"stop_loss_ratio":-0.34338,"min_rate":2.097,"max_rate":2.166,"is_open":false,"enter_tag":"","leverage":1.0,"is_short":false,"open_timestamp":1767611100000,"close_timestamp":1767625800000,"orders":[{"amount":4.73,"safe_price":2.098,"ft_order_side":"buy","order_filled_timestamp":1767611100000,"ft_is_entry":true,"ft_order_tag":"","cost":9.93346354},{"amount":4.73,"safe_price":2.144,"ft_order_side":"sell","order_filled_timestamp":1767625800000,"ft_is_entry":false,"ft_order_tag":"roi","cost":10.15126112}],"funding_fees":0.0,"weekday":0},{"pair":"DOGE/USDT","stake_amount":9.80826,"max_stake_amount":9.80826,"amount":66.0,"open_date":"2026-01-05 09:05:00+00:00","close_date":"2026-01-05 15:40:00+00:00","open_rate":0.14861,"close_rate":0.1489075175175175,"fee_open":0.001,"fee_close":0.001,"trade_duration":395,"profit_ratio":0.0,"profit_abs":0.0,"exit_reason":"roi","initial_stop_loss_abs":0.09759,"initial_stop_loss_ratio":-0.34338,"stop_loss_abs":0.09759,"stop_loss_ratio":-0.34338,"min_rate":0.14581000000000002,"max_rate":0.14946,"is_open":false,"enter_tag":"","leverage":1.0,"is_short":false,"open_timestamp":1767603900000,"close_timestamp":1767627600000,"orders":[{"amount":66.0,"safe_price":0.14861000000000002,"ft_order_side":"buy","order_filled_timestamp":1767603900000,"ft_is_entry":true,"ft_order_tag":"","cost":9.81806826},{"amount":66.0,"safe_price":0.1489075175175175,"ft_order_side":"sell","order_filled_timestamp":1767627600000,"ft_is_entry":false,"ft_order_tag":"roi","cost":9.837724052312309}],"funding_fees":0.0,"weekday":0},{"pair":"XRP/USDT","stake_amount":9.7428,"max_stake_amount":9.7428,"amount":4.6,"open_date":"2026-01-05 13:35:00+00:00","close_date":"2026-01-05 17:40:00+00:00","open_rate":2.118,"close_rate":2.1841,"fee_open":0.001,"fee_close":0.001,"trade_duration":245,"profit_ratio":0.029148330423117957,"profit_abs":0.28427034,"exit_reason":"roi","initial_stop_loss_abs":1.3908,"initial_stop_loss_ratio":-0.34338,"stop_loss_abs":1.3908,"stop_loss_ratio":-0.34338,"min_rate":2.1121,"max_rate":2.1966,"is_open":false,"enter_tag":"","leverage":1.0,"is_short":false,"open_timestamp":1767620100000,"close_timestamp":1767634800000,"orders":[{"amount":4.6,"safe_price":2.118,"ft_order_side":"buy","order_filled_timestamp":1767620100000,"ft_is_entry":true,"ft_order_tag":"","cost":9.752542799999999},{"amount":4.6,"safe_price":2.1841,"ft_order_side":"sell","order_filled_timestamp":1767634800000,"ft_is_entry":false,"ft_order_tag":"roi","cost":10.056906859999998}],"funding_fees":0.0,"weekday":0},{"pair":"ETH/USDT","stake_amount":9.754553,"max_stake_amount":9.754553,"amount":0.0031,"open_date":"2026-01-05 13:45:00+00:00","close_date":"2026-01-05 17:50:00+00:00","open_rate":3146.63,"close_rate":3192.98,"fee_open":0.001,"fee_close":0.001,"trade_duration":245,"profit_ratio":0.012702611969846461,"profit_abs":0.12403221,"exit_reason":"roi","initial_stop_loss_abs":2066.1401906,"initial_stop_loss_ratio":-0.34338,"stop_loss_abs":2066.1401906,"stop_loss_ratio":-0.34338,"min_rate":3135.02,"max_rate":3215.47,"is_open":false,"enter_tag":"","leverage":1.0,"is_short":false,"open_timestamp":1767620700000,"close_timestamp":1767635400000,"orders":[{"amount":0.0031,"safe_price":3146.63,"ft_order_side":"buy","order_filled_timestamp":1767620700000,"ft_is_entry":true,"ft_order_tag":"","cost":9.764307552999998},{"amount":0.0031,"safe_price":3192.98,"ft_order_side":"sell","order_filled_timestamp":1767635400000,"ft_is_entry":false,"ft_order_tag":"roi","cost":9.908136237999997}],"funding_fees":0.0,"weekday":0},{"pair":"DOGE/USDT","stake_amount":9.95214,"max_stake_amount":9.95214,"amount":66.0,"open_date":"2026-01-06 00:15:00+00:00","close_date":"2026-01-06 04:20:00+00:00","open_rate":0.15079,"close_rate":0.15257,"fee_open":0.001,"fee_close":0.001,"trade_duration":245,"profit_ratio":0.00978290891415104,"profit_abs":0.09745824,"exit_reason":"roi","initial_stop_loss_abs":0.09902,"initial_stop_loss_ratio":-0.34338,"stop_loss_abs":0.09902,"stop_loss_ratio":-0.34338,"min_rate":0.1492,"max_rate":0.15451,"is_open":false,"enter_tag":"","leverage":1.0,"is_short":false,"open_timestamp":1767658500000,"close_timestamp":1767673200000,"orders":[{"amount":66.0,"safe_price":0.15079,"ft_order_side":"buy","order_filled_timestamp":1767658500000,"ft_is_entry":true,"ft_order_tag":"","cost":9.96209214},{"amount":66.0,"safe_price":0.15257,"ft_order_side":"sell","order_filled_timestamp":1767673200000,"ft_is_entry":false,"ft_order_tag":"roi","cost":10.07968962}],"funding_fees":0.0,"weekday":1},{"pair":"ETH/USDT","stake_amount":9.93302,"max_stake_amount":9.93302,"amount":0.0031,"open_date":"2026-01-06 00:40:00+00:00","close_date":"2026-01-06 04:45:00+00:00","open_rate":3204.2,"close_rate":3224.13,"fee_open":0.001,"fee_close":0.001,"trade_duration":245,"profit_ratio":0.0042095321094054615,"profit_abs":0.04185518,"exit_reason":"roi","initial_stop_loss_abs":2103.941804,"initial_stop_loss_ratio":-0.34338,"stop_loss_abs":2103.941804,"stop_loss_ratio":-0.34338,"min_rate":3203.34,"max_rate":3247.3,"is_open":false,"enter_tag":"","leverage":1.0,"is_short":false,"open_timestamp":1767660000000,"close_timestamp":1767674700000,"orders":[{"amount":0.0031,"safe_price":3204.2,"ft_order_side":"buy","order_filled_timestamp":1767660000000,"ft_is_entry":true,"ft_order_tag":"","cost":9.942953019999997},{"amount":0.0031,"safe_price":3224.13,"ft_order_side":"sell","order_filled_timestamp":1767674700000,"ft_is_entry":false,"ft_order_tag":"roi","cost":10.004797802999999}],"funding_fees":0.0,"weekday":1},{"pair":"DOT/USDT","stake_amount":10.0464,"max_stake_amount":10.0464,"amount":4.6,"open_date":"2026-01-06 00:40:00+00:00","close_date":"2026-01-06 04:45:00+00:00","open_rate":2.184,"close_rate":2.214,"fee_open":0.001,"fee_close":0.001,"trade_duration":245,"profit_ratio":0.0117108166558716,"profit_abs":0.1177692,"exit_reason":"roi","initial_stop_loss_abs":1.435,"initial_stop_loss_ratio":-0.34338,"stop_loss_abs":1.435,"stop_loss_ratio":-0.34338,"min_rate":2.182,"max_rate":2.239,"is_open":false,"enter_tag":"","leverage":1.0,"is_short":false,"open_timestamp":1767660000000,"close_timestamp":1767674700000,"orders":[{"amount":4.6,"safe_price":2.184,"ft_order_side":"buy","order_filled_timestamp":1767660000000,"ft_is_entry":true,"ft_order_tag":"","cost":10.056446399999999},{"amount":4.6,"safe_price":2.214,"ft_order_side":"sell","order_filled_timestamp":1767674700000,"ft_is_entry":false,"ft_order_tag":"roi","cost":10.194584399999997}],"funding_fees":0.0,"weekday":1},{"pair":"DOGE/USDT","stake_amount":10.04866,"max_stake_amount":10.04866,"amount":67.0,"open_date":"2026-01-06 07:25:00+00:00","close_date":"2026-01-06 11:30:00+00:00","open_rate":0.14998,"close_rate":0.15045,"fee_open":0.001,"fee_close":0.001,"trade_duration":245,"profit_ratio":0.001129487927727693,"profit_abs":0.01136119,"exit_reason":"roi","initial_stop_loss_abs":0.09848,"initial_stop_loss_ratio":-0.34338,"stop_loss_abs":0.09848,"stop_loss_ratio":-0.34338,"min_rate":0.14918,"max_rate":0.15095,"is_open":false,"enter_tag":"","leverage":1.0,"is_short":false,"open_timestamp":1767684300000,"close_timestamp":1767699000000,"orders":[{"amount":67.0,"safe_price":0.14998,"ft_order_side":"buy","order_filled_timestamp":1767684300000,"ft_is_entry":true,"ft_order_tag":"","cost":10.058708659999999},{"amount":67.0,"safe_price":0.15045,"ft_order_side":"sell","order_filled_timestamp":1767699000000,"ft_is_entry":false,"ft_order_tag":"roi","cost":10.090230149999998}],"funding_fees":0.0,"weekday":1},{"pair":"XRP/USDT","stake_amount":10.1007,"max_stake_amount":10.1007,"amount":4.3,"open_date":"2026-01-06 07:25:00+00:00","close_date":"2026-01-06 11:30:00+00:00","open_rate":2.349,"close_rate":2.3635,"fee_open":0.001,"fee_close":0.001,"trade_duration":245,"profit_ratio":0.004162504162504162,"profit_abs":0.04208625,"exit_reason":"roi","initial_stop_loss_abs":1.5425,"initial_stop_loss_ratio":-0.34338,"stop_loss_abs":1.5425,"stop_loss_ratio":-0.34338,"min_rate":2.3215,"max_rate":2.3737,"is_open":false,"enter_tag":"","leverage":1.0,"is_short":false,"open_timestamp":1767684300000,"close_timestamp":1767699000000,"orders":[{"amount":4.3,"safe_price":2.349,"ft_order_side":"buy","order_filled_timestamp":1767684300000,"ft_is_entry":true,"ft_order_tag":"","cost":10.110800699999999},{"amount":4.3,"safe_price":2.3635,"ft_order_side":"sell","order_filled_timestamp":1767699000000,"ft_is_entry":false,"ft_order_tag":"roi","cost":10.17321305}],"funding_fees":0.0,"weekday":1},{"pair":"DOT/USDT","stake_amount":10.10051,"max_stake_amount":10.10051,"amount":4.61,"open_date":"2026-01-06 07:40:00+00:00","close_date":"2026-01-06 11:45:00+00:00","open_rate":2.191,"close_rate":2.218,"fee_open":0.001,"fee_close":0.001,"trade_duration":245,"profit_ratio":0.010300516462086521,"profit_abs":0.10414451,"exit_reason":"roi","initial_stop_loss_abs":1.439,"initial_stop_loss_ratio":-0.34338,"stop_loss_abs":1.439,"stop_loss_ratio":-0.34338,"min_rate":2.179,"max_rate":2.224,"is_open":false,"enter_tag":"","leverage":1.0,"is_short":false,"open_timestamp":1767685200000,"close_timestamp":1767699900000,"orders":[{"amount":4.61,"safe_price":2.191,"ft_order_side":"buy","order_filled_timestamp":1767685200000,"ft_is_entry":true,"ft_order_tag":"","cost":10.110610509999999},{"amount":4.61,"safe_price":2.218,"ft_order_side":"sell","order_filled_timestamp":1767699900000,"ft_is_entry":false,"ft_order_tag":"roi","cost":10.235204979999999}],"funding_fees":0.0,"weekday":1},{"pair":"DOGE/USDT","stake_amount":10.03612,"max_stake_amount":10.03612,"amount":68.0,"open_date":"2026-01-06 16:10:00+00:00","close_date":"2026-01-06 21:10:00+00:00","open_rate":0.14759,"close_rate":0.14788547547547545,"fee_open":0.001,"fee_close":0.001,"trade_duration":300,"profit_ratio":0.0,"profit_abs":0.0,"exit_reason":"roi","initial_stop_loss_abs":0.09692,"initial_stop_loss_ratio":-0.34338,"stop_loss_abs":0.09692,"stop_loss_ratio":-0.34338,"min_rate":0.14352,"max_rate":0.14807,"is_open":false,"enter_tag":"","leverage":1.0,"is_short":false,"open_timestamp":1767715800000,"close_timestamp":1767733800000,"orders":[{"amount":68.0,"safe_price":0.14759,"ft_order_side":"buy","order_filled_timestamp":1767715800000,"ft_is_entry":true,"ft_order_tag":"","cost":10.04615612},{"amount":68.0,"safe_price":0.14788547547547545,"ft_order_side":"sell","order_filled_timestamp":1767733800000,"ft_is_entry":false,"ft_order_tag":"roi","cost":10.066268544664663}],"funding_fees":0.0,"weekday":1},{"pair":"DOT/USDT","stake_amount":10.12448,"max_stake_amount":10.12448,"amount":4.64,"open_date":"2026-01-06 16:10:00+00:00","close_date":"2026-01-06 21:15:00+00:00","open_rate":2.182,"close_rate":2.186368368368368,"fee_open":0.001,"fee_close":0.001,"trade_duration":305,"profit_ratio":0.0,"profit_abs":0.0,"exit_reason":"roi","initial_stop_loss_abs":1.433,"initial_stop_loss_ratio":-0.34338,"stop_loss_abs":1.433,"stop_loss_ratio":-0.34338,"min_rate":2.112,"max_rate":2.22,"is_open":false,"enter_tag":"","leverage":1.0,"is_short":false,"open_timestamp":1767715800000,"close_timestamp":1767734100000,"orders":[{"amount":4.64,"safe_price":2.182,"ft_order_side":"buy","order_filled_timestamp":1767715800000,"ft_is_entry":true,"ft_order_tag":"","cost":10.134604479999997},{"amount":4.64,"safe_price":2.186368368368368,"ft_order_side":"sell","order_filled_timestamp":1767734100000,"ft_is_entry":false,"ft_order_tag":"roi","cost":10.154893978458455}],"funding_fees":0.0,"weekday":1},{"pair":"ETH/USDT","stake_amount":9.908933,"max_stake_amount":9.908933,"amount":0.0031,"open_date":"2026-01-06 18:00:00+00:00","close_date":"2026-01-06 22:05:00+00:00","open_rate":3196.43,"close_rate":3281.02,"fee_open":0.001,"fee_close":0.001,"trade_duration":245,"profit_ratio":0.024413022370521932,"profit_abs":0.24214891,"exit_reason":"roi","initial_stop_loss_abs":2098.8398666,"initial_stop_loss_ratio":-0.34338,"stop_loss_abs":2098.8398666,"stop_loss_ratio":-0.34338,"min_rate":3183.27,"max_rate":3300.35,"is_open":false,"enter_tag":"","leverage":1.0,"is_short":false,"open_timestamp":1767722400000,"close_timestamp":1767737100000,"orders":[{"amount":0.0031,"safe_price":3196.43,"ft_order_side":"buy","order_filled_timestamp":1767722400000,"ft_is_entry":true,"ft_order_tag":"","cost":9.918841932999998},{"amount":0.0031,"safe_price":3281.02,"ft_order_side":"sell","order_filled_timestamp":1767737100000,"ft_is_entry":false,"ft_order_tag":"roi","cost":10.181333161999998}],"funding_fees":0.0,"weekday":1},{"pair":"DOT/USDT","stake_amount":10.18626,"max_stake_amount":10.18626,"amount":4.74,"open_date":"2026-01-07 14:15:00+00:00","close_date":"2026-01-07 18:20:00+00:00","open_rate":2.149,"close_rate":2.154,"fee_open":0.001,"fee_close":0.001,"trade_duration":245,"profit_ratio":0.00032401288799613603,"profit_abs":0.00330378,"exit_reason":"roi","initial_stop_loss_abs":1.412,"initial_stop_loss_ratio":-0.34338,"stop_loss_abs":1.412,"stop_loss_ratio":-0.34338,"min_rate":2.127,"max_rate":2.173,"is_open":false,"enter_tag":"","leverage":1.0,"is_short":false,"open_timestamp":1767795300000,"close_timestamp":1767810000000,"orders":[{"amount":4.74,"safe_price":2.149,"ft_order_side":"buy","order_filled_timestamp":1767795300000,"ft_is_entry":true,"ft_order_tag":"","cost":10.19644626},{"amount":4.74,"safe_price":2.154,"ft_order_side":"sell","order_filled_timestamp":1767810000000,"ft_is_entry":false,"ft_order_tag":"roi","cost":10.22016996}],"funding_fees":0.0,"weekday":2},{"pair":"DOGE/USDT","stake_amount":10.07607,"max_stake_amount":10.07607,"amount":69.0,"open_date":"2026-01-07 14:20:00+00:00","close_date":"2026-01-07 18:25:00+00:00","open_rate":0.14603,"close_rate":0.14632235235235233,"fee_open":0.001,"fee_close":0.001,"trade_duration":245,"profit_ratio":0.0,"profit_abs":0.0,"exit_reason":"roi","initial_stop_loss_abs":0.09589,"initial_stop_loss_ratio":-0.34338,"stop_loss_abs":0.09589,"stop_loss_ratio":-0.34338,"min_rate":0.14487,"max_rate":0.14850000000000002,"is_open":false,"enter_tag":"","leverage":1.0,"is_short":false,"open_timestamp":1767795600000,"close_timestamp":1767810300000,"orders":[{"amount":69.0,"safe_price":0.14603000000000002,"ft_order_side":"buy","order_filled_timestamp":1767795600000,"ft_is_entry":true,"ft_order_tag":"","cost":10.08614607},{"amount":69.0,"safe_price":0.14632235235235233,"ft_order_side":"sell","order_filled_timestamp":1767810300000,"ft_is_entry":false,"ft_order_tag":"roi","cost":10.106338554624623}],"funding_fees":0.0,"weekday":2},{"pair":"DOT/USDT","stake_amount":10.18354,"max_stake_amount":10.18354,"amount":4.79,"open_date":"2026-01-07 20:30:00+00:00","close_date":"2026-01-08 00:35:00+00:00","open_rate":2.126,"close_rate":2.138,"fee_open":0.001,"fee_close":0.001,"trade_duration":245,"profit_ratio":0.0036351231083121957,"profit_abs":0.03705544,"exit_reason":"roi","initial_stop_loss_abs":1.396,"initial_stop_loss_ratio":-0.34338,"stop_loss_abs":1.396,"stop_loss_ratio":-0.34338,"min_rate":2.12,"max_rate":2.159,"is_open":false,"enter_tag":"","leverage":1.0,"is_short":false,"open_timestamp":1767817800000,"close_timestamp":1767832500000,"orders":[{"amount":4.79,"safe_price":2.126,"ft_order_side":"buy","order_filled_timestamp":1767817800000,"ft_is_entry":true,"ft_order_tag":"","cost":10.193723539999997},{"amount":4.79,"safe_price":2.138,"ft_order_side":"sell","order_filled_timestamp":1767832500000,"ft_is_entry":false,"ft_order_tag":"roi","cost":10.251261019999998}],"funding_fees":0.0,"weekday":3},{"pair":"DOT/USDT","stake_amount":10.2,"max_stake_amount":10.2,"amount":4.8,"open_date":"2026-01-08 03:50:00+00:00","close_date":"2026-01-08 07:55:00+00:00","open_rate":2.125,"close_rate":2.129254254254254,"fee_open":0.001,"fee_close":0.001,"trade_duration":245,"profit_ratio":0.0,"profit_abs":0.0,"exit_reason":"roi","initial_stop_loss_abs":1.396,"initial_stop_loss_ratio":-0.34338,"stop_loss_abs":1.396,"stop_loss_ratio":-0.34338,"min_rate":2.084,"max_rate":2.151,"is_open":false,"enter_tag":"","leverage":1.0,"is_short":false,"open_timestamp":1767844200000,"close_timestamp":1767858900000,"orders":[{"amount":4.8,"safe_price":2.125,"ft_order_side":"buy","order_filled_timestamp":1767844200000,"ft_is_entry":true,"ft_order_tag":"","cost":10.210199999999999},{"amount":4.8,"safe_price":2.129254254254254,"ft_order_side":"sell","order_filled_timestamp":1767858900000,"ft_is_entry":false,"ft_order_tag":"roi","cost":10.230640840840838}],"funding_fees":0.0,"weekday":3},{"pair":"DOT/USDT","stake_amount":10.19291,"max_stake_amount":10.19291,"amount":4.87,"open_date":"2026-01-09 01:40:00+00:00","close_date":"2026-01-09 05:45:00+00:00","open_rate":2.093,"close_rate":2.101,"fee_open":0.001,"fee_close":0.001,"trade_duration":245,"profit_ratio":0.0018166258013367427,"profit_abs":0.01853522,"exit_reason":"roi","initial_stop_loss_abs":1.375,"initial_stop_loss_ratio":-0.34338,"stop_loss_abs":1.375,"stop_loss_ratio":-0.34338,"min_rate":2.087,"max_rate":2.115,"is_open":false,"enter_tag":"","leverage":1.0,"is_short":false,"open_timestamp":1767922800000,"close_timestamp":1767937500000,"orders":[{"amount":4.87,"safe_price":2.093,"ft_order_side":"buy","order_filled_timestamp":1767922800000,"ft_is_entry":true,"ft_order_tag":"","cost":10.203102909999998},{"amount":4.87,"safe_price":2.101,"ft_order_side":"sell","order_filled_timestamp":1767937500000,"ft_is_entry":false,"ft_order_tag":"roi","cost":10.242101869999999}],"funding_fees":0.0,"weekday":4},{"pair":"DOT/USDT","stake_amount":10.18944,"max_stake_amount":10.18944,"amount":4.88,"open_date":"2026-01-09 08:40:00+00:00","close_date":"2026-01-09 15:25:00+00:00","open_rate":2.088,"close_rate":2.09218018018018,"fee_open":0.001,"fee_close":0.001,"trade_duration":405,"profit_ratio":0.0,"profit_abs":0.0,"exit_reason":"roi","initial_stop_loss_abs":1.372,"initial_stop_loss_ratio":-0.34338,"stop_loss_abs":1.372,"stop_loss_ratio":-0.34338,"min_rate":2.048,"max_rate":2.12,"is_open":false,"enter_tag":"","leverage":1.0,"is_short":false,"open_timestamp":1767948000000,"close_timestamp":1767972300000,"orders":[{"amount":4.88,"safe_price":2.088,"ft_order_side":"buy","order_filled_timestamp":1767948000000,"ft_is_entry":true,"ft_order_tag":"","cost":10.199629439999999},{"amount":4.88,"safe_price":2.09218018018018,"ft_order_side":"sell","order_filled_timestamp":1767972300000,"ft_is_entry":false,"ft_order_tag":"roi","cost":10.220049118558556}],"funding_fees":0.0,"weekday":4},{"pair":"DOT/USDT","stake_amount":10.18334,"max_stake_amount":10.18334,"amount":4.91,"open_date":"2026-01-10 02:45:00+00:00","close_date":"2026-01-10 06:50:00+00:00","open_rate":2.074,"close_rate":2.088,"fee_open":0.001,"fee_close":0.001,"trade_duration":245,"profit_ratio":0.004738752086871662,"profit_abs":0.04830458,"exit_reason":"roi","initial_stop_loss_abs":1.362,"initial_stop_loss_ratio":-0.34338,"stop_loss_abs":1.362,"stop_loss_ratio":-0.34338,"min_rate":2.069,"max_rate":2.095,"is_open":false,"enter_tag":"","leverage":1.0,"is_short":false,"open_timestamp":1768013100000,"close_timestamp":1768027800000,"orders":[{"amount":4.91,"safe_price":2.074,"ft_order_side":"buy","order_filled_timestamp":1768013100000,"ft_is_entry":true,"ft_order_tag":"","cost":10.193523339999999},{"amount":4.91,"safe_price":2.088,"ft_order_side":"sell","order_filled_timestamp":1768027800000,"ft_is_entry":false,"ft_order_tag":"roi","cost":10.26233208}],"funding_fees":0.0,"weekday":5},{"pair":"DOT/USDT","stake_amount":10.206,"max_stake_amount":10.206,"amount":4.86,"open_date":"2026-01-10 18:00:00+00:00","close_date":"2026-01-10 22:30:00+00:00","open_rate":2.1,"close_rate":2.1042042042042044,"fee_open":0.001,"fee_close":0.001,"trade_duration":270,"profit_ratio":0.0,"profit_abs":0.0,"exit_reason":"roi","initial_stop_loss_abs":1.379,"initial_stop_loss_ratio":-0.34338,"stop_loss_abs":1.379,"stop_loss_ratio":-0.34338,"min_rate":2.096,"max_rate":2.13,"is_open":false,"enter_tag":"","leverage":1.0,"is_short":false,"open_timestamp":1768068000000,"close_timestamp":1768084200000,"orders":[{"amount":4.86,"safe_price":2.1,"ft_order_side":"buy","order_filled_timestamp":1768068000000,"ft_is_entry":true,"ft_order_tag":"","cost":10.216206},{"amount":4.86,"safe_price":2.1042042042042044,"ft_order_side":"sell","order_filled_timestamp":1768084200000,"ft_is_entry":false,"ft_order_tag":"roi","cost":10.236658864864864}],"funding_fees":0.0,"weekday":5},{"pair":"DOT/USDT","stake_amount":10.19432,"max_stake_amount":10.19432,"amount":4.88,"open_date":"2026-01-10 22:55:00+00:00","close_date":"2026-01-11 03:00:00+00:00","open_rate":2.089,"close_rate":2.094,"fee_open":0.001,"fee_close":0.001,"trade_duration":245,"profit_ratio":0.00039070551277348793,"profit_abs":0.00398696,"exit_reason":"roi","initial_stop_loss_abs":1.372,"initial_stop_loss_ratio":-0.34338,"stop_loss_abs":1.372,"stop_loss_ratio":-0.34338,"min_rate":2.084,"max_rate":2.104,"is_open":false,"enter_tag":"","leverage":1.0,"is_short":false,"open_timestamp":1768085700000,"close_timestamp":1768100400000,"orders":[{"amount":4.88,"safe_price":2.089,"ft_order_side":"buy","order_filled_timestamp":1768085700000,"ft_is_entry":true,"ft_order_tag":"","cost":10.204514319999998},{"amount":4.88,"safe_price":2.094,"ft_order_side":"sell","order_filled_timestamp":1768100400000,"ft_is_entry":false,"ft_order_tag":"roi","cost":10.228938719999999}],"funding_fees":0.0,"weekday":6},{"pair":"DOT/USDT","stake_amount":10.19955,"max_stake_amount":10.19955,"amount":4.85,"open_date":"2026-01-11 13:35:00+00:00","close_date":"2026-01-12 02:00:00+00:00","open_rate":2.103,"close_rate":2.1072102102102104,"fee_open":0.001,"fee_close":0.001,"trade_duration":745,"profit_ratio":0.0,"profit_abs":0.0,"exit_reason":"roi","initial_stop_loss_abs":1.381,"initial_stop_loss_ratio":-0.34338,"stop_loss_abs":1.381,"stop_loss_ratio":-0.34338,"min_rate":2.034,"max_rate":2.117,"is_open":false,"enter_tag":"","leverage":1.0,"is_short":false,"open_timestamp":1768138500000,"close_timestamp":1768183200000,"orders":[{"amount":4.85,"safe_price":2.103,"ft_order_side":"buy","order_filled_timestamp":1768138500000,"ft_is_entry":true,"ft_order_tag":"","cost":10.20974955},{"amount":4.85,"safe_price":2.1072102102102104,"ft_order_side":"sell","order_filled_timestamp":1768183200000,"ft_is_entry":false,"ft_order_tag":"roi","cost":10.230189489039038}],"funding_fees":0.0,"weekday":0},{"pair":"DOT/USDT","stake_amount":10.2018,"max_stake_amount":10.2018,"amount":4.9,"open_date":"2026-01-12 07:35:00+00:00","close_date":"2026-01-12 15:40:00+00:00","open_rate":2.082,"close_rate":2.0861681681681676,"fee_open":0.001,"fee_close":0.001,"trade_duration":485,"profit_ratio":0.0,"profit_abs":0.0,"exit_reason":"roi","initial_stop_loss_abs":1.368,"initial_stop_loss_ratio":-0.34338,"stop_loss_abs":1.368,"stop_loss_ratio":-0.34338,"min_rate":2.022,"max_rate":2.089,"is_open":false,"enter_tag":"","leverage":1.0,"is_short":false,"open_timestamp":1768203300000,"close_timestamp":1768232400000,"orders":[{"amount":4.9,"safe_price":2.082,"ft_order_side":"buy","order_filled_timestamp":1768203300000,"ft_is_entry":true,"ft_order_tag":"","cost":10.2120018},{"amount":4.9,"safe_price":2.0861681681681676,"ft_order_side":"sell","order_filled_timestamp":1768232400000,"ft_is_entry":false,"ft_order_tag":"roi","cost":10.232446248048046}],"funding_fees":0.0,"weekday":0},{"pair":"DOT/USDT","stake_amount":10.2,"max_stake_amount":10.2,"amount":5.0,"open_date":"2026-01-12 21:55:00+00:00","close_date":"2026-01-13 02:00:00+00:00","open_rate":2.04,"close_rate":2.079,"fee_open":0.001,"fee_close":0.001,"trade_duration":245,"profit_ratio":0.017081447963800903,"profit_abs":0.174405,"exit_reason":"roi","initial_stop_loss_abs":1.34,"initial_stop_loss_ratio":-0.34338,"stop_loss_abs":1.34,"stop_loss_ratio":-0.34338,"min_rate":2.039,"max_rate":2.097,"is_open":false,"enter_tag":"","leverage":1.0,"is_short":false,"open_timestamp":1768254900000,"close_timestamp":1768269600000,"orders":[{"amount":5.0,"safe_price":2.04,"ft_order_side":"buy","order_filled_timestamp":1768254900000,"ft_is_entry":true,"ft_order_tag":"","cost":10.210199999999999},{"amount":5.0,"safe_price":2.079,"ft_order_side":"sell","order_filled_timestamp":1768269600000,"ft_is_entry":false,"ft_order_tag":"roi","cost":10.405395}],"funding_fees":0.0,"weekday":1},{"pair":"ETH/USDT","stake_amount":10.04245,"max_stake_amount":10.04245,"amount":0.0031,"open_date":"2026-01-07 09:10:00+00:00","close_date":"2026-01-13 22:05:00+00:00","open_rate":3239.5,"close_rate":3245.9854854854852,"fee_open":0.001,"fee_close":0.001,"trade_duration":9415,"profit_ratio":0.0,"profit_abs":0.0,"exit_reason":"roi","initial_stop_loss_abs":2127.12049,"initial_stop_loss_ratio":-0.34338,"stop_loss_abs":2127.12049,"stop_loss_ratio":-0.34338,"min_rate":3054.65,"max_rate":3293.6,"is_open":false,"enter_tag":"","leverage":1.0,"is_short":false,"open_timestamp":1767777000000,"close_timestamp":1768341900000,"orders":[{"amount":0.0031,"safe_price":3239.5,"ft_order_side":"buy","order_filled_timestamp":1767777000000,"ft_is_entry":true,"ft_order_tag":"","cost":10.052492449999997},{"amount":0.0031,"safe_price":3245.9854854854852,"ft_order_side":"sell","order_filled_timestamp":1768341900000,"ft_is_entry":false,"ft_order_tag":"roi","cost":10.072617560010007}],"funding_fees":0.0,"weekday":1},{"pair":"DOGE/USDT","stake_amount":10.1514,"max_stake_amount":10.1514,"amount":70.0,"open_date":"2026-01-08 03:45:00+00:00","close_date":"2026-01-13 22:05:00+00:00","open_rate":0.14502,"close_rate":0.14531033033033033,"fee_open":0.001,"fee_close":0.001,"trade_duration":8300,"profit_ratio":0.0,"profit_abs":0.0,"exit_reason":"roi","initial_stop_loss_abs":0.09523,"initial_stop_loss_ratio":-0.34338,"stop_loss_abs":0.09523,"stop_loss_ratio":-0.34338,"min_rate":0.13492,"max_rate":0.14832,"is_open":false,"enter_tag":"","leverage":1.0,"is_short":false,"open_timestamp":1767843900000,"close_timestamp":1768341900000,"orders":[{"amount":70.0,"safe_price":0.14502,"ft_order_side":"buy","order_filled_timestamp":1767843900000,"ft_is_entry":true,"ft_order_tag":"","cost":10.161551399999999},{"amount":70.0,"safe_price":0.14531033033033033,"ft_order_side":"sell","order_filled_timestamp":1768341900000,"ft_is_entry":false,"ft_order_tag":"roi","cost":10.181894846246246}],"funding_fees":0.0,"weekday":1},{"pair":"DOGE/USDT","stake_amount":10.15266,"max_stake_amount":10.15266,"amount":69.0,"open_date":"2026-01-14 06:10:00+00:00","close_date":"2026-01-14 10:15:00+00:00","open_rate":0.14714,"close_rate":0.14779,"fee_open":0.001,"fee_close":0.001,"trade_duration":245,"profit_ratio":0.0024107332113312806,"profit_abs":0.02449983,"exit_reason":"roi","initial_stop_loss_abs":0.09662,"initial_stop_loss_ratio":-0.34338,"stop_loss_abs":0.09662,"stop_loss_ratio":-0.34338,"min_rate":0.14694000000000002,"max_rate":0.14885,"is_open":false,"enter_tag":"","leverage":1.0,"is_short":false,"open_timestamp":1768371000000,"close_timestamp":1768385700000,"orders":[{"amount":69.0,"safe_price":0.14714000000000002,"ft_order_side":"buy","order_filled_timestamp":1768371000000,"ft_is_entry":true,"ft_order_tag":"","cost":10.16281266},{"amount":69.0,"safe_price":0.14779,"ft_order_side":"sell","order_filled_timestamp":1768385700000,"ft_is_entry":false,"ft_order_tag":"roi","cost":10.20770751}],"funding_fees":0.0,"weekday":2},{"pair":"ETH/USDT","stake_amount":9.94098,"max_stake_amount":9.94098,"amount":0.003,"open_date":"2026-01-14 10:25:00+00:00","close_date":"2026-01-14 14:30:00+00:00","open_rate":3313.66,"close_rate":3320.2939539539534,"fee_open":0.001,"fee_close":0.001,"trade_duration":245,"profit_ratio":0.0,"profit_abs":0.0,"exit_reason":"roi","initial_stop_loss_abs":2175.8154292,"initial_stop_loss_ratio":-0.34338,"stop_loss_abs":2175.8154292,"stop_loss_ratio":-0.34338,"min_rate":3280.48,"max_rate":3326.08,"is_open":false,"enter_tag":"","leverage":1.0,"is_short":false,"open_timestamp":1768386300000,"close_timestamp":1768401000000,"orders":[{"amount":0.003,"safe_price":3313.66,"ft_order_side":"buy","order_filled_timestamp":1768386300000,"ft_is_entry":true,"ft_order_tag":"","cost":9.95092098},{"amount":0.003,"safe_price":3320.2939539539534,"ft_order_side":"sell","order_filled_timestamp":1768401000000,"ft_is_entry":false,"ft_order_tag":"roi","cost":9.970842743723722}],"funding_fees":0.0,"weekday":2},{"pair":"DOT/USDT","stake_amount":10.25139,"max_stake_amount":10.25139,"amount":4.53,"open_date":"2026-01-14 11:10:00+00:00","close_date":"2026-01-14 15:15:00+00:00","open_rate":2.263,"close_rate":2.26753053053053,"fee_open":0.001,"fee_close":0.001,"trade_duration":245,"profit_ratio":0.0,"profit_abs":0.0,"exit_reason":"roi","initial_stop_loss_abs":1.486,"initial_stop_loss_ratio":-0.34338,"stop_loss_abs":1.486,"stop_loss_ratio":-0.34338,"min_rate":2.235,"max_rate":2.282,"is_open":false,"enter_tag":"","leverage":1.0,"is_short":false,"open_timestamp":1768389000000,"close_timestamp":1768403700000,"orders":[{"amount":4.53,"safe_price":2.263,"ft_order_side":"buy","order_filled_timestamp":1768389000000,"ft_is_entry":true,"ft_order_tag":"","cost":10.26164139},{"amount":4.53,"safe_price":2.26753053053053,"ft_order_side":"sell","order_filled_timestamp":1768403700000,"ft_is_entry":false,"ft_order_tag":"roi","cost":10.282185216606605}],"funding_fees":0.0,"weekday":2},{"pair":"DOGE/USDT","stake_amount":10.13334,"max_stake_amount":10.13334,"amount":69.0,"open_date":"2026-01-14 11:15:00+00:00","close_date":"2026-01-14 15:20:00+00:00","open_rate":0.14686,"close_rate":0.14907,"fee_open":0.001,"fee_close":0.001,"trade_duration":245,"profit_ratio":0.013020276740826923,"profit_abs":0.13207083,"exit_reason":"roi","initial_stop_loss_abs":0.09644,"initial_stop_loss_ratio":-0.34338,"stop_loss_abs":0.09644,"stop_loss_ratio":-0.34338,"min_rate":0.14562,"max_rate":0.1496,"is_open":false,"enter_tag":"","leverage":1.0,"is_short":false,"open_timestamp":1768389300000,"close_timestamp":1768404000000,"orders":[{"amount":69.0,"safe_price":0.14686000000000002,"ft_order_side":"buy","order_filled_timestamp":1768389300000,"ft_is_entry":true,"ft_order_tag":"","cost":10.14347334},{"amount":69.0,"safe_price":0.14907,"ft_order_side":"sell","order_filled_timestamp":1768404000000,"ft_is_entry":false,"ft_order_tag":"roi","cost":10.29611583}],"funding_fees":0.0,"weekday":2},{"pair":"ETH/USDT","stake_amount":9.98838,"max_stake_amount":9.98838,"amount":0.003,"open_date":"2026-01-15 00:50:00+00:00","close_date":"2026-01-15 08:50:00+00:00","open_rate":3329.46,"close_rate":3336.125585585585,"fee_open":0.001,"fee_close":0.001,"trade_duration":480,"profit_ratio":0.0,"profit_abs":0.0,"exit_reason":"roi","initial_stop_loss_abs":2186.1900252,"initial_stop_loss_ratio":-0.34338,"stop_loss_abs":2186.1900252,"stop_loss_ratio":-0.34338,"min_rate":3278.0,"max_rate":3342.85,"is_open":false,"enter_tag":"","leverage":1.0,"is_short":false,"open_timestamp":1768438200000,"close_timestamp":1768467000000,"orders":[{"amount":0.003,"safe_price":3329.46,"ft_order_side":"buy","order_filled_timestamp":1768438200000,"ft_is_entry":true,"ft_order_tag":"","cost":9.99836838},{"amount":0.003,"safe_price":3336.125585585585,"ft_order_side":"sell","order_filled_timestamp":1768467000000,"ft_is_entry":false,"ft_order_tag":"roi","cost":10.018385133513512}],"funding_fees":0.0,"weekday":3},{"pair":"ETH/USDT","stake_amount":9.99762,"max_stake_amount":9.99762,"amount":0.003,"open_date":"2026-01-15 15:30:00+00:00","close_date":"2026-01-18 14:15:00+00:00","open_rate":3332.54,"close_rate":3339.2117517517513,"fee_open":0.001,"fee_close":0.001,"trade_duration":4245,"profit_ratio":0.0,"profit_abs":0.0,"exit_reason":"roi","initial_stop_loss_abs":2188.2124148,"initial_stop_loss_ratio":-0.34338,"stop_loss_abs":2188.2124148,"stop_loss_ratio":-0.34338,"min_rate":3253.01,"max_rate":3347.75,"is_open":false,"enter_tag":"","leverage":1.0,"is_short":false,"open_timestamp":1768491000000,"close_timestamp":1768745700000,"orders":[{"amount":0.003,"safe_price":3332.54,"ft_order_side":"buy","order_filled_timestamp":1768491000000,"ft_is_entry":true,"ft_order_tag":"","cost":10.007617619999998},{"amount":0.003,"safe_price":3339.2117517517513,"ft_order_side":"sell","order_filled_timestamp":1768745700000,"ft_is_entry":false,"ft_order_tag":"roi","cost":10.027652890510508}],"funding_fees":0.0,"weekday":6},{"pair":"XRP/USDT","stake_amount":10.06587,"max_stake_amount":10.06587,"amount":4.3,"open_date":"2026-01-06 15:55:00+00:00","close_date":"2026-01-31 17:10:00+00:00","open_rate":2.3409,"close_rate":1.5371,"fee_open":0.001,"fee_close":0.001,"trade_duration":36075,"profit_ratio":-0.3446841509125246,"profit_abs":-3.4730154,"exit_reason":"stop_loss","initial_stop_loss_abs":1.5371,"initial_stop_loss_ratio":-0.34338,"stop_loss_abs":1.5371,"stop_loss_ratio":-0.34338,"min_rate":1.5173,"max_rate":2.3551,"is_open":false,"enter_tag":"","leverage":1.0,"is_short":false,"open_timestamp":1767714900000,"close_timestamp":1769879400000,"orders":[{"amount":4.3,"safe_price":2.3409,"ft_order_side":"buy","order_filled_timestamp":1767714900000,"ft_is_entry":true,"ft_order_tag":"","cost":10.075935869999999},{"amount":4.3,"safe_price":1.5371,"ft_order_side":"sell","order_filled_timestamp":1769879400000,"ft_is_entry":false,"ft_order_tag":"stop_loss","cost":6.616139529999999}],"funding_fees":0.0,"weekday":5},{"pair":"DOT/USDT","stake_amount":10.26324,"max_stake_amount":10.26324,"amount":4.59,"open_date":"2026-01-14 18:20:00+00:00","close_date":"2026-01-31 17:10:00+00:00","open_rate":2.236,"close_rate":1.469,"fee_open":0.001,"fee_close":0.001,"trade_duration":24410,"profit_ratio":-0.34433589666147807,"profit_abs":-3.53753595,"exit_reason":"stop_loss","initial_stop_loss_abs":1.469,"initial_stop_loss_ratio":-0.34338,"stop_loss_abs":1.469,"stop_loss_ratio":-0.34338,"min_rate":1.465,"max_rate":2.2560000000000002,"is_open":false,"enter_tag":"","leverage":1.0,"is_short":false,"open_timestamp":1768414800000,"close_timestamp":1769879400000,"orders":[{"amount":4.59,"safe_price":2.236,"ft_order_side":"buy","order_filled_timestamp":1768414800000,"ft_is_entry":true,"ft_order_tag":"","cost":10.27350324},{"amount":4.59,"safe_price":1.469,"ft_order_side":"sell","order_filled_timestamp":1769879400000,"ft_is_entry":false,"ft_order_tag":"stop_loss","cost":6.749452709999999}],"funding_fees":0.0,"weekday":5},{"pair":"DOGE/USDT","stake_amount":10.2095,"max_stake_amount":10.2095,"amount":70.0,"open_date":"2026-01-15 00:50:00+00:00","close_date":"2026-01-31 18:40:00+00:00","open_rate":0.14585,"close_rate":0.09577,"fee_open":0.001,"fee_close":0.001,"trade_duration":24110,"profit_ratio":-0.3446784275032475,"profit_abs":-3.5225134,"exit_reason":"stop_loss","initial_stop_loss_abs":0.09577,"initial_stop_loss_ratio":-0.34338,"stop_loss_abs":0.09577,"stop_loss_ratio":-0.34338,"min_rate":0.09461000000000001,"max_rate":0.14656000000000002,"is_open":false,"enter_tag":"","leverage":1.0,"is_short":false,"open_timestamp":1768438200000,"close_timestamp":1769884800000,"orders":[{"amount":70.0,"safe_price":0.14585,"ft_order_side":"buy","order_filled_timestamp":1768438200000,"ft_is_entry":true,"ft_order_tag":"","cost":10.219709499999999},{"amount":70.0,"safe_price":0.09577,"ft_order_side":"sell","order_filled_timestamp":1769884800000,"ft_is_entry":false,"ft_order_tag":"stop_loss","cost":6.710603899999999}],"funding_fees":0.0,"weekday":5},{"pair":"XRP/USDT","stake_amount":8.74384,"max_stake_amount":8.74384,"amount":5.6,"open_date":"2026-01-31 17:15:00+00:00","close_date":"2026-01-31 21:20:00+00:00","open_rate":1.5614,"close_rate":1.5888,"fee_open":0.001,"fee_close":0.001,"trade_duration":245,"profit_ratio":0.015515290396806986,"profit_abs":0.13579888,"exit_reason":"roi","initial_stop_loss_abs":1.0253,"initial_stop_loss_ratio":-0.34338,"stop_loss_abs":1.0253,"stop_loss_ratio":-0.34338,"min_rate":1.5028000000000001,"max_rate":1.6103,"is_open":false,"enter_tag":"","leverage":1.0,"is_short":false,"open_timestamp":1769879700000,"close_timestamp":1769894400000,"orders":[{"amount":5.6,"safe_price":1.5614,"ft_order_side":"buy","order_filled_timestamp":1769879700000,"ft_is_entry":true,"ft_order_tag":"","cost":8.752583839999998},{"amount":5.6,"safe_price":1.5888,"ft_order_side":"sell","order_filled_timestamp":1769894400000,"ft_is_entry":false,"ft_order_tag":"roi","cost":8.906177279999998}],"funding_fees":0.0,"weekday":5},{"pair":"DOT/USDT","stake_amount":8.87682,"max_stake_amount":8.87682,"amount":5.91,"open_date":"2026-01-31 17:15:00+00:00","close_date":"2026-01-31 21:25:00+00:00","open_rate":1.502,"close_rate":1.505007007007007,"fee_open":0.001,"fee_close":0.001,"trade_duration":250,"profit_ratio":0.0,"profit_abs":0.0,"exit_reason":"roi","initial_stop_loss_abs":0.987,"initial_stop_loss_ratio":-0.34338,"stop_loss_abs":0.987,"stop_loss_ratio":-0.34338,"min_rate":1.399,"max_rate":1.518,"is_open":false,"enter_tag":"","leverage":1.0,"is_short":false,"open_timestamp":1769879700000,"close_timestamp":1769894700000,"orders":[{"amount":5.91,"safe_price":1.502,"ft_order_side":"buy","order_filled_timestamp":1769879700000,"ft_is_entry":true,"ft_order_tag":"","cost":8.88569682},{"amount":5.91,"safe_price":1.505007007007007,"ft_order_side":"sell","order_filled_timestamp":1769894700000,"ft_is_entry":false,"ft_order_tag":"roi","cost":8.903486002822822}],"funding_fees":0.0,"weekday":5},{"pair":"DOGE/USDT","stake_amount":8.16885,"max_stake_amount":8.16885,"amount":81.0,"open_date":"2026-01-31 18:45:00+00:00","close_date":"2026-01-31 22:50:00+00:00","open_rate":0.10085,"close_rate":0.10198000000000002,"fee_open":0.001,"fee_close":0.001,"trade_duration":245,"profit_ratio":0.009184370413919247,"profit_abs":0.07510077,"exit_reason":"roi","initial_stop_loss_abs":0.06623,"initial_stop_loss_ratio":-0.34338,"stop_loss_abs":0.06623,"stop_loss_ratio":-0.34338,"min_rate":0.09954,"max_rate":0.10300000000000001,"is_open":false,"enter_tag":"","leverage":1.0,"is_short":false,"open_timestamp":1769885100000,"close_timestamp":1769899800000,"orders":[{"amount":81.0,"safe_price":0.10085000000000001,"ft_order_side":"buy","order_filled_timestamp":1769885100000,"ft_is_entry":true,"ft_order_tag":"","cost":8.17701885},{"amount":81.0,"safe_price":0.10198000000000002,"ft_order_side":"sell","order_filled_timestamp":1769899800000,"ft_is_entry":false,"ft_order_tag":"roi","cost":8.26864038}],"funding_fees":0.0,"weekday":5},{"pair":"ETH/USDT","stake_amount":9.98169,"max_stake_amount":9.98169,"amount":0.003,"open_date":"2026-01-18 23:10:00+00:00","close_date":"2026-02-01 00:00:00+00:00","open_rate":3327.23,"close_rate":2451.96,"fee_open":0.001,"fee_close":0.001,"trade_duration":18770,"profit_ratio":-0.2645350700068889,"profit_abs":-2.64314757,"exit_reason":"force_exit","initial_stop_loss_abs":2184.7257626,"initial_stop_loss_ratio":-0.34338,"stop_loss_abs":2184.7257626,"stop_loss_ratio":-0.34338,"min_rate":2250.0,"max_rate":3337.72,"is_open":false,"enter_tag":"","leverage":1.0,"is_short":false,"open_timestamp":1768777800000,"close_timestamp":1769904000000,"orders":[{"amount":0.003,"safe_price":3327.23,"ft_order_side":"buy","order_filled_timestamp":1768777800000,"ft_is_entry":true,"ft_order_tag":"","cost":9.991671689999999},{"amount":0.003,"safe_price":2451.96,"ft_order_side":"sell","order_filled_timestamp":1769904000000,"ft_is_entry":false,"ft_order_tag":"force_exit","cost":7.3632358799999995}],"funding_fees":0.0,"weekday":6}],"locks":[],"best_pair":{"key":"ETH/USDT","trades":11,"profit_mean":-0.02029180941428319,"profit_mean_pct":-2.03,"profit_total_abs":-2.23511127,"profit_total":-0.0447022254,"profit_total_pct":-4.47,"duration_avg":"2 days, 5:42:00","wins":3,"draws":7,"losses":1,"winrate":0.2727272727272727,"cagr":-0.4267355813365845,"expectancy":-0.20319193363636362,"expectancy_ratio":-0.7132386228163843,"sortino":-100,"sharpe":-1.836499284209013,"calmar":-54.29160615287782,"sqn":-0.829,"profit_factor":0.15437514901977267,"max_drawdown_account":0.05243504337819239,"max_drawdown_abs":2.64314757},"worst_pair":{"key":"DOGE/USDT","trades":14,"profit_mean":-0.021002378204668208,"profit_mean_pct":-2.1,"profit_total_abs":-3.03335054,"profit_total":-0.0606670108,"profit_total_pct":-6.07,"duration_avg":"1 day, 18:21:00","wins":8,"draws":5,"losses":1,"winrate":0.5714285714285714,"cagr":-0.5330129594849986,"expectancy":-0.21666789571428566,"expectancy_ratio":-0.4186523167560656,"sortino":-100,"sharpe":-2.10432471673117,"calmar":-55.29384774778426,"sqn":-0.851,"profit_factor":0.1388675654150812,"max_drawdown_account":0.06987164402089943,"max_drawdown_abs":3.5225133999999994},"results_per_pair":[{"key":"ETH/USDT","trades":11,"profit_mean":-0.02029180941428319,"profit_mean_pct":-2.03,"profit_total_abs":-2.23511127,"profit_total":-0.0447022254,"profit_total_pct":-4.47,"duration_avg":"2 days, 5:42:00","wins":3,"draws":7,"losses":1,"winrate":0.2727272727272727,"cagr":-0.4267355813365845,"expectancy":-0.20319193363636362,"expectancy_ratio":-0.7132386228163843,"sortino":-100,"sharpe":-1.836499284209013,"calmar":-54.29160615287782,"sqn":-0.829,"profit_factor":0.15437514901977267,"max_drawdown_account":0.05243504337819239,"max_drawdown_abs":2.64314757},{"key":"DOT/USDT","trades":23,"profit_mean":-0.011821721603842128,"profit_mean_pct":-1.18,"profit_total_abs":-2.80724047,"profit_total":-0.0561448094,"profit_total_pct":-5.61,"duration_avg":"22:25:00","wins":10,"draws":12,"losses":1,"winrate":0.43478260869565216,"cagr":-0.5049124747873627,"expectancy":-0.12205393347826088,"expectancy_ratio":-0.5562416585230868,"sortino":-100,"sharpe":-2.4475951777771887,"calmar":-51.27448643602384,"sqn":-0.7838,"profit_factor":0.20644185396900347,"max_drawdown_account":0.06973221654887941,"max_drawdown_abs":3.53753595},{"key":"XRP/USDT","trades":6,"profit_mean":-0.04863414110201336,"profit_mean_pct":-4.86,"profit_total_abs":-2.97129346,"profit_total":-0.0594258692,"profit_total_pct":-5.94,"duration_avg":"4 days, 7:37:00","wins":5,"draws":0,"losses":1,"winrate":0.8333333333333334,"cagr":-0.5254501244997185,"expectancy":-0.4952155766666666,"expectancy_ratio":-0.1425895136159392,"sortino":-100,"sharpe":-1.417448523655406,"calmar":-54.88211113014565,"sqn":-0.8295,"profit_factor":0.14446291830436456,"max_drawdown_account":0.06895565868737602,"max_drawdown_abs":3.4730154},{"key":"DOGE/USDT","trades":14,"profit_mean":-0.021002378204668208,"profit_mean_pct":-2.1,"profit_total_abs":-3.03335054,"profit_total":-0.0606670108,"profit_total_pct":-6.07,"duration_avg":"1 day, 18:21:00","wins":8,"draws":5,"losses":1,"winrate":0.5714285714285714,"cagr":-0.5330129594849986,"expectancy":-0.21666789571428566,"expectancy_ratio":-0.4186523167560656,"sortino":-100,"sharpe":-2.10432471673117,"calmar":-55.29384774778426,"sqn":-0.851,"profit_factor":0.1388675654150812,"max_drawdown_account":0.06987164402089943,"max_drawdown_abs":3.5225133999999994},{"key":"TOTAL","trades":54,"profit_mean":-0.020017548924498498,"profit_mean_pct":-2.0,"profit_total_abs":-11.04699574,"profit_total":-0.2209399148,"profit_total_pct":-22.09,"duration_avg":"1 day, 18:59:00","wins":26,"draws":24,"losses":4,"winrate":0.48148148148148145,"cagr":-0.952050957321787,"expectancy":-0.20457399518518515,"expectancy_ratio":-0.5065484816948658,"sortino":-18.68261041555181,"sharpe":-7.973815109480149,"calmar":-56.34261117197867,"sqn":-1.688,"profit_factor":0.16159549711931176,"max_drawdown_account":0.24972521138311873,"max_drawdown_abs":12.96531267}],"results_per_enter_tag":[{"key":"","trades":54,"profit_mean":-0.020017548924498498,"profit_mean_pct":-2.0,"profit_total_abs":-11.04699574,"profit_total":-0.2209399148,"profit_total_pct":-22.09,"duration_avg":"1 day, 18:59:00","wins":26,"draws":24,"losses":4,"winrate":0.48148148148148145,"cagr":-0.952050957321787,"expectancy":-0.20457399518518515,"expectancy_ratio":-0.5065484816948658,"sortino":-18.68261041555181,"sharpe":-7.973815109480149,"calmar":-56.34261117197867,"sqn":-1.688,"profit_factor":0.16159549711931176,"max_drawdown_account":0.24972521138311873,"max_drawdown_abs":12.96531267},{"key":"TOTAL","trades":54,"profit_mean":-0.020017548924498498,"profit_mean_pct":-2.0,"profit_total_abs":-11.04699574,"profit_total":-0.2209399148,"profit_total_pct":-22.09,"duration_avg":"1 day, 18:59:00","wins":26,"draws":24,"losses":4,"winrate":0.48148148148148145,"cagr":-0.952050957321787,"expectancy":-0.20457399518518515,"expectancy_ratio":-0.5065484816948658,"sortino":-18.68261041555181,"sharpe":-7.973815109480149,"calmar":-56.34261117197867,"sqn":-1.688,"profit_factor":0.16159549711931176,"max_drawdown_account":0.24972521138311873,"max_drawdown_abs":12.96531267}],"exit_reason_summary":[{"key":"roi","trades":50,"profit_mean":0.0043457180632244,"profit_mean_pct":0.43,"profit_total_abs":2.12921658,"profit_total":0.0425843316,"profit_total_pct":4.26,"duration_avg":"11:58:00","wins":26,"draws":24,"losses":0,"winrate":0.52,"cagr":0.6609358490305903,"expectancy":0.042584331600000004,"expectancy_ratio":100.0,"sortino":-100,"sharpe":19.86858341967538,"calmar":-100,"sqn":4.3679,"profit_factor":0.0,"max_drawdown_account":0.0,"max_drawdown_abs":0.0},{"key":"force_exit","trades":1,"profit_mean":-0.2645350700068889,"profit_mean_pct":-26.45,"profit_total_abs":-2.64314757,"profit_total":-0.0528629514,"profit_total_pct":-5.29,"duration_avg":"13 days, 0:50:00","wins":0,"draws":0,"losses":1,"winrate":0.0,"cagr":-0.4835566328870389,"expectancy":-2.64314757,"expectancy_ratio":-1.0,"sortino":-100,"sharpe":-100,"calmar":-63.68324391514274,"sqn":-100.0,"profit_factor":0.0,"max_drawdown_account":0.05286295139999993,"max_drawdown_abs":2.64314757},{"key":"stop_loss","trades":3,"profit_mean":-0.3445661583590834,"profit_mean_pct":-34.46,"profit_total_abs":-10.53306475,"profit_total":-0.210661295,"profit_total_pct":-21.07,"duration_avg":"19 days, 13:58:00","wins":0,"draws":0,"losses":3,"winrate":0.0,"cagr":-0.9437609443982078,"expectancy":-3.511021583333333,"expectancy_ratio":-1.0,"sortino":-243.3417463086326,"sharpe":-243.3417463086326,"calmar":-63.68324391514266,"sqn":-180.1296,"profit_factor":0.0,"max_drawdown_account":0.21066129500000003,"max_drawdown_abs":10.53306475},{"key":"TOTAL","trades":54,"profit_mean":-0.020017548924498498,"profit_mean_pct":-2.0,"profit_total_abs":-11.04699574,"profit_total":-0.2209399148,"profit_total_pct":-22.09,"duration_avg":"1 day, 18:59:00","wins":26,"draws":24,"losses":4,"winrate":0.48148148148148145,"cagr":-0.952050957321787,"expectancy":-0.20457399518518515,"expectancy_ratio":-0.5065484816948658,"sortino":-18.68261041555181,"sharpe":-7.973815109480149,"calmar":-56.34261117197867,"sqn":-1.688,"profit_factor":0.16159549711931176,"max_drawdown_account":0.24972521138311873,"max_drawdown_abs":12.96531267}],"mix_tag_stats":[{"key":["","roi"],"trades":50,"profit_mean":0.0043457180632244,"profit_mean_pct":0.43,"profit_total_abs":2.12921658,"profit_total":0.0425843316,"profit_total_pct":4.26,"duration_avg":"11:58:00","wins":26,"draws":24,"losses":0,"winrate":0.52,"cagr":0.6609358490305903,"expectancy":0.042584331600000004,"expectancy_ratio":100.0,"sortino":-100,"sharpe":19.86858341967538,"calmar":-100,"sqn":4.3679,"profit_factor":0.0,"max_drawdown_account":0.0,"max_drawdown_abs":0.0},{"key":["","force_exit"],"trades":1,"profit_mean":-0.2645350700068889,"profit_mean_pct":-26.45,"profit_total_abs":-2.64314757,"profit_total":-0.0528629514,"profit_total_pct":-5.29,"duration_avg":"13 days, 0:50:00","wins":0,"draws":0,"losses":1,"winrate":0.0,"cagr":-0.4835566328870389,"expectancy":-2.64314757,"expectancy_ratio":-1.0,"sortino":-100,"sharpe":-100,"calmar":-63.68324391514274,"sqn":-100.0,"profit_factor":0.0,"max_drawdown_account":0.05286295139999993,"max_drawdown_abs":2.64314757},{"key":["","stop_loss"],"trades":3,"profit_mean":-0.3445661583590834,"profit_mean_pct":-34.46,"profit_total_abs":-10.53306475,"profit_total":-0.210661295,"profit_total_pct":-21.07,"duration_avg":"19 days, 13:58:00","wins":0,"draws":0,"losses":3,"winrate":0.0,"cagr":-0.9437609443982078,"expectancy":-3.511021583333333,"expectancy_ratio":-1.0,"sortino":-243.3417463086326,"sharpe":-243.3417463086326,"calmar":-63.68324391514266,"sqn":-180.1296,"profit_factor":0.0,"max_drawdown_account":0.21066129500000003,"max_drawdown_abs":10.53306475},{"key":"TOTAL","trades":54,"profit_mean":-0.020017548924498498,"profit_mean_pct":-2.0,"profit_total_abs":-11.04699574,"profit_total":-0.2209399148,"profit_total_pct":-22.09,"duration_avg":"1 day, 18:59:00","wins":26,"draws":24,"losses":4,"winrate":0.48148148148148145,"cagr":-0.952050957321787,"expectancy":-0.20457399518518515,"expectancy_ratio":-0.5065484816948658,"sortino":-18.68261041555181,"sharpe":-7.973815109480149,"calmar":-56.34261117197867,"sqn":-1.688,"profit_factor":0.16159549711931176,"max_drawdown_account":0.24972521138311873,"max_drawdown_abs":12.96531267}],"left_open_trades":[{"key":"ETH/USDT","trades":1,"profit_mean":-0.2645350700068889,"profit_mean_pct":-26.45,"profit_total_abs":-2.64314757,"profit_total":-0.0528629514,"profit_total_pct":-5.29,"duration_avg":"13 days, 0:50:00","wins":0,"draws":0,"losses":1,"winrate":0.0,"cagr":-0.4835566328870389,"expectancy":-2.64314757,"expectancy_ratio":-1.0,"sortino":-100,"sharpe":-100,"calmar":-63.68324391514274,"sqn":-100.0,"profit_factor":0.0,"max_drawdown_account":0.05286295139999993,"max_drawdown_abs":2.64314757},{"key":"TOTAL","trades":1,"profit_mean":-0.2645350700068889,"profit_mean_pct":-26.45,"profit_total_abs":-2.64314757,"profit_total":-0.0528629514,"profit_total_pct":-5.29,"duration_avg":"13 days, 0:50:00","wins":0,"draws":0,"losses":1,"winrate":0.0,"cagr":-0.4835566328870389,"expectancy":-2.64314757,"expectancy_ratio":-1.0,"sortino":-100,"sharpe":-100,"calmar":-63.68324391514274,"sqn":-100.0,"profit_factor":0.0,"max_drawdown_account":0.05286295139999993,"max_drawdown_abs":2.64314757}],"total_trades":54,"trade_count_long":54,"trade_count_short":0,"total_volume":1063.4634743976485,"avg_stake_amount":9.929496925925925,"profit_mean":-0.020017548924498498,"profit_median":0.0,"profit_total":-0.2209399148,"profit_total_long":-0.2209399148,"profit_total_short":0.0,"profit_total_abs":-11.04699574,"profit_total_long_abs":-11.04699574,"profit_total_short_abs":0.0,"cagr":-0.952050957321787,"expectancy":-0.20457399518518515,"expectancy_ratio":-0.5065484816948658,"sortino":-18.68261041555181,"sharpe":-7.973815109480149,"calmar":-56.34261117197867,"sqn":-1.688,"profit_factor":0.16159549711931176,"backtest_start":"2026-01-02 00:00:00","backtest_start_ts":1767312000000,"backtest_end":"2026-02-01 00:00:00","backtest_end_ts":1769904000000,"backtest_days":30,"backtest_run_start_ts":1769920978,"backtest_run_end_ts":1769920980,"trades_per_day":1.8,"market_change":-0.17484539015725417,"pairlist":["ETH/USDT","DOT/USDT","DOGE/USDT","XRP/USDT"],"stake_amount":"unlimited","stake_currency":"USDT","stake_currency_decimals":3,"starting_balance":50,"dry_run_wallet":50,"final_balance":38.95300426,"rejected_signals":0,"timedout_entry_orders":0,"timedout_exit_orders":0,"canceled_trade_entries":0,"canceled_entry_orders":0,"replaced_entry_orders":0,"max_open_trades":4,"max_open_trades_setting":5,"timeframe":"5m","timeframe_detail":"","timerange":"20260102-20260201","enable_protections":false,"strategy_name":"SwingHighToSky","freqaimodel":"XGBoostRegressor","freqai_identifier":"qs_v9_scalp_5m1h_l2","stoploss":-0.34338,"trailing_stop":false,"trailing_stop_positive":null,"trailing_stop_positive_offset":0.0,"trailing_only_offset_is_reached":false,"use_custom_stoploss":false,"minimal_roi":{"0":0.27058,"33":0.0853,"64":0.04093,"244":0},"use_exit_signal":true,"exit_profit_only":false,"exit_profit_offset":0.0,"ignore_roi_if_entry_signal":false,"trading_mode":"spot","margin_mode":"","periodic_breakdown":{"day":[{"date":"02/01/2026","date_ts":1767312000000,"profit_abs":0.02527545,"wins":1,"draws":0,"losses":0,"trades":1,"profit_factor":0.0},{"date":"03/01/2026","date_ts":1767398400000,"profit_abs":0.12015493,"wins":2,"draws":3,"losses":0,"trades":5,"profit_factor":0.0},{"date":"04/01/2026","date_ts":1767484800000,"profit_abs":0.06808354,"wins":3,"draws":4,"losses":0,"trades":7,"profit_factor":0.0},{"date":"05/01/2026","date_ts":1767571200000,"profit_abs":0.60581789,"wins":3,"draws":2,"losses":0,"trades":5,"profit_factor":0.0},{"date":"06/01/2026","date_ts":1767657600000,"profit_abs":0.65682348,"wins":7,"draws":2,"losses":0,"trades":9,"profit_factor":0.0},{"date":"07/01/2026","date_ts":1767744000000,"profit_abs":0.00330378,"wins":1,"draws":1,"losses":0,"trades":2,"profit_factor":0.0},{"date":"08/01/2026","date_ts":1767830400000,"profit_abs":0.03705544,"wins":1,"draws":1,"losses":0,"trades":2,"profit_factor":0.0},{"date":"09/01/2026","date_ts":1767916800000,"profit_abs":0.01853522,"wins":1,"draws":1,"losses":0,"trades":2,"profit_factor":0.0},{"date":"10/01/2026","date_ts":1768003200000,"profit_abs":0.04830458,"wins":1,"draws":1,"losses":0,"trades":2,"profit_factor":0.0},{"date":"11/01/2026","date_ts":1768089600000,"profit_abs":0.00398696,"wins":1,"draws":0,"losses":0,"trades":1,"profit_factor":0.0},{"date":"12/01/2026","date_ts":1768176000000,"profit_abs":0.0,"wins":0,"draws":2,"losses":0,"trades":2,"profit_factor":0.0},{"date":"13/01/2026","date_ts":1768262400000,"profit_abs":0.174405,"wins":1,"draws":2,"losses":0,"trades":3,"profit_factor":0.0},{"date":"14/01/2026","date_ts":1768348800000,"profit_abs":0.15657066,"wins":2,"draws":2,"losses":0,"trades":4,"profit_factor":0.0},{"date":"15/01/2026","date_ts":1768435200000,"profit_abs":0.0,"wins":0,"draws":1,"losses":0,"trades":1,"profit_factor":0.0},{"date":"16/01/2026","date_ts":1768521600000,"profit_abs":0.0,"wins":0,"draws":0,"losses":0,"trades":0,"profit_factor":0.0},{"date":"17/01/2026","date_ts":1768608000000,"profit_abs":0.0,"wins":0,"draws":0,"losses":0,"trades":0,"profit_factor":0.0},{"date":"18/01/2026","date_ts":1768694400000,"profit_abs":0.0,"wins":0,"draws":1,"losses":0,"trades":1,"profit_factor":0.0},{"date":"19/01/2026","date_ts":1768780800000,"profit_abs":0.0,"wins":0,"draws":0,"losses":0,"trades":0,"profit_factor":0.0},{"date":"20/01/2026","date_ts":1768867200000,"profit_abs":0.0,"wins":0,"draws":0,"losses":0,"trades":0,"profit_factor":0.0},{"date":"21/01/2026","date_ts":1768953600000,"profit_abs":0.0,"wins":0,"draws":0,"losses":0,"trades":0,"profit_factor":0.0},{"date":"22/01/2026","date_ts":1769040000000,"profit_abs":0.0,"wins":0,"draws":0,"losses":0,"trades":0,"profit_factor":0.0},{"date":"23/01/2026","date_ts":1769126400000,"profit_abs":0.0,"wins":0,"draws":0,"losses":0,"trades":0,"profit_factor":0.0},{"date":"24/01/2026","date_ts":1769212800000,"profit_abs":0.0,"wins":0,"draws":0,"losses":0,"trades":0,"profit_factor":0.0},{"date":"25/01/2026","date_ts":1769299200000,"profit_abs":0.0,"wins":0,"draws":0,"losses":0,"trades":0,"profit_factor":0.0},{"date":"26/01/2026","date_ts":1769385600000,"profit_abs":0.0,"wins":0,"draws":0,"losses":0,"trades":0,"profit_factor":0.0},{"date":"27/01/2026","date_ts":1769472000000,"profit_abs":0.0,"wins":0,"draws":0,"losses":0,"trades":0,"profit_factor":0.0},{"date":"28/01/2026","date_ts":1769558400000,"profit_abs":0.0,"wins":0,"draws":0,"losses":0,"trades":0,"profit_factor":0.0},{"date":"29/01/2026","date_ts":1769644800000,"profit_abs":0.0,"wins":0,"draws":0,"losses":0,"trades":0,"profit_factor":0.0},{"date":"30/01/2026","date_ts":1769731200000,"profit_abs":0.0,"wins":0,"draws":0,"losses":0,"trades":0,"profit_factor":0.0},{"date":"31/01/2026","date_ts":1769817600000,"profit_abs":-10.3221651,"wins":2,"draws":1,"losses":3,"trades":6,"profit_factor":0.02002263},{"date":"01/02/2026","date_ts":1769904000000,"profit_abs":-2.64314757,"wins":0,"draws":0,"losses":1,"trades":1,"profit_factor":0.0}],"week":[{"date":"05/01/2026","date_ts":1767571200000,"profit_abs":0.81933181,"wins":9,"draws":9,"losses":0,"trades":18,"profit_factor":0.0},{"date":"12/01/2026","date_ts":1768176000000,"profit_abs":0.76800946,"wins":12,"draws":8,"losses":0,"trades":20,"profit_factor":0.0},{"date":"19/01/2026","date_ts":1768780800000,"profit_abs":0.33097566,"wins":3,"draws":6,"losses":0,"trades":9,"profit_factor":0.0},{"date":"26/01/2026","date_ts":1769385600000,"profit_abs":0.0,"wins":0,"draws":0,"losses":0,"trades":0,"profit_factor":0.0},{"date":"02/02/2026","date_ts":1769990400000,"profit_abs":-12.96531267,"wins":2,"draws":1,"losses":4,"trades":7,"profit_factor":0.01600609}],"month":[{"date":"31/01/2026","date_ts":1769817600000,"profit_abs":-8.40384817,"wins":26,"draws":24,"losses":3,"trades":53,"profit_factor":0.20214597},{"date":"28/02/2026","date_ts":1772236800000,"profit_abs":-2.64314757,"wins":0,"draws":0,"losses":1,"trades":1,"profit_factor":0.0}],"year":[{"date":"31/12/2026","date_ts":1798675200000,"profit_abs":-11.04699574,"wins":26,"draws":24,"losses":4,"trades":54,"profit_factor":0.1615955}],"weekday":[{"date":"Monday","date_ts":0,"profit_abs":0.60581789,"wins":3,"draws":4,"losses":0,"trades":7,"profit_factor":0.0},{"date":"Tuesday","date_ts":1,"profit_abs":0.83122848,"wins":8,"draws":4,"losses":0,"trades":12,"profit_factor":0.0},{"date":"Wednesday","date_ts":2,"profit_abs":0.15987444,"wins":3,"draws":3,"losses":0,"trades":6,"profit_factor":0.0},{"date":"Thursday","date_ts":3,"profit_abs":0.03705544,"wins":1,"draws":2,"losses":0,"trades":3,"profit_factor":0.0},{"date":"Friday","date_ts":4,"profit_abs":0.04381067,"wins":2,"draws":1,"losses":0,"trades":3,"profit_factor":0.0},{"date":"Saturday","date_ts":5,"profit_abs":-10.15370559,"wins":5,"draws":5,"losses":3,"trades":13,"profit_factor":0.03601603},{"date":"Sunday","date_ts":6,"profit_abs":-2.57107707,"wins":4,"draws":5,"losses":1,"trades":10,"profit_factor":0.02726692}]},"backtest_best_day":0.0657087886022684,"backtest_worst_day":-1.0089988142665238,"backtest_best_day_abs":0.65682348,"backtest_worst_day_abs":-10.3221651,"winning_days":12,"draw_days":17,"losing_days":2,"daily_profit":[["2026-01-02",0.02527545],["2026-01-03",0.12015493],["2026-01-04",0.06808354],["2026-01-05",0.60581789],["2026-01-06",0.65682348],["2026-01-07",0.00330378],["2026-01-08",0.03705544],["2026-01-09",0.01853522],["2026-01-10",0.04830458],["2026-01-11",0.00398696],["2026-01-12",0.0],["2026-01-13",0.174405],["2026-01-14",0.15657066],["2026-01-15",0.0],["2026-01-16",0.0],["2026-01-17",0.0],["2026-01-18",0.0],["2026-01-19",0.0],["2026-01-20",0.0],["2026-01-21",0.0],["2026-01-22",0.0],["2026-01-23",0.0],["2026-01-24",0.0],["2026-01-25",0.0],["2026-01-26",0.0],["2026-01-27",0.0],["2026-01-28",0.0],["2026-01-29",0.0],["2026-01-30",0.0],["2026-01-31",-10.3221651],["2026-02-01",-2.64314757]],"wins":26,"losses":4,"draws":24,"winrate":0.48148148148148145,"holding_avg":"1 day, 18:59:00","holding_avg_s":154740.0,"winner_holding_min":"0d 04:05","winner_holding_min_s":14700.0,"winner_holding_max":"0d 04:05","winner_holding_max_s":14700.0,"winner_holding_avg":"0d 04:05","winner_holding_avg_s":14700.0,"loser_holding_min":"13d 00:50","loser_holding_min_s":1126200.0,"loser_holding_max":"25d 01:15","loser_holding_max_s":2164500.0,"loser_holding_avg":"17d 22:41","loser_holding_avg_s":1550460.0,"max_consecutive_wins":8,"max_consecutive_losses":5,"max_drawdown_account":0.24972521138311873,"max_relative_drawdown":0.24972521138311873,"max_drawdown_abs":12.96531267,"drawdown_start":"2026-01-14 15:20:00","drawdown_start_ts":1768404000000.0,"drawdown_end":"2026-02-01 00:00:00","drawdown_end_ts":1769904000000.0,"drawdown_duration":"17 days 08:40:00","drawdown_duration_s":1500000.0,"max_drawdown_low":-11.04699574,"max_drawdown_high":1.91831693,"csum_min":38.95300426,"csum_max":51.91831693}},"strategy_comparison":[{"key":"SwingHighToSky","trades":54,"profit_mean":-0.020017548924498498,"profit_mean_pct":-2.0,"profit_total_abs":-11.04699574,"profit_total":-0.2209399148,"profit_total_pct":-22.09,"duration_avg":"1 day, 18:59:00","wins":26,"draws":24,"losses":4,"winrate":0.48148148148148145,"cagr":-0.952050957321787,"expectancy":-0.20457399518518515,"expectancy_ratio":-0.5065484816948658,"sortino":-18.68261041555181,"sharpe":-7.973815109480149,"calmar":-56.34261117197867,"sqn":-1.688,"profit_factor":0.16159549711931176,"max_drawdown_account":0.24972521138311873,"max_drawdown_abs":"12.965"}]}