{"strategy":{"UniversalMACD":{"trades":[{"pair":"VET/USDT","stake_amount":9.899385,"max_stake_amount":9.899385,"amount":945.5,"open_date":"2026-01-19 00:02:00+00:00","close_date":"2026-01-19 00:02:00+00:00","open_rate":0.01047,"close_rate":0.01014,"fee_open":0.001,"fee_close":0.001,"trade_duration":0,"profit_ratio":-0.033453651860249844,"profit_abs":-0.33150175,"exit_reason":"stop_loss","initial_stop_loss_abs":0.01014,"initial_stop_loss_ratio":-0.0318,"stop_loss_abs":0.01014,"stop_loss_ratio":-0.0318,"min_rate":0.01007,"max_rate":0.01055,"is_open":false,"enter_tag":"","leverage":1.0,"is_short":false,"open_timestamp":1768780920000,"close_timestamp":1768780920000,"orders":[{"amount":945.5,"safe_price":0.01047,"ft_order_side":"buy","order_filled_timestamp":1768780920000,"ft_is_entry":true,"ft_order_tag":"","cost":9.909284385},{"amount":945.5,"safe_price":0.01014,"ft_order_side":"sell","order_filled_timestamp":1768780920000,"ft_is_entry":false,"ft_order_tag":"stop_loss","cost":9.596957369999998}],"funding_fees":0.0,"weekday":0},{"pair":"ADA/USDT","stake_amount":9.8056,"max_stake_amount":9.8056,"amount":28.0,"open_date":"2026-01-19 00:02:00+00:00","close_date":"2026-01-19 04:02:00+00:00","open_rate":0.3502,"close_rate":0.3645,"fee_open":0.001,"fee_close":0.001,"trade_duration":240,"profit_ratio":0.03875422122138285,"profit_abs":0.3803884,"exit_reason":"roi","initial_stop_loss_abs":0.3391,"initial_stop_loss_ratio":-0.0318,"stop_loss_abs":0.3391,"stop_loss_ratio":-0.0318,"min_rate":0.3421,"max_rate":0.3667,"is_open":false,"enter_tag":"","leverage":1.0,"is_short":false,"open_timestamp":1768780920000,"close_timestamp":1768795320000,"orders":[{"amount":28.0,"safe_price":0.3502,"ft_order_side":"buy","order_filled_timestamp":1768780920000,"ft_is_entry":true,"ft_order_tag":"","cost":9.815405599999998},{"amount":28.0,"safe_price":0.3645,"ft_order_side":"sell","order_filled_timestamp":1768795320000,"ft_is_entry":false,"ft_order_tag":"roi","cost":10.216205999999998}],"funding_fees":0.0,"weekday":0},{"pair":"ICP/USDT","stake_amount":9.81621,"max_stake_amount":9.81621,"amount":2.61,"open_date":"2026-01-19 00:11:00+00:00","close_date":"2026-01-19 04:11:00+00:00","open_rate":3.761,"close_rate":3.867,"fee_open":0.001,"fee_close":0.001,"trade_duration":240,"profit_ratio":0.02612967994515455,"profit_abs":0.25675092,"exit_reason":"roi","initial_stop_loss_abs":3.642,"initial_stop_loss_ratio":-0.0318,"stop_loss_abs":3.642,"stop_loss_ratio":-0.0318,"min_rate":3.6790000000000003,"max_rate":3.896,"is_open":false,"enter_tag":"","leverage":1.0,"is_short":false,"open_timestamp":1768781460000,"close_timestamp":1768795860000,"orders":[{"amount":2.61,"safe_price":3.761,"ft_order_side":"buy","order_filled_timestamp":1768781460000,"ft_is_entry":true,"ft_order_tag":"","cost":9.826026209999998},{"amount":2.61,"safe_price":3.867,"ft_order_side":"sell","order_filled_timestamp":1768795860000,"ft_is_entry":false,"ft_order_tag":"roi","cost":10.102962869999999}],"funding_fees":0.0,"weekday":0},{"pair":"VET/USDT","stake_amount":9.83362,"max_stake_amount":9.83362,"amount":927.7,"open_date":"2026-01-19 00:12:00+00:00","close_date":"2026-01-19 16:54:00+00:00","open_rate":0.0106,"close_rate":0.01084,"fee_open":0.001,"fee_close":0.001,"trade_duration":1002,"profit_ratio":0.020598269451692706,"profit_abs":0.20275811,"exit_reason":"roi","initial_stop_loss_abs":0.01027,"initial_stop_loss_ratio":-0.0318,"stop_loss_abs":0.01027,"stop_loss_ratio":-0.0318,"min_rate":0.010480000000000001,"max_rate":0.01085,"is_open":false,"enter_tag":"","leverage":1.0,"is_short":false,"open_timestamp":1768781520000,"close_timestamp":1768841640000,"orders":[{"amount":927.7,"safe_price":0.0106,"ft_order_side":"buy","order_filled_timestamp":1768781520000,"ft_is_entry":true,"ft_order_tag":"","cost":9.843453619999998},{"amount":927.7,"safe_price":0.01084,"ft_order_side":"sell","order_filled_timestamp":1768841640000,"ft_is_entry":false,"ft_order_tag":"roi","cost":10.066324268}],"funding_fees":0.0,"weekday":0},{"pair":"VET/USDT","stake_amount":10.000104,"max_stake_amount":10.000104,"amount":1344.1,"open_date":"2026-02-05 15:30:00+00:00","close_date":"2026-02-05 20:22:00+00:00","open_rate":0.00744,"close_rate":0.00721,"fee_open":0.001,"fee_close":0.001,"trade_duration":292,"profit_ratio":-0.03285021480132251,"profit_abs":-0.32883407,"exit_reason":"stop_loss","initial_stop_loss_abs":0.00721,"initial_stop_loss_ratio":-0.0318,"stop_loss_abs":0.00721,"stop_loss_ratio":-0.0318,"min_rate":0.00721,"max_rate":0.007680000000000001,"is_open":false,"enter_tag":"","leverage":1.0,"is_short":false,"open_timestamp":1770305400000,"close_timestamp":1770322920000,"orders":[{"amount":1344.1,"safe_price":0.00744,"ft_order_side":"buy","order_filled_timestamp":1770305400000,"ft_is_entry":true,"ft_order_tag":"","cost":10.010104104},{"amount":1344.1,"safe_price":0.00721,"ft_order_side":"sell","order_filled_timestamp":1770322920000,"ft_is_entry":false,"ft_order_tag":"stop_loss","cost":9.700651960999998}],"funding_fees":0.0,"weekday":3},{"pair":"ICP/USDT","stake_amount":9.93412,"max_stake_amount":9.93412,"amount":4.76,"open_date":"2026-02-06 00:15:00+00:00","close_date":"2026-02-06 00:19:00+00:00","open_rate":2.087,"close_rate":2.021,"fee_open":0.001,"fee_close":0.001,"trade_duration":4,"profit_ratio":-0.03355915766073888,"profit_abs":-0.33371408,"exit_reason":"stop_loss","initial_stop_loss_abs":2.021,"initial_stop_loss_ratio":-0.0318,"stop_loss_abs":2.021,"stop_loss_ratio":-0.0318,"min_rate":2.004,"max_rate":2.1390000000000002,"is_open":false,"enter_tag":"","leverage":1.0,"is_short":false,"open_timestamp":1770336900000,"close_timestamp":1770337140000,"orders":[{"amount":4.76,"safe_price":2.087,"ft_order_side":"buy","order_filled_timestamp":1770336900000,"ft_is_entry":true,"ft_order_tag":"","cost":9.944054119999999},{"amount":4.76,"safe_price":2.021,"ft_order_side":"sell","order_filled_timestamp":1770337140000,"ft_is_entry":false,"ft_order_tag":"stop_loss","cost":9.629579959999997}],"funding_fees":0.0,"weekday":4},{"pair":"VET/USDT","stake_amount":9.93524,"max_stake_amount":9.93524,"amount":1450.4,"open_date":"2026-02-06 00:15:00+00:00","close_date":"2026-02-06 00:19:00+00:00","open_rate":0.00685,"close_rate":0.00664,"fee_open":0.001,"fee_close":0.001,"trade_duration":4,"profit_ratio":-0.03259368409077928,"profit_abs":-0.3241499,"exit_reason":"stop_loss","initial_stop_loss_abs":0.00664,"initial_stop_loss_ratio":-0.0318,"stop_loss_abs":0.00664,"stop_loss_ratio":-0.0318,"min_rate":0.00659,"max_rate":0.006980000000000001,"is_open":false,"enter_tag":"","leverage":1.0,"is_short":false,"open_timestamp":1770336900000,"close_timestamp":1770337140000,"orders":[{"amount":1450.4,"safe_price":0.00685,"ft_order_side":"buy","order_filled_timestamp":1770336900000,"ft_is_entry":true,"ft_order_tag":"","cost":9.94517524},{"amount":1450.4,"safe_price":0.00664,"ft_order_side":"sell","order_filled_timestamp":1770337140000,"ft_is_entry":false,"ft_order_tag":"stop_loss","cost":9.640286655999999}],"funding_fees":0.0,"weekday":4},{"pair":"ADA/USDT","stake_amount":9.92869,"max_stake_amount":9.92869,"amount":43.3,"open_date":"2026-02-06 00:15:00+00:00","close_date":"2026-02-06 00:19:00+00:00","open_rate":0.2293,"close_rate":0.2221,"fee_open":0.001,"fee_close":0.001,"trade_duration":4,"profit_ratio":-0.033335177687554486,"profit_abs":-0.33130562,"exit_reason":"stop_loss","initial_stop_loss_abs":0.2221,"initial_stop_loss_ratio":-0.0318,"stop_loss_abs":0.2221,"stop_loss_ratio":-0.0318,"min_rate":0.22110000000000002,"max_rate":0.2358,"is_open":false,"enter_tag":"","leverage":1.0,"is_short":false,"open_timestamp":1770336900000,"close_timestamp":1770337140000,"orders":[{"amount":43.3,"safe_price":0.2293,"ft_order_side":"buy","order_filled_timestamp":1770336900000,"ft_is_entry":true,"ft_order_tag":"","cost":9.938618689999998},{"amount":43.3,"safe_price":0.2221,"ft_order_side":"sell","order_filled_timestamp":1770337140000,"ft_is_entry":false,"ft_order_tag":"stop_loss","cost":9.626546929999996}],"funding_fees":0.0,"weekday":4},{"pair":"VET/USDT","stake_amount":9.739599,"max_stake_amount":9.739599,"amount":1417.7,"open_date":"2026-02-06 00:29:00+00:00","close_date":"2026-02-06 01:29:00+00:00","open_rate":0.00687,"close_rate":0.00738,"fee_open":0.001,"fee_close":0.001,"trade_duration":60,"profit_ratio":0.07208948205697661,"profit_abs":0.70282477,"exit_reason":"roi","initial_stop_loss_abs":0.00666,"initial_stop_loss_ratio":-0.0318,"stop_loss_abs":0.00666,"stop_loss_ratio":-0.0318,"min_rate":0.00687,"max_rate":0.007470000000000001,"is_open":false,"enter_tag":"","leverage":1.0,"is_short":false,"open_timestamp":1770337740000,"close_timestamp":1770341340000,"orders":[{"amount":1417.7,"safe_price":0.00687,"ft_order_side":"buy","order_filled_timestamp":1770337740000,"ft_is_entry":true,"ft_order_tag":"","cost":9.749338599},{"amount":1417.7,"safe_price":0.00738,"ft_order_side":"sell","order_filled_timestamp":1770341340000,"ft_is_entry":false,"ft_order_tag":"roi","cost":10.473088626}],"funding_fees":0.0,"weekday":4},{"pair":"ADA/USDT","stake_amount":9.72931,"max_stake_amount":9.72931,"amount":42.1,"open_date":"2026-02-06 00:29:00+00:00","close_date":"2026-02-06 01:29:00+00:00","open_rate":0.2311,"close_rate":0.246,"fee_open":0.001,"fee_close":0.001,"trade_duration":60,"profit_ratio":0.062347431884428844,"profit_abs":0.60720409,"exit_reason":"roi","initial_stop_loss_abs":0.2238,"initial_stop_loss_ratio":-0.0318,"stop_loss_abs":0.2238,"stop_loss_ratio":-0.0318,"min_rate":0.23090000000000002,"max_rate":0.2489,"is_open":false,"enter_tag":"","leverage":1.0,"is_short":false,"open_timestamp":1770337740000,"close_timestamp":1770341340000,"orders":[{"amount":42.1,"safe_price":0.2311,"ft_order_side":"buy","order_filled_timestamp":1770337740000,"ft_is_entry":true,"ft_order_tag":"","cost":9.739039309999999},{"amount":42.1,"safe_price":0.246,"ft_order_side":"sell","order_filled_timestamp":1770341340000,"ft_is_entry":false,"ft_order_tag":"roi","cost":10.3669566}],"funding_fees":0.0,"weekday":4},{"pair":"ICP/USDT","stake_amount":9.7271,"max_stake_amount":9.7271,"amount":4.61,"open_date":"2026-02-06 00:30:00+00:00","close_date":"2026-02-06 01:30:00+00:00","open_rate":2.11,"close_rate":2.234,"fee_open":0.001,"fee_close":0.001,"trade_duration":60,"profit_ratio":0.056652352386949545,"profit_abs":0.55161416,"exit_reason":"roi","initial_stop_loss_abs":2.043,"initial_stop_loss_ratio":-0.0318,"stop_loss_abs":2.043,"stop_loss_ratio":-0.0318,"min_rate":2.102,"max_rate":2.255,"is_open":false,"enter_tag":"","leverage":1.0,"is_short":false,"open_timestamp":1770337800000,"close_timestamp":1770341400000,"orders":[{"amount":4.61,"safe_price":2.11,"ft_order_side":"buy","order_filled_timestamp":1770337800000,"ft_is_entry":true,"ft_order_tag":"","cost":9.7368271},{"amount":4.61,"safe_price":2.234,"ft_order_side":"sell","order_filled_timestamp":1770341400000,"ft_is_entry":false,"ft_order_tag":"roi","cost":10.30903874}],"funding_fees":0.0,"weekday":4}],"locks":[],"best_pair":{"key":"ADA/USDT","trades":3,"profit_mean":0.022588825139419066,"profit_mean_pct":2.26,"profit_total_abs":0.65628687,"profit_total":0.013125737399999999,"profit_total_pct":1.31,"duration_avg":"1:41:00","wins":2,"draws":0,"losses":1,"winrate":0.6666666666666666,"cagr":0.0840166885175393,"expectancy":0.21876228999999997,"expectancy_ratio":0.6603035891754563,"sortino":-100,"sharpe":0.5315156874403634,"calmar":64.63248293966352,"sqn":0.7738,"profit_factor":2.9809107675263697,"max_drawdown_account":0.006576083085536553,"max_drawdown_abs":0.33130562},"worst_pair":{"key":"VET/USDT","trades":5,"profit_mean":-0.0012419598487364626,"profit_mean_pct":-0.12,"profit_total_abs":-0.07890283999999992,"profit_total":-0.0015780567999999983,"profit_total_pct":-0.16,"duration_avg":"4:32:00","wins":2,"draws":0,"losses":3,"winrate":0.4,"cagr":-0.009722691841753561,"expectancy":-0.015780567999999995,"expectancy_ratio":-0.04808775083096173,"sortino":-8.40790457508889,"sharpe":-0.06171634495656834,"calmar":-3.2683729293327772,"sqn":-0.0762,"profit_factor":0.9198537486150636,"max_drawdown_account":0.015634552199999943,"max_drawdown_abs":0.7817276099999999},"results_per_pair":[{"key":"ADA/USDT","trades":3,"profit_mean":0.022588825139419066,"profit_mean_pct":2.26,"profit_total_abs":0.65628687,"profit_total":0.013125737399999999,"profit_total_pct":1.31,"duration_avg":"1:41:00","wins":2,"draws":0,"losses":1,"winrate":0.6666666666666666,"cagr":0.0840166885175393,"expectancy":0.21876228999999997,"expectancy_ratio":0.6603035891754563,"sortino":-100,"sharpe":0.5315156874403634,"calmar":64.63248293966352,"sqn":0.7738,"profit_factor":2.9809107675263697,"max_drawdown_account":0.006576083085536553,"max_drawdown_abs":0.33130562},{"key":"ICP/USDT","trades":3,"profit_mean":0.01640762489045507,"profit_mean_pct":1.64,"profit_total_abs":0.47465099999999993,"profit_total":0.009493019999999998,"profit_total_pct":0.95,"duration_avg":"1:41:00","wins":2,"draws":0,"losses":1,"winrate":0.6666666666666666,"cagr":0.06019303888014749,"expectancy":0.158217,"expectancy_ratio":0.474109453218156,"sortino":-100,"sharpe":0.41755827795073325,"calmar":46.293359001631174,"sqn":0.6079,"profit_factor":2.422328359654468,"max_drawdown_account":0.006640184132301245,"max_drawdown_abs":0.33371408},{"key":"ETH/USDT","trades":0,"profit_mean":0.0,"profit_mean_pct":0.0,"profit_total_abs":0.0,"profit_total":0.0,"profit_total_pct":0.0,"duration_avg":"0:00","wins":0,"draws":0,"losses":0,"winrate":0.0,"cagr":0.0,"expectancy":0.0,"expectancy_ratio":100.0,"sortino":0,"sharpe":0,"calmar":0,"sqn":0.0,"profit_factor":0.0,"max_drawdown_account":0.0,"max_drawdown_abs":0.0},{"key":"BTC/USDT","trades":0,"profit_mean":0.0,"profit_mean_pct":0.0,"profit_total_abs":0.0,"profit_total":0.0,"profit_total_pct":0.0,"duration_avg":"0:00","wins":0,"draws":0,"losses":0,"winrate":0.0,"cagr":0.0,"expectancy":0.0,"expectancy_ratio":100.0,"sortino":0,"sharpe":0,"calmar":0,"sqn":0.0,"profit_factor":0.0,"max_drawdown_account":0.0,"max_drawdown_abs":0.0},{"key":"VET/USDT","trades":5,"profit_mean":-0.0012419598487364626,"profit_mean_pct":-0.12,"profit_total_abs":-0.07890283999999992,"profit_total":-0.0015780567999999983,"profit_total_pct":-0.16,"duration_avg":"4:32:00","wins":2,"draws":0,"losses":3,"winrate":0.4,"cagr":-0.009722691841753561,"expectancy":-0.015780567999999995,"expectancy_ratio":-0.04808775083096173,"sortino":-8.40790457508889,"sharpe":-0.06171634495656834,"calmar":-3.2683729293327772,"sqn":-0.0762,"profit_factor":0.9198537486150636,"max_drawdown_account":0.015634552199999943,"max_drawdown_abs":0.7817276099999999},{"key":"TOTAL","trades":11,"profit_mean":0.010070868258721829,"profit_mean_pct":1.01,"profit_total_abs":1.0520350299999999,"profit_total":0.021040700599999997,"profit_total_pct":2.1,"duration_avg":"2:59:00","wins":6,"draws":0,"losses":5,"winrate":0.5454545454545454,"cagr":0.1374814384343379,"expectancy":0.09563954818181813,"expectancy_ratio":0.28990370999150206,"sortino":104.35017220810165,"sharpe":0.827940227730712,"calmar":26.109681353636372,"sqn":0.735,"profit_factor":1.6377881619813046,"max_drawdown_account":0.02609474429459849,"max_drawdown_abs":1.31800367}],"results_per_enter_tag":[{"key":"","trades":11,"profit_mean":0.010070868258721829,"profit_mean_pct":1.01,"profit_total_abs":1.0520350299999999,"profit_total":0.021040700599999997,"profit_total_pct":2.1,"duration_avg":"2:59:00","wins":6,"draws":0,"losses":5,"winrate":0.5454545454545454,"cagr":0.1374814384343379,"expectancy":0.09563954818181813,"expectancy_ratio":0.28990370999150206,"sortino":104.35017220810165,"sharpe":0.827940227730712,"calmar":26.109681353636372,"sqn":0.735,"profit_factor":1.6377881619813046,"max_drawdown_account":0.02609474429459849,"max_drawdown_abs":1.31800367},{"key":"TOTAL","trades":11,"profit_mean":0.010070868258721829,"profit_mean_pct":1.01,"profit_total_abs":1.0520350299999999,"profit_total":0.021040700599999997,"profit_total_pct":2.1,"duration_avg":"2:59:00","wins":6,"draws":0,"losses":5,"winrate":0.5454545454545454,"cagr":0.1374814384343379,"expectancy":0.09563954818181813,"expectancy_ratio":0.28990370999150206,"sortino":104.35017220810165,"sharpe":0.827940227730712,"calmar":26.109681353636372,"sqn":0.735,"profit_factor":1.6377881619813046,"max_drawdown_account":0.02609474429459849,"max_drawdown_abs":1.31800367}],"exit_reason_summary":[{"key":"roi","trades":6,"profit_mean":0.04609523949109753,"profit_mean_pct":4.61,"profit_total_abs":2.7015404499999995,"profit_total":0.05403080899999999,"profit_total_pct":5.4,"duration_avg":"4:37:00","wins":6,"draws":0,"losses":0,"winrate":1.0,"cagr":0.3847794750809519,"expectancy":0.45025674166666657,"expectancy_ratio":100.0,"sortino":-100,"sharpe":4.764388018719405,"calmar":-100,"sqn":5.4834,"profit_factor":0.0,"max_drawdown_account":0.0,"max_drawdown_abs":0.0},{"key":"stop_loss","trades":5,"profit_mean":-0.033158377220129,"profit_mean_pct":-3.32,"profit_total_abs":-1.6495054199999999,"profit_total":-0.032990108399999996,"profit_total_pct":-3.3,"duration_avg":"1:01:00","wins":0,"draws":0,"losses":5,"winrate":0.0,"cagr":-0.1874141987880693,"expectancy":-0.32990108399999996,"expectancy_ratio":-1.0,"sortino":-163.6125886751101,"sharpe":-163.6125886751101,"calmar":-32.381310465326834,"sqn":-202.1074,"profit_factor":0.0,"max_drawdown_account":0.03299010839999994,"max_drawdown_abs":1.6495054199999999},{"key":"TOTAL","trades":11,"profit_mean":0.010070868258721829,"profit_mean_pct":1.01,"profit_total_abs":1.0520350299999999,"profit_total":0.021040700599999997,"profit_total_pct":2.1,"duration_avg":"2:59:00","wins":6,"draws":0,"losses":5,"winrate":0.5454545454545454,"cagr":0.1374814384343379,"expectancy":0.09563954818181813,"expectancy_ratio":0.28990370999150206,"sortino":104.35017220810165,"sharpe":0.827940227730712,"calmar":26.109681353636372,"sqn":0.735,"profit_factor":1.6377881619813046,"max_drawdown_account":0.02609474429459849,"max_drawdown_abs":1.31800367}],"mix_tag_stats":[{"key":["","roi"],"trades":6,"profit_mean":0.04609523949109753,"profit_mean_pct":4.61,"profit_total_abs":2.7015404499999995,"profit_total":0.05403080899999999,"profit_total_pct":5.4,"duration_avg":"4:37:00","wins":6,"draws":0,"losses":0,"winrate":1.0,"cagr":0.3847794750809519,"expectancy":0.45025674166666657,"expectancy_ratio":100.0,"sortino":-100,"sharpe":4.764388018719405,"calmar":-100,"sqn":5.4834,"profit_factor":0.0,"max_drawdown_account":0.0,"max_drawdown_abs":0.0},{"key":["","stop_loss"],"trades":5,"profit_mean":-0.033158377220129,"profit_mean_pct":-3.32,"profit_total_abs":-1.6495054199999999,"profit_total":-0.032990108399999996,"profit_total_pct":-3.3,"duration_avg":"1:01:00","wins":0,"draws":0,"losses":5,"winrate":0.0,"cagr":-0.1874141987880693,"expectancy":-0.32990108399999996,"expectancy_ratio":-1.0,"sortino":-163.6125886751101,"sharpe":-163.6125886751101,"calmar":-32.381310465326834,"sqn":-202.1074,"profit_factor":0.0,"max_drawdown_account":0.03299010839999994,"max_drawdown_abs":1.6495054199999999},{"key":"TOTAL","trades":11,"profit_mean":0.010070868258721829,"profit_mean_pct":1.01,"profit_total_abs":1.0520350299999999,"profit_total":0.021040700599999997,"profit_total_pct":2.1,"duration_avg":"2:59:00","wins":6,"draws":0,"losses":5,"winrate":0.5454545454545454,"cagr":0.1374814384343379,"expectancy":0.09563954818181813,"expectancy_ratio":0.28990370999150206,"sortino":104.35017220810165,"sharpe":0.827940227730712,"calmar":26.109681353636372,"sqn":0.735,"profit_factor":1.6377881619813046,"max_drawdown_account":0.02609474429459849,"max_drawdown_abs":1.31800367}],"left_open_trades":[{"key":"TOTAL","trades":0,"profit_mean":0.0,"profit_mean_pct":0.0,"profit_total_abs":0.0,"profit_total":0.0,"profit_total_pct":0.0,"duration_avg":"0:00","wins":0,"draws":0,"losses":0,"winrate":0.0,"cagr":0.0,"expectancy":0.0,"expectancy_ratio":100.0,"sortino":0,"sharpe":0,"calmar":0,"sqn":0.0,"profit_factor":0.0,"max_drawdown_account":0.0,"max_drawdown_abs":0.0}],"total_trades":11,"trade_count_long":11,"trade_count_short":0,"total_volume":218.18592695899997,"avg_stake_amount":9.84990709090909,"profit_mean":0.010070868258721829,"profit_median":0.020598269451692706,"profit_total":0.021040700599999997,"profit_total_long":0.021040700599999997,"profit_total_short":0.0,"profit_total_abs":1.0520350299999999,"profit_total_long_abs":1.0520350299999999,"profit_total_short_abs":0.0,"cagr":0.1374814384343379,"expectancy":0.09563954818181813,"expectancy_ratio":0.28990370999150206,"sortino":104.35017220810165,"sharpe":0.827940227730712,"calmar":26.109681353636372,"sqn":0.735,"profit_factor":1.6377881619813046,"backtest_start":"2025-12-09 00:30:00","backtest_start_ts":1765240200000,"backtest_end":"2026-02-07 00:00:00","backtest_end_ts":1770422400000,"backtest_days":59,"backtest_run_start_ts":1770446768,"backtest_run_end_ts":1770446770,"trades_per_day":0.19,"market_change":-0.3068063858435106,"pairlist":["ICP/USDT","VET/USDT","ADA/USDT","ETH/USDT","BTC/USDT"],"stake_amount":"unlimited","stake_currency":"USDT","stake_currency_decimals":3,"starting_balance":50,"dry_run_wallet":50,"final_balance":51.05203503,"rejected_signals":0,"timedout_entry_orders":0,"timedout_exit_orders":0,"canceled_trade_entries":0,"canceled_entry_orders":0,"replaced_entry_orders":0,"max_open_trades":5,"max_open_trades_setting":5,"timeframe":"1m","timeframe_detail":"","timerange":"20251209-20260207","enable_protections":false,"strategy_name":"UniversalMACD","freqaimodel":"XGBoostRegressor","freqai_identifier":"qs_v9_scalp_5m1h_l2","stoploss":-0.0318,"trailing_stop":false,"trailing_stop_positive":null,"trailing_stop_positive_offset":0.0,"trailing_only_offset_is_reached":false,"use_custom_stoploss":false,"minimal_roi":{"0":0.1,"60":0.05,"240":0.02,"1440":0.01},"use_exit_signal":true,"exit_profit_only":false,"exit_profit_offset":0.0,"ignore_roi_if_entry_signal":false,"trading_mode":"spot","margin_mode":"","periodic_breakdown":{"day":[{"date":"19/01/2026","date_ts":1768780800000,"profit_abs":0.50839568,"wins":3,"draws":0,"losses":1,"trades":4,"profit_factor":2.53361386},{"date":"20/01/2026","date_ts":1768867200000,"profit_abs":0.0,"wins":0,"draws":0,"losses":0,"trades":0,"profit_factor":0.0},{"date":"21/01/2026","date_ts":1768953600000,"profit_abs":0.0,"wins":0,"draws":0,"losses":0,"trades":0,"profit_factor":0.0},{"date":"22/01/2026","date_ts":1769040000000,"profit_abs":0.0,"wins":0,"draws":0,"losses":0,"trades":0,"profit_factor":0.0},{"date":"23/01/2026","date_ts":1769126400000,"profit_abs":0.0,"wins":0,"draws":0,"losses":0,"trades":0,"profit_factor":0.0},{"date":"24/01/2026","date_ts":1769212800000,"profit_abs":0.0,"wins":0,"draws":0,"losses":0,"trades":0,"profit_factor":0.0},{"date":"25/01/2026","date_ts":1769299200000,"profit_abs":0.0,"wins":0,"draws":0,"losses":0,"trades":0,"profit_factor":0.0},{"date":"26/01/2026","date_ts":1769385600000,"profit_abs":0.0,"wins":0,"draws":0,"losses":0,"trades":0,"profit_factor":0.0},{"date":"27/01/2026","date_ts":1769472000000,"profit_abs":0.0,"wins":0,"draws":0,"losses":0,"trades":0,"profit_factor":0.0},{"date":"28/01/2026","date_ts":1769558400000,"profit_abs":0.0,"wins":0,"draws":0,"losses":0,"trades":0,"profit_factor":0.0},{"date":"29/01/2026","date_ts":1769644800000,"profit_abs":0.0,"wins":0,"draws":0,"losses":0,"trades":0,"profit_factor":0.0},{"date":"30/01/2026","date_ts":1769731200000,"profit_abs":0.0,"wins":0,"draws":0,"losses":0,"trades":0,"profit_factor":0.0},{"date":"31/01/2026","date_ts":1769817600000,"profit_abs":0.0,"wins":0,"draws":0,"losses":0,"trades":0,"profit_factor":0.0},{"date":"01/02/2026","date_ts":1769904000000,"profit_abs":0.0,"wins":0,"draws":0,"losses":0,"trades":0,"profit_factor":0.0},{"date":"02/02/2026","date_ts":1769990400000,"profit_abs":0.0,"wins":0,"draws":0,"losses":0,"trades":0,"profit_factor":0.0},{"date":"03/02/2026","date_ts":1770076800000,"profit_abs":0.0,"wins":0,"draws":0,"losses":0,"trades":0,"profit_factor":0.0},{"date":"04/02/2026","date_ts":1770163200000,"profit_abs":0.0,"wins":0,"draws":0,"losses":0,"trades":0,"profit_factor":0.0},{"date":"05/02/2026","date_ts":1770249600000,"profit_abs":-0.32883407,"wins":0,"draws":0,"losses":1,"trades":1,"profit_factor":0.0},{"date":"06/02/2026","date_ts":1770336000000,"profit_abs":0.87247342,"wins":3,"draws":0,"losses":3,"trades":6,"profit_factor":1.88202612}],"week":[{"date":"19/01/2026","date_ts":1768780800000,"profit_abs":0.50839568,"wins":3,"draws":0,"losses":1,"trades":4,"profit_factor":2.53361386},{"date":"26/01/2026","date_ts":1769385600000,"profit_abs":0.0,"wins":0,"draws":0,"losses":0,"trades":0,"profit_factor":0.0},{"date":"02/02/2026","date_ts":1769990400000,"profit_abs":0.0,"wins":0,"draws":0,"losses":0,"trades":0,"profit_factor":0.0},{"date":"09/02/2026","date_ts":1770595200000,"profit_abs":0.54363935,"wins":3,"draws":0,"losses":4,"trades":7,"profit_factor":1.4124718}],"month":[{"date":"31/01/2026","date_ts":1769817600000,"profit_abs":0.50839568,"wins":3,"draws":0,"losses":1,"trades":4,"profit_factor":2.53361386},{"date":"28/02/2026","date_ts":1772236800000,"profit_abs":0.54363935,"wins":3,"draws":0,"losses":4,"trades":7,"profit_factor":1.4124718}],"year":[{"date":"31/12/2026","date_ts":1798675200000,"profit_abs":1.05203503,"wins":6,"draws":0,"losses":5,"trades":11,"profit_factor":1.63778816}],"weekday":[{"date":"Monday","date_ts":0,"profit_abs":0.50839568,"wins":3,"draws":0,"losses":1,"trades":4,"profit_factor":2.53361386},{"date":"Thursday","date_ts":3,"profit_abs":-0.32883407,"wins":0,"draws":0,"losses":1,"trades":1,"profit_factor":0.0},{"date":"Friday","date_ts":4,"profit_abs":0.87247342,"wins":3,"draws":0,"losses":3,"trades":6,"profit_factor":1.88202612}]},"backtest_best_day":0.09160124688928237,"backtest_worst_day":-0.03285021480132251,"backtest_best_day_abs":0.87247342,"backtest_worst_day_abs":-0.32883407,"winning_days":2,"draw_days":16,"losing_days":1,"daily_profit":[["2026-01-19",0.50839568],["2026-01-20",0.0],["2026-01-21",0.0],["2026-01-22",0.0],["2026-01-23",0.0],["2026-01-24",0.0],["2026-01-25",0.0],["2026-01-26",0.0],["2026-01-27",0.0],["2026-01-28",0.0],["2026-01-29",0.0],["2026-01-30",0.0],["2026-01-31",0.0],["2026-02-01",0.0],["2026-02-02",0.0],["2026-02-03",0.0],["2026-02-04",0.0],["2026-02-05",-0.32883407],["2026-02-06",0.87247342]],"wins":6,"losses":5,"draws":0,"winrate":0.5454545454545454,"holding_avg":"2:59:00","holding_avg_s":10740.0,"winner_holding_min":"0d 01:00","winner_holding_min_s":3600.0,"winner_holding_max":"0d 16:42","winner_holding_max_s":60120.0,"winner_holding_avg":"0d 04:37","winner_holding_avg_s":16620.0,"loser_holding_min":"0d 00:00","loser_holding_min_s":0.0,"loser_holding_max":"0d 04:52","loser_holding_max_s":17520.0,"loser_holding_avg":"0d 01:01","loser_holding_avg_s":3660.0,"max_consecutive_wins":3,"max_consecutive_losses":4,"max_drawdown_account":0.02609474429459849,"max_relative_drawdown":0.02609474429459849,"max_drawdown_abs":1.31800367,"drawdown_start":"2026-01-19 16:54:00","drawdown_start_ts":1768841640000.0,"drawdown_end":"2026-02-06 00:19:00","drawdown_end_ts":1770337140000.0,"drawdown_duration":"17 days 07:25:00","drawdown_duration_s":1495500.0,"max_drawdown_low":-0.8096079899999999,"max_drawdown_high":0.50839568,"csum_min":49.19039201,"csum_max":51.05203503}},"strategy_comparison":[{"key":"UniversalMACD","trades":11,"profit_mean":0.010070868258721829,"profit_mean_pct":1.01,"profit_total_abs":1.0520350299999999,"profit_total":0.021040700599999997,"profit_total_pct":2.1,"duration_avg":"2:59:00","wins":6,"draws":0,"losses":5,"winrate":0.5454545454545454,"cagr":0.1374814384343379,"expectancy":0.09563954818181813,"expectancy_ratio":0.28990370999150206,"sortino":104.35017220810165,"sharpe":0.827940227730712,"calmar":26.109681353636372,"sqn":0.735,"profit_factor":1.6377881619813046,"max_drawdown_account":0.02609474429459849,"max_drawdown_abs":"1.318"}]}