{"strategy":{"SwingHighToSky":{"trades":[{"pair":"SAND/USDT","stake_amount":8.2432,"max_stake_amount":8.2432,"amount":28.0,"open_date":"2025-06-11 18:30:00+00:00","close_date":"2025-10-10 21:15:00+00:00","open_rate":0.2944,"close_rate":0.1934,"fee_open":0.001,"fee_close":0.001,"trade_duration":174405,"profit_ratio":-0.3443831983234157,"profit_abs":-2.8416584,"exit_reason":"stop_loss","initial_stop_loss_abs":0.1934,"initial_stop_loss_ratio":-0.34338,"stop_loss_abs":0.1934,"stop_loss_ratio":-0.34338,"min_rate":0.017,"max_rate":0.35710000000000003,"is_open":false,"enter_tag":"","leverage":1.0,"is_short":false,"open_timestamp":1749666600000,"close_timestamp":1760130900000,"orders":[{"amount":28.0,"safe_price":0.2944,"ft_order_side":"buy","order_filled_timestamp":1749666600000,"ft_is_entry":true,"ft_order_tag":"","cost":8.251443199999999},{"amount":28.0,"safe_price":0.1934,"ft_order_side":"sell","order_filled_timestamp":1760130900000,"ft_is_entry":false,"ft_order_tag":"stop_loss","cost":5.420615199999999}],"funding_fees":0.0,"weekday":4},{"pair":"UNI/USDT","stake_amount":8.23554,"max_stake_amount":8.23554,"amount":1.01,"open_date":"2025-06-11 18:45:00+00:00","close_date":"2025-10-10 21:15:00+00:00","open_rate":8.154,"close_rate":5.35407948,"fee_open":0.001,"fee_close":0.001,"trade_duration":174390,"profit_ratio":-0.34469192862085135,"profit_abs":-2.84156289,"exit_reason":"stop_loss","initial_stop_loss_abs":5.35407948,"initial_stop_loss_ratio":-0.34338,"stop_loss_abs":5.35407948,"stop_loss_ratio":-0.34338,"min_rate":2.0,"max_rate":12.3,"is_open":false,"enter_tag":"","leverage":1.0,"is_short":false,"open_timestamp":1749667500000,"close_timestamp":1760130900000,"orders":[{"amount":1.01,"safe_price":8.154,"ft_order_side":"buy","order_filled_timestamp":1749667500000,"ft_is_entry":true,"ft_order_tag":"","cost":8.24377554},{"amount":1.01,"safe_price":5.35407948,"ft_order_side":"sell","order_filled_timestamp":1760130900000,"ft_is_entry":false,"ft_order_tag":"stop_loss","cost":5.4130278950748}],"funding_fees":0.0,"weekday":4},{"pair":"XRP/USDT","stake_amount":8.16912,"max_stake_amount":8.16912,"amount":3.6,"open_date":"2025-06-11 22:15:00+00:00","close_date":"2025-10-10 21:15:00+00:00","open_rate":2.2692,"close_rate":1.4901,"fee_open":0.001,"fee_close":0.001,"trade_duration":174180,"profit_ratio":-0.3446488730729873,"profit_abs":-2.81829348,"exit_reason":"stop_loss","initial_stop_loss_abs":1.4901,"initial_stop_loss_ratio":-0.34338,"stop_loss_abs":1.4901,"stop_loss_ratio":-0.34338,"min_rate":1.2543,"max_rate":3.6607000000000003,"is_open":false,"enter_tag":"","leverage":1.0,"is_short":false,"open_timestamp":1749680100000,"close_timestamp":1760130900000,"orders":[{"amount":3.6,"safe_price":2.2692,"ft_order_side":"buy","order_filled_timestamp":1749680100000,"ft_is_entry":true,"ft_order_tag":"","cost":8.177289120000001},{"amount":3.6,"safe_price":1.4901,"ft_order_side":"sell","order_filled_timestamp":1760130900000,"ft_is_entry":false,"ft_order_tag":"stop_loss","cost":5.36972436}],"funding_fees":0.0,"weekday":4},{"pair":"FIL/USDT","stake_amount":8.22668,"max_stake_amount":8.22668,"amount":3.08,"open_date":"2025-06-11 22:30:00+00:00","close_date":"2025-10-10 21:15:00+00:00","open_rate":2.671,"close_rate":1.754,"fee_open":0.001,"fee_close":0.001,"trade_duration":174165,"profit_ratio":-0.3446291634236223,"profit_abs":-2.837989,"exit_reason":"stop_loss","initial_stop_loss_abs":1.754,"initial_stop_loss_ratio":-0.34338,"stop_loss_abs":1.754,"stop_loss_ratio":-0.34338,"min_rate":0.32,"max_rate":3.025,"is_open":false,"enter_tag":"","leverage":1.0,"is_short":false,"open_timestamp":1749681000000,"close_timestamp":1760130900000,"orders":[{"amount":3.08,"safe_price":2.6710000000000003,"ft_order_side":"buy","order_filled_timestamp":1749681000000,"ft_is_entry":true,"ft_order_tag":"","cost":8.234906680000002},{"amount":3.08,"safe_price":1.754,"ft_order_side":"sell","order_filled_timestamp":1760130900000,"ft_is_entry":false,"ft_order_tag":"stop_loss","cost":5.4077223199999995}],"funding_fees":0.0,"weekday":4},{"pair":"ARB/USDT","stake_amount":8.2412,"max_stake_amount":8.2412,"amount":22.0,"open_date":"2025-06-12 20:00:00+00:00","close_date":"2025-10-10 21:15:00+00:00","open_rate":0.3746,"close_rate":0.246,"fee_open":0.001,"fee_close":0.001,"trade_duration":172875,"profit_ratio":-0.34461160835960614,"profit_abs":-2.8428532,"exit_reason":"stop_loss","initial_stop_loss_abs":0.246,"initial_stop_loss_ratio":-0.34338,"stop_loss_abs":0.246,"stop_loss_ratio":-0.34338,"min_rate":0.10490000000000001,"max_rate":0.6246,"is_open":false,"enter_tag":"","leverage":1.0,"is_short":false,"open_timestamp":1749758400000,"close_timestamp":1760130900000,"orders":[{"amount":22.0,"safe_price":0.37460000000000004,"ft_order_side":"buy","order_filled_timestamp":1749758400000,"ft_is_entry":true,"ft_order_tag":"","cost":8.2494412},{"amount":22.0,"safe_price":0.246,"ft_order_side":"sell","order_filled_timestamp":1760130900000,"ft_is_entry":false,"ft_order_tag":"stop_loss","cost":5.417412}],"funding_fees":0.0,"weekday":4},{"pair":"ARB/USDT","stake_amount":5.89332,"max_stake_amount":5.89332,"amount":26.8,"open_date":"2025-10-10 21:30:00+00:00","close_date":"2026-01-31 14:15:00+00:00","open_rate":0.2199,"close_rate":0.1444,"fee_open":0.001,"fee_close":0.001,"trade_duration":162285,"profit_ratio":-0.3446498930809981,"profit_abs":-2.03316324,"exit_reason":"stop_loss","initial_stop_loss_abs":0.1444,"initial_stop_loss_ratio":-0.34338,"stop_loss_abs":0.1444,"stop_loss_ratio":-0.34338,"min_rate":0.1398,"max_rate":0.3619,"is_open":false,"enter_tag":"","leverage":1.0,"is_short":false,"open_timestamp":1760131800000,"close_timestamp":1769868900000,"orders":[{"amount":26.8,"safe_price":0.2199,"ft_order_side":"buy","order_filled_timestamp":1760131800000,"ft_is_entry":true,"ft_order_tag":"","cost":5.899213319999999},{"amount":26.8,"safe_price":0.1444,"ft_order_side":"sell","order_filled_timestamp":1769868900000,"ft_is_entry":false,"ft_order_tag":"stop_loss","cost":3.8737899199999997}],"funding_fees":0.0,"weekday":5},{"pair":"XRP/USDT","stake_amount":5.8554,"max_stake_amount":5.8554,"amount":3.0,"open_date":"2025-10-10 21:30:00+00:00","close_date":"2026-02-02 13:45:00+00:00","open_rate":1.9518,"close_rate":1.6421999999999999,"fee_open":0.001,"fee_close":0.001,"trade_duration":165135,"profit_ratio":-0.16030388302137458,"profit_abs":-0.939582,"exit_reason":"force_exit","initial_stop_loss_abs":1.2816,"initial_stop_loss_ratio":-0.34338,"stop_loss_abs":1.2816,"stop_loss_ratio":-0.34338,"min_rate":1.5028000000000001,"max_rate":2.6975,"is_open":false,"enter_tag":"","leverage":1.0,"is_short":false,"open_timestamp":1760131800000,"close_timestamp":1770039900000,"orders":[{"amount":3.0,"safe_price":1.9518,"ft_order_side":"buy","order_filled_timestamp":1760131800000,"ft_is_entry":true,"ft_order_tag":"","cost":5.861255399999999},{"amount":3.0,"safe_price":1.6421999999999999,"ft_order_side":"sell","order_filled_timestamp":1770039900000,"ft_is_entry":false,"ft_order_tag":"force_exit","cost":4.931526599999999}],"funding_fees":0.0,"weekday":0},{"pair":"UNI/USDT","stake_amount":5.894,"max_stake_amount":5.894,"amount":1.4,"open_date":"2025-10-10 21:30:00+00:00","close_date":"2026-02-01 10:45:00+00:00","open_rate":4.21,"close_rate":3.916,"fee_open":0.001,"fee_close":0.001,"trade_duration":163515,"profit_ratio":-0.07169220328365221,"profit_abs":-0.4229764,"exit_reason":"force_exit","initial_stop_loss_abs":2.7643702,"initial_stop_loss_ratio":-0.34338,"stop_loss_abs":2.7643702,"stop_loss_ratio":-0.34338,"min_rate":3.6,"max_rate":10.3,"is_open":false,"enter_tag":"","leverage":1.0,"is_short":false,"open_timestamp":1760131800000,"close_timestamp":1769942700000,"orders":[{"amount":1.4,"safe_price":4.21,"ft_order_side":"buy","order_filled_timestamp":1760131800000,"ft_is_entry":true,"ft_order_tag":"","cost":5.899893999999999},{"amount":1.4,"safe_price":3.916,"ft_order_side":"sell","order_filled_timestamp":1769942700000,"ft_is_entry":false,"ft_order_tag":"force_exit","cost":5.487882399999998}],"funding_fees":0.0,"weekday":6},{"pair":"FIL/USDT","stake_amount":5.9046,"max_stake_amount":5.9046,"amount":7.8,"open_date":"2025-10-10 21:30:00+00:00","close_date":"2026-02-01 10:45:00+00:00","open_rate":0.757,"close_rate":1.059,"fee_open":0.001,"fee_close":0.001,"trade_duration":163515,"profit_ratio":0.3961481055272336,"profit_abs":2.3414352,"exit_reason":"force_exit","initial_stop_loss_abs":0.498,"initial_stop_loss_ratio":-0.34338,"stop_loss_abs":0.498,"stop_loss_ratio":-0.34338,"min_rate":0.6970000000000001,"max_rate":3.973,"is_open":false,"enter_tag":"","leverage":1.0,"is_short":false,"open_timestamp":1760131800000,"close_timestamp":1769942700000,"orders":[{"amount":7.8,"safe_price":0.757,"ft_order_side":"buy","order_filled_timestamp":1760131800000,"ft_is_entry":true,"ft_order_tag":"","cost":5.910504599999999},{"amount":7.8,"safe_price":1.059,"ft_order_side":"sell","order_filled_timestamp":1769942700000,"ft_is_entry":false,"ft_order_tag":"force_exit","cost":8.268460199999998}],"funding_fees":0.0,"weekday":6},{"pair":"SAND/USDT","stake_amount":5.8365,"max_stake_amount":5.8365,"amount":45.0,"open_date":"2025-10-10 21:30:00+00:00","close_date":"2026-02-01 10:45:00+00:00","open_rate":0.1297,"close_rate":0.1018,"fee_open":0.001,"fee_close":0.001,"trade_duration":163515,"profit_ratio":-0.2166800046522483,"profit_abs":-1.2659175,"exit_reason":"force_exit","initial_stop_loss_abs":0.0852,"initial_stop_loss_ratio":-0.34338,"stop_loss_abs":0.0852,"stop_loss_ratio":-0.34338,"min_rate":0.0937,"max_rate":0.23720000000000002,"is_open":false,"enter_tag":"","leverage":1.0,"is_short":false,"open_timestamp":1760131800000,"close_timestamp":1769942700000,"orders":[{"amount":45.0,"safe_price":0.1297,"ft_order_side":"buy","order_filled_timestamp":1760131800000,"ft_is_entry":true,"ft_order_tag":"","cost":5.842336499999999},{"amount":45.0,"safe_price":0.1018,"ft_order_side":"sell","order_filled_timestamp":1769942700000,"ft_is_entry":false,"ft_order_tag":"force_exit","cost":4.5855809999999995}],"funding_fees":0.0,"weekday":6},{"pair":"DOGE/USDT","stake_amount":4.0641,"max_stake_amount":4.0641,"amount":38.0,"open_date":"2026-01-31 14:30:00+00:00","close_date":"2026-02-01 11:00:00+00:00","open_rate":0.10695,"close_rate":0.10466,"fee_open":0.001,"fee_close":0.001,"trade_duration":1230,"profit_ratio":-0.023367095737362217,"profit_abs":-0.09506118,"exit_reason":"force_exit","initial_stop_loss_abs":0.07023,"initial_stop_loss_ratio":-0.34338,"stop_loss_abs":0.07023,"stop_loss_ratio":-0.34338,"min_rate":0.09461000000000001,"max_rate":0.1082,"is_open":false,"enter_tag":"","leverage":1.0,"is_short":false,"open_timestamp":1769869800000,"close_timestamp":1769943600000,"orders":[{"amount":38.0,"safe_price":0.10695,"ft_order_side":"buy","order_filled_timestamp":1769869800000,"ft_is_entry":true,"ft_order_tag":"","cost":4.0681641},{"amount":38.0,"safe_price":0.10466,"ft_order_side":"sell","order_filled_timestamp":1769943600000,"ft_is_entry":false,"ft_order_tag":"force_exit","cost":3.9810570799999994}],"funding_fees":0.0,"weekday":6},{"pair":"HBAR/USDT","stake_amount":5.874,"max_stake_amount":5.874,"amount":50.0,"open_date":"2026-01-03 07:30:00+00:00","close_date":"2026-02-01 11:00:00+00:00","open_rate":0.11748,"close_rate":0.09063,"fee_open":0.001,"fee_close":0.001,"trade_duration":41970,"profit_ratio":-0.2300908999070388,"profit_abs":-1.3529055,"exit_reason":"force_exit","initial_stop_loss_abs":0.07714,"initial_stop_loss_ratio":-0.34338,"stop_loss_abs":0.07714,"stop_loss_ratio":-0.34338,"min_rate":0.08388000000000001,"max_rate":0.13496000000000002,"is_open":false,"enter_tag":"","leverage":1.0,"is_short":false,"open_timestamp":1767425400000,"close_timestamp":1769943600000,"orders":[{"amount":50.0,"safe_price":0.11748000000000001,"ft_order_side":"buy","order_filled_timestamp":1767425400000,"ft_is_entry":true,"ft_order_tag":"","cost":5.879874},{"amount":50.0,"safe_price":0.09063,"ft_order_side":"sell","order_filled_timestamp":1769943600000,"ft_is_entry":false,"ft_order_tag":"force_exit","cost":4.5360315}],"funding_fees":0.0,"weekday":6}],"locks":[],"best_pair":{"key":"BTC/USDT","trades":0,"profit_mean":0.0,"profit_mean_pct":0.0,"profit_total_abs":0.0,"profit_total":0.0,"profit_total_pct":0.0,"duration_avg":"0:00","wins":0,"draws":0,"losses":0,"winrate":0.0,"cagr":0.0,"expectancy":0.0,"expectancy_ratio":100.0,"sortino":0,"sharpe":0,"calmar":0,"sqn":0.0,"profit_factor":0.0,"max_drawdown_account":0.0,"max_drawdown_abs":0.0},"worst_pair":{"key":"ARB/USDT","trades":2,"profit_mean":-0.34463075072030214,"profit_mean_pct":-34.46,"profit_total_abs":-4.87601644,"profit_total":-0.0975203288,"profit_total_pct":-9.75,"duration_avg":"116 days, 9:00:00","wins":0,"draws":0,"losses":2,"winrate":0.0,"cagr":-0.14560590054757594,"expectancy":-2.43800822,"expectancy_ratio":-1.0,"sortino":-0.9668205612345628,"sharpe":-0.9668205612345628,"calmar":-8.027299653169242,"sqn":-6.0221,"profit_factor":0.0,"max_drawdown_account":0.09752032880000001,"max_drawdown_abs":4.87601644},"results_per_pair":[{"key":"BTC/USDT","trades":0,"profit_mean":0.0,"profit_mean_pct":0.0,"profit_total_abs":0.0,"profit_total":0.0,"profit_total_pct":0.0,"duration_avg":"0:00","wins":0,"draws":0,"losses":0,"winrate":0.0,"cagr":0.0,"expectancy":0.0,"expectancy_ratio":100.0,"sortino":0,"sharpe":0,"calmar":0,"sqn":0.0,"profit_factor":0.0,"max_drawdown_account":0.0,"max_drawdown_abs":0.0},{"key":"ETH/USDT","trades":0,"profit_mean":0.0,"profit_mean_pct":0.0,"profit_total_abs":0.0,"profit_total":0.0,"profit_total_pct":0.0,"duration_avg":"0:00","wins":0,"draws":0,"losses":0,"winrate":0.0,"cagr":0.0,"expectancy":0.0,"expectancy_ratio":100.0,"sortino":0,"sharpe":0,"calmar":0,"sqn":0.0,"profit_factor":0.0,"max_drawdown_account":0.0,"max_drawdown_abs":0.0},{"key":"BNB/USDT","trades":0,"profit_mean":0.0,"profit_mean_pct":0.0,"profit_total_abs":0.0,"profit_total":0.0,"profit_total_pct":0.0,"duration_avg":"0:00","wins":0,"draws":0,"losses":0,"winrate":0.0,"cagr":0.0,"expectancy":0.0,"expectancy_ratio":100.0,"sortino":0,"sharpe":0,"calmar":0,"sqn":0.0,"profit_factor":0.0,"max_drawdown_account":0.0,"max_drawdown_abs":0.0},{"key":"SOL/USDT","trades":0,"profit_mean":0.0,"profit_mean_pct":0.0,"profit_total_abs":0.0,"profit_total":0.0,"profit_total_pct":0.0,"duration_avg":"0:00","wins":0,"draws":0,"losses":0,"winrate":0.0,"cagr":0.0,"expectancy":0.0,"expectancy_ratio":100.0,"sortino":0,"sharpe":0,"calmar":0,"sqn":0.0,"profit_factor":0.0,"max_drawdown_account":0.0,"max_drawdown_abs":0.0},{"key":"ADA/USDT","trades":0,"profit_mean":0.0,"profit_mean_pct":0.0,"profit_total_abs":0.0,"profit_total":0.0,"profit_total_pct":0.0,"duration_avg":"0:00","wins":0,"draws":0,"losses":0,"winrate":0.0,"cagr":0.0,"expectancy":0.0,"expectancy_ratio":100.0,"sortino":0,"sharpe":0,"calmar":0,"sqn":0.0,"profit_factor":0.0,"max_drawdown_account":0.0,"max_drawdown_abs":0.0},{"key":"DOT/USDT","trades":0,"profit_mean":0.0,"profit_mean_pct":0.0,"profit_total_abs":0.0,"profit_total":0.0,"profit_total_pct":0.0,"duration_avg":"0:00","wins":0,"draws":0,"losses":0,"winrate":0.0,"cagr":0.0,"expectancy":0.0,"expectancy_ratio":100.0,"sortino":0,"sharpe":0,"calmar":0,"sqn":0.0,"profit_factor":0.0,"max_drawdown_account":0.0,"max_drawdown_abs":0.0},{"key":"AVAX/USDT","trades":0,"profit_mean":0.0,"profit_mean_pct":0.0,"profit_total_abs":0.0,"profit_total":0.0,"profit_total_pct":0.0,"duration_avg":"0:00","wins":0,"draws":0,"losses":0,"winrate":0.0,"cagr":0.0,"expectancy":0.0,"expectancy_ratio":100.0,"sortino":0,"sharpe":0,"calmar":0,"sqn":0.0,"profit_factor":0.0,"max_drawdown_account":0.0,"max_drawdown_abs":0.0},{"key":"LINK/USDT","trades":0,"profit_mean":0.0,"profit_mean_pct":0.0,"profit_total_abs":0.0,"profit_total":0.0,"profit_total_pct":0.0,"duration_avg":"0:00","wins":0,"draws":0,"losses":0,"winrate":0.0,"cagr":0.0,"expectancy":0.0,"expectancy_ratio":100.0,"sortino":0,"sharpe":0,"calmar":0,"sqn":0.0,"profit_factor":0.0,"max_drawdown_account":0.0,"max_drawdown_abs":0.0},{"key":"LTC/USDT","trades":0,"profit_mean":0.0,"profit_mean_pct":0.0,"profit_total_abs":0.0,"profit_total":0.0,"profit_total_pct":0.0,"duration_avg":"0:00","wins":0,"draws":0,"losses":0,"winrate":0.0,"cagr":0.0,"expectancy":0.0,"expectancy_ratio":100.0,"sortino":0,"sharpe":0,"calmar":0,"sqn":0.0,"profit_factor":0.0,"max_drawdown_account":0.0,"max_drawdown_abs":0.0},{"key":"TRX/USDT","trades":0,"profit_mean":0.0,"profit_mean_pct":0.0,"profit_total_abs":0.0,"profit_total":0.0,"profit_total_pct":0.0,"duration_avg":"0:00","wins":0,"draws":0,"losses":0,"winrate":0.0,"cagr":0.0,"expectancy":0.0,"expectancy_ratio":100.0,"sortino":0,"sharpe":0,"calmar":0,"sqn":0.0,"profit_factor":0.0,"max_drawdown_account":0.0,"max_drawdown_abs":0.0},{"key":"ATOM/USDT","trades":0,"profit_mean":0.0,"profit_mean_pct":0.0,"profit_total_abs":0.0,"profit_total":0.0,"profit_total_pct":0.0,"duration_avg":"0:00","wins":0,"draws":0,"losses":0,"winrate":0.0,"cagr":0.0,"expectancy":0.0,"expectancy_ratio":100.0,"sortino":0,"sharpe":0,"calmar":0,"sqn":0.0,"profit_factor":0.0,"max_drawdown_account":0.0,"max_drawdown_abs":0.0},{"key":"XLM/USDT","trades":0,"profit_mean":0.0,"profit_mean_pct":0.0,"profit_total_abs":0.0,"profit_total":0.0,"profit_total_pct":0.0,"duration_avg":"0:00","wins":0,"draws":0,"losses":0,"winrate":0.0,"cagr":0.0,"expectancy":0.0,"expectancy_ratio":100.0,"sortino":0,"sharpe":0,"calmar":0,"sqn":0.0,"profit_factor":0.0,"max_drawdown_account":0.0,"max_drawdown_abs":0.0},{"key":"ETC/USDT","trades":0,"profit_mean":0.0,"profit_mean_pct":0.0,"profit_total_abs":0.0,"profit_total":0.0,"profit_total_pct":0.0,"duration_avg":"0:00","wins":0,"draws":0,"losses":0,"winrate":0.0,"cagr":0.0,"expectancy":0.0,"expectancy_ratio":100.0,"sortino":0,"sharpe":0,"calmar":0,"sqn":0.0,"profit_factor":0.0,"max_drawdown_account":0.0,"max_drawdown_abs":0.0},{"key":"BCH/USDT","trades":0,"profit_mean":0.0,"profit_mean_pct":0.0,"profit_total_abs":0.0,"profit_total":0.0,"profit_total_pct":0.0,"duration_avg":"0:00","wins":0,"draws":0,"losses":0,"winrate":0.0,"cagr":0.0,"expectancy":0.0,"expectancy_ratio":100.0,"sortino":0,"sharpe":0,"calmar":0,"sqn":0.0,"profit_factor":0.0,"max_drawdown_account":0.0,"max_drawdown_abs":0.0},{"key":"NEAR/USDT","trades":0,"profit_mean":0.0,"profit_mean_pct":0.0,"profit_total_abs":0.0,"profit_total":0.0,"profit_total_pct":0.0,"duration_avg":"0:00","wins":0,"draws":0,"losses":0,"winrate":0.0,"cagr":0.0,"expectancy":0.0,"expectancy_ratio":100.0,"sortino":0,"sharpe":0,"calmar":0,"sqn":0.0,"profit_factor":0.0,"max_drawdown_account":0.0,"max_drawdown_abs":0.0},{"key":"APT/USDT","trades":0,"profit_mean":0.0,"profit_mean_pct":0.0,"profit_total_abs":0.0,"profit_total":0.0,"profit_total_pct":0.0,"duration_avg":"0:00","wins":0,"draws":0,"losses":0,"winrate":0.0,"cagr":0.0,"expectancy":0.0,"expectancy_ratio":100.0,"sortino":0,"sharpe":0,"calmar":0,"sqn":0.0,"profit_factor":0.0,"max_drawdown_account":0.0,"max_drawdown_abs":0.0},{"key":"OP/USDT","trades":0,"profit_mean":0.0,"profit_mean_pct":0.0,"profit_total_abs":0.0,"profit_total":0.0,"profit_total_pct":0.0,"duration_avg":"0:00","wins":0,"draws":0,"losses":0,"winrate":0.0,"cagr":0.0,"expectancy":0.0,"expectancy_ratio":100.0,"sortino":0,"sharpe":0,"calmar":0,"sqn":0.0,"profit_factor":0.0,"max_drawdown_account":0.0,"max_drawdown_abs":0.0},{"key":"ICP/USDT","trades":0,"profit_mean":0.0,"profit_mean_pct":0.0,"profit_total_abs":0.0,"profit_total":0.0,"profit_total_pct":0.0,"duration_avg":"0:00","wins":0,"draws":0,"losses":0,"winrate":0.0,"cagr":0.0,"expectancy":0.0,"expectancy_ratio":100.0,"sortino":0,"sharpe":0,"calmar":0,"sqn":0.0,"profit_factor":0.0,"max_drawdown_account":0.0,"max_drawdown_abs":0.0},{"key":"ALGO/USDT","trades":0,"profit_mean":0.0,"profit_mean_pct":0.0,"profit_total_abs":0.0,"profit_total":0.0,"profit_total_pct":0.0,"duration_avg":"0:00","wins":0,"draws":0,"losses":0,"winrate":0.0,"cagr":0.0,"expectancy":0.0,"expectancy_ratio":100.0,"sortino":0,"sharpe":0,"calmar":0,"sqn":0.0,"profit_factor":0.0,"max_drawdown_account":0.0,"max_drawdown_abs":0.0},{"key":"AAVE/USDT","trades":0,"profit_mean":0.0,"profit_mean_pct":0.0,"profit_total_abs":0.0,"profit_total":0.0,"profit_total_pct":0.0,"duration_avg":"0:00","wins":0,"draws":0,"losses":0,"winrate":0.0,"cagr":0.0,"expectancy":0.0,"expectancy_ratio":100.0,"sortino":0,"sharpe":0,"calmar":0,"sqn":0.0,"profit_factor":0.0,"max_drawdown_account":0.0,"max_drawdown_abs":0.0},{"key":"MANA/USDT","trades":0,"profit_mean":0.0,"profit_mean_pct":0.0,"profit_total_abs":0.0,"profit_total":0.0,"profit_total_pct":0.0,"duration_avg":"0:00","wins":0,"draws":0,"losses":0,"winrate":0.0,"cagr":0.0,"expectancy":0.0,"expectancy_ratio":100.0,"sortino":0,"sharpe":0,"calmar":0,"sqn":0.0,"profit_factor":0.0,"max_drawdown_account":0.0,"max_drawdown_abs":0.0},{"key":"EGLD/USDT","trades":0,"profit_mean":0.0,"profit_mean_pct":0.0,"profit_total_abs":0.0,"profit_total":0.0,"profit_total_pct":0.0,"duration_avg":"0:00","wins":0,"draws":0,"losses":0,"winrate":0.0,"cagr":0.0,"expectancy":0.0,"expectancy_ratio":100.0,"sortino":0,"sharpe":0,"calmar":0,"sqn":0.0,"profit_factor":0.0,"max_drawdown_account":0.0,"max_drawdown_abs":0.0},{"key":"RUNE/USDT","trades":0,"profit_mean":0.0,"profit_mean_pct":0.0,"profit_total_abs":0.0,"profit_total":0.0,"profit_total_pct":0.0,"duration_avg":"0:00","wins":0,"draws":0,"losses":0,"winrate":0.0,"cagr":0.0,"expectancy":0.0,"expectancy_ratio":100.0,"sortino":0,"sharpe":0,"calmar":0,"sqn":0.0,"profit_factor":0.0,"max_drawdown_account":0.0,"max_drawdown_abs":0.0},{"key":"INJ/USDT","trades":0,"profit_mean":0.0,"profit_mean_pct":0.0,"profit_total_abs":0.0,"profit_total":0.0,"profit_total_pct":0.0,"duration_avg":"0:00","wins":0,"draws":0,"losses":0,"winrate":0.0,"cagr":0.0,"expectancy":0.0,"expectancy_ratio":100.0,"sortino":0,"sharpe":0,"calmar":0,"sqn":0.0,"profit_factor":0.0,"max_drawdown_account":0.0,"max_drawdown_abs":0.0},{"key":"GALA/USDT","trades":0,"profit_mean":0.0,"profit_mean_pct":0.0,"profit_total_abs":0.0,"profit_total":0.0,"profit_total_pct":0.0,"duration_avg":"0:00","wins":0,"draws":0,"losses":0,"winrate":0.0,"cagr":0.0,"expectancy":0.0,"expectancy_ratio":100.0,"sortino":0,"sharpe":0,"calmar":0,"sqn":0.0,"profit_factor":0.0,"max_drawdown_account":0.0,"max_drawdown_abs":0.0},{"key":"VET/USDT","trades":0,"profit_mean":0.0,"profit_mean_pct":0.0,"profit_total_abs":0.0,"profit_total":0.0,"profit_total_pct":0.0,"duration_avg":"0:00","wins":0,"draws":0,"losses":0,"winrate":0.0,"cagr":0.0,"expectancy":0.0,"expectancy_ratio":100.0,"sortino":0,"sharpe":0,"calmar":0,"sqn":0.0,"profit_factor":0.0,"max_drawdown_account":0.0,"max_drawdown_abs":0.0},{"key":"DOGE/USDT","trades":1,"profit_mean":-0.023367095737362217,"profit_mean_pct":-2.34,"profit_total_abs":-0.09506118,"profit_total":-0.0019012235999999998,"profit_total_pct":-0.19,"duration_avg":"20:30:00","wins":0,"draws":0,"losses":1,"winrate":0.0,"cagr":-0.0029142626010657535,"expectancy":-0.09506118,"expectancy_ratio":-1.0,"sortino":-100,"sharpe":-100,"calmar":-8.027299653169086,"sqn":-100.0,"profit_factor":0.0,"max_drawdown_account":0.0019012236000000371,"max_drawdown_abs":0.09506118},{"key":"FIL/USDT","trades":2,"profit_mean":0.02575947105180565,"profit_mean_pct":2.58,"profit_total_abs":-0.49655380000000005,"profit_total":-0.009931076,"profit_total_pct":-0.99,"duration_avg":"117 days, 6:00:00","wins":1,"draws":0,"losses":1,"winrate":0.5,"cagr":-0.015190013409899783,"expectancy":-0.24827690000000002,"expectancy_ratio":-0.08748339052758847,"sortino":-100,"sharpe":-0.015391618807819868,"calmar":-1.404510780880359,"sqn":-0.0959,"profit_factor":0.8250332189448232,"max_drawdown_account":0.05675978000000001,"max_drawdown_abs":2.837989},{"key":"HBAR/USDT","trades":1,"profit_mean":-0.2300908999070388,"profit_mean_pct":-23.01,"profit_total_abs":-1.3529055,"profit_total":-0.027058110000000003,"profit_total_pct":-2.71,"duration_avg":"29 days, 3:30:00","wins":0,"draws":0,"losses":1,"winrate":0.0,"cagr":-0.04119583206498434,"expectancy":-1.3529055,"expectancy_ratio":-1.0,"sortino":-100,"sharpe":-100,"calmar":-8.027299653169253,"sqn":-100.0,"profit_factor":0.0,"max_drawdown_account":0.027058109999999972,"max_drawdown_abs":1.3529055},{"key":"UNI/USDT","trades":2,"profit_mean":-0.2081920659522518,"profit_mean_pct":-20.82,"profit_total_abs":-3.26453929,"profit_total":-0.0652907858,"profit_total_pct":-6.53,"duration_avg":"117 days, 7:52:00","wins":0,"draws":0,"losses":2,"winrate":0.0,"cagr":-0.09836840305120342,"expectancy":-1.632269645,"expectancy_ratio":-1.0,"sortino":-0.2167004175267213,"sharpe":-0.2167004175267213,"calmar":-8.027299653169239,"sqn":-1.3498,"profit_factor":0.0,"max_drawdown_account":0.06529078580000004,"max_drawdown_abs":3.26453929},{"key":"XRP/USDT","trades":2,"profit_mean":-0.2524763780471809,"profit_mean_pct":-25.25,"profit_total_abs":-3.75787548,"profit_total":-0.0751575096,"profit_total_pct":-7.52,"duration_avg":"117 days, 19:38:00","wins":0,"draws":0,"losses":2,"winrate":0.0,"cagr":-0.11292348272847452,"expectancy":-1.87893774,"expectancy_ratio":-1.0,"sortino":-0.3211306563928295,"sharpe":-0.3211306563928295,"calmar":-8.027299653169239,"sqn":-2.0002,"profit_factor":0.0,"max_drawdown_account":0.07515750960000006,"max_drawdown_abs":3.75787548},{"key":"SAND/USDT","trades":2,"profit_mean":-0.28053160148783196,"profit_mean_pct":-28.05,"profit_total_abs":-4.1075759000000005,"profit_total":-0.082151518,"profit_total_pct":-8.22,"duration_avg":"117 days, 8:00:00","wins":0,"draws":0,"losses":2,"winrate":0.0,"cagr":-0.12319080447712005,"expectancy":-2.0537879500000003,"expectancy_ratio":-1.0,"sortino":-0.4185046234115818,"sharpe":-0.4185046234115818,"calmar":-8.027299653169244,"sqn":-2.6068,"profit_factor":0.0,"max_drawdown_account":0.082151518,"max_drawdown_abs":4.1075759000000005},{"key":"ARB/USDT","trades":2,"profit_mean":-0.34463075072030214,"profit_mean_pct":-34.46,"profit_total_abs":-4.87601644,"profit_total":-0.0975203288,"profit_total_pct":-9.75,"duration_avg":"116 days, 9:00:00","wins":0,"draws":0,"losses":2,"winrate":0.0,"cagr":-0.14560590054757594,"expectancy":-2.43800822,"expectancy_ratio":-1.0,"sortino":-0.9668205612345628,"sharpe":-0.9668205612345628,"calmar":-8.027299653169242,"sqn":-6.0221,"profit_factor":0.0,"max_drawdown_account":0.09752032880000001,"max_drawdown_abs":4.87601644},{"key":"TOTAL","trades":12,"profit_mean":-0.1978000538296603,"profit_mean_pct":-19.78,"profit_total_abs":-17.950527589999997,"profit_total":-0.3590105517999999,"profit_total_pct":-35.9,"duration_avg":"100 days, 4:25:00","wins":1,"draws":0,"losses":11,"winrate":0.08333333333333333,"cagr":-0.4944269527189342,"expectancy":-1.4958772991666662,"expectancy_ratio":-0.810894956841843,"sortino":-1.4134164332356813,"sharpe":-0.951920781282371,"calmar":-8.027299653169239,"sqn":-3.2775,"profit_factor":0.1153873198088986,"max_drawdown_account":0.35901055180000013,"max_drawdown_abs":17.950527590000004}],"results_per_enter_tag":[{"key":"","trades":12,"profit_mean":-0.1978000538296603,"profit_mean_pct":-19.78,"profit_total_abs":-17.950527589999997,"profit_total":-0.3590105517999999,"profit_total_pct":-35.9,"duration_avg":"100 days, 4:25:00","wins":1,"draws":0,"losses":11,"winrate":0.08333333333333333,"cagr":-0.4944269527189342,"expectancy":-1.4958772991666662,"expectancy_ratio":-0.810894956841843,"sortino":-1.4134164332356813,"sharpe":-0.951920781282371,"calmar":-8.027299653169239,"sqn":-3.2775,"profit_factor":0.1153873198088986,"max_drawdown_account":0.35901055180000013,"max_drawdown_abs":17.950527590000004},{"key":"TOTAL","trades":12,"profit_mean":-0.1978000538296603,"profit_mean_pct":-19.78,"profit_total_abs":-17.950527589999997,"profit_total":-0.3590105517999999,"profit_total_pct":-35.9,"duration_avg":"100 days, 4:25:00","wins":1,"draws":0,"losses":11,"winrate":0.08333333333333333,"cagr":-0.4944269527189342,"expectancy":-1.4958772991666662,"expectancy_ratio":-0.810894956841843,"sortino":-1.4134164332356813,"sharpe":-0.951920781282371,"calmar":-8.027299653169239,"sqn":-3.2775,"profit_factor":0.1153873198088986,"max_drawdown_account":0.35901055180000013,"max_drawdown_abs":17.950527590000004}],"exit_reason_summary":[{"key":"force_exit","trades":6,"profit_mean":-0.05099766351240708,"profit_mean_pct":-5.1,"profit_total_abs":-1.7350073800000003,"profit_total":-0.03470014760000001,"profit_total_pct":-3.47,"duration_avg":"80 days, 21:20:00","wins":1,"draws":0,"losses":5,"winrate":0.16666666666666666,"cagr":-0.05272122887549491,"expectancy":-0.2891678966666668,"expectancy_ratio":-0.35468167524963246,"sortino":-0.28666918974402,"sharpe":-0.1107756876676001,"calmar":-3.9583801286929305,"sqn":-0.5143,"profit_factor":0.5743819897004412,"max_drawdown_account":0.0703693111167621,"max_drawdown_abs":3.65346618},{"key":"stop_loss","trades":6,"profit_mean":-0.3446024441469135,"profit_mean_pct":-34.46,"profit_total_abs":-16.21552021,"profit_total":-0.3243104042,"profit_total_pct":-32.43,"duration_avg":"119 days, 11:30:00","wins":0,"draws":0,"losses":6,"winrate":0.0,"cagr":-0.4518517076262081,"expectancy":-2.7025867016666667,"expectancy_ratio":-1.0,"sortino":-4.346226565807684,"sharpe":-4.346226565807684,"calmar":-8.027299653169244,"sqn":-20.1779,"profit_factor":0.0,"max_drawdown_account":0.3243104042,"max_drawdown_abs":16.21552021},{"key":"TOTAL","trades":12,"profit_mean":-0.1978000538296603,"profit_mean_pct":-19.78,"profit_total_abs":-17.950527589999997,"profit_total":-0.3590105517999999,"profit_total_pct":-35.9,"duration_avg":"100 days, 4:25:00","wins":1,"draws":0,"losses":11,"winrate":0.08333333333333333,"cagr":-0.4944269527189342,"expectancy":-1.4958772991666662,"expectancy_ratio":-0.810894956841843,"sortino":-1.4134164332356813,"sharpe":-0.951920781282371,"calmar":-8.027299653169239,"sqn":-3.2775,"profit_factor":0.1153873198088986,"max_drawdown_account":0.35901055180000013,"max_drawdown_abs":17.950527590000004}],"mix_tag_stats":[{"key":["","force_exit"],"trades":6,"profit_mean":-0.05099766351240708,"profit_mean_pct":-5.1,"profit_total_abs":-1.7350073800000003,"profit_total":-0.03470014760000001,"profit_total_pct":-3.47,"duration_avg":"80 days, 21:20:00","wins":1,"draws":0,"losses":5,"winrate":0.16666666666666666,"cagr":-0.05272122887549491,"expectancy":-0.2891678966666668,"expectancy_ratio":-0.35468167524963246,"sortino":-0.28666918974402,"sharpe":-0.1107756876676001,"calmar":-3.9583801286929305,"sqn":-0.5143,"profit_factor":0.5743819897004412,"max_drawdown_account":0.0703693111167621,"max_drawdown_abs":3.65346618},{"key":["","stop_loss"],"trades":6,"profit_mean":-0.3446024441469135,"profit_mean_pct":-34.46,"profit_total_abs":-16.21552021,"profit_total":-0.3243104042,"profit_total_pct":-32.43,"duration_avg":"119 days, 11:30:00","wins":0,"draws":0,"losses":6,"winrate":0.0,"cagr":-0.4518517076262081,"expectancy":-2.7025867016666667,"expectancy_ratio":-1.0,"sortino":-4.346226565807684,"sharpe":-4.346226565807684,"calmar":-8.027299653169244,"sqn":-20.1779,"profit_factor":0.0,"max_drawdown_account":0.3243104042,"max_drawdown_abs":16.21552021},{"key":"TOTAL","trades":12,"profit_mean":-0.1978000538296603,"profit_mean_pct":-19.78,"profit_total_abs":-17.950527589999997,"profit_total":-0.3590105517999999,"profit_total_pct":-35.9,"duration_avg":"100 days, 4:25:00","wins":1,"draws":0,"losses":11,"winrate":0.08333333333333333,"cagr":-0.4944269527189342,"expectancy":-1.4958772991666662,"expectancy_ratio":-0.810894956841843,"sortino":-1.4134164332356813,"sharpe":-0.951920781282371,"calmar":-8.027299653169239,"sqn":-3.2775,"profit_factor":0.1153873198088986,"max_drawdown_account":0.35901055180000013,"max_drawdown_abs":17.950527590000004}],"left_open_trades":[{"key":"FIL/USDT","trades":1,"profit_mean":0.3961481055272336,"profit_mean_pct":39.61,"profit_total_abs":2.3414352,"profit_total":0.046828704,"profit_total_pct":4.68,"duration_avg":"113 days, 13:15:00","wins":1,"draws":0,"losses":0,"winrate":1.0,"cagr":0.07270800581217984,"expectancy":2.3414352,"expectancy_ratio":100.0,"sortino":-100,"sharpe":-100,"calmar":-100,"sqn":-100.0,"profit_factor":0.0,"max_drawdown_account":0.0,"max_drawdown_abs":0.0},{"key":"DOGE/USDT","trades":1,"profit_mean":-0.023367095737362217,"profit_mean_pct":-2.34,"profit_total_abs":-0.09506118,"profit_total":-0.0019012235999999998,"profit_total_pct":-0.19,"duration_avg":"20:30:00","wins":0,"draws":0,"losses":1,"winrate":0.0,"cagr":-0.0029142626010657535,"expectancy":-0.09506118,"expectancy_ratio":-1.0,"sortino":-100,"sharpe":-100,"calmar":-8.027299653169086,"sqn":-100.0,"profit_factor":0.0,"max_drawdown_account":0.0019012236000000371,"max_drawdown_abs":0.09506118},{"key":"UNI/USDT","trades":1,"profit_mean":-0.07169220328365221,"profit_mean_pct":-7.17,"profit_total_abs":-0.4229764,"profit_total":-0.008459528,"profit_total_pct":-0.85,"duration_avg":"113 days, 13:15:00","wins":0,"draws":0,"losses":1,"winrate":0.0,"cagr":-0.012944324968778842,"expectancy":-0.4229764,"expectancy_ratio":-1.0,"sortino":-100,"sharpe":-100,"calmar":-8.027299653169182,"sqn":-100.0,"profit_factor":0.0,"max_drawdown_account":0.008459528000000063,"max_drawdown_abs":0.4229764},{"key":"XRP/USDT","trades":1,"profit_mean":-0.16030388302137458,"profit_mean_pct":-16.03,"profit_total_abs":-0.939582,"profit_total":-0.018791640000000002,"profit_total_pct":-1.88,"duration_avg":"114 days, 16:15:00","wins":0,"draws":0,"losses":1,"winrate":0.0,"cagr":-0.028674195299078442,"expectancy":-0.939582,"expectancy_ratio":-1.0,"sortino":-100,"sharpe":-100,"calmar":-8.02729965316923,"sqn":-100.0,"profit_factor":0.0,"max_drawdown_account":0.01879164000000003,"max_drawdown_abs":0.939582},{"key":"SAND/USDT","trades":1,"profit_mean":-0.2166800046522483,"profit_mean_pct":-21.67,"profit_total_abs":-1.2659175,"profit_total":-0.02531835,"profit_total_pct":-2.53,"duration_avg":"113 days, 13:15:00","wins":0,"draws":0,"losses":1,"winrate":0.0,"cagr":-0.03856522882996383,"expectancy":-1.2659175,"expectancy_ratio":-1.0,"sortino":-100,"sharpe":-100,"calmar":-8.02729965316924,"sqn":-100.0,"profit_factor":0.0,"max_drawdown_account":0.02531835000000001,"max_drawdown_abs":1.2659175},{"key":"HBAR/USDT","trades":1,"profit_mean":-0.2300908999070388,"profit_mean_pct":-23.01,"profit_total_abs":-1.3529055,"profit_total":-0.027058110000000003,"profit_total_pct":-2.71,"duration_avg":"29 days, 3:30:00","wins":0,"draws":0,"losses":1,"winrate":0.0,"cagr":-0.04119583206498434,"expectancy":-1.3529055,"expectancy_ratio":-1.0,"sortino":-100,"sharpe":-100,"calmar":-8.027299653169253,"sqn":-100.0,"profit_factor":0.0,"max_drawdown_account":0.027058109999999972,"max_drawdown_abs":1.3529055},{"key":"TOTAL","trades":6,"profit_mean":-0.05099766351240708,"profit_mean_pct":-5.1,"profit_total_abs":-1.7350073800000003,"profit_total":-0.03470014760000001,"profit_total_pct":-3.47,"duration_avg":"80 days, 21:20:00","wins":1,"draws":0,"losses":5,"winrate":0.16666666666666666,"cagr":-0.05272122887549491,"expectancy":-0.2891678966666668,"expectancy_ratio":-0.35468167524963246,"sortino":-0.28666918974402,"sharpe":-0.1107756876676001,"calmar":-3.9583801286929305,"sqn":-0.5143,"profit_factor":0.5743819897004412,"max_drawdown_account":0.0703693111167621,"max_drawdown_abs":3.65346618}],"total_trades":12,"trade_count_long":12,"trade_count_short":0,"total_volume":143.2109281350748,"avg_stake_amount":6.7031383333333325,"profit_mean":-0.1978000538296603,"profit_median":-0.28723704911522724,"profit_total":-0.3590105517999999,"profit_total_long":-0.3590105517999999,"profit_total_short":0.0,"profit_total_abs":-17.950527589999997,"profit_total_long_abs":-17.950527589999997,"profit_total_short_abs":0.0,"cagr":-0.49442695271893444,"expectancy":-1.4958772991666662,"expectancy_ratio":-0.810894956841843,"sortino":-1.4134164332356813,"sharpe":-0.951920781282371,"calmar":-8.027299653169239,"sqn":-3.2775,"profit_factor":0.1153873198088986,"backtest_start":"2025-06-09 00:00:00","backtest_start_ts":1749427200000,"backtest_end":"2026-02-02 14:00:00","backtest_end_ts":1770040800000,"backtest_days":238,"backtest_run_start_ts":1770181218,"backtest_run_end_ts":1770181227,"trades_per_day":0.05,"market_change":-0.2248589141533941,"pairlist":["BTC/USDT","ETH/USDT","BNB/USDT","SOL/USDT","ADA/USDT","XRP/USDT","DOT/USDT","DOGE/USDT","AVAX/USDT","LINK/USDT","LTC/USDT","TRX/USDT","UNI/USDT","ATOM/USDT","XLM/USDT","ETC/USDT","BCH/USDT","NEAR/USDT","FIL/USDT","APT/USDT","ARB/USDT","OP/USDT","ICP/USDT","ALGO/USDT","AAVE/USDT","SAND/USDT","MANA/USDT","EGLD/USDT","RUNE/USDT","INJ/USDT","GALA/USDT","HBAR/USDT","VET/USDT"],"stake_amount":"unlimited","stake_currency":"USDT","stake_currency_decimals":3,"starting_balance":50,"dry_run_wallet":50,"final_balance":32.04947241,"rejected_signals":5794,"timedout_entry_orders":0,"timedout_exit_orders":0,"canceled_trade_entries":0,"canceled_entry_orders":0,"replaced_entry_orders":0,"max_open_trades":6,"max_open_trades_setting":6,"timeframe":"15m","timeframe_detail":"","timerange":"20250609-20260204","enable_protections":false,"strategy_name":"SwingHighToSky","freqaimodel":"XGBoostRegressor","freqai_identifier":"qs_v9_scalp_5m1h_l2","stoploss":-0.34338,"trailing_stop":false,"trailing_stop_positive":0.01,"trailing_stop_positive_offset":0.02,"trailing_only_offset_is_reached":false,"use_custom_stoploss":false,"minimal_roi":{},"use_exit_signal":true,"exit_profit_only":false,"exit_profit_offset":0.0,"ignore_roi_if_entry_signal":false,"trading_mode":"spot","margin_mode":"","periodic_breakdown":{"day":[{"date":"10/10/2025","date_ts":1760054400000,"profit_abs":-14.18235697,"wins":0,"draws":0,"losses":5,"trades":5,"profit_factor":0.0},{"date":"11/10/2025","date_ts":1760140800000,"profit_abs":0.0,"wins":0,"draws":0,"losses":0,"trades":0,"profit_factor":0.0},{"date":"12/10/2025","date_ts":1760227200000,"profit_abs":0.0,"wins":0,"draws":0,"losses":0,"trades":0,"profit_factor":0.0},{"date":"13/10/2025","date_ts":1760313600000,"profit_abs":0.0,"wins":0,"draws":0,"losses":0,"trades":0,"profit_factor":0.0},{"date":"14/10/2025","date_ts":1760400000000,"profit_abs":0.0,"wins":0,"draws":0,"losses":0,"trades":0,"profit_factor":0.0},{"date":"15/10/2025","date_ts":1760486400000,"profit_abs":0.0,"wins":0,"draws":0,"losses":0,"trades":0,"profit_factor":0.0},{"date":"16/10/2025","date_ts":1760572800000,"profit_abs":0.0,"wins":0,"draws":0,"losses":0,"trades":0,"profit_factor":0.0},{"date":"17/10/2025","date_ts":1760659200000,"profit_abs":0.0,"wins":0,"draws":0,"losses":0,"trades":0,"profit_factor":0.0},{"date":"18/10/2025","date_ts":1760745600000,"profit_abs":0.0,"wins":0,"draws":0,"losses":0,"trades":0,"profit_factor":0.0},{"date":"19/10/2025","date_ts":1760832000000,"profit_abs":0.0,"wins":0,"draws":0,"losses":0,"trades":0,"profit_factor":0.0},{"date":"20/10/2025","date_ts":1760918400000,"profit_abs":0.0,"wins":0,"draws":0,"losses":0,"trades":0,"profit_factor":0.0},{"date":"21/10/2025","date_ts":1761004800000,"profit_abs":0.0,"wins":0,"draws":0,"losses":0,"trades":0,"profit_factor":0.0},{"date":"22/10/2025","date_ts":1761091200000,"profit_abs":0.0,"wins":0,"draws":0,"losses":0,"trades":0,"profit_factor":0.0},{"date":"23/10/2025","date_ts":1761177600000,"profit_abs":0.0,"wins":0,"draws":0,"losses":0,"trades":0,"profit_factor":0.0},{"date":"24/10/2025","date_ts":1761264000000,"profit_abs":0.0,"wins":0,"draws":0,"losses":0,"trades":0,"profit_factor":0.0},{"date":"25/10/2025","date_ts":1761350400000,"profit_abs":0.0,"wins":0,"draws":0,"losses":0,"trades":0,"profit_factor":0.0},{"date":"26/10/2025","date_ts":1761436800000,"profit_abs":0.0,"wins":0,"draws":0,"losses":0,"trades":0,"profit_factor":0.0},{"date":"27/10/2025","date_ts":1761523200000,"profit_abs":0.0,"wins":0,"draws":0,"losses":0,"trades":0,"profit_factor":0.0},{"date":"28/10/2025","date_ts":1761609600000,"profit_abs":0.0,"wins":0,"draws":0,"losses":0,"trades":0,"profit_factor":0.0},{"date":"29/10/2025","date_ts":1761696000000,"profit_abs":0.0,"wins":0,"draws":0,"losses":0,"trades":0,"profit_factor":0.0},{"date":"30/10/2025","date_ts":1761782400000,"profit_abs":0.0,"wins":0,"draws":0,"losses":0,"trades":0,"profit_factor":0.0},{"date":"31/10/2025","date_ts":1761868800000,"profit_abs":0.0,"wins":0,"draws":0,"losses":0,"trades":0,"profit_factor":0.0},{"date":"01/11/2025","date_ts":1761955200000,"profit_abs":0.0,"wins":0,"draws":0,"losses":0,"trades":0,"profit_factor":0.0},{"date":"02/11/2025","date_ts":1762041600000,"profit_abs":0.0,"wins":0,"draws":0,"losses":0,"trades":0,"profit_factor":0.0},{"date":"03/11/2025","date_ts":1762128000000,"profit_abs":0.0,"wins":0,"draws":0,"losses":0,"trades":0,"profit_factor":0.0},{"date":"04/11/2025","date_ts":1762214400000,"profit_abs":0.0,"wins":0,"draws":0,"losses":0,"trades":0,"profit_factor":0.0},{"date":"05/11/2025","date_ts":1762300800000,"profit_abs":0.0,"wins":0,"draws":0,"losses":0,"trades":0,"profit_factor":0.0},{"date":"06/11/2025","date_ts":1762387200000,"profit_abs":0.0,"wins":0,"draws":0,"losses":0,"trades":0,"profit_factor":0.0},{"date":"07/11/2025","date_ts":1762473600000,"profit_abs":0.0,"wins":0,"draws":0,"losses":0,"trades":0,"profit_factor":0.0},{"date":"08/11/2025","date_ts":1762560000000,"profit_abs":0.0,"wins":0,"draws":0,"losses":0,"trades":0,"profit_factor":0.0},{"date":"09/11/2025","date_ts":1762646400000,"profit_abs":0.0,"wins":0,"draws":0,"losses":0,"trades":0,"profit_factor":0.0},{"date":"10/11/2025","date_ts":1762732800000,"profit_abs":0.0,"wins":0,"draws":0,"losses":0,"trades":0,"profit_factor":0.0},{"date":"11/11/2025","date_ts":1762819200000,"profit_abs":0.0,"wins":0,"draws":0,"losses":0,"trades":0,"profit_factor":0.0},{"date":"12/11/2025","date_ts":1762905600000,"profit_abs":0.0,"wins":0,"draws":0,"losses":0,"trades":0,"profit_factor":0.0},{"date":"13/11/2025","date_ts":1762992000000,"profit_abs":0.0,"wins":0,"draws":0,"losses":0,"trades":0,"profit_factor":0.0},{"date":"14/11/2025","date_ts":1763078400000,"profit_abs":0.0,"wins":0,"draws":0,"losses":0,"trades":0,"profit_factor":0.0},{"date":"15/11/2025","date_ts":1763164800000,"profit_abs":0.0,"wins":0,"draws":0,"losses":0,"trades":0,"profit_factor":0.0},{"date":"16/11/2025","date_ts":1763251200000,"profit_abs":0.0,"wins":0,"draws":0,"losses":0,"trades":0,"profit_factor":0.0},{"date":"17/11/2025","date_ts":1763337600000,"profit_abs":0.0,"wins":0,"draws":0,"losses":0,"trades":0,"profit_factor":0.0},{"date":"18/11/2025","date_ts":1763424000000,"profit_abs":0.0,"wins":0,"draws":0,"losses":0,"trades":0,"profit_factor":0.0},{"date":"19/11/2025","date_ts":1763510400000,"profit_abs":0.0,"wins":0,"draws":0,"losses":0,"trades":0,"profit_factor":0.0},{"date":"20/11/2025","date_ts":1763596800000,"profit_abs":0.0,"wins":0,"draws":0,"losses":0,"trades":0,"profit_factor":0.0},{"date":"21/11/2025","date_ts":1763683200000,"profit_abs":0.0,"wins":0,"draws":0,"losses":0,"trades":0,"profit_factor":0.0},{"date":"22/11/2025","date_ts":1763769600000,"profit_abs":0.0,"wins":0,"draws":0,"losses":0,"trades":0,"profit_factor":0.0},{"date":"23/11/2025","date_ts":1763856000000,"profit_abs":0.0,"wins":0,"draws":0,"losses":0,"trades":0,"profit_factor":0.0},{"date":"24/11/2025","date_ts":1763942400000,"profit_abs":0.0,"wins":0,"draws":0,"losses":0,"trades":0,"profit_factor":0.0},{"date":"25/11/2025","date_ts":1764028800000,"profit_abs":0.0,"wins":0,"draws":0,"losses":0,"trades":0,"profit_factor":0.0},{"date":"26/11/2025","date_ts":1764115200000,"profit_abs":0.0,"wins":0,"draws":0,"losses":0,"trades":0,"profit_factor":0.0},{"date":"27/11/2025","date_ts":1764201600000,"profit_abs":0.0,"wins":0,"draws":0,"losses":0,"trades":0,"profit_factor":0.0},{"date":"28/11/2025","date_ts":1764288000000,"profit_abs":0.0,"wins":0,"draws":0,"losses":0,"trades":0,"profit_factor":0.0},{"date":"29/11/2025","date_ts":1764374400000,"profit_abs":0.0,"wins":0,"draws":0,"losses":0,"trades":0,"profit_factor":0.0},{"date":"30/11/2025","date_ts":1764460800000,"profit_abs":0.0,"wins":0,"draws":0,"losses":0,"trades":0,"profit_factor":0.0},{"date":"01/12/2025","date_ts":1764547200000,"profit_abs":0.0,"wins":0,"draws":0,"losses":0,"trades":0,"profit_factor":0.0},{"date":"02/12/2025","date_ts":1764633600000,"profit_abs":0.0,"wins":0,"draws":0,"losses":0,"trades":0,"profit_factor":0.0},{"date":"03/12/2025","date_ts":1764720000000,"profit_abs":0.0,"wins":0,"draws":0,"losses":0,"trades":0,"profit_factor":0.0},{"date":"04/12/2025","date_ts":1764806400000,"profit_abs":0.0,"wins":0,"draws":0,"losses":0,"trades":0,"profit_factor":0.0},{"date":"05/12/2025","date_ts":1764892800000,"profit_abs":0.0,"wins":0,"draws":0,"losses":0,"trades":0,"profit_factor":0.0},{"date":"06/12/2025","date_ts":1764979200000,"profit_abs":0.0,"wins":0,"draws":0,"losses":0,"trades":0,"profit_factor":0.0},{"date":"07/12/2025","date_ts":1765065600000,"profit_abs":0.0,"wins":0,"draws":0,"losses":0,"trades":0,"profit_factor":0.0},{"date":"08/12/2025","date_ts":1765152000000,"profit_abs":0.0,"wins":0,"draws":0,"losses":0,"trades":0,"profit_factor":0.0},{"date":"09/12/2025","date_ts":1765238400000,"profit_abs":0.0,"wins":0,"draws":0,"losses":0,"trades":0,"profit_factor":0.0},{"date":"10/12/2025","date_ts":1765324800000,"profit_abs":0.0,"wins":0,"draws":0,"losses":0,"trades":0,"profit_factor":0.0},{"date":"11/12/2025","date_ts":1765411200000,"profit_abs":0.0,"wins":0,"draws":0,"losses":0,"trades":0,"profit_factor":0.0},{"date":"12/12/2025","date_ts":1765497600000,"profit_abs":0.0,"wins":0,"draws":0,"losses":0,"trades":0,"profit_factor":0.0},{"date":"13/12/2025","date_ts":1765584000000,"profit_abs":0.0,"wins":0,"draws":0,"losses":0,"trades":0,"profit_factor":0.0},{"date":"14/12/2025","date_ts":1765670400000,"profit_abs":0.0,"wins":0,"draws":0,"losses":0,"trades":0,"profit_factor":0.0},{"date":"15/12/2025","date_ts":1765756800000,"profit_abs":0.0,"wins":0,"draws":0,"losses":0,"trades":0,"profit_factor":0.0},{"date":"16/12/2025","date_ts":1765843200000,"profit_abs":0.0,"wins":0,"draws":0,"losses":0,"trades":0,"profit_factor":0.0},{"date":"17/12/2025","date_ts":1765929600000,"profit_abs":0.0,"wins":0,"draws":0,"losses":0,"trades":0,"profit_factor":0.0},{"date":"18/12/2025","date_ts":1766016000000,"profit_abs":0.0,"wins":0,"draws":0,"losses":0,"trades":0,"profit_factor":0.0},{"date":"19/12/2025","date_ts":1766102400000,"profit_abs":0.0,"wins":0,"draws":0,"losses":0,"trades":0,"profit_factor":0.0},{"date":"20/12/2025","date_ts":1766188800000,"profit_abs":0.0,"wins":0,"draws":0,"losses":0,"trades":0,"profit_factor":0.0},{"date":"21/12/2025","date_ts":1766275200000,"profit_abs":0.0,"wins":0,"draws":0,"losses":0,"trades":0,"profit_factor":0.0},{"date":"22/12/2025","date_ts":1766361600000,"profit_abs":0.0,"wins":0,"draws":0,"losses":0,"trades":0,"profit_factor":0.0},{"date":"23/12/2025","date_ts":1766448000000,"profit_abs":0.0,"wins":0,"draws":0,"losses":0,"trades":0,"profit_factor":0.0},{"date":"24/12/2025","date_ts":1766534400000,"profit_abs":0.0,"wins":0,"draws":0,"losses":0,"trades":0,"profit_factor":0.0},{"date":"25/12/2025","date_ts":1766620800000,"profit_abs":0.0,"wins":0,"draws":0,"losses":0,"trades":0,"profit_factor":0.0},{"date":"26/12/2025","date_ts":1766707200000,"profit_abs":0.0,"wins":0,"draws":0,"losses":0,"trades":0,"profit_factor":0.0},{"date":"27/12/2025","date_ts":1766793600000,"profit_abs":0.0,"wins":0,"draws":0,"losses":0,"trades":0,"profit_factor":0.0},{"date":"28/12/2025","date_ts":1766880000000,"profit_abs":0.0,"wins":0,"draws":0,"losses":0,"trades":0,"profit_factor":0.0},{"date":"29/12/2025","date_ts":1766966400000,"profit_abs":0.0,"wins":0,"draws":0,"losses":0,"trades":0,"profit_factor":0.0},{"date":"30/12/2025","date_ts":1767052800000,"profit_abs":0.0,"wins":0,"draws":0,"losses":0,"trades":0,"profit_factor":0.0},{"date":"31/12/2025","date_ts":1767139200000,"profit_abs":0.0,"wins":0,"draws":0,"losses":0,"trades":0,"profit_factor":0.0},{"date":"01/01/2026","date_ts":1767225600000,"profit_abs":0.0,"wins":0,"draws":0,"losses":0,"trades":0,"profit_factor":0.0},{"date":"02/01/2026","date_ts":1767312000000,"profit_abs":0.0,"wins":0,"draws":0,"losses":0,"trades":0,"profit_factor":0.0},{"date":"03/01/2026","date_ts":1767398400000,"profit_abs":0.0,"wins":0,"draws":0,"losses":0,"trades":0,"profit_factor":0.0},{"date":"04/01/2026","date_ts":1767484800000,"profit_abs":0.0,"wins":0,"draws":0,"losses":0,"trades":0,"profit_factor":0.0},{"date":"05/01/2026","date_ts":1767571200000,"profit_abs":0.0,"wins":0,"draws":0,"losses":0,"trades":0,"profit_factor":0.0},{"date":"06/01/2026","date_ts":1767657600000,"profit_abs":0.0,"wins":0,"draws":0,"losses":0,"trades":0,"profit_factor":0.0},{"date":"07/01/2026","date_ts":1767744000000,"profit_abs":0.0,"wins":0,"draws":0,"losses":0,"trades":0,"profit_factor":0.0},{"date":"08/01/2026","date_ts":1767830400000,"profit_abs":0.0,"wins":0,"draws":0,"losses":0,"trades":0,"profit_factor":0.0},{"date":"09/01/2026","date_ts":1767916800000,"profit_abs":0.0,"wins":0,"draws":0,"losses":0,"trades":0,"profit_factor":0.0},{"date":"10/01/2026","date_ts":1768003200000,"profit_abs":0.0,"wins":0,"draws":0,"losses":0,"trades":0,"profit_factor":0.0},{"date":"11/01/2026","date_ts":1768089600000,"profit_abs":0.0,"wins":0,"draws":0,"losses":0,"trades":0,"profit_factor":0.0},{"date":"12/01/2026","date_ts":1768176000000,"profit_abs":0.0,"wins":0,"draws":0,"losses":0,"trades":0,"profit_factor":0.0},{"date":"13/01/2026","date_ts":1768262400000,"profit_abs":0.0,"wins":0,"draws":0,"losses":0,"trades":0,"profit_factor":0.0},{"date":"14/01/2026","date_ts":1768348800000,"profit_abs":0.0,"wins":0,"draws":0,"losses":0,"trades":0,"profit_factor":0.0},{"date":"15/01/2026","date_ts":1768435200000,"profit_abs":0.0,"wins":0,"draws":0,"losses":0,"trades":0,"profit_factor":0.0},{"date":"16/01/2026","date_ts":1768521600000,"profit_abs":0.0,"wins":0,"draws":0,"losses":0,"trades":0,"profit_factor":0.0},{"date":"17/01/2026","date_ts":1768608000000,"profit_abs":0.0,"wins":0,"draws":0,"losses":0,"trades":0,"profit_factor":0.0},{"date":"18/01/2026","date_ts":1768694400000,"profit_abs":0.0,"wins":0,"draws":0,"losses":0,"trades":0,"profit_factor":0.0},{"date":"19/01/2026","date_ts":1768780800000,"profit_abs":0.0,"wins":0,"draws":0,"losses":0,"trades":0,"profit_factor":0.0},{"date":"20/01/2026","date_ts":1768867200000,"profit_abs":0.0,"wins":0,"draws":0,"losses":0,"trades":0,"profit_factor":0.0},{"date":"21/01/2026","date_ts":1768953600000,"profit_abs":0.0,"wins":0,"draws":0,"losses":0,"trades":0,"profit_factor":0.0},{"date":"22/01/2026","date_ts":1769040000000,"profit_abs":0.0,"wins":0,"draws":0,"losses":0,"trades":0,"profit_factor":0.0},{"date":"23/01/2026","date_ts":1769126400000,"profit_abs":0.0,"wins":0,"draws":0,"losses":0,"trades":0,"profit_factor":0.0},{"date":"24/01/2026","date_ts":1769212800000,"profit_abs":0.0,"wins":0,"draws":0,"losses":0,"trades":0,"profit_factor":0.0},{"date":"25/01/2026","date_ts":1769299200000,"profit_abs":0.0,"wins":0,"draws":0,"losses":0,"trades":0,"profit_factor":0.0},{"date":"26/01/2026","date_ts":1769385600000,"profit_abs":0.0,"wins":0,"draws":0,"losses":0,"trades":0,"profit_factor":0.0},{"date":"27/01/2026","date_ts":1769472000000,"profit_abs":0.0,"wins":0,"draws":0,"losses":0,"trades":0,"profit_factor":0.0},{"date":"28/01/2026","date_ts":1769558400000,"profit_abs":0.0,"wins":0,"draws":0,"losses":0,"trades":0,"profit_factor":0.0},{"date":"29/01/2026","date_ts":1769644800000,"profit_abs":0.0,"wins":0,"draws":0,"losses":0,"trades":0,"profit_factor":0.0},{"date":"30/01/2026","date_ts":1769731200000,"profit_abs":0.0,"wins":0,"draws":0,"losses":0,"trades":0,"profit_factor":0.0},{"date":"31/01/2026","date_ts":1769817600000,"profit_abs":-2.03316324,"wins":0,"draws":0,"losses":1,"trades":1,"profit_factor":0.0},{"date":"01/02/2026","date_ts":1769904000000,"profit_abs":-0.79542538,"wins":1,"draws":0,"losses":4,"trades":5,"profit_factor":0.74642629},{"date":"02/02/2026","date_ts":1769990400000,"profit_abs":-0.939582,"wins":0,"draws":0,"losses":1,"trades":1,"profit_factor":0.0}],"week":[{"date":"13/10/2025","date_ts":1760313600000,"profit_abs":-14.18235697,"wins":0,"draws":0,"losses":5,"trades":5,"profit_factor":0.0},{"date":"20/10/2025","date_ts":1760918400000,"profit_abs":0.0,"wins":0,"draws":0,"losses":0,"trades":0,"profit_factor":0.0},{"date":"27/10/2025","date_ts":1761523200000,"profit_abs":0.0,"wins":0,"draws":0,"losses":0,"trades":0,"profit_factor":0.0},{"date":"03/11/2025","date_ts":1762128000000,"profit_abs":0.0,"wins":0,"draws":0,"losses":0,"trades":0,"profit_factor":0.0},{"date":"10/11/2025","date_ts":1762732800000,"profit_abs":0.0,"wins":0,"draws":0,"losses":0,"trades":0,"profit_factor":0.0},{"date":"17/11/2025","date_ts":1763337600000,"profit_abs":0.0,"wins":0,"draws":0,"losses":0,"trades":0,"profit_factor":0.0},{"date":"24/11/2025","date_ts":1763942400000,"profit_abs":0.0,"wins":0,"draws":0,"losses":0,"trades":0,"profit_factor":0.0},{"date":"01/12/2025","date_ts":1764547200000,"profit_abs":0.0,"wins":0,"draws":0,"losses":0,"trades":0,"profit_factor":0.0},{"date":"08/12/2025","date_ts":1765152000000,"profit_abs":0.0,"wins":0,"draws":0,"losses":0,"trades":0,"profit_factor":0.0},{"date":"15/12/2025","date_ts":1765756800000,"profit_abs":0.0,"wins":0,"draws":0,"losses":0,"trades":0,"profit_factor":0.0},{"date":"22/12/2025","date_ts":1766361600000,"profit_abs":0.0,"wins":0,"draws":0,"losses":0,"trades":0,"profit_factor":0.0},{"date":"29/12/2025","date_ts":1766966400000,"profit_abs":0.0,"wins":0,"draws":0,"losses":0,"trades":0,"profit_factor":0.0},{"date":"05/01/2026","date_ts":1767571200000,"profit_abs":0.0,"wins":0,"draws":0,"losses":0,"trades":0,"profit_factor":0.0},{"date":"12/01/2026","date_ts":1768176000000,"profit_abs":0.0,"wins":0,"draws":0,"losses":0,"trades":0,"profit_factor":0.0},{"date":"19/01/2026","date_ts":1768780800000,"profit_abs":0.0,"wins":0,"draws":0,"losses":0,"trades":0,"profit_factor":0.0},{"date":"26/01/2026","date_ts":1769385600000,"profit_abs":0.0,"wins":0,"draws":0,"losses":0,"trades":0,"profit_factor":0.0},{"date":"02/02/2026","date_ts":1769990400000,"profit_abs":-3.76817062,"wins":1,"draws":0,"losses":6,"trades":7,"profit_factor":0.38323834}],"month":[{"date":"31/10/2025","date_ts":1761868800000,"profit_abs":-14.18235697,"wins":0,"draws":0,"losses":5,"trades":5,"profit_factor":0.0},{"date":"30/11/2025","date_ts":1764460800000,"profit_abs":0.0,"wins":0,"draws":0,"losses":0,"trades":0,"profit_factor":0.0},{"date":"31/12/2025","date_ts":1767139200000,"profit_abs":0.0,"wins":0,"draws":0,"losses":0,"trades":0,"profit_factor":0.0},{"date":"31/01/2026","date_ts":1769817600000,"profit_abs":-2.03316324,"wins":0,"draws":0,"losses":1,"trades":1,"profit_factor":0.0},{"date":"28/02/2026","date_ts":1772236800000,"profit_abs":-1.73500738,"wins":1,"draws":0,"losses":5,"trades":6,"profit_factor":0.57438199}],"year":[{"date":"31/12/2025","date_ts":1767139200000,"profit_abs":-14.18235697,"wins":0,"draws":0,"losses":5,"trades":5,"profit_factor":0.0},{"date":"31/12/2026","date_ts":1798675200000,"profit_abs":-3.76817062,"wins":1,"draws":0,"losses":6,"trades":7,"profit_factor":0.38323834}],"weekday":[{"date":"Monday","date_ts":0,"profit_abs":-0.939582,"wins":0,"draws":0,"losses":1,"trades":1,"profit_factor":0.0},{"date":"Friday","date_ts":4,"profit_abs":-14.18235697,"wins":0,"draws":0,"losses":5,"trades":5,"profit_factor":0.0},{"date":"Saturday","date_ts":5,"profit_abs":-2.03316324,"wins":0,"draws":0,"losses":1,"trades":1,"profit_factor":0.0},{"date":"Sunday","date_ts":6,"profit_abs":-0.79542538,"wins":1,"draws":0,"losses":4,"trades":5,"profit_factor":0.74642629}]},"backtest_best_day":0.0,"backtest_worst_day":-1.7229647718004828,"backtest_best_day_abs":0.0,"backtest_worst_day_abs":-14.18235697,"winning_days":0,"draw_days":112,"losing_days":4,"daily_profit":[["2025-10-10",-14.18235697],["2025-10-11",0.0],["2025-10-12",0.0],["2025-10-13",0.0],["2025-10-14",0.0],["2025-10-15",0.0],["2025-10-16",0.0],["2025-10-17",0.0],["2025-10-18",0.0],["2025-10-19",0.0],["2025-10-20",0.0],["2025-10-21",0.0],["2025-10-22",0.0],["2025-10-23",0.0],["2025-10-24",0.0],["2025-10-25",0.0],["2025-10-26",0.0],["2025-10-27",0.0],["2025-10-28",0.0],["2025-10-29",0.0],["2025-10-30",0.0],["2025-10-31",0.0],["2025-11-01",0.0],["2025-11-02",0.0],["2025-11-03",0.0],["2025-11-04",0.0],["2025-11-05",0.0],["2025-11-06",0.0],["2025-11-07",0.0],["2025-11-08",0.0],["2025-11-09",0.0],["2025-11-10",0.0],["2025-11-11",0.0],["2025-11-12",0.0],["2025-11-13",0.0],["2025-11-14",0.0],["2025-11-15",0.0],["2025-11-16",0.0],["2025-11-17",0.0],["2025-11-18",0.0],["2025-11-19",0.0],["2025-11-20",0.0],["2025-11-21",0.0],["2025-11-22",0.0],["2025-11-23",0.0],["2025-11-24",0.0],["2025-11-25",0.0],["2025-11-26",0.0],["2025-11-27",0.0],["2025-11-28",0.0],["2025-11-29",0.0],["2025-11-30",0.0],["2025-12-01",0.0],["2025-12-02",0.0],["2025-12-03",0.0],["2025-12-04",0.0],["2025-12-05",0.0],["2025-12-06",0.0],["2025-12-07",0.0],["2025-12-08",0.0],["2025-12-09",0.0],["2025-12-10",0.0],["2025-12-11",0.0],["2025-12-12",0.0],["2025-12-13",0.0],["2025-12-14",0.0],["2025-12-15",0.0],["2025-12-16",0.0],["2025-12-17",0.0],["2025-12-18",0.0],["2025-12-19",0.0],["2025-12-20",0.0],["2025-12-21",0.0],["2025-12-22",0.0],["2025-12-23",0.0],["2025-12-24",0.0],["2025-12-25",0.0],["2025-12-26",0.0],["2025-12-27",0.0],["2025-12-28",0.0],["2025-12-29",0.0],["2025-12-30",0.0],["2025-12-31",0.0],["2026-01-01",0.0],["2026-01-02",0.0],["2026-01-03",0.0],["2026-01-04",0.0],["2026-01-05",0.0],["2026-01-06",0.0],["2026-01-07",0.0],["2026-01-08",0.0],["2026-01-09",0.0],["2026-01-10",0.0],["2026-01-11",0.0],["2026-01-12",0.0],["2026-01-13",0.0],["2026-01-14",0.0],["2026-01-15",0.0],["2026-01-16",0.0],["2026-01-17",0.0],["2026-01-18",0.0],["2026-01-19",0.0],["2026-01-20",0.0],["2026-01-21",0.0],["2026-01-22",0.0],["2026-01-23",0.0],["2026-01-24",0.0],["2026-01-25",0.0],["2026-01-26",0.0],["2026-01-27",0.0],["2026-01-28",0.0],["2026-01-29",0.0],["2026-01-30",0.0],["2026-01-31",-2.03316324],["2026-02-01",-0.79542538],["2026-02-02",-0.939582]],"wins":1,"losses":11,"draws":0,"winrate":0.08333333333333333,"holding_avg":"100 days, 4:25:00","holding_avg_s":8655900.0,"winner_holding_min":"113d 13:15","winner_holding_min_s":9810900.0,"winner_holding_max":"113d 13:15","winner_holding_max_s":9810900.0,"winner_holding_avg":"113d 13:15","winner_holding_avg_s":9810900.0,"loser_holding_min":"0d 20:30","loser_holding_min_s":73800.0,"loser_holding_max":"121d 02:45","loser_holding_max_s":10464300.0,"loser_holding_avg":"98d 23:15","loser_holding_avg_s":8550900.0,"max_consecutive_wins":1,"max_consecutive_losses":8,"max_drawdown_account":0.35901055180000013,"max_relative_drawdown":0.35901055180000013,"max_drawdown_abs":17.950527590000004,"drawdown_start":"2025-10-10 21:15:00","drawdown_start_ts":1760130900000.0,"drawdown_end":"2026-02-02 13:45:00","drawdown_end_ts":1770039900000.0,"drawdown_duration":"114 days 16:30:00","drawdown_duration_s":9909000.0,"max_drawdown_low":-17.950527590000004,"max_drawdown_high":0.0,"csum_min":32.04947241,"csum_max":47.1583416}},"strategy_comparison":[{"key":"SwingHighToSky","trades":12,"profit_mean":-0.1978000538296603,"profit_mean_pct":-19.78,"profit_total_abs":-17.950527589999997,"profit_total":-0.3590105517999999,"profit_total_pct":-35.9,"duration_avg":"100 days, 4:25:00","wins":1,"draws":0,"losses":11,"winrate":0.08333333333333333,"cagr":-0.4944269527189342,"expectancy":-1.4958772991666662,"expectancy_ratio":-0.810894956841843,"sortino":-1.4134164332356813,"sharpe":-0.951920781282371,"calmar":-8.027299653169239,"sqn":-3.2775,"profit_factor":0.1153873198088986,"max_drawdown_account":0.35901055180000013,"max_drawdown_abs":"17.951"}]}