{"strategy":{"MultiMa":{"trades":[{"pair":"XRP/USDT","stake_amount":24.70448,"max_stake_amount":24.70448,"amount":11.8,"open_date":"2026-01-04 17:30:00+00:00","close_date":"2026-01-05 09:50:00+00:00","open_rate":2.0936,"close_rate":2.1426,"fee_open":0.001,"fee_close":0.001,"trade_duration":980,"profit_ratio":0.02135989726742497,"profit_abs":0.52821284,"exit_reason":"exit_signal","initial_stop_loss_abs":1.3714,"initial_stop_loss_ratio":-0.345,"stop_loss_abs":1.3714,"stop_loss_ratio":-0.345,"min_rate":2.0722,"max_rate":2.1665,"is_open":false,"enter_tag":"","leverage":1.0,"is_short":false,"open_timestamp":1767547800000,"close_timestamp":1767606600000,"orders":[{"amount":11.8,"safe_price":2.0936,"ft_order_side":"buy","order_filled_timestamp":1767547800000,"ft_is_entry":true,"ft_order_tag":"","cost":24.729184479999997},{"amount":11.8,"safe_price":2.1426,"ft_order_side":"sell","order_filled_timestamp":1767606600000,"ft_is_entry":false,"ft_order_tag":"exit_signal","cost":25.307962679999996}],"funding_fees":0.0,"weekday":0},{"pair":"SAND/USDT","stake_amount":24.7046,"max_stake_amount":24.7046,"amount":202.0,"open_date":"2026-01-04 22:20:00+00:00","close_date":"2026-01-05 09:50:00+00:00","open_rate":0.1223,"close_rate":0.1199,"fee_open":0.001,"fee_close":0.001,"trade_duration":690,"profit_ratio":-0.02158266917056778,"profit_abs":-0.5337244,"exit_reason":"exit_signal","initial_stop_loss_abs":0.0802,"initial_stop_loss_ratio":-0.345,"stop_loss_abs":0.0802,"stop_loss_ratio":-0.345,"min_rate":0.1187,"max_rate":0.12490000000000001,"is_open":false,"enter_tag":"","leverage":1.0,"is_short":false,"open_timestamp":1767565200000,"close_timestamp":1767606600000,"orders":[{"amount":202.0,"safe_price":0.1223,"ft_order_side":"buy","order_filled_timestamp":1767565200000,"ft_is_entry":true,"ft_order_tag":"","cost":24.7293046},{"amount":202.0,"safe_price":0.1199,"ft_order_side":"sell","order_filled_timestamp":1767606600000,"ft_is_entry":false,"ft_order_tag":"exit_signal","cost":24.2440198}],"funding_fees":0.0,"weekday":0},{"pair":"SAND/USDT","stake_amount":24.684,"max_stake_amount":24.684,"amount":204.0,"open_date":"2026-01-05 12:55:00+00:00","close_date":"2026-01-05 22:55:00+00:00","open_rate":0.121,"close_rate":0.127,"fee_open":0.001,"fee_close":0.001,"trade_duration":600,"profit_ratio":0.04748970038226236,"profit_abs":1.173408,"exit_reason":"exit_signal","initial_stop_loss_abs":0.0793,"initial_stop_loss_ratio":-0.345,"stop_loss_abs":0.0793,"stop_loss_ratio":-0.345,"min_rate":0.1197,"max_rate":0.12810000000000002,"is_open":false,"enter_tag":"","leverage":1.0,"is_short":false,"open_timestamp":1767617700000,"close_timestamp":1767653700000,"orders":[{"amount":204.0,"safe_price":0.121,"ft_order_side":"buy","order_filled_timestamp":1767617700000,"ft_is_entry":true,"ft_order_tag":"","cost":24.708683999999995},{"amount":204.0,"safe_price":0.127,"ft_order_side":"sell","order_filled_timestamp":1767653700000,"ft_is_entry":false,"ft_order_tag":"exit_signal","cost":25.933908}],"funding_fees":0.0,"weekday":0},{"pair":"SAND/USDT","stake_amount":25.317,"max_stake_amount":25.317,"amount":194.0,"open_date":"2026-01-06 14:30:00+00:00","close_date":"2026-01-06 16:20:00+00:00","open_rate":0.1305,"close_rate":0.12710000000000002,"fee_open":0.001,"fee_close":0.001,"trade_duration":110,"profit_ratio":-0.027999586620276275,"profit_abs":-0.7095744,"exit_reason":"exit_signal","initial_stop_loss_abs":0.0855,"initial_stop_loss_ratio":-0.345,"stop_loss_abs":0.0855,"stop_loss_ratio":-0.345,"min_rate":0.1258,"max_rate":0.1305,"is_open":false,"enter_tag":"","leverage":1.0,"is_short":false,"open_timestamp":1767709800000,"close_timestamp":1767716400000,"orders":[{"amount":194.0,"safe_price":0.1305,"ft_order_side":"buy","order_filled_timestamp":1767709800000,"ft_is_entry":true,"ft_order_tag":"","cost":25.342316999999998},{"amount":194.0,"safe_price":0.12710000000000002,"ft_order_side":"sell","order_filled_timestamp":1767716400000,"ft_is_entry":false,"ft_order_tag":"exit_signal","cost":24.6820574}],"funding_fees":0.0,"weekday":1},{"pair":"XRP/USDT","stake_amount":24.88252,"max_stake_amount":24.88252,"amount":10.9,"open_date":"2026-01-07 08:05:00+00:00","close_date":"2026-01-07 10:15:00+00:00","open_rate":2.2828,"close_rate":2.2414,"fee_open":0.001,"fee_close":0.001,"trade_duration":130,"profit_ratio":-0.02009738990639639,"profit_abs":-0.50057378,"exit_reason":"exit_signal","initial_stop_loss_abs":1.4953,"initial_stop_loss_ratio":-0.345,"stop_loss_abs":1.4953,"stop_loss_ratio":-0.345,"min_rate":2.2327,"max_rate":2.2913,"is_open":false,"enter_tag":"","leverage":1.0,"is_short":false,"open_timestamp":1767773100000,"close_timestamp":1767780900000,"orders":[{"amount":10.9,"safe_price":2.2828,"ft_order_side":"buy","order_filled_timestamp":1767773100000,"ft_is_entry":true,"ft_order_tag":"","cost":24.907402519999998},{"amount":10.9,"safe_price":2.2414,"ft_order_side":"sell","order_filled_timestamp":1767780900000,"ft_is_entry":false,"ft_order_tag":"exit_signal","cost":24.45569126}],"funding_fees":0.0,"weekday":2},{"pair":"SAND/USDT","stake_amount":24.9205,"max_stake_amount":24.9205,"amount":197.0,"open_date":"2026-01-07 08:05:00+00:00","close_date":"2026-01-07 10:25:00+00:00","open_rate":0.1265,"close_rate":0.1237,"fee_open":0.001,"fee_close":0.001,"trade_duration":140,"profit_ratio":-0.02408816479962725,"profit_abs":-0.6008894,"exit_reason":"exit_signal","initial_stop_loss_abs":0.0829,"initial_stop_loss_ratio":-0.345,"stop_loss_abs":0.0829,"stop_loss_ratio":-0.345,"min_rate":0.12340000000000001,"max_rate":0.1274,"is_open":false,"enter_tag":"","leverage":1.0,"is_short":false,"open_timestamp":1767773100000,"close_timestamp":1767781500000,"orders":[{"amount":197.0,"safe_price":0.1265,"ft_order_side":"buy","order_filled_timestamp":1767773100000,"ft_is_entry":true,"ft_order_tag":"","cost":24.945420499999997},{"amount":197.0,"safe_price":0.1237,"ft_order_side":"sell","order_filled_timestamp":1767781500000,"ft_is_entry":false,"ft_order_tag":"exit_signal","cost":24.3932689}],"funding_fees":0.0,"weekday":2},{"pair":"XRP/USDT","stake_amount":24.40398,"max_stake_amount":24.40398,"amount":11.4,"open_date":"2026-01-09 07:05:00+00:00","close_date":"2026-01-09 07:35:00+00:00","open_rate":2.1407,"close_rate":2.1317,"fee_open":0.001,"fee_close":0.001,"trade_duration":30,"profit_ratio":-0.006193834194021049,"profit_abs":-0.15130536,"exit_reason":"exit_signal","initial_stop_loss_abs":1.4022,"initial_stop_loss_ratio":-0.345,"stop_loss_abs":1.4022,"stop_loss_ratio":-0.345,"min_rate":2.1311,"max_rate":2.1408,"is_open":false,"enter_tag":"","leverage":1.0,"is_short":false,"open_timestamp":1767942300000,"close_timestamp":1767944100000,"orders":[{"amount":11.4,"safe_price":2.1407,"ft_order_side":"buy","order_filled_timestamp":1767942300000,"ft_is_entry":true,"ft_order_tag":"","cost":24.428383979999996},{"amount":11.4,"safe_price":2.1317,"ft_order_side":"sell","order_filled_timestamp":1767944100000,"ft_is_entry":false,"ft_order_tag":"exit_signal","cost":24.325681379999995}],"funding_fees":0.0,"weekday":4},{"pair":"SAND/USDT","stake_amount":24.395,"max_stake_amount":24.395,"amount":205.0,"open_date":"2026-01-09 06:35:00+00:00","close_date":"2026-01-09 08:35:00+00:00","open_rate":0.119,"close_rate":0.11800000000000001,"fee_open":0.001,"fee_close":0.001,"trade_duration":120,"profit_ratio":-0.010384573409783493,"profit_abs":-0.253585,"exit_reason":"exit_signal","initial_stop_loss_abs":0.078,"initial_stop_loss_ratio":-0.345,"stop_loss_abs":0.078,"stop_loss_ratio":-0.345,"min_rate":0.11760000000000001,"max_rate":0.1193,"is_open":false,"enter_tag":"","leverage":1.0,"is_short":false,"open_timestamp":1767940500000,"close_timestamp":1767947700000,"orders":[{"amount":205.0,"safe_price":0.11900000000000001,"ft_order_side":"buy","order_filled_timestamp":1767940500000,"ft_is_entry":true,"ft_order_tag":"","cost":24.419395},{"amount":205.0,"safe_price":0.11800000000000001,"ft_order_side":"sell","order_filled_timestamp":1767947700000,"ft_is_entry":false,"ft_order_tag":"exit_signal","cost":24.21419}],"funding_fees":0.0,"weekday":4},{"pair":"SAND/USDT","stake_amount":24.2179,"max_stake_amount":24.2179,"amount":203.0,"open_date":"2026-01-09 13:55:00+00:00","close_date":"2026-01-09 14:50:00+00:00","open_rate":0.1193,"close_rate":0.11750000000000001,"fee_open":0.001,"fee_close":0.001,"trade_duration":55,"profit_ratio":-0.017055869528627282,"profit_abs":-0.4134704,"exit_reason":"exit_signal","initial_stop_loss_abs":0.0782,"initial_stop_loss_ratio":-0.345,"stop_loss_abs":0.0782,"stop_loss_ratio":-0.345,"min_rate":0.11720000000000001,"max_rate":0.11950000000000001,"is_open":false,"enter_tag":"","leverage":1.0,"is_short":false,"open_timestamp":1767966900000,"close_timestamp":1767970200000,"orders":[{"amount":203.0,"safe_price":0.1193,"ft_order_side":"buy","order_filled_timestamp":1767966900000,"ft_is_entry":true,"ft_order_tag":"","cost":24.242117899999997},{"amount":203.0,"safe_price":0.11750000000000001,"ft_order_side":"sell","order_filled_timestamp":1767970200000,"ft_is_entry":false,"ft_order_tag":"exit_signal","cost":23.8763525}],"funding_fees":0.0,"weekday":4},{"pair":"XRP/USDT","stake_amount":23.92176,"max_stake_amount":23.92176,"amount":11.4,"open_date":"2026-01-10 07:50:00+00:00","close_date":"2026-01-10 08:50:00+00:00","open_rate":2.0984,"close_rate":2.0926,"fee_open":0.001,"fee_close":0.001,"trade_duration":60,"profit_ratio":-0.004756490173951096,"profit_abs":-0.1138974,"exit_reason":"exit_signal","initial_stop_loss_abs":1.3745,"initial_stop_loss_ratio":-0.345,"stop_loss_abs":1.3745,"stop_loss_ratio":-0.345,"min_rate":2.0904,"max_rate":2.1023,"is_open":false,"enter_tag":"","leverage":1.0,"is_short":false,"open_timestamp":1768031400000,"close_timestamp":1768035000000,"orders":[{"amount":11.4,"safe_price":2.0984,"ft_order_side":"buy","order_filled_timestamp":1768031400000,"ft_is_entry":true,"ft_order_tag":"","cost":23.945681759999996},{"amount":11.4,"safe_price":2.0926,"ft_order_side":"sell","order_filled_timestamp":1768035000000,"ft_is_entry":false,"ft_order_tag":"exit_signal","cost":23.87949564}],"funding_fees":0.0,"weekday":5},{"pair":"XRP/USDT","stake_amount":23.77633,"max_stake_amount":23.77633,"amount":11.3,"open_date":"2026-01-10 10:50:00+00:00","close_date":"2026-01-10 13:35:00+00:00","open_rate":2.1041,"close_rate":2.0966,"fee_open":0.001,"fee_close":0.001,"trade_duration":165,"profit_ratio":-0.005555349550406819,"profit_abs":-0.13221791,"exit_reason":"exit_signal","initial_stop_loss_abs":1.3782,"initial_stop_loss_ratio":-0.345,"stop_loss_abs":1.3782,"stop_loss_ratio":-0.345,"min_rate":2.0942,"max_rate":2.1106,"is_open":false,"enter_tag":"","leverage":1.0,"is_short":false,"open_timestamp":1768042200000,"close_timestamp":1768052100000,"orders":[{"amount":11.3,"safe_price":2.1041,"ft_order_side":"buy","order_filled_timestamp":1768042200000,"ft_is_entry":true,"ft_order_tag":"","cost":23.80010633},{"amount":11.3,"safe_price":2.0966,"ft_order_side":"sell","order_filled_timestamp":1768052100000,"ft_is_entry":false,"ft_order_tag":"exit_signal","cost":23.71527158}],"funding_fees":0.0,"weekday":5},{"pair":"SAND/USDT","stake_amount":23.9552,"max_stake_amount":23.9552,"amount":197.0,"open_date":"2026-01-10 13:20:00+00:00","close_date":"2026-01-10 14:30:00+00:00","open_rate":0.1216,"close_rate":0.1202,"fee_open":0.001,"fee_close":0.001,"trade_duration":70,"profit_ratio":-0.013488156580261843,"profit_abs":-0.3234346,"exit_reason":"exit_signal","initial_stop_loss_abs":0.0797,"initial_stop_loss_ratio":-0.345,"stop_loss_abs":0.0797,"stop_loss_ratio":-0.345,"min_rate":0.12,"max_rate":0.1221,"is_open":false,"enter_tag":"","leverage":1.0,"is_short":false,"open_timestamp":1768051200000,"close_timestamp":1768055400000,"orders":[{"amount":197.0,"safe_price":0.1216,"ft_order_side":"buy","order_filled_timestamp":1768051200000,"ft_is_entry":true,"ft_order_tag":"","cost":23.979155199999997},{"amount":197.0,"safe_price":0.1202,"ft_order_side":"sell","order_filled_timestamp":1768055400000,"ft_is_entry":false,"ft_order_tag":"exit_signal","cost":23.7030794}],"funding_fees":0.0,"weekday":5},{"pair":"XRP/USDT","stake_amount":23.55136,"max_stake_amount":23.55136,"amount":11.2,"open_date":"2026-01-11 13:15:00+00:00","close_date":"2026-01-11 15:50:00+00:00","open_rate":2.1028,"close_rate":2.0854,"fee_open":0.001,"fee_close":0.001,"trade_duration":155,"profit_ratio":-0.010256150545288837,"profit_abs":-0.24178784,"exit_reason":"exit_signal","initial_stop_loss_abs":1.3774,"initial_stop_loss_ratio":-0.345,"stop_loss_abs":1.3774,"stop_loss_ratio":-0.345,"min_rate":2.0839,"max_rate":2.11,"is_open":false,"enter_tag":"","leverage":1.0,"is_short":false,"open_timestamp":1768137300000,"close_timestamp":1768146600000,"orders":[{"amount":11.2,"safe_price":2.1028000000000002,"ft_order_side":"buy","order_filled_timestamp":1768137300000,"ft_is_entry":true,"ft_order_tag":"","cost":23.57491136},{"amount":11.2,"safe_price":2.0854,"ft_order_side":"sell","order_filled_timestamp":1768146600000,"ft_is_entry":false,"ft_order_tag":"exit_signal","cost":23.379836479999994}],"funding_fees":0.0,"weekday":6},{"pair":"SAND/USDT","stake_amount":23.5371,"max_stake_amount":23.5371,"amount":201.0,"open_date":"2026-01-13 10:20:00+00:00","close_date":"2026-01-13 12:15:00+00:00","open_rate":0.1171,"close_rate":0.1173,"fee_open":0.001,"fee_close":0.001,"trade_duration":115,"profit_ratio":-0.00029347253941617733,"profit_abs":-0.0069144,"exit_reason":"exit_signal","initial_stop_loss_abs":0.0768,"initial_stop_loss_ratio":-0.345,"stop_loss_abs":0.0768,"stop_loss_ratio":-0.345,"min_rate":0.1164,"max_rate":0.1177,"is_open":false,"enter_tag":"","leverage":1.0,"is_short":false,"open_timestamp":1768299600000,"close_timestamp":1768306500000,"orders":[{"amount":201.0,"safe_price":0.11710000000000001,"ft_order_side":"buy","order_filled_timestamp":1768299600000,"ft_is_entry":true,"ft_order_tag":"","cost":23.5606371},{"amount":201.0,"safe_price":0.1173,"ft_order_side":"sell","order_filled_timestamp":1768306500000,"ft_is_entry":false,"ft_order_tag":"exit_signal","cost":23.600877299999997}],"funding_fees":0.0,"weekday":1},{"pair":"XRP/USDT","stake_amount":23.43281,"max_stake_amount":23.43281,"amount":11.3,"open_date":"2026-01-13 13:50:00+00:00","close_date":"2026-01-14 01:10:00+00:00","open_rate":2.0737,"close_rate":2.1699,"fee_open":0.001,"fee_close":0.001,"trade_duration":680,"profit_ratio":0.04429981938782634,"profit_abs":1.03910732,"exit_reason":"exit_signal","initial_stop_loss_abs":1.3583,"initial_stop_loss_ratio":-0.345,"stop_loss_abs":1.3583,"stop_loss_ratio":-0.345,"min_rate":2.061,"max_rate":2.185,"is_open":false,"enter_tag":"","leverage":1.0,"is_short":false,"open_timestamp":1768312200000,"close_timestamp":1768353000000,"orders":[{"amount":11.3,"safe_price":2.0737,"ft_order_side":"buy","order_filled_timestamp":1768312200000,"ft_is_entry":true,"ft_order_tag":"","cost":23.456242810000003},{"amount":11.3,"safe_price":2.1699,"ft_order_side":"sell","order_filled_timestamp":1768353000000,"ft_is_entry":false,"ft_order_tag":"exit_signal","cost":24.544389870000003}],"funding_fees":0.0,"weekday":2},{"pair":"SAND/USDT","stake_amount":23.5848,"max_stake_amount":23.5848,"amount":186.0,"open_date":"2026-01-13 22:50:00+00:00","close_date":"2026-01-14 02:55:00+00:00","open_rate":0.1268,"close_rate":0.1275,"fee_open":0.001,"fee_close":0.001,"trade_duration":245,"profit_ratio":0.0035114727543749625,"profit_abs":0.0829002,"exit_reason":"exit_signal","initial_stop_loss_abs":0.0831,"initial_stop_loss_ratio":-0.345,"stop_loss_abs":0.0831,"stop_loss_ratio":-0.345,"min_rate":0.12480000000000001,"max_rate":0.1297,"is_open":false,"enter_tag":"","leverage":1.0,"is_short":false,"open_timestamp":1768344600000,"close_timestamp":1768359300000,"orders":[{"amount":186.0,"safe_price":0.1268,"ft_order_side":"buy","order_filled_timestamp":1768344600000,"ft_is_entry":true,"ft_order_tag":"","cost":23.608384799999996},{"amount":186.0,"safe_price":0.1275,"ft_order_side":"sell","order_filled_timestamp":1768359300000,"ft_is_entry":false,"ft_order_tag":"exit_signal","cost":23.738714999999996}],"funding_fees":0.0,"weekday":2},{"pair":"XRP/USDT","stake_amount":24.11487,"max_stake_amount":24.11487,"amount":11.7,"open_date":"2026-01-18 22:20:00+00:00","close_date":"2026-01-18 23:15:00+00:00","open_rate":2.0611,"close_rate":2.0429,"fee_open":0.001,"fee_close":0.001,"trade_duration":55,"profit_ratio":-0.010810595449865741,"profit_abs":-0.2609568,"exit_reason":"exit_signal","initial_stop_loss_abs":1.3501,"initial_stop_loss_ratio":-0.345,"stop_loss_abs":1.3501,"stop_loss_ratio":-0.345,"min_rate":2.0398,"max_rate":2.0614,"is_open":false,"enter_tag":"","leverage":1.0,"is_short":false,"open_timestamp":1768774800000,"close_timestamp":1768778100000,"orders":[{"amount":11.7,"safe_price":2.0611,"ft_order_side":"buy","order_filled_timestamp":1768774800000,"ft_is_entry":true,"ft_order_tag":"","cost":24.138984869999998},{"amount":11.7,"safe_price":2.0429,"ft_order_side":"sell","order_filled_timestamp":1768778100000,"ft_is_entry":false,"ft_order_tag":"exit_signal","cost":23.925831929999994}],"funding_fees":0.0,"weekday":6},{"pair":"SAND/USDT","stake_amount":23.9598,"max_stake_amount":23.9598,"amount":153.0,"open_date":"2026-01-22 01:35:00+00:00","close_date":"2026-01-22 06:50:00+00:00","open_rate":0.1566,"close_rate":0.164,"fee_open":0.001,"fee_close":0.001,"trade_duration":315,"profit_ratio":0.045161734816907224,"profit_abs":1.0831482,"exit_reason":"exit_signal","initial_stop_loss_abs":0.1026,"initial_stop_loss_ratio":-0.345,"stop_loss_abs":0.1026,"stop_loss_ratio":-0.345,"min_rate":0.1563,"max_rate":0.1734,"is_open":false,"enter_tag":"","leverage":1.0,"is_short":false,"open_timestamp":1769045700000,"close_timestamp":1769064600000,"orders":[{"amount":153.0,"safe_price":0.15660000000000002,"ft_order_side":"buy","order_filled_timestamp":1769045700000,"ft_is_entry":true,"ft_order_tag":"","cost":23.983759799999998},{"amount":153.0,"safe_price":0.164,"ft_order_side":"sell","order_filled_timestamp":1769064600000,"ft_is_entry":false,"ft_order_tag":"exit_signal","cost":25.117092}],"funding_fees":0.0,"weekday":3},{"pair":"XRP/USDT","stake_amount":24.51712,"max_stake_amount":24.51712,"amount":12.8,"open_date":"2026-01-26 14:50:00+00:00","close_date":"2026-01-26 17:10:00+00:00","open_rate":1.9154,"close_rate":1.9113,"fee_open":0.001,"fee_close":0.001,"trade_duration":140,"profit_ratio":-0.004134270240566575,"profit_abs":-0.10146176,"exit_reason":"exit_signal","initial_stop_loss_abs":1.2546,"initial_stop_loss_ratio":-0.345,"stop_loss_abs":1.2546,"stop_loss_ratio":-0.345,"min_rate":1.9046,"max_rate":1.9460000000000002,"is_open":false,"enter_tag":"","leverage":1.0,"is_short":false,"open_timestamp":1769439000000,"close_timestamp":1769447400000,"orders":[{"amount":12.8,"safe_price":1.9154,"ft_order_side":"buy","order_filled_timestamp":1769439000000,"ft_is_entry":true,"ft_order_tag":"","cost":24.54163712},{"amount":12.8,"safe_price":1.9113,"ft_order_side":"sell","order_filled_timestamp":1769447400000,"ft_is_entry":false,"ft_order_tag":"exit_signal","cost":24.48910464}],"funding_fees":0.0,"weekday":0},{"pair":"XRP/USDT","stake_amount":24.34446,"max_stake_amount":24.34446,"amount":12.6,"open_date":"2026-01-28 10:00:00+00:00","close_date":"2026-01-28 14:20:00+00:00","open_rate":1.9321,"close_rate":1.9189,"fee_open":0.001,"fee_close":0.001,"trade_duration":260,"profit_ratio":-0.008816296275537514,"profit_abs":-0.2148426,"exit_reason":"exit_signal","initial_stop_loss_abs":1.2656,"initial_stop_loss_ratio":-0.345,"stop_loss_abs":1.2656,"stop_loss_ratio":-0.345,"min_rate":1.9174,"max_rate":1.9427,"is_open":false,"enter_tag":"","leverage":1.0,"is_short":false,"open_timestamp":1769594400000,"close_timestamp":1769610000000,"orders":[{"amount":12.6,"safe_price":1.9321000000000002,"ft_order_side":"buy","order_filled_timestamp":1769594400000,"ft_is_entry":true,"ft_order_tag":"","cost":24.36880446},{"amount":12.6,"safe_price":1.9189,"ft_order_side":"sell","order_filled_timestamp":1769610000000,"ft_is_entry":false,"ft_order_tag":"exit_signal","cost":24.202318139999996}],"funding_fees":0.0,"weekday":2},{"pair":"SAND/USDT","stake_amount":24.396,"max_stake_amount":24.396,"amount":214.0,"open_date":"2026-01-30 11:40:00+00:00","close_date":"2026-01-30 15:00:00+00:00","open_rate":0.114,"close_rate":0.1136,"fee_open":0.001,"fee_close":0.001,"trade_duration":200,"profit_ratio":-0.005499763394500236,"profit_abs":-0.1343064,"exit_reason":"exit_signal","initial_stop_loss_abs":0.0747,"initial_stop_loss_ratio":-0.345,"stop_loss_abs":0.0747,"stop_loss_ratio":-0.345,"min_rate":0.1131,"max_rate":0.1155,"is_open":false,"enter_tag":"","leverage":1.0,"is_short":false,"open_timestamp":1769773200000,"close_timestamp":1769785200000,"orders":[{"amount":214.0,"safe_price":0.114,"ft_order_side":"buy","order_filled_timestamp":1769773200000,"ft_is_entry":true,"ft_order_tag":"","cost":24.420395999999997},{"amount":214.0,"safe_price":0.1136,"ft_order_side":"sell","order_filled_timestamp":1769785200000,"ft_is_entry":false,"ft_order_tag":"exit_signal","cost":24.3347104}],"funding_fees":0.0,"weekday":4}],"locks":[],"best_pair":{"key":"XRP/USDT","trades":10,"profit_mean":-0.0004960659680782712,"profit_mean_pct":-0.05,"profit_total_abs":-0.1497232899999999,"profit_total":-0.002994465799999998,"profit_total_pct":-0.3,"duration_avg":"4:26:00","wins":2,"draws":0,"losses":8,"winrate":0.2,"cagr":-0.0370420253497844,"expectancy":-0.014972328999999979,"expectancy_ratio":-0.06975864938071297,"sortino":-0.8107753831324986,"sharpe":-0.22973267891946061,"calmar":-8.745402952270718,"sqn":-0.1046,"profit_factor":0.9128016882741087,"max_drawdown_account":0.02255734422290324,"max_drawdown_abs":1.1397822899999999},"worst_pair":{"key":"SAND/USDT","trades":11,"profit_mean":-0.0022026680081377982,"profit_mean_pct":-0.22,"profit_total_abs":-0.6364426000000001,"profit_total":-0.012728852000000002,"profit_total_pct":-1.27,"duration_avg":"4:02:00","wins":3,"draws":0,"losses":8,"winrate":0.2727272727272727,"cagr":-0.14890909311390266,"expectancy":-0.05785841818181822,"expectancy_ratio":-0.15553866090702195,"sortino":-1.8741839672399332,"sharpe":-0.6929224439651882,"calmar":-18.39999274153471,"sqn":-0.3024,"profit_factor":0.7861343412528449,"max_drawdown_account":0.045574301337064464,"max_drawdown_abs":2.3078682},"results_per_pair":[{"key":"XRP/USDT","trades":10,"profit_mean":-0.0004960659680782712,"profit_mean_pct":-0.05,"profit_total_abs":-0.1497232899999999,"profit_total":-0.002994465799999998,"profit_total_pct":-0.3,"duration_avg":"4:26:00","wins":2,"draws":0,"losses":8,"winrate":0.2,"cagr":-0.0370420253497844,"expectancy":-0.014972328999999979,"expectancy_ratio":-0.06975864938071297,"sortino":-0.8107753831324986,"sharpe":-0.22973267891946061,"calmar":-8.745402952270718,"sqn":-0.1046,"profit_factor":0.9128016882741087,"max_drawdown_account":0.02255734422290324,"max_drawdown_abs":1.1397822899999999},{"key":"SAND/USDT","trades":11,"profit_mean":-0.0022026680081377982,"profit_mean_pct":-0.22,"profit_total_abs":-0.6364426000000001,"profit_total":-0.012728852000000002,"profit_total_pct":-1.27,"duration_avg":"4:02:00","wins":3,"draws":0,"losses":8,"winrate":0.2727272727272727,"cagr":-0.14890909311390266,"expectancy":-0.05785841818181822,"expectancy_ratio":-0.15553866090702195,"sortino":-1.8741839672399332,"sharpe":-0.6929224439651882,"calmar":-18.39999274153471,"sqn":-0.3024,"profit_factor":0.7861343412528449,"max_drawdown_account":0.045574301337064464,"max_drawdown_abs":2.3078682},{"key":"TOTAL","trades":21,"profit_mean":-0.0013900003700142145,"profit_mean_pct":-0.14,"profit_total_abs":-0.7861658900000004,"profit_total":-0.015723317800000008,"profit_total_pct":-1.57,"duration_avg":"4:13:00","wins":5,"draws":0,"losses":16,"winrate":0.23809523809523808,"cagr":-0.18083457555111593,"expectancy":-0.03743647095238095,"expectancy_ratio":-0.12763496284470643,"sortino":-2.635639191417803,"sharpe":-0.9787260579338483,"calmar":-15.373294882576477,"sqn":-0.3164,"profit_factor":0.8324791112663228,"max_drawdown_account":0.06737917190015327,"max_drawdown_abs":3.44765049}],"results_per_enter_tag":[{"key":"","trades":21,"profit_mean":-0.0013900003700142145,"profit_mean_pct":-0.14,"profit_total_abs":-0.7861658900000004,"profit_total":-0.015723317800000008,"profit_total_pct":-1.57,"duration_avg":"4:13:00","wins":5,"draws":0,"losses":16,"winrate":0.23809523809523808,"cagr":-0.18083457555111593,"expectancy":-0.03743647095238095,"expectancy_ratio":-0.12763496284470643,"sortino":-2.635639191417803,"sharpe":-0.9787260579338483,"calmar":-15.373294882576477,"sqn":-0.3164,"profit_factor":0.8324791112663228,"max_drawdown_account":0.06737917190015327,"max_drawdown_abs":3.44765049},{"key":"TOTAL","trades":21,"profit_mean":-0.0013900003700142145,"profit_mean_pct":-0.14,"profit_total_abs":-0.7861658900000004,"profit_total":-0.015723317800000008,"profit_total_pct":-1.57,"duration_avg":"4:13:00","wins":5,"draws":0,"losses":16,"winrate":0.23809523809523808,"cagr":-0.18083457555111593,"expectancy":-0.03743647095238095,"expectancy_ratio":-0.12763496284470643,"sortino":-2.635639191417803,"sharpe":-0.9787260579338483,"calmar":-15.373294882576477,"sqn":-0.3164,"profit_factor":0.8324791112663228,"max_drawdown_account":0.06737917190015327,"max_drawdown_abs":3.44765049}],"exit_reason_summary":[{"key":"exit_signal","trades":21,"profit_mean":-0.0013900003700142145,"profit_mean_pct":-0.14,"profit_total_abs":-0.7861658900000004,"profit_total":-0.015723317800000008,"profit_total_pct":-1.57,"duration_avg":"4:13:00","wins":5,"draws":0,"losses":16,"winrate":0.23809523809523808,"cagr":-0.18083457555111593,"expectancy":-0.03743647095238095,"expectancy_ratio":-0.12763496284470643,"sortino":-2.635639191417803,"sharpe":-0.9787260579338483,"calmar":-15.373294882576477,"sqn":-0.3164,"profit_factor":0.8324791112663228,"max_drawdown_account":0.06737917190015327,"max_drawdown_abs":3.44765049},{"key":"TOTAL","trades":21,"profit_mean":-0.0013900003700142145,"profit_mean_pct":-0.14,"profit_total_abs":-0.7861658900000004,"profit_total":-0.015723317800000008,"profit_total_pct":-1.57,"duration_avg":"4:13:00","wins":5,"draws":0,"losses":16,"winrate":0.23809523809523808,"cagr":-0.18083457555111593,"expectancy":-0.03743647095238095,"expectancy_ratio":-0.12763496284470643,"sortino":-2.635639191417803,"sharpe":-0.9787260579338483,"calmar":-15.373294882576477,"sqn":-0.3164,"profit_factor":0.8324791112663228,"max_drawdown_account":0.06737917190015327,"max_drawdown_abs":3.44765049}],"mix_tag_stats":[{"key":["","exit_signal"],"trades":21,"profit_mean":-0.0013900003700142145,"profit_mean_pct":-0.14,"profit_total_abs":-0.7861658900000004,"profit_total":-0.015723317800000008,"profit_total_pct":-1.57,"duration_avg":"4:13:00","wins":5,"draws":0,"losses":16,"winrate":0.23809523809523808,"cagr":-0.18083457555111593,"expectancy":-0.03743647095238095,"expectancy_ratio":-0.12763496284470643,"sortino":-2.635639191417803,"sharpe":-0.9787260579338483,"calmar":-15.373294882576477,"sqn":-0.3164,"profit_factor":0.8324791112663228,"max_drawdown_account":0.06737917190015327,"max_drawdown_abs":3.44765049},{"key":"TOTAL","trades":21,"profit_mean":-0.0013900003700142145,"profit_mean_pct":-0.14,"profit_total_abs":-0.7861658900000004,"profit_total":-0.015723317800000008,"profit_total_pct":-1.57,"duration_avg":"4:13:00","wins":5,"draws":0,"losses":16,"winrate":0.23809523809523808,"cagr":-0.18083457555111593,"expectancy":-0.03743647095238095,"expectancy_ratio":-0.12763496284470643,"sortino":-2.635639191417803,"sharpe":-0.9787260579338483,"calmar":-15.373294882576477,"sqn":-0.3164,"profit_factor":0.8324791112663228,"max_drawdown_account":0.06737917190015327,"max_drawdown_abs":3.44765049}],"left_open_trades":[{"key":"TOTAL","trades":0,"profit_mean":0.0,"profit_mean_pct":0.0,"profit_total_abs":0.0,"profit_total":0.0,"profit_total_pct":0.0,"duration_avg":"0:00","wins":0,"draws":0,"losses":0,"winrate":0.0,"cagr":0.0,"expectancy":0.0,"expectancy_ratio":100.0,"sortino":0,"sharpe":0,"calmar":0,"sqn":0.0,"profit_factor":0.0,"max_drawdown_account":0.0,"max_drawdown_abs":0.0}],"total_trades":21,"trade_count_long":21,"trade_count_short":0,"total_volume":1019.8947658899999,"avg_stake_amount":24.253409047619044,"profit_mean":-0.0013900003700142145,"profit_median":-0.006193834194021049,"profit_total":-0.015723317800000008,"profit_total_long":-0.015723317800000008,"profit_total_short":0.0,"profit_total_abs":-0.7861658900000004,"profit_total_long_abs":-0.7861658900000004,"profit_total_short_abs":0.0,"cagr":-0.18083457555111593,"expectancy":-0.03743647095238095,"expectancy_ratio":-0.12763496284470643,"sortino":-2.635639191417803,"sharpe":-0.9787260579338483,"calmar":-15.373294882576477,"sqn":-0.3164,"profit_factor":0.8324791112663228,"backtest_start":"2026-01-04 00:00:00","backtest_start_ts":1767484800000,"backtest_end":"2026-02-02 08:10:00","backtest_end_ts":1770019800000,"backtest_days":29,"backtest_run_start_ts":1770095170,"backtest_run_end_ts":1770095171,"trades_per_day":0.72,"market_change":-0.18768736764051408,"pairlist":["XRP/USDT","SAND/USDT"],"stake_amount":"unlimited","stake_currency":"USDT","stake_currency_decimals":3,"starting_balance":50,"dry_run_wallet":50,"final_balance":49.21383411,"rejected_signals":0,"timedout_entry_orders":0,"timedout_exit_orders":0,"canceled_trade_entries":0,"canceled_entry_orders":0,"replaced_entry_orders":0,"max_open_trades":2,"max_open_trades_setting":2,"timeframe":"5m","timeframe_detail":"","timerange":"20260104-20260203","enable_protections":false,"strategy_name":"MultiMa","freqaimodel":"XGBoostRegressor","freqai_identifier":"qs_v9_scalp_5m1h_l2","stoploss":-0.345,"trailing_stop":false,"trailing_stop_positive":0.01,"trailing_stop_positive_offset":0.02,"trailing_only_offset_is_reached":false,"use_custom_stoploss":false,"minimal_roi":{},"use_exit_signal":true,"exit_profit_only":false,"exit_profit_offset":0.0,"ignore_roi_if_entry_signal":false,"trading_mode":"spot","margin_mode":"","periodic_breakdown":{"day":[{"date":"05/01/2026","date_ts":1767571200000,"profit_abs":1.16789644,"wins":2,"draws":0,"losses":1,"trades":3,"profit_factor":3.18820133},{"date":"06/01/2026","date_ts":1767657600000,"profit_abs":-0.7095744,"wins":0,"draws":0,"losses":1,"trades":1,"profit_factor":0.0},{"date":"07/01/2026","date_ts":1767744000000,"profit_abs":-1.10146318,"wins":0,"draws":0,"losses":2,"trades":2,"profit_factor":0.0},{"date":"08/01/2026","date_ts":1767830400000,"profit_abs":0.0,"wins":0,"draws":0,"losses":0,"trades":0,"profit_factor":0.0},{"date":"09/01/2026","date_ts":1767916800000,"profit_abs":-0.81836076,"wins":0,"draws":0,"losses":3,"trades":3,"profit_factor":0.0},{"date":"10/01/2026","date_ts":1768003200000,"profit_abs":-0.56954991,"wins":0,"draws":0,"losses":3,"trades":3,"profit_factor":0.0},{"date":"11/01/2026","date_ts":1768089600000,"profit_abs":-0.24178784,"wins":0,"draws":0,"losses":1,"trades":1,"profit_factor":0.0},{"date":"12/01/2026","date_ts":1768176000000,"profit_abs":0.0,"wins":0,"draws":0,"losses":0,"trades":0,"profit_factor":0.0},{"date":"13/01/2026","date_ts":1768262400000,"profit_abs":-0.0069144,"wins":0,"draws":0,"losses":1,"trades":1,"profit_factor":0.0},{"date":"14/01/2026","date_ts":1768348800000,"profit_abs":1.12200752,"wins":2,"draws":0,"losses":0,"trades":2,"profit_factor":0.0},{"date":"15/01/2026","date_ts":1768435200000,"profit_abs":0.0,"wins":0,"draws":0,"losses":0,"trades":0,"profit_factor":0.0},{"date":"16/01/2026","date_ts":1768521600000,"profit_abs":0.0,"wins":0,"draws":0,"losses":0,"trades":0,"profit_factor":0.0},{"date":"17/01/2026","date_ts":1768608000000,"profit_abs":0.0,"wins":0,"draws":0,"losses":0,"trades":0,"profit_factor":0.0},{"date":"18/01/2026","date_ts":1768694400000,"profit_abs":-0.2609568,"wins":0,"draws":0,"losses":1,"trades":1,"profit_factor":0.0},{"date":"19/01/2026","date_ts":1768780800000,"profit_abs":0.0,"wins":0,"draws":0,"losses":0,"trades":0,"profit_factor":0.0},{"date":"20/01/2026","date_ts":1768867200000,"profit_abs":0.0,"wins":0,"draws":0,"losses":0,"trades":0,"profit_factor":0.0},{"date":"21/01/2026","date_ts":1768953600000,"profit_abs":0.0,"wins":0,"draws":0,"losses":0,"trades":0,"profit_factor":0.0},{"date":"22/01/2026","date_ts":1769040000000,"profit_abs":1.0831482,"wins":1,"draws":0,"losses":0,"trades":1,"profit_factor":0.0},{"date":"23/01/2026","date_ts":1769126400000,"profit_abs":0.0,"wins":0,"draws":0,"losses":0,"trades":0,"profit_factor":0.0},{"date":"24/01/2026","date_ts":1769212800000,"profit_abs":0.0,"wins":0,"draws":0,"losses":0,"trades":0,"profit_factor":0.0},{"date":"25/01/2026","date_ts":1769299200000,"profit_abs":0.0,"wins":0,"draws":0,"losses":0,"trades":0,"profit_factor":0.0},{"date":"26/01/2026","date_ts":1769385600000,"profit_abs":-0.10146176,"wins":0,"draws":0,"losses":1,"trades":1,"profit_factor":0.0},{"date":"27/01/2026","date_ts":1769472000000,"profit_abs":0.0,"wins":0,"draws":0,"losses":0,"trades":0,"profit_factor":0.0},{"date":"28/01/2026","date_ts":1769558400000,"profit_abs":-0.2148426,"wins":0,"draws":0,"losses":1,"trades":1,"profit_factor":0.0},{"date":"29/01/2026","date_ts":1769644800000,"profit_abs":0.0,"wins":0,"draws":0,"losses":0,"trades":0,"profit_factor":0.0},{"date":"30/01/2026","date_ts":1769731200000,"profit_abs":-0.1343064,"wins":0,"draws":0,"losses":1,"trades":1,"profit_factor":0.0}],"week":[{"date":"05/01/2026","date_ts":1767571200000,"profit_abs":1.16789644,"wins":2,"draws":0,"losses":1,"trades":3,"profit_factor":3.18820133},{"date":"12/01/2026","date_ts":1768176000000,"profit_abs":-3.44073609,"wins":0,"draws":0,"losses":10,"trades":10,"profit_factor":0.0},{"date":"19/01/2026","date_ts":1768780800000,"profit_abs":0.85413632,"wins":2,"draws":0,"losses":2,"trades":4,"profit_factor":4.18860826},{"date":"26/01/2026","date_ts":1769385600000,"profit_abs":0.98168644,"wins":1,"draws":0,"losses":1,"trades":2,"profit_factor":10.67543279},{"date":"02/02/2026","date_ts":1769990400000,"profit_abs":-0.349149,"wins":0,"draws":0,"losses":2,"trades":2,"profit_factor":0.0}],"month":[{"date":"31/01/2026","date_ts":1769817600000,"profit_abs":-0.78616589,"wins":5,"draws":0,"losses":16,"trades":21,"profit_factor":0.83247911}],"year":[{"date":"31/12/2026","date_ts":1798675200000,"profit_abs":-0.78616589,"wins":5,"draws":0,"losses":16,"trades":21,"profit_factor":0.83247911}],"weekday":[{"date":"Monday","date_ts":0,"profit_abs":1.06643468,"wins":2,"draws":0,"losses":2,"trades":4,"profit_factor":2.67893249},{"date":"Tuesday","date_ts":1,"profit_abs":-0.7164888,"wins":0,"draws":0,"losses":2,"trades":2,"profit_factor":0.0},{"date":"Wednesday","date_ts":2,"profit_abs":-0.19429826,"wins":2,"draws":0,"losses":3,"trades":5,"profit_factor":0.85239124},{"date":"Thursday","date_ts":3,"profit_abs":1.0831482,"wins":1,"draws":0,"losses":0,"trades":1,"profit_factor":0.0},{"date":"Friday","date_ts":4,"profit_abs":-0.95266716,"wins":0,"draws":0,"losses":4,"trades":4,"profit_factor":0.0},{"date":"Saturday","date_ts":5,"profit_abs":-0.56954991,"wins":0,"draws":0,"losses":3,"trades":3,"profit_factor":0.0},{"date":"Sunday","date_ts":6,"profit_abs":-0.50274464,"wins":0,"draws":0,"losses":2,"trades":2,"profit_factor":0.0}]},"backtest_best_day":0.0478112921422013,"backtest_worst_day":-0.04418555470602364,"backtest_best_day_abs":1.16789644,"backtest_worst_day_abs":-1.10146318,"winning_days":3,"draw_days":13,"losing_days":10,"daily_profit":[["2026-01-05",1.16789644],["2026-01-06",-0.7095744],["2026-01-07",-1.10146318],["2026-01-08",0.0],["2026-01-09",-0.81836076],["2026-01-10",-0.56954991],["2026-01-11",-0.24178784],["2026-01-12",0.0],["2026-01-13",-0.0069144],["2026-01-14",1.12200752],["2026-01-15",0.0],["2026-01-16",0.0],["2026-01-17",0.0],["2026-01-18",-0.2609568],["2026-01-19",0.0],["2026-01-20",0.0],["2026-01-21",0.0],["2026-01-22",1.0831482],["2026-01-23",0.0],["2026-01-24",0.0],["2026-01-25",0.0],["2026-01-26",-0.10146176],["2026-01-27",0.0],["2026-01-28",-0.2148426],["2026-01-29",0.0],["2026-01-30",-0.1343064]],"wins":5,"losses":16,"draws":0,"winrate":0.23809523809523808,"holding_avg":"4:13:00","holding_avg_s":15180.0,"winner_holding_min":"0d 04:05","winner_holding_min_s":14700.0,"winner_holding_max":"0d 16:20","winner_holding_max_s":58800.0,"winner_holding_avg":"0d 09:24","winner_holding_avg_s":33840.0,"loser_holding_min":"0d 00:30","loser_holding_min_s":1800.0,"loser_holding_max":"0d 11:30","loser_holding_max_s":41400.0,"loser_holding_avg":"0d 02:36","loser_holding_avg_s":9360.0,"max_consecutive_wins":2,"max_consecutive_losses":11,"max_drawdown_account":0.06737917190015327,"max_relative_drawdown":0.06737917190015327,"max_drawdown_abs":3.44765049,"drawdown_start":"2026-01-05 22:55:00","drawdown_start_ts":1767653700000.0,"drawdown_end":"2026-01-13 12:15:00","drawdown_end_ts":1768306500000.0,"drawdown_duration":"7 days 13:20:00","drawdown_duration_s":652800.0,"max_drawdown_low":-2.27975405,"max_drawdown_high":1.16789644,"csum_min":47.72024595,"csum_max":51.16789644}},"strategy_comparison":[{"key":"MultiMa","trades":21,"profit_mean":-0.0013900003700142145,"profit_mean_pct":-0.14,"profit_total_abs":-0.7861658900000004,"profit_total":-0.015723317800000008,"profit_total_pct":-1.57,"duration_avg":"4:13:00","wins":5,"draws":0,"losses":16,"winrate":0.23809523809523808,"cagr":-0.18083457555111593,"expectancy":-0.03743647095238095,"expectancy_ratio":-0.12763496284470643,"sortino":-2.635639191417803,"sharpe":-0.9787260579338483,"calmar":-15.373294882576477,"sqn":-0.3164,"profit_factor":0.8324791112663228,"max_drawdown_account":0.06737917190015327,"max_drawdown_abs":"3.448"}]}