{"strategy":{"Diamond":{"trades":[{"pair":"EGLD/USDT","stake_amount":9.8434,"max_stake_amount":9.8434,"amount":1.58,"open_date":"2026-01-05 00:45:00+00:00","close_date":"2026-01-31 17:10:00+00:00","open_rate":6.23,"close_rate":4.68,"fee_open":0.001,"fee_close":0.001,"trade_duration":38425,"profit_ratio":-0.25029705447040923,"profit_abs":-2.4662378,"exit_reason":"stop_loss","initial_stop_loss_abs":4.68,"initial_stop_loss_ratio":-0.25,"stop_loss_abs":4.68,"stop_loss_ratio":-0.25,"min_rate":4.48,"max_rate":7.5600000000000005,"is_open":false,"enter_tag":"","leverage":1.0,"is_short":false,"open_timestamp":1767573900000,"close_timestamp":1769879400000,"orders":[{"amount":1.58,"safe_price":6.23,"ft_order_side":"buy","order_filled_timestamp":1767573900000,"ft_is_entry":true,"ft_order_tag":"","cost":9.8532434},{"amount":1.58,"safe_price":4.68,"ft_order_side":"sell","order_filled_timestamp":1769879400000,"ft_is_entry":false,"ft_order_tag":"stop_loss","cost":7.401794399999999}],"funding_fees":0.0,"weekday":5},{"pair":"ETH/USDT","stake_amount":9.813267,"max_stake_amount":9.813267,"amount":0.0031,"open_date":"2026-01-05 00:55:00+00:00","close_date":"2026-01-31 17:10:00+00:00","open_rate":3165.57,"close_rate":2374.1775000000002,"fee_open":0.001,"fee_close":0.001,"trade_duration":38415,"profit_ratio":-0.2514985017784544,"profit_abs":-2.47048997,"exit_reason":"stop_loss","initial_stop_loss_abs":2374.1775000000002,"initial_stop_loss_ratio":-0.25,"stop_loss_abs":2374.1775000000002,"stop_loss_ratio":-0.25,"min_rate":2370.0,"max_rate":3402.89,"is_open":false,"enter_tag":"","leverage":1.0,"is_short":false,"open_timestamp":1767574500000,"close_timestamp":1769879400000,"orders":[{"amount":0.0031,"safe_price":3165.57,"ft_order_side":"buy","order_filled_timestamp":1767574500000,"ft_is_entry":true,"ft_order_tag":"","cost":9.823080266999998},{"amount":0.0031,"safe_price":2374.1775000000002,"ft_order_side":"sell","order_filled_timestamp":1769879400000,"ft_is_entry":false,"ft_order_tag":"stop_loss","cost":7.3673102002499995}],"funding_fees":0.0,"weekday":5},{"pair":"AAVE/USDT","stake_amount":9.74975,"max_stake_amount":9.74975,"amount":0.059,"open_date":"2026-01-05 01:00:00+00:00","close_date":"2026-01-31 17:10:00+00:00","open_rate":165.25,"close_rate":123.9375,"fee_open":0.001,"fee_close":0.001,"trade_duration":38410,"profit_ratio":-0.2514985012423408,"profit_abs":-2.45449956,"exit_reason":"stop_loss","initial_stop_loss_abs":123.9375,"initial_stop_loss_ratio":-0.25,"stop_loss_abs":123.9375,"stop_loss_ratio":-0.25,"min_rate":123.57,"max_rate":180.37,"is_open":false,"enter_tag":"","leverage":1.0,"is_short":false,"open_timestamp":1767574800000,"close_timestamp":1769879400000,"orders":[{"amount":0.059,"safe_price":165.25,"ft_order_side":"buy","order_filled_timestamp":1767574800000,"ft_is_entry":true,"ft_order_tag":"","cost":9.759499749999998},{"amount":0.059,"safe_price":123.9375,"ft_order_side":"sell","order_filled_timestamp":1769879400000,"ft_is_entry":false,"ft_order_tag":"stop_loss","cost":7.319624812499999}],"funding_fees":0.0,"weekday":5},{"pair":"BCH/USDT","stake_amount":9.8205,"max_stake_amount":9.8205,"amount":0.015,"open_date":"2026-01-05 01:30:00+00:00","close_date":"2026-01-31 17:10:00+00:00","open_rate":654.7,"close_rate":491.02500000000003,"fee_open":0.001,"fee_close":0.001,"trade_duration":38380,"profit_ratio":-0.2514985009898711,"profit_abs":-2.47231087,"exit_reason":"stop_loss","initial_stop_loss_abs":491.02500000000003,"initial_stop_loss_ratio":-0.25,"stop_loss_abs":491.02500000000003,"stop_loss_ratio":-0.25,"min_rate":480.1,"max_rate":669.6,"is_open":false,"enter_tag":"","leverage":1.0,"is_short":false,"open_timestamp":1767576600000,"close_timestamp":1769879400000,"orders":[{"amount":0.015,"safe_price":654.7,"ft_order_side":"buy","order_filled_timestamp":1767576600000,"ft_is_entry":true,"ft_order_tag":"","cost":9.8303205},{"amount":0.015,"safe_price":491.02500000000003,"ft_order_side":"sell","order_filled_timestamp":1769879400000,"ft_is_entry":false,"ft_order_tag":"stop_loss","cost":7.372740374999999}],"funding_fees":0.0,"weekday":5},{"pair":"ETH/USDT","stake_amount":7.843935,"max_stake_amount":7.843935,"amount":0.0033,"open_date":"2026-01-31 20:20:00+00:00","close_date":"2026-02-02 09:00:00+00:00","open_rate":2376.95,"close_rate":2249.33,"fee_open":0.001,"fee_close":0.001,"trade_duration":2200,"profit_ratio":-0.05558138144397465,"profit_abs":-0.43641272,"exit_reason":"force_exit","initial_stop_loss_abs":1782.7124999999999,"initial_stop_loss_ratio":-0.25,"stop_loss_abs":1782.7124999999999,"stop_loss_ratio":-0.25,"min_rate":2157.14,"max_rate":2475.98,"is_open":false,"enter_tag":"","leverage":1.0,"is_short":false,"open_timestamp":1769890800000,"close_timestamp":1770022800000,"orders":[{"amount":0.0033,"safe_price":2376.95,"ft_order_side":"buy","order_filled_timestamp":1769890800000,"ft_is_entry":true,"ft_order_tag":"","cost":7.851778934999999},{"amount":0.0033,"safe_price":2249.33,"ft_order_side":"sell","order_filled_timestamp":1770022800000,"ft_is_entry":false,"ft_order_tag":"force_exit","cost":7.4302117889999995}],"funding_fees":0.0,"weekday":0},{"pair":"BNB/USDT","stake_amount":9.0009,"max_stake_amount":9.0009,"amount":0.01,"open_date":"2026-01-05 00:55:00+00:00","close_date":"2026-02-02 09:00:00+00:00","open_rate":900.09,"close_rate":758.41,"fee_open":0.001,"fee_close":0.001,"trade_duration":40805,"profit_ratio":-0.15908998510738337,"profit_abs":-1.433385,"exit_reason":"force_exit","initial_stop_loss_abs":675.0675,"initial_stop_loss_ratio":-0.25,"stop_loss_abs":675.0675,"stop_loss_ratio":-0.25,"min_rate":728.44,"max_rate":959.52,"is_open":false,"enter_tag":"","leverage":1.0,"is_short":false,"open_timestamp":1767574500000,"close_timestamp":1770022800000,"orders":[{"amount":0.01,"safe_price":900.09,"ft_order_side":"buy","order_filled_timestamp":1767574500000,"ft_is_entry":true,"ft_order_tag":"","cost":9.009900899999998},{"amount":0.01,"safe_price":758.41,"ft_order_side":"sell","order_filled_timestamp":1770022800000,"ft_is_entry":false,"ft_order_tag":"force_exit","cost":7.591684099999998}],"funding_fees":0.0,"weekday":0},{"pair":"BCH/USDT","stake_amount":7.9056,"max_stake_amount":7.9056,"amount":0.016,"open_date":"2026-01-31 17:40:00+00:00","close_date":"2026-02-02 08:55:00+00:00","open_rate":494.1,"close_rate":515.3,"fee_open":0.001,"fee_close":0.001,"trade_duration":2355,"profit_ratio":0.04082256541272935,"profit_abs":0.3230496,"exit_reason":"force_exit","initial_stop_loss_abs":370.57500000000005,"initial_stop_loss_ratio":-0.25,"stop_loss_abs":370.57500000000005,"stop_loss_ratio":-0.25,"min_rate":467.2,"max_rate":538.4,"is_open":false,"enter_tag":"","leverage":1.0,"is_short":false,"open_timestamp":1769881200000,"close_timestamp":1770022500000,"orders":[{"amount":0.016,"safe_price":494.1,"ft_order_side":"buy","order_filled_timestamp":1769881200000,"ft_is_entry":true,"ft_order_tag":"","cost":7.9135056},{"amount":0.016,"safe_price":515.3,"ft_order_side":"sell","order_filled_timestamp":1770022500000,"ft_is_entry":false,"ft_order_tag":"force_exit","cost":8.2530448}],"funding_fees":0.0,"weekday":0},{"pair":"AAVE/USDT","stake_amount":6.96654,"max_stake_amount":6.96654,"amount":0.054,"open_date":"2026-02-01 01:45:00+00:00","close_date":"2026-02-02 09:00:00+00:00","open_rate":129.01,"close_rate":125.38,"fee_open":0.001,"fee_close":0.001,"trade_duration":1875,"profit_ratio":-0.030079137202616003,"profit_abs":-0.20975706,"exit_reason":"force_exit","initial_stop_loss_abs":96.7575,"initial_stop_loss_ratio":-0.25,"stop_loss_abs":96.7575,"stop_loss_ratio":-0.25,"min_rate":120.4,"max_rate":130.42,"is_open":false,"enter_tag":"","leverage":1.0,"is_short":false,"open_timestamp":1769910300000,"close_timestamp":1770022800000,"orders":[{"amount":0.054,"safe_price":129.01,"ft_order_side":"buy","order_filled_timestamp":1769910300000,"ft_is_entry":true,"ft_order_tag":"","cost":6.973506539999999},{"amount":0.054,"safe_price":125.38,"ft_order_side":"sell","order_filled_timestamp":1770022800000,"ft_is_entry":false,"ft_order_tag":"force_exit","cost":6.777290519999998}],"funding_fees":0.0,"weekday":0},{"pair":"RUNE/USDT","stake_amount":7.9182,"max_stake_amount":7.9182,"amount":16.6,"open_date":"2026-02-01 00:50:00+00:00","close_date":"2026-02-02 08:55:00+00:00","open_rate":0.477,"close_rate":0.463,"fee_open":0.001,"fee_close":0.001,"trade_duration":1925,"profit_ratio":-0.031289465251729404,"profit_abs":-0.248004,"exit_reason":"force_exit","initial_stop_loss_abs":0.358,"initial_stop_loss_ratio":-0.25,"stop_loss_abs":0.358,"stop_loss_ratio":-0.25,"min_rate":0.445,"max_rate":0.47900000000000004,"is_open":false,"enter_tag":"","leverage":1.0,"is_short":false,"open_timestamp":1769907000000,"close_timestamp":1770022500000,"orders":[{"amount":16.6,"safe_price":0.47700000000000004,"ft_order_side":"buy","order_filled_timestamp":1769907000000,"ft_is_entry":true,"ft_order_tag":"","cost":7.9261182},{"amount":16.6,"safe_price":0.463,"ft_order_side":"sell","order_filled_timestamp":1770022500000,"ft_is_entry":false,"ft_order_tag":"force_exit","cost":7.6934858}],"funding_fees":0.0,"weekday":0}],"locks":[],"best_pair":{"key":"BTC/USDT","trades":0,"profit_mean":0.0,"profit_mean_pct":0.0,"profit_total_abs":0.0,"profit_total":0.0,"profit_total_pct":0.0,"duration_avg":"0:00","wins":0,"draws":0,"losses":0,"winrate":0.0,"cagr":0.0,"expectancy":0.0,"expectancy_ratio":100.0,"sortino":0,"sharpe":0,"calmar":0,"sqn":0.0,"profit_factor":0.0,"max_drawdown_account":0.0,"max_drawdown_abs":0.0},"worst_pair":{"key":"ETH/USDT","trades":2,"profit_mean":-0.15353994161121454,"profit_mean_pct":-15.35,"profit_total_abs":-2.90690269,"profit_total":-0.0581380538,"profit_total_pct":-5.81,"duration_avg":"14 days, 2:28:00","wins":0,"draws":0,"losses":2,"winrate":0.0,"cagr":-0.5419580756333431,"expectancy":-1.453451345,"expectancy_ratio":-1.0,"sortino":-1.950210309067532,"sharpe":-1.950210309067532,"calmar":-68.2320470519385,"sqn":-1.4291,"profit_factor":0.0,"max_drawdown_account":0.058138053800000054,"max_drawdown_abs":2.90690269},"results_per_pair":[{"key":"BTC/USDT","trades":0,"profit_mean":0.0,"profit_mean_pct":0.0,"profit_total_abs":0.0,"profit_total":0.0,"profit_total_pct":0.0,"duration_avg":"0:00","wins":0,"draws":0,"losses":0,"winrate":0.0,"cagr":0.0,"expectancy":0.0,"expectancy_ratio":100.0,"sortino":0,"sharpe":0,"calmar":0,"sqn":0.0,"profit_factor":0.0,"max_drawdown_account":0.0,"max_drawdown_abs":0.0},{"key":"SOL/USDT","trades":0,"profit_mean":0.0,"profit_mean_pct":0.0,"profit_total_abs":0.0,"profit_total":0.0,"profit_total_pct":0.0,"duration_avg":"0:00","wins":0,"draws":0,"losses":0,"winrate":0.0,"cagr":0.0,"expectancy":0.0,"expectancy_ratio":100.0,"sortino":0,"sharpe":0,"calmar":0,"sqn":0.0,"profit_factor":0.0,"max_drawdown_account":0.0,"max_drawdown_abs":0.0},{"key":"ADA/USDT","trades":0,"profit_mean":0.0,"profit_mean_pct":0.0,"profit_total_abs":0.0,"profit_total":0.0,"profit_total_pct":0.0,"duration_avg":"0:00","wins":0,"draws":0,"losses":0,"winrate":0.0,"cagr":0.0,"expectancy":0.0,"expectancy_ratio":100.0,"sortino":0,"sharpe":0,"calmar":0,"sqn":0.0,"profit_factor":0.0,"max_drawdown_account":0.0,"max_drawdown_abs":0.0},{"key":"XRP/USDT","trades":0,"profit_mean":0.0,"profit_mean_pct":0.0,"profit_total_abs":0.0,"profit_total":0.0,"profit_total_pct":0.0,"duration_avg":"0:00","wins":0,"draws":0,"losses":0,"winrate":0.0,"cagr":0.0,"expectancy":0.0,"expectancy_ratio":100.0,"sortino":0,"sharpe":0,"calmar":0,"sqn":0.0,"profit_factor":0.0,"max_drawdown_account":0.0,"max_drawdown_abs":0.0},{"key":"DOT/USDT","trades":0,"profit_mean":0.0,"profit_mean_pct":0.0,"profit_total_abs":0.0,"profit_total":0.0,"profit_total_pct":0.0,"duration_avg":"0:00","wins":0,"draws":0,"losses":0,"winrate":0.0,"cagr":0.0,"expectancy":0.0,"expectancy_ratio":100.0,"sortino":0,"sharpe":0,"calmar":0,"sqn":0.0,"profit_factor":0.0,"max_drawdown_account":0.0,"max_drawdown_abs":0.0},{"key":"DOGE/USDT","trades":0,"profit_mean":0.0,"profit_mean_pct":0.0,"profit_total_abs":0.0,"profit_total":0.0,"profit_total_pct":0.0,"duration_avg":"0:00","wins":0,"draws":0,"losses":0,"winrate":0.0,"cagr":0.0,"expectancy":0.0,"expectancy_ratio":100.0,"sortino":0,"sharpe":0,"calmar":0,"sqn":0.0,"profit_factor":0.0,"max_drawdown_account":0.0,"max_drawdown_abs":0.0},{"key":"AVAX/USDT","trades":0,"profit_mean":0.0,"profit_mean_pct":0.0,"profit_total_abs":0.0,"profit_total":0.0,"profit_total_pct":0.0,"duration_avg":"0:00","wins":0,"draws":0,"losses":0,"winrate":0.0,"cagr":0.0,"expectancy":0.0,"expectancy_ratio":100.0,"sortino":0,"sharpe":0,"calmar":0,"sqn":0.0,"profit_factor":0.0,"max_drawdown_account":0.0,"max_drawdown_abs":0.0},{"key":"LINK/USDT","trades":0,"profit_mean":0.0,"profit_mean_pct":0.0,"profit_total_abs":0.0,"profit_total":0.0,"profit_total_pct":0.0,"duration_avg":"0:00","wins":0,"draws":0,"losses":0,"winrate":0.0,"cagr":0.0,"expectancy":0.0,"expectancy_ratio":100.0,"sortino":0,"sharpe":0,"calmar":0,"sqn":0.0,"profit_factor":0.0,"max_drawdown_account":0.0,"max_drawdown_abs":0.0},{"key":"LTC/USDT","trades":0,"profit_mean":0.0,"profit_mean_pct":0.0,"profit_total_abs":0.0,"profit_total":0.0,"profit_total_pct":0.0,"duration_avg":"0:00","wins":0,"draws":0,"losses":0,"winrate":0.0,"cagr":0.0,"expectancy":0.0,"expectancy_ratio":100.0,"sortino":0,"sharpe":0,"calmar":0,"sqn":0.0,"profit_factor":0.0,"max_drawdown_account":0.0,"max_drawdown_abs":0.0},{"key":"TRX/USDT","trades":0,"profit_mean":0.0,"profit_mean_pct":0.0,"profit_total_abs":0.0,"profit_total":0.0,"profit_total_pct":0.0,"duration_avg":"0:00","wins":0,"draws":0,"losses":0,"winrate":0.0,"cagr":0.0,"expectancy":0.0,"expectancy_ratio":100.0,"sortino":0,"sharpe":0,"calmar":0,"sqn":0.0,"profit_factor":0.0,"max_drawdown_account":0.0,"max_drawdown_abs":0.0},{"key":"UNI/USDT","trades":0,"profit_mean":0.0,"profit_mean_pct":0.0,"profit_total_abs":0.0,"profit_total":0.0,"profit_total_pct":0.0,"duration_avg":"0:00","wins":0,"draws":0,"losses":0,"winrate":0.0,"cagr":0.0,"expectancy":0.0,"expectancy_ratio":100.0,"sortino":0,"sharpe":0,"calmar":0,"sqn":0.0,"profit_factor":0.0,"max_drawdown_account":0.0,"max_drawdown_abs":0.0},{"key":"ATOM/USDT","trades":0,"profit_mean":0.0,"profit_mean_pct":0.0,"profit_total_abs":0.0,"profit_total":0.0,"profit_total_pct":0.0,"duration_avg":"0:00","wins":0,"draws":0,"losses":0,"winrate":0.0,"cagr":0.0,"expectancy":0.0,"expectancy_ratio":100.0,"sortino":0,"sharpe":0,"calmar":0,"sqn":0.0,"profit_factor":0.0,"max_drawdown_account":0.0,"max_drawdown_abs":0.0},{"key":"XLM/USDT","trades":0,"profit_mean":0.0,"profit_mean_pct":0.0,"profit_total_abs":0.0,"profit_total":0.0,"profit_total_pct":0.0,"duration_avg":"0:00","wins":0,"draws":0,"losses":0,"winrate":0.0,"cagr":0.0,"expectancy":0.0,"expectancy_ratio":100.0,"sortino":0,"sharpe":0,"calmar":0,"sqn":0.0,"profit_factor":0.0,"max_drawdown_account":0.0,"max_drawdown_abs":0.0},{"key":"ETC/USDT","trades":0,"profit_mean":0.0,"profit_mean_pct":0.0,"profit_total_abs":0.0,"profit_total":0.0,"profit_total_pct":0.0,"duration_avg":"0:00","wins":0,"draws":0,"losses":0,"winrate":0.0,"cagr":0.0,"expectancy":0.0,"expectancy_ratio":100.0,"sortino":0,"sharpe":0,"calmar":0,"sqn":0.0,"profit_factor":0.0,"max_drawdown_account":0.0,"max_drawdown_abs":0.0},{"key":"NEAR/USDT","trades":0,"profit_mean":0.0,"profit_mean_pct":0.0,"profit_total_abs":0.0,"profit_total":0.0,"profit_total_pct":0.0,"duration_avg":"0:00","wins":0,"draws":0,"losses":0,"winrate":0.0,"cagr":0.0,"expectancy":0.0,"expectancy_ratio":100.0,"sortino":0,"sharpe":0,"calmar":0,"sqn":0.0,"profit_factor":0.0,"max_drawdown_account":0.0,"max_drawdown_abs":0.0},{"key":"FIL/USDT","trades":0,"profit_mean":0.0,"profit_mean_pct":0.0,"profit_total_abs":0.0,"profit_total":0.0,"profit_total_pct":0.0,"duration_avg":"0:00","wins":0,"draws":0,"losses":0,"winrate":0.0,"cagr":0.0,"expectancy":0.0,"expectancy_ratio":100.0,"sortino":0,"sharpe":0,"calmar":0,"sqn":0.0,"profit_factor":0.0,"max_drawdown_account":0.0,"max_drawdown_abs":0.0},{"key":"APT/USDT","trades":0,"profit_mean":0.0,"profit_mean_pct":0.0,"profit_total_abs":0.0,"profit_total":0.0,"profit_total_pct":0.0,"duration_avg":"0:00","wins":0,"draws":0,"losses":0,"winrate":0.0,"cagr":0.0,"expectancy":0.0,"expectancy_ratio":100.0,"sortino":0,"sharpe":0,"calmar":0,"sqn":0.0,"profit_factor":0.0,"max_drawdown_account":0.0,"max_drawdown_abs":0.0},{"key":"ARB/USDT","trades":0,"profit_mean":0.0,"profit_mean_pct":0.0,"profit_total_abs":0.0,"profit_total":0.0,"profit_total_pct":0.0,"duration_avg":"0:00","wins":0,"draws":0,"losses":0,"winrate":0.0,"cagr":0.0,"expectancy":0.0,"expectancy_ratio":100.0,"sortino":0,"sharpe":0,"calmar":0,"sqn":0.0,"profit_factor":0.0,"max_drawdown_account":0.0,"max_drawdown_abs":0.0},{"key":"OP/USDT","trades":0,"profit_mean":0.0,"profit_mean_pct":0.0,"profit_total_abs":0.0,"profit_total":0.0,"profit_total_pct":0.0,"duration_avg":"0:00","wins":0,"draws":0,"losses":0,"winrate":0.0,"cagr":0.0,"expectancy":0.0,"expectancy_ratio":100.0,"sortino":0,"sharpe":0,"calmar":0,"sqn":0.0,"profit_factor":0.0,"max_drawdown_account":0.0,"max_drawdown_abs":0.0},{"key":"ICP/USDT","trades":0,"profit_mean":0.0,"profit_mean_pct":0.0,"profit_total_abs":0.0,"profit_total":0.0,"profit_total_pct":0.0,"duration_avg":"0:00","wins":0,"draws":0,"losses":0,"winrate":0.0,"cagr":0.0,"expectancy":0.0,"expectancy_ratio":100.0,"sortino":0,"sharpe":0,"calmar":0,"sqn":0.0,"profit_factor":0.0,"max_drawdown_account":0.0,"max_drawdown_abs":0.0},{"key":"ALGO/USDT","trades":0,"profit_mean":0.0,"profit_mean_pct":0.0,"profit_total_abs":0.0,"profit_total":0.0,"profit_total_pct":0.0,"duration_avg":"0:00","wins":0,"draws":0,"losses":0,"winrate":0.0,"cagr":0.0,"expectancy":0.0,"expectancy_ratio":100.0,"sortino":0,"sharpe":0,"calmar":0,"sqn":0.0,"profit_factor":0.0,"max_drawdown_account":0.0,"max_drawdown_abs":0.0},{"key":"SAND/USDT","trades":0,"profit_mean":0.0,"profit_mean_pct":0.0,"profit_total_abs":0.0,"profit_total":0.0,"profit_total_pct":0.0,"duration_avg":"0:00","wins":0,"draws":0,"losses":0,"winrate":0.0,"cagr":0.0,"expectancy":0.0,"expectancy_ratio":100.0,"sortino":0,"sharpe":0,"calmar":0,"sqn":0.0,"profit_factor":0.0,"max_drawdown_account":0.0,"max_drawdown_abs":0.0},{"key":"MANA/USDT","trades":0,"profit_mean":0.0,"profit_mean_pct":0.0,"profit_total_abs":0.0,"profit_total":0.0,"profit_total_pct":0.0,"duration_avg":"0:00","wins":0,"draws":0,"losses":0,"winrate":0.0,"cagr":0.0,"expectancy":0.0,"expectancy_ratio":100.0,"sortino":0,"sharpe":0,"calmar":0,"sqn":0.0,"profit_factor":0.0,"max_drawdown_account":0.0,"max_drawdown_abs":0.0},{"key":"INJ/USDT","trades":0,"profit_mean":0.0,"profit_mean_pct":0.0,"profit_total_abs":0.0,"profit_total":0.0,"profit_total_pct":0.0,"duration_avg":"0:00","wins":0,"draws":0,"losses":0,"winrate":0.0,"cagr":0.0,"expectancy":0.0,"expectancy_ratio":100.0,"sortino":0,"sharpe":0,"calmar":0,"sqn":0.0,"profit_factor":0.0,"max_drawdown_account":0.0,"max_drawdown_abs":0.0},{"key":"GALA/USDT","trades":0,"profit_mean":0.0,"profit_mean_pct":0.0,"profit_total_abs":0.0,"profit_total":0.0,"profit_total_pct":0.0,"duration_avg":"0:00","wins":0,"draws":0,"losses":0,"winrate":0.0,"cagr":0.0,"expectancy":0.0,"expectancy_ratio":100.0,"sortino":0,"sharpe":0,"calmar":0,"sqn":0.0,"profit_factor":0.0,"max_drawdown_account":0.0,"max_drawdown_abs":0.0},{"key":"HBAR/USDT","trades":0,"profit_mean":0.0,"profit_mean_pct":0.0,"profit_total_abs":0.0,"profit_total":0.0,"profit_total_pct":0.0,"duration_avg":"0:00","wins":0,"draws":0,"losses":0,"winrate":0.0,"cagr":0.0,"expectancy":0.0,"expectancy_ratio":100.0,"sortino":0,"sharpe":0,"calmar":0,"sqn":0.0,"profit_factor":0.0,"max_drawdown_account":0.0,"max_drawdown_abs":0.0},{"key":"VET/USDT","trades":0,"profit_mean":0.0,"profit_mean_pct":0.0,"profit_total_abs":0.0,"profit_total":0.0,"profit_total_pct":0.0,"duration_avg":"0:00","wins":0,"draws":0,"losses":0,"winrate":0.0,"cagr":0.0,"expectancy":0.0,"expectancy_ratio":100.0,"sortino":0,"sharpe":0,"calmar":0,"sqn":0.0,"profit_factor":0.0,"max_drawdown_account":0.0,"max_drawdown_abs":0.0},{"key":"RUNE/USDT","trades":1,"profit_mean":-0.031289465251729404,"profit_mean_pct":-3.13,"profit_total_abs":-0.248004,"profit_total":-0.00496008,"profit_total_pct":-0.5,"duration_avg":"1 day, 8:05:00","wins":0,"draws":0,"losses":1,"winrate":0.0,"cagr":-0.06276298032043381,"expectancy":-0.248004,"expectancy_ratio":-1.0,"sortino":-100,"sharpe":-100,"calmar":-68.23204705193811,"sqn":-100.0,"profit_factor":0.0,"max_drawdown_account":0.004960080000000033,"max_drawdown_abs":0.248004},{"key":"BNB/USDT","trades":1,"profit_mean":-0.15908998510738337,"profit_mean_pct":-15.91,"profit_total_abs":-1.433385,"profit_total":-0.028667699999999997,"profit_total_pct":-2.87,"duration_avg":"28 days, 8:05:00","wins":0,"draws":0,"losses":1,"winrate":0.0,"cagr":-0.3155674582012089,"expectancy":-1.433385,"expectancy_ratio":-1.0,"sortino":-100,"sharpe":-100,"calmar":-68.23204705193851,"sqn":-100.0,"profit_factor":0.0,"max_drawdown_account":0.028667700000000025,"max_drawdown_abs":1.433385},{"key":"BCH/USDT","trades":2,"profit_mean":-0.10533796778857087,"profit_mean_pct":-10.53,"profit_total_abs":-2.14926127,"profit_total":-0.04298522539999999,"profit_total_pct":-4.3,"duration_avg":"14 days, 3:28:00","wins":1,"draws":0,"losses":1,"winrate":0.5,"cagr":-0.4360236711183919,"expectancy":-1.074630635,"expectancy_ratio":-0.43466646854163615,"sortino":-100,"sharpe":-1.049227802105603,"calmar":-59.316365866865745,"sqn":-0.7689,"profit_factor":0.13066706291672778,"max_drawdown_account":0.04944621740000002,"max_drawdown_abs":2.47231087},{"key":"EGLD/USDT","trades":1,"profit_mean":-0.25029705447040923,"profit_mean_pct":-25.03,"profit_total_abs":-2.4662378,"profit_total":-0.049324756,"profit_total_pct":-4.93,"duration_avg":"26 days, 16:25:00","wins":0,"draws":0,"losses":1,"winrate":0.0,"cagr":-0.48282938828126454,"expectancy":-2.4662378,"expectancy_ratio":-1.0,"sortino":-100,"sharpe":-100,"calmar":-68.23204705193851,"sqn":-100.0,"profit_factor":0.0,"max_drawdown_account":0.04932475600000004,"max_drawdown_abs":2.4662378},{"key":"AAVE/USDT","trades":2,"profit_mean":-0.1407888192224784,"profit_mean_pct":-14.08,"profit_total_abs":-2.6642566199999997,"profit_total":-0.0532851324,"profit_total_pct":-5.33,"duration_avg":"13 days, 23:42:00","wins":0,"draws":0,"losses":2,"winrate":0.0,"cagr":-0.5102208950171119,"expectancy":-1.3321283099999999,"expectancy_ratio":-1.0,"sortino":-1.6196751569881964,"sharpe":-1.6196751569881964,"calmar":-68.23204705193848,"sqn":-1.1869,"profit_factor":0.0,"max_drawdown_account":0.05328513240000007,"max_drawdown_abs":2.6642566199999997},{"key":"ETH/USDT","trades":2,"profit_mean":-0.15353994161121454,"profit_mean_pct":-15.35,"profit_total_abs":-2.90690269,"profit_total":-0.0581380538,"profit_total_pct":-5.81,"duration_avg":"14 days, 2:28:00","wins":0,"draws":0,"losses":2,"winrate":0.0,"cagr":-0.5419580756333431,"expectancy":-1.453451345,"expectancy_ratio":-1.0,"sortino":-1.950210309067532,"sharpe":-1.950210309067532,"calmar":-68.2320470519385,"sqn":-1.4291,"profit_factor":0.0,"max_drawdown_account":0.058138053800000054,"max_drawdown_abs":2.90690269},{"key":"TOTAL","trades":9,"profit_mean":-0.1377788846748944,"profit_mean_pct":-13.78,"profit_total_abs":-11.86804738,"profit_total":-0.2373609476,"profit_total_pct":-23.74,"duration_avg":"15 days, 15:32:00","wins":1,"draws":0,"losses":8,"winrate":0.1111111111111111,"cagr":-0.9707622038592596,"expectancy":-1.318671931111111,"expectancy_ratio":-0.8653343883815852,"sortino":-8.05003777731461,"sharpe":-7.28269705258036,"calmar":-68.23204705193857,"sqn":-3.3543,"profit_factor":0.02649881307071679,"max_drawdown_account":0.2373609476,"max_drawdown_abs":11.868047379999998}],"results_per_enter_tag":[{"key":"","trades":9,"profit_mean":-0.1377788846748944,"profit_mean_pct":-13.78,"profit_total_abs":-11.86804738,"profit_total":-0.2373609476,"profit_total_pct":-23.74,"duration_avg":"15 days, 15:32:00","wins":1,"draws":0,"losses":8,"winrate":0.1111111111111111,"cagr":-0.9707622038592596,"expectancy":-1.318671931111111,"expectancy_ratio":-0.8653343883815852,"sortino":-8.05003777731461,"sharpe":-7.28269705258036,"calmar":-68.23204705193857,"sqn":-3.3543,"profit_factor":0.02649881307071679,"max_drawdown_account":0.2373609476,"max_drawdown_abs":11.868047379999998},{"key":"TOTAL","trades":9,"profit_mean":-0.1377788846748944,"profit_mean_pct":-13.78,"profit_total_abs":-11.86804738,"profit_total":-0.2373609476,"profit_total_pct":-23.74,"duration_avg":"15 days, 15:32:00","wins":1,"draws":0,"losses":8,"winrate":0.1111111111111111,"cagr":-0.9707622038592596,"expectancy":-1.318671931111111,"expectancy_ratio":-0.8653343883815852,"sortino":-8.05003777731461,"sharpe":-7.28269705258036,"calmar":-68.23204705193857,"sqn":-3.3543,"profit_factor":0.02649881307071679,"max_drawdown_account":0.2373609476,"max_drawdown_abs":11.868047379999998}],"exit_reason_summary":[{"key":"force_exit","trades":5,"profit_mean":-0.047043480718594814,"profit_mean_pct":-4.7,"profit_total_abs":-2.00450918,"profit_total":-0.040090183599999996,"profit_total_pct":-4.01,"duration_avg":"6 days, 19:52:00","wins":1,"draws":0,"losses":4,"winrate":0.2,"cagr":-0.4133744140138633,"expectancy":-0.40090183599999996,"expectancy_ratio":-0.6889653476334547,"sortino":-2.740688527509016,"sharpe":-2.379951816744327,"calmar":-59.14155515473763,"sqn":-1.3952,"profit_factor":0.1387933154581815,"max_drawdown_account":0.046252339603838254,"max_drawdown_abs":2.32755878},{"key":"stop_loss","trades":4,"profit_mean":-0.2511981396202689,"profit_mean_pct":-25.12,"profit_total_abs":-9.863538199999999,"profit_total":-0.197270764,"profit_total_pct":-19.73,"duration_avg":"26 days, 16:08:00","wins":0,"draws":0,"losses":4,"winrate":0.0,"cagr":-0.9429849117842453,"expectancy":-2.4658845499999997,"expectancy_ratio":-1.0,"sortino":-970.7729218666067,"sharpe":-970.7729218666067,"calmar":-68.23204705193857,"sqn":-616.0698,"profit_factor":0.0,"max_drawdown_account":0.19727076400000002,"max_drawdown_abs":9.863538199999999},{"key":"TOTAL","trades":9,"profit_mean":-0.1377788846748944,"profit_mean_pct":-13.78,"profit_total_abs":-11.86804738,"profit_total":-0.2373609476,"profit_total_pct":-23.74,"duration_avg":"15 days, 15:32:00","wins":1,"draws":0,"losses":8,"winrate":0.1111111111111111,"cagr":-0.9707622038592596,"expectancy":-1.318671931111111,"expectancy_ratio":-0.8653343883815852,"sortino":-8.05003777731461,"sharpe":-7.28269705258036,"calmar":-68.23204705193857,"sqn":-3.3543,"profit_factor":0.02649881307071679,"max_drawdown_account":0.2373609476,"max_drawdown_abs":11.868047379999998}],"mix_tag_stats":[{"key":["","force_exit"],"trades":5,"profit_mean":-0.047043480718594814,"profit_mean_pct":-4.7,"profit_total_abs":-2.00450918,"profit_total":-0.040090183599999996,"profit_total_pct":-4.01,"duration_avg":"6 days, 19:52:00","wins":1,"draws":0,"losses":4,"winrate":0.2,"cagr":-0.4133744140138633,"expectancy":-0.40090183599999996,"expectancy_ratio":-0.6889653476334547,"sortino":-2.740688527509016,"sharpe":-2.379951816744327,"calmar":-59.14155515473763,"sqn":-1.3952,"profit_factor":0.1387933154581815,"max_drawdown_account":0.046252339603838254,"max_drawdown_abs":2.32755878},{"key":["","stop_loss"],"trades":4,"profit_mean":-0.2511981396202689,"profit_mean_pct":-25.12,"profit_total_abs":-9.863538199999999,"profit_total":-0.197270764,"profit_total_pct":-19.73,"duration_avg":"26 days, 16:08:00","wins":0,"draws":0,"losses":4,"winrate":0.0,"cagr":-0.9429849117842453,"expectancy":-2.4658845499999997,"expectancy_ratio":-1.0,"sortino":-970.7729218666067,"sharpe":-970.7729218666067,"calmar":-68.23204705193857,"sqn":-616.0698,"profit_factor":0.0,"max_drawdown_account":0.19727076400000002,"max_drawdown_abs":9.863538199999999},{"key":"TOTAL","trades":9,"profit_mean":-0.1377788846748944,"profit_mean_pct":-13.78,"profit_total_abs":-11.86804738,"profit_total":-0.2373609476,"profit_total_pct":-23.74,"duration_avg":"15 days, 15:32:00","wins":1,"draws":0,"losses":8,"winrate":0.1111111111111111,"cagr":-0.9707622038592596,"expectancy":-1.318671931111111,"expectancy_ratio":-0.8653343883815852,"sortino":-8.05003777731461,"sharpe":-7.28269705258036,"calmar":-68.23204705193857,"sqn":-3.3543,"profit_factor":0.02649881307071679,"max_drawdown_account":0.2373609476,"max_drawdown_abs":11.868047379999998}],"left_open_trades":[{"key":"BCH/USDT","trades":1,"profit_mean":0.04082256541272935,"profit_mean_pct":4.08,"profit_total_abs":0.3230496,"profit_total":0.006460992,"profit_total_pct":0.65,"duration_avg":"1 day, 15:15:00","wins":1,"draws":0,"losses":0,"winrate":1.0,"cagr":0.08757748048912806,"expectancy":0.3230496,"expectancy_ratio":100.0,"sortino":-100,"sharpe":-100,"calmar":-100,"sqn":-100.0,"profit_factor":0.0,"max_drawdown_account":0.0,"max_drawdown_abs":0.0},{"key":"AAVE/USDT","trades":1,"profit_mean":-0.030079137202616003,"profit_mean_pct":-3.01,"profit_total_abs":-0.20975706,"profit_total":-0.0041951411999999995,"profit_total_pct":-0.42,"duration_avg":"1 day, 7:15:00","wins":0,"draws":0,"losses":1,"winrate":0.0,"cagr":-0.05332713883552864,"expectancy":-0.20975706,"expectancy_ratio":-1.0,"sortino":-100,"sharpe":-100,"calmar":-68.2320470519382,"sqn":-100.0,"profit_factor":0.0,"max_drawdown_account":0.004195141200000023,"max_drawdown_abs":0.20975706},{"key":"RUNE/USDT","trades":1,"profit_mean":-0.031289465251729404,"profit_mean_pct":-3.13,"profit_total_abs":-0.248004,"profit_total":-0.00496008,"profit_total_pct":-0.5,"duration_avg":"1 day, 8:05:00","wins":0,"draws":0,"losses":1,"winrate":0.0,"cagr":-0.06276298032043381,"expectancy":-0.248004,"expectancy_ratio":-1.0,"sortino":-100,"sharpe":-100,"calmar":-68.23204705193811,"sqn":-100.0,"profit_factor":0.0,"max_drawdown_account":0.004960080000000033,"max_drawdown_abs":0.248004},{"key":"ETH/USDT","trades":1,"profit_mean":-0.05558138144397465,"profit_mean_pct":-5.56,"profit_total_abs":-0.43641272,"profit_total":-0.0087282544,"profit_total_pct":-0.87,"duration_avg":"1 day, 12:40:00","wins":0,"draws":0,"losses":1,"winrate":0.0,"cagr":-0.10799049006908712,"expectancy":-0.43641272,"expectancy_ratio":-1.0,"sortino":-100,"sharpe":-100,"calmar":-68.23204705193858,"sqn":-100.0,"profit_factor":0.0,"max_drawdown_account":0.008728254399999998,"max_drawdown_abs":0.43641272},{"key":"BNB/USDT","trades":1,"profit_mean":-0.15908998510738337,"profit_mean_pct":-15.91,"profit_total_abs":-1.433385,"profit_total":-0.028667699999999997,"profit_total_pct":-2.87,"duration_avg":"28 days, 8:05:00","wins":0,"draws":0,"losses":1,"winrate":0.0,"cagr":-0.3155674582012089,"expectancy":-1.433385,"expectancy_ratio":-1.0,"sortino":-100,"sharpe":-100,"calmar":-68.23204705193851,"sqn":-100.0,"profit_factor":0.0,"max_drawdown_account":0.028667700000000025,"max_drawdown_abs":1.433385},{"key":"TOTAL","trades":5,"profit_mean":-0.047043480718594814,"profit_mean_pct":-4.7,"profit_total_abs":-2.00450918,"profit_total":-0.040090183599999996,"profit_total_pct":-4.01,"duration_avg":"6 days, 19:52:00","wins":1,"draws":0,"losses":4,"winrate":0.2,"cagr":-0.4133744140138633,"expectancy":-0.40090183599999996,"expectancy_ratio":-0.6889653476334547,"sortino":-2.740688527509016,"sharpe":-2.379951816744327,"calmar":-59.14155515473763,"sqn":-1.3952,"profit_factor":0.1387933154581815,"max_drawdown_account":0.046252339603838254,"max_drawdown_abs":2.32755878}],"total_trades":9,"trade_count_long":9,"trade_count_short":0,"total_volume":146.14814088875,"avg_stake_amount":8.762454666666667,"profit_mean":-0.1377788846748944,"profit_median":-0.15908998510738337,"profit_total":-0.2373609476,"profit_total_long":-0.2373609476,"profit_total_short":0.0,"profit_total_abs":-11.86804738,"profit_total_long_abs":-11.86804738,"profit_total_short_abs":0.0,"cagr":-0.9707622038592596,"expectancy":-1.318671931111111,"expectancy_ratio":-0.8653343883815852,"sortino":-8.05003777731461,"sharpe":-7.28269705258036,"calmar":-68.23204705193857,"sqn":-3.3543,"profit_factor":0.02649881307071679,"backtest_start":"2026-01-05 00:00:00","backtest_start_ts":1767571200000,"backtest_end":"2026-02-02 09:05:00","backtest_end_ts":1770023100000,"backtest_days":28,"backtest_run_start_ts":1770387387,"backtest_run_end_ts":1770387390,"trades_per_day":0.32,"market_change":-0.2615951209567668,"pairlist":["BTC/USDT","ETH/USDT","BNB/USDT","SOL/USDT","ADA/USDT","XRP/USDT","DOT/USDT","DOGE/USDT","AVAX/USDT","LINK/USDT","LTC/USDT","TRX/USDT","UNI/USDT","ATOM/USDT","XLM/USDT","ETC/USDT","BCH/USDT","NEAR/USDT","FIL/USDT","APT/USDT","ARB/USDT","OP/USDT","ICP/USDT","ALGO/USDT","AAVE/USDT","SAND/USDT","MANA/USDT","EGLD/USDT","RUNE/USDT","INJ/USDT","GALA/USDT","HBAR/USDT","VET/USDT"],"stake_amount":"unlimited","stake_currency":"USDT","stake_currency_decimals":3,"starting_balance":50,"dry_run_wallet":50,"final_balance":38.13195262,"rejected_signals":368,"timedout_entry_orders":0,"timedout_exit_orders":0,"canceled_trade_entries":0,"canceled_entry_orders":0,"replaced_entry_orders":0,"max_open_trades":5,"max_open_trades_setting":5,"timeframe":"5m","timeframe_detail":"","timerange":"20260105-20260206","enable_protections":false,"strategy_name":"Diamond","freqaimodel":"XGBoostRegressor","freqai_identifier":"qs_v9_scalp_5m1h_l2","stoploss":-0.25,"trailing_stop":false,"trailing_stop_positive":0.01,"trailing_stop_positive_offset":0.02,"trailing_only_offset_is_reached":false,"use_custom_stoploss":false,"minimal_roi":{},"use_exit_signal":true,"exit_profit_only":false,"exit_profit_offset":0.0,"ignore_roi_if_entry_signal":false,"trading_mode":"spot","margin_mode":"","periodic_breakdown":{"day":[{"date":"31/01/2026","date_ts":1769817600000,"profit_abs":-9.8635382,"wins":0,"draws":0,"losses":4,"trades":4,"profit_factor":0.0},{"date":"01/02/2026","date_ts":1769904000000,"profit_abs":0.0,"wins":0,"draws":0,"losses":0,"trades":0,"profit_factor":0.0},{"date":"02/02/2026","date_ts":1769990400000,"profit_abs":-2.00450918,"wins":1,"draws":0,"losses":4,"trades":5,"profit_factor":0.13879332}],"week":[{"date":"02/02/2026","date_ts":1769990400000,"profit_abs":-11.86804738,"wins":1,"draws":0,"losses":8,"trades":9,"profit_factor":0.02649881}],"month":[{"date":"31/01/2026","date_ts":1769817600000,"profit_abs":-9.8635382,"wins":0,"draws":0,"losses":4,"trades":4,"profit_factor":0.0},{"date":"28/02/2026","date_ts":1772236800000,"profit_abs":-2.00450918,"wins":1,"draws":0,"losses":4,"trades":5,"profit_factor":0.13879332}],"year":[{"date":"31/12/2026","date_ts":1798675200000,"profit_abs":-11.86804738,"wins":1,"draws":0,"losses":8,"trades":9,"profit_factor":0.02649881}],"weekday":[{"date":"Monday","date_ts":0,"profit_abs":-2.00450918,"wins":1,"draws":0,"losses":4,"trades":5,"profit_factor":0.13879332},{"date":"Saturday","date_ts":5,"profit_abs":-9.8635382,"wins":0,"draws":0,"losses":4,"trades":4,"profit_factor":0.0}]},"backtest_best_day":0.0,"backtest_worst_day":-1.0047925584810755,"backtest_best_day_abs":0.0,"backtest_worst_day_abs":-9.8635382,"winning_days":0,"draw_days":1,"losing_days":2,"daily_profit":[["2026-01-31",-9.8635382],["2026-02-01",0.0],["2026-02-02",-2.00450918]],"wins":1,"losses":8,"draws":0,"winrate":0.1111111111111111,"holding_avg":"15 days, 15:32:00","holding_avg_s":1351920.0,"winner_holding_min":"1d 15:15","winner_holding_min_s":141300.0,"winner_holding_max":"1d 15:15","winner_holding_max_s":141300.0,"winner_holding_avg":"1d 15:15","winner_holding_avg_s":141300.0,"loser_holding_min":"1d 07:15","loser_holding_min_s":112500.0,"loser_holding_max":"28d 08:05","loser_holding_max_s":2448300.0,"loser_holding_avg":"17d 09:34","loser_holding_avg_s":1503240.0,"max_consecutive_wins":1,"max_consecutive_losses":6,"max_drawdown_account":0.2373609476,"max_relative_drawdown":0.2373609476,"max_drawdown_abs":11.868047379999998,"drawdown_start":"2026-01-31 17:10:00","drawdown_start_ts":1769879400000.0,"drawdown_end":"2026-02-02 09:00:00","drawdown_end_ts":1770022800000.0,"drawdown_duration":"1 days 15:50:00","drawdown_duration_s":143400.0,"max_drawdown_low":-11.868047379999998,"max_drawdown_high":0.0,"csum_min":38.13195262,"csum_max":47.5337622}},"strategy_comparison":[{"key":"Diamond","trades":9,"profit_mean":-0.1377788846748944,"profit_mean_pct":-13.78,"profit_total_abs":-11.86804738,"profit_total":-0.2373609476,"profit_total_pct":-23.74,"duration_avg":"15 days, 15:32:00","wins":1,"draws":0,"losses":8,"winrate":0.1111111111111111,"cagr":-0.9707622038592596,"expectancy":-1.318671931111111,"expectancy_ratio":-0.8653343883815852,"sortino":-8.05003777731461,"sharpe":-7.28269705258036,"calmar":-68.23204705193857,"sqn":-3.3543,"profit_factor":0.02649881307071679,"max_drawdown_account":0.2373609476,"max_drawdown_abs":"11.868"}]}