{"strategy":{"UniversalMACD":{"trades":[{"pair":"ARB/USDT","stake_amount":6.18358,"max_stake_amount":6.18358,"amount":44.2,"open_date":"2026-01-31 14:40:00+00:00","close_date":"2026-01-31 15:00:00+00:00","open_rate":0.1399,"close_rate":0.14316293293293292,"fee_open":0.001,"fee_close":0.001,"trade_duration":20,"profit_ratio":0.02127872063249304,"profit_abs":0.13171025,"exit_reason":"roi","initial_stop_loss_abs":0.1355,"initial_stop_loss_ratio":-0.0318,"stop_loss_abs":0.1355,"stop_loss_ratio":-0.0318,"min_rate":0.1384,"max_rate":0.1434,"is_open":false,"enter_tag":"","leverage":1.0,"is_short":false,"open_timestamp":1769870400000,"close_timestamp":1769871600000,"orders":[{"amount":44.2,"safe_price":0.1399,"ft_order_side":"buy","order_filled_timestamp":1769870400000,"ft_is_entry":true,"ft_order_tag":"","cost":6.189763579999999},{"amount":44.2,"safe_price":0.14316293293293292,"ft_order_side":"sell","order_filled_timestamp":1769871600000,"ft_is_entry":false,"ft_order_tag":"roi","cost":6.334129437271271}],"funding_fees":0.0,"weekday":5},{"pair":"OP/USDT","stake_amount":6.186411,"max_stake_amount":6.186411,"amount":26.07,"open_date":"2026-01-31 14:40:00+00:00","close_date":"2026-01-31 15:05:00+00:00","open_rate":0.2373,"close_rate":0.2428346246246246,"fee_open":0.001,"fee_close":0.001,"trade_duration":25,"profit_ratio":0.021278720584343824,"profit_abs":0.13177055,"exit_reason":"roi","initial_stop_loss_abs":0.2298,"initial_stop_loss_ratio":-0.0318,"stop_loss_abs":0.2298,"stop_loss_ratio":-0.0318,"min_rate":0.2349,"max_rate":0.24350000000000002,"is_open":false,"enter_tag":"","leverage":1.0,"is_short":false,"open_timestamp":1769870400000,"close_timestamp":1769871900000,"orders":[{"amount":26.07,"safe_price":0.2373,"ft_order_side":"buy","order_filled_timestamp":1769870400000,"ft_is_entry":true,"ft_order_tag":"","cost":6.1925974109999995},{"amount":26.07,"safe_price":0.2428346246246246,"ft_order_side":"sell","order_filled_timestamp":1769871900000,"ft_is_entry":false,"ft_order_tag":"roi","cost":6.337029362627927}],"funding_fees":0.0,"weekday":5},{"pair":"GALA/USDT","stake_amount":6.18375,"max_stake_amount":6.18375,"amount":1275.0,"open_date":"2026-01-31 14:40:00+00:00","close_date":"2026-01-31 15:05:00+00:00","open_rate":0.00485,"close_rate":0.004963118118118118,"fee_open":0.001,"fee_close":0.001,"trade_duration":25,"profit_ratio":0.021278720470958194,"profit_abs":0.13171387,"exit_reason":"roi","initial_stop_loss_abs":0.0047,"initial_stop_loss_ratio":-0.0318,"stop_loss_abs":0.0047,"stop_loss_ratio":-0.0318,"min_rate":0.00481,"max_rate":0.0050100000000000006,"is_open":false,"enter_tag":"","leverage":1.0,"is_short":false,"open_timestamp":1769870400000,"close_timestamp":1769871900000,"orders":[{"amount":1275.0,"safe_price":0.00485,"ft_order_side":"buy","order_filled_timestamp":1769870400000,"ft_is_entry":true,"ft_order_tag":"","cost":6.189933749999999},{"amount":1275.0,"safe_price":0.004963118118118118,"ft_order_side":"sell","order_filled_timestamp":1769871900000,"ft_is_entry":false,"ft_order_tag":"roi","cost":6.3343035762012}],"funding_fees":0.0,"weekday":5},{"pair":"HBAR/USDT","stake_amount":6.10572,"max_stake_amount":6.10572,"amount":68.0,"open_date":"2026-01-31 14:40:00+00:00","close_date":"2026-01-31 15:05:00+00:00","open_rate":0.08979,"close_rate":0.09188420120120118,"fee_open":0.001,"fee_close":0.001,"trade_duration":25,"profit_ratio":0.0212787219331902,"profit_abs":0.13005184,"exit_reason":"roi","initial_stop_loss_abs":0.08694,"initial_stop_loss_ratio":-0.0318,"stop_loss_abs":0.08694,"stop_loss_ratio":-0.0318,"min_rate":0.08904000000000001,"max_rate":0.09217,"is_open":false,"enter_tag":"","leverage":1.0,"is_short":false,"open_timestamp":1769870400000,"close_timestamp":1769871900000,"orders":[{"amount":68.0,"safe_price":0.08979000000000001,"ft_order_side":"buy","order_filled_timestamp":1769870400000,"ft_is_entry":true,"ft_order_tag":"","cost":6.11182572},{"amount":68.0,"safe_price":0.09188420120120118,"ft_order_side":"sell","order_filled_timestamp":1769871900000,"ft_is_entry":false,"ft_order_tag":"roi","cost":6.254373807363361}],"funding_fees":0.0,"weekday":5},{"pair":"SOL/USDT","stake_amount":6.12416,"max_stake_amount":6.12416,"amount":0.056,"open_date":"2026-01-31 14:40:00+00:00","close_date":"2026-01-31 16:45:00+00:00","open_rate":109.36,"close_rate":105.882352,"fee_open":0.001,"fee_close":0.001,"trade_duration":125,"profit_ratio":-0.03373446558144541,"profit_abs":-0.20680186,"exit_reason":"stop_loss","initial_stop_loss_abs":105.882352,"initial_stop_loss_ratio":-0.0318,"stop_loss_abs":105.882352,"stop_loss_ratio":-0.0318,"min_rate":105.74,"max_rate":110.2,"is_open":false,"enter_tag":"","leverage":1.0,"is_short":false,"open_timestamp":1769870400000,"close_timestamp":1769877900000,"orders":[{"amount":0.056,"safe_price":109.36,"ft_order_side":"buy","order_filled_timestamp":1769870400000,"ft_is_entry":true,"ft_order_tag":"","cost":6.1302841599999995},{"amount":0.056,"safe_price":105.882352,"ft_order_side":"sell","order_filled_timestamp":1769877900000,"ft_is_entry":false,"ft_order_tag":"stop_loss","cost":5.935341123712}],"funding_fees":0.0,"weekday":5},{"pair":"VET/USDT","stake_amount":6.252036,"max_stake_amount":6.252036,"amount":736.4,"open_date":"2026-01-31 15:05:00+00:00","close_date":"2026-01-31 17:05:00+00:00","open_rate":0.00849,"close_rate":0.00823,"fee_open":0.001,"fee_close":0.001,"trade_duration":120,"profit_ratio":-0.03256107881705047,"profit_abs":-0.20377661,"exit_reason":"stop_loss","initial_stop_loss_abs":0.00823,"initial_stop_loss_ratio":-0.0318,"stop_loss_abs":0.00823,"stop_loss_ratio":-0.0318,"min_rate":0.00821,"max_rate":0.008570000000000001,"is_open":false,"enter_tag":"","leverage":1.0,"is_short":false,"open_timestamp":1769871900000,"close_timestamp":1769879100000,"orders":[{"amount":736.4,"safe_price":0.008490000000000001,"ft_order_side":"buy","order_filled_timestamp":1769871900000,"ft_is_entry":true,"ft_order_tag":"","cost":6.258288036},{"amount":736.4,"safe_price":0.00823,"ft_order_side":"sell","order_filled_timestamp":1769879100000,"ft_is_entry":false,"ft_order_tag":"stop_loss","cost":6.066632571999999}],"funding_fees":0.0,"weekday":5},{"pair":"FIL/USDT","stake_amount":6.17967,"max_stake_amount":6.17967,"amount":5.77,"open_date":"2026-01-31 14:40:00+00:00","close_date":"2026-01-31 17:10:00+00:00","open_rate":1.071,"close_rate":1.037,"fee_open":0.001,"fee_close":0.001,"trade_duration":150,"profit_ratio":-0.03368060510917654,"profit_abs":-0.20834316,"exit_reason":"stop_loss","initial_stop_loss_abs":1.037,"initial_stop_loss_ratio":-0.0318,"stop_loss_abs":1.037,"stop_loss_ratio":-0.0318,"min_rate":1.0,"max_rate":1.095,"is_open":false,"enter_tag":"","leverage":1.0,"is_short":false,"open_timestamp":1769870400000,"close_timestamp":1769879400000,"orders":[{"amount":5.77,"safe_price":1.071,"ft_order_side":"buy","order_filled_timestamp":1769870400000,"ft_is_entry":true,"ft_order_tag":"","cost":6.185849669999998},{"amount":5.77,"safe_price":1.037,"ft_order_side":"sell","order_filled_timestamp":1769879400000,"ft_is_entry":false,"ft_order_tag":"stop_loss","cost":5.989473489999998}],"funding_fees":0.0,"weekday":5},{"pair":"APT/USDT","stake_amount":6.1872,"max_stake_amount":6.1872,"amount":4.8,"open_date":"2026-01-31 14:40:00+00:00","close_date":"2026-01-31 17:10:00+00:00","open_rate":1.289,"close_rate":1.249,"fee_open":0.001,"fee_close":0.001,"trade_duration":150,"profit_ratio":-0.03296780798720286,"profit_abs":-0.2041824,"exit_reason":"stop_loss","initial_stop_loss_abs":1.249,"initial_stop_loss_ratio":-0.0318,"stop_loss_abs":1.249,"stop_loss_ratio":-0.0318,"min_rate":1.203,"max_rate":1.318,"is_open":false,"enter_tag":"","leverage":1.0,"is_short":false,"open_timestamp":1769870400000,"close_timestamp":1769879400000,"orders":[{"amount":4.8,"safe_price":1.289,"ft_order_side":"buy","order_filled_timestamp":1769870400000,"ft_is_entry":true,"ft_order_tag":"","cost":6.193387199999999},{"amount":4.8,"safe_price":1.249,"ft_order_side":"sell","order_filled_timestamp":1769879400000,"ft_is_entry":false,"ft_order_tag":"stop_loss","cost":6.0011952}],"funding_fees":0.0,"weekday":5},{"pair":"INJ/USDT","stake_amount":6.18336,"max_stake_amount":6.18336,"amount":1.71,"open_date":"2026-01-31 14:40:00+00:00","close_date":"2026-01-31 17:10:00+00:00","open_rate":3.616,"close_rate":3.502,"fee_open":0.001,"fee_close":0.001,"trade_duration":150,"profit_ratio":-0.033461560563330474,"profit_abs":-0.20711178,"exit_reason":"stop_loss","initial_stop_loss_abs":3.502,"initial_stop_loss_ratio":-0.0318,"stop_loss_abs":3.502,"stop_loss_ratio":-0.0318,"min_rate":3.414,"max_rate":3.698,"is_open":false,"enter_tag":"","leverage":1.0,"is_short":false,"open_timestamp":1769870400000,"close_timestamp":1769879400000,"orders":[{"amount":1.71,"safe_price":3.616,"ft_order_side":"buy","order_filled_timestamp":1769870400000,"ft_is_entry":true,"ft_order_tag":"","cost":6.18954336},{"amount":1.71,"safe_price":3.502,"ft_order_side":"sell","order_filled_timestamp":1769879400000,"ft_is_entry":false,"ft_order_tag":"stop_loss","cost":5.994408419999999}],"funding_fees":0.0,"weekday":5},{"pair":"DOT/USDT","stake_amount":6.20136,"max_stake_amount":6.20136,"amount":3.96,"open_date":"2026-01-31 15:00:00+00:00","close_date":"2026-01-31 17:10:00+00:00","open_rate":1.566,"close_rate":1.517,"fee_open":0.001,"fee_close":0.001,"trade_duration":130,"profit_ratio":-0.03322539529436081,"profit_abs":-0.20624868,"exit_reason":"stop_loss","initial_stop_loss_abs":1.517,"initial_stop_loss_ratio":-0.0318,"stop_loss_abs":1.517,"stop_loss_ratio":-0.0318,"min_rate":1.465,"max_rate":1.592,"is_open":false,"enter_tag":"","leverage":1.0,"is_short":false,"open_timestamp":1769871600000,"close_timestamp":1769879400000,"orders":[{"amount":3.96,"safe_price":1.566,"ft_order_side":"buy","order_filled_timestamp":1769871600000,"ft_is_entry":true,"ft_order_tag":"","cost":6.20756136},{"amount":3.96,"safe_price":1.517,"ft_order_side":"sell","order_filled_timestamp":1769879400000,"ft_is_entry":false,"ft_order_tag":"stop_loss","cost":6.013327319999999}],"funding_fees":0.0,"weekday":5},{"pair":"ALGO/USDT","stake_amount":6.21,"max_stake_amount":6.21,"amount":60.0,"open_date":"2026-01-31 15:05:00+00:00","close_date":"2026-01-31 17:10:00+00:00","open_rate":0.1035,"close_rate":0.1003,"fee_open":0.001,"fee_close":0.001,"trade_duration":125,"profit_ratio":-0.03285410241931981,"profit_abs":-0.204228,"exit_reason":"stop_loss","initial_stop_loss_abs":0.1003,"initial_stop_loss_ratio":-0.0318,"stop_loss_abs":0.1003,"stop_loss_ratio":-0.0318,"min_rate":0.0975,"max_rate":0.10490000000000001,"is_open":false,"enter_tag":"","leverage":1.0,"is_short":false,"open_timestamp":1769871900000,"close_timestamp":1769879400000,"orders":[{"amount":60.0,"safe_price":0.10350000000000001,"ft_order_side":"buy","order_filled_timestamp":1769871900000,"ft_is_entry":true,"ft_order_tag":"","cost":6.21621},{"amount":60.0,"safe_price":0.1003,"ft_order_side":"sell","order_filled_timestamp":1769879400000,"ft_is_entry":false,"ft_order_tag":"stop_loss","cost":6.024017999999999}],"funding_fees":0.0,"weekday":5},{"pair":"EGLD/USDT","stake_amount":6.2307,"max_stake_amount":6.2307,"amount":1.29,"open_date":"2026-01-31 15:05:00+00:00","close_date":"2026-01-31 17:10:00+00:00","open_rate":4.83,"close_rate":4.68,"fee_open":0.001,"fee_close":0.001,"trade_duration":125,"profit_ratio":-0.03299185286762926,"profit_abs":-0.2057679,"exit_reason":"stop_loss","initial_stop_loss_abs":4.68,"initial_stop_loss_ratio":-0.0318,"stop_loss_abs":4.68,"stop_loss_ratio":-0.0318,"min_rate":4.48,"max_rate":4.87,"is_open":false,"enter_tag":"","leverage":1.0,"is_short":false,"open_timestamp":1769871900000,"close_timestamp":1769879400000,"orders":[{"amount":1.29,"safe_price":4.83,"ft_order_side":"buy","order_filled_timestamp":1769871900000,"ft_is_entry":true,"ft_order_tag":"","cost":6.2369307},{"amount":1.29,"safe_price":4.68,"ft_order_side":"sell","order_filled_timestamp":1769879400000,"ft_is_entry":false,"ft_order_tag":"stop_loss","cost":6.043237199999999}],"funding_fees":0.0,"weekday":5},{"pair":"SOL/USDT","stake_amount":5.9653,"max_stake_amount":5.9653,"amount":0.058,"open_date":"2026-01-31 17:15:00+00:00","close_date":"2026-01-31 18:40:00+00:00","open_rate":102.85,"close_rate":99.57936999999998,"fee_open":0.001,"fee_close":0.001,"trade_duration":85,"profit_ratio":-0.03373446495502386,"profit_abs":-0.20143744,"exit_reason":"stop_loss","initial_stop_loss_abs":99.57936999999998,"initial_stop_loss_ratio":-0.0318,"stop_loss_abs":99.57936999999998,"stop_loss_ratio":-0.0318,"min_rate":96.4,"max_rate":104.52,"is_open":false,"enter_tag":"","leverage":1.0,"is_short":false,"open_timestamp":1769879700000,"close_timestamp":1769884800000,"orders":[{"amount":0.058,"safe_price":102.85,"ft_order_side":"buy","order_filled_timestamp":1769879700000,"ft_is_entry":true,"ft_order_tag":"","cost":5.9712653},{"amount":0.058,"safe_price":99.57936999999998,"ft_order_side":"sell","order_filled_timestamp":1769884800000,"ft_is_entry":false,"ft_order_tag":"stop_loss","cost":5.781379063459998}],"funding_fees":0.0,"weekday":5},{"pair":"ETH/USDT","stake_amount":5.818752,"max_stake_amount":5.818752,"amount":0.0024,"open_date":"2026-01-31 17:20:00+00:00","close_date":"2026-01-31 18:40:00+00:00","open_rate":2424.48,"close_rate":2347.381536,"fee_open":0.001,"fee_close":0.001,"trade_duration":80,"profit_ratio":-0.03373446531360806,"profit_abs":-0.19648878,"exit_reason":"stop_loss","initial_stop_loss_abs":2347.381536,"initial_stop_loss_ratio":-0.0318,"stop_loss_abs":2347.381536,"stop_loss_ratio":-0.0318,"min_rate":2250.0,"max_rate":2431.32,"is_open":false,"enter_tag":"","leverage":1.0,"is_short":false,"open_timestamp":1769880000000,"close_timestamp":1769884800000,"orders":[{"amount":0.0024,"safe_price":2424.48,"ft_order_side":"buy","order_filled_timestamp":1769880000000,"ft_is_entry":true,"ft_order_tag":"","cost":5.824570752},{"amount":0.0024,"safe_price":2347.381536,"ft_order_side":"sell","order_filled_timestamp":1769884800000,"ft_is_entry":false,"ft_order_tag":"stop_loss","cost":5.639349402086399}],"funding_fees":0.0,"weekday":5},{"pair":"DOGE/USDT","stake_amount":6.03275,"max_stake_amount":6.03275,"amount":59.0,"open_date":"2026-01-31 17:20:00+00:00","close_date":"2026-01-31 18:40:00+00:00","open_rate":0.10225,"close_rate":0.099,"fee_open":0.001,"fee_close":0.001,"trade_duration":80,"profit_ratio":-0.033719336897821,"profit_abs":-0.20362375,"exit_reason":"stop_loss","initial_stop_loss_abs":0.099,"initial_stop_loss_ratio":-0.0318,"stop_loss_abs":0.099,"stop_loss_ratio":-0.0318,"min_rate":0.09461000000000001,"max_rate":0.1027,"is_open":false,"enter_tag":"","leverage":1.0,"is_short":false,"open_timestamp":1769880000000,"close_timestamp":1769884800000,"orders":[{"amount":59.0,"safe_price":0.10225000000000001,"ft_order_side":"buy","order_filled_timestamp":1769880000000,"ft_is_entry":true,"ft_order_tag":"","cost":6.038782749999999},{"amount":59.0,"safe_price":0.099,"ft_order_side":"sell","order_filled_timestamp":1769884800000,"ft_is_entry":false,"ft_order_tag":"stop_loss","cost":5.8468409999999995}],"funding_fees":0.0,"weekday":5},{"pair":"FIL/USDT","stake_amount":6.04166,"max_stake_amount":6.04166,"amount":5.86,"open_date":"2026-01-31 17:20:00+00:00","close_date":"2026-01-31 18:40:00+00:00","open_rate":1.031,"close_rate":0.999,"fee_open":0.001,"fee_close":0.001,"trade_duration":80,"profit_ratio":-0.032973815709024246,"profit_abs":-0.1994158,"exit_reason":"stop_loss","initial_stop_loss_abs":0.999,"initial_stop_loss_ratio":-0.0318,"stop_loss_abs":0.999,"stop_loss_ratio":-0.0318,"min_rate":0.9450000000000001,"max_rate":1.032,"is_open":false,"enter_tag":"","leverage":1.0,"is_short":false,"open_timestamp":1769880000000,"close_timestamp":1769884800000,"orders":[{"amount":5.86,"safe_price":1.031,"ft_order_side":"buy","order_filled_timestamp":1769880000000,"ft_is_entry":true,"ft_order_tag":"","cost":6.0477016599999995},{"amount":5.86,"safe_price":0.999,"ft_order_side":"sell","order_filled_timestamp":1769884800000,"ft_is_entry":false,"ft_order_tag":"stop_loss","cost":5.8599941399999995}],"funding_fees":0.0,"weekday":5},{"pair":"VET/USDT","stake_amount":6.048224,"max_stake_amount":6.048224,"amount":750.4,"open_date":"2026-01-31 17:20:00+00:00","close_date":"2026-01-31 18:40:00+00:00","open_rate":0.00806,"close_rate":0.00781,"fee_open":0.001,"fee_close":0.001,"trade_duration":80,"profit_ratio":-0.03295339928870697,"profit_abs":-0.19950885,"exit_reason":"stop_loss","initial_stop_loss_abs":0.00781,"initial_stop_loss_ratio":-0.0318,"stop_loss_abs":0.00781,"stop_loss_ratio":-0.0318,"min_rate":0.00759,"max_rate":0.008110000000000001,"is_open":false,"enter_tag":"","leverage":1.0,"is_short":false,"open_timestamp":1769880000000,"close_timestamp":1769884800000,"orders":[{"amount":750.4,"safe_price":0.008060000000000001,"ft_order_side":"buy","order_filled_timestamp":1769880000000,"ft_is_entry":true,"ft_order_tag":"","cost":6.054272224},{"amount":750.4,"safe_price":0.00781,"ft_order_side":"sell","order_filled_timestamp":1769884800000,"ft_is_entry":false,"ft_order_tag":"stop_loss","cost":5.866484623999999}],"funding_fees":0.0,"weekday":5},{"pair":"ADA/USDT","stake_amount":6.042,"max_stake_amount":6.042,"amount":21.2,"open_date":"2026-01-31 17:25:00+00:00","close_date":"2026-01-31 18:40:00+00:00","open_rate":0.285,"close_rate":0.276,"fee_open":0.001,"fee_close":0.001,"trade_duration":75,"profit_ratio":-0.03351385456648614,"profit_abs":-0.2026932,"exit_reason":"stop_loss","initial_stop_loss_abs":0.276,"initial_stop_loss_ratio":-0.0318,"stop_loss_abs":0.276,"stop_loss_ratio":-0.0318,"min_rate":0.2685,"max_rate":0.2872,"is_open":false,"enter_tag":"","leverage":1.0,"is_short":false,"open_timestamp":1769880300000,"close_timestamp":1769884800000,"orders":[{"amount":21.2,"safe_price":0.28500000000000003,"ft_order_side":"buy","order_filled_timestamp":1769880300000,"ft_is_entry":true,"ft_order_tag":"","cost":6.048042},{"amount":21.2,"safe_price":0.276,"ft_order_side":"sell","order_filled_timestamp":1769884800000,"ft_is_entry":false,"ft_order_tag":"stop_loss","cost":5.8570512}],"funding_fees":0.0,"weekday":5},{"pair":"XRP/USDT","stake_amount":5.94814,"max_stake_amount":5.94814,"amount":3.8,"open_date":"2026-01-31 17:25:00+00:00","close_date":"2026-01-31 18:40:00+00:00","open_rate":1.5653,"close_rate":1.5156,"fee_open":0.001,"fee_close":0.001,"trade_duration":75,"profit_ratio":-0.03368566525788783,"profit_abs":-0.20056742,"exit_reason":"stop_loss","initial_stop_loss_abs":1.5156,"initial_stop_loss_ratio":-0.0318,"stop_loss_abs":1.5156,"stop_loss_ratio":-0.0318,"min_rate":1.5028000000000001,"max_rate":1.5841,"is_open":false,"enter_tag":"","leverage":1.0,"is_short":false,"open_timestamp":1769880300000,"close_timestamp":1769884800000,"orders":[{"amount":3.8,"safe_price":1.5653000000000001,"ft_order_side":"buy","order_filled_timestamp":1769880300000,"ft_is_entry":true,"ft_order_tag":"","cost":5.95408814},{"amount":3.8,"safe_price":1.5156,"ft_order_side":"sell","order_filled_timestamp":1769884800000,"ft_is_entry":false,"ft_order_tag":"stop_loss","cost":5.765039279999999}],"funding_fees":0.0,"weekday":5},{"pair":"BCH/USDT","stake_amount":5.9592,"max_stake_amount":5.9592,"amount":0.012,"open_date":"2026-01-31 17:25:00+00:00","close_date":"2026-01-31 18:40:00+00:00","open_rate":496.6,"close_rate":480.80812,"fee_open":0.001,"fee_close":0.001,"trade_duration":75,"profit_ratio":-0.033734465963624234,"profit_abs":-0.20123146,"exit_reason":"stop_loss","initial_stop_loss_abs":480.80812,"initial_stop_loss_ratio":-0.0318,"stop_loss_abs":480.80812,"stop_loss_ratio":-0.0318,"min_rate":467.2,"max_rate":498.7,"is_open":false,"enter_tag":"","leverage":1.0,"is_short":false,"open_timestamp":1769880300000,"close_timestamp":1769884800000,"orders":[{"amount":0.012,"safe_price":496.6,"ft_order_side":"buy","order_filled_timestamp":1769880300000,"ft_is_entry":true,"ft_order_tag":"","cost":5.9651591999999996},{"amount":0.012,"safe_price":480.80812,"ft_order_side":"sell","order_filled_timestamp":1769884800000,"ft_is_entry":false,"ft_order_tag":"stop_loss","cost":5.775467137439999}],"funding_fees":0.0,"weekday":5},{"pair":"DOT/USDT","stake_amount":5.84384,"max_stake_amount":5.84384,"amount":3.97,"open_date":"2026-01-31 18:40:00+00:00","close_date":"2026-01-31 18:40:00+00:00","open_rate":1.472,"close_rate":1.426,"fee_open":0.001,"fee_close":0.001,"trade_duration":0,"profit_ratio":-0.03318556443556443,"profit_abs":-0.19412506,"exit_reason":"stop_loss","initial_stop_loss_abs":1.426,"initial_stop_loss_ratio":-0.0318,"stop_loss_abs":1.426,"stop_loss_ratio":-0.0318,"min_rate":1.399,"max_rate":1.474,"is_open":false,"enter_tag":"","leverage":1.0,"is_short":false,"open_timestamp":1769884800000,"close_timestamp":1769884800000,"orders":[{"amount":3.97,"safe_price":1.472,"ft_order_side":"buy","order_filled_timestamp":1769884800000,"ft_is_entry":true,"ft_order_tag":"","cost":5.849683839999999},{"amount":3.97,"safe_price":1.426,"ft_order_side":"sell","order_filled_timestamp":1769884800000,"ft_is_entry":false,"ft_order_tag":"stop_loss","cost":5.66688122}],"funding_fees":0.0,"weekday":5},{"pair":"NEAR/USDT","stake_amount":5.78,"max_stake_amount":5.78,"amount":5.0,"open_date":"2026-01-31 18:40:00+00:00","close_date":"2026-01-31 18:40:00+00:00","open_rate":1.156,"close_rate":1.12,"fee_open":0.001,"fee_close":0.001,"trade_duration":0,"profit_ratio":-0.03307764899460401,"profit_abs":-0.19138,"exit_reason":"stop_loss","initial_stop_loss_abs":1.12,"initial_stop_loss_ratio":-0.0318,"stop_loss_abs":1.12,"stop_loss_ratio":-0.0318,"min_rate":1.091,"max_rate":1.157,"is_open":false,"enter_tag":"","leverage":1.0,"is_short":false,"open_timestamp":1769884800000,"close_timestamp":1769884800000,"orders":[{"amount":5.0,"safe_price":1.156,"ft_order_side":"buy","order_filled_timestamp":1769884800000,"ft_is_entry":true,"ft_order_tag":"","cost":5.785779999999999},{"amount":5.0,"safe_price":1.12,"ft_order_side":"sell","order_filled_timestamp":1769884800000,"ft_is_entry":false,"ft_order_tag":"stop_loss","cost":5.6056}],"funding_fees":0.0,"weekday":5},{"pair":"APT/USDT","stake_amount":5.80032,"max_stake_amount":5.80032,"amount":4.77,"open_date":"2026-01-31 18:40:00+00:00","close_date":"2026-01-31 18:40:00+00:00","open_rate":1.216,"close_rate":1.178,"fee_open":0.001,"fee_close":0.001,"trade_duration":0,"profit_ratio":-0.03318556443556444,"profit_abs":-0.19267938,"exit_reason":"stop_loss","initial_stop_loss_abs":1.178,"initial_stop_loss_ratio":-0.0318,"stop_loss_abs":1.178,"stop_loss_ratio":-0.0318,"min_rate":1.141,"max_rate":1.217,"is_open":false,"enter_tag":"","leverage":1.0,"is_short":false,"open_timestamp":1769884800000,"close_timestamp":1769884800000,"orders":[{"amount":4.77,"safe_price":1.216,"ft_order_side":"buy","order_filled_timestamp":1769884800000,"ft_is_entry":true,"ft_order_tag":"","cost":5.806120319999999},{"amount":4.77,"safe_price":1.178,"ft_order_side":"sell","order_filled_timestamp":1769884800000,"ft_is_entry":false,"ft_order_tag":"stop_loss","cost":5.624679059999998}],"funding_fees":0.0,"weekday":5},{"pair":"MANA/USDT","stake_amount":5.6836,"max_stake_amount":5.6836,"amount":52.0,"open_date":"2026-01-31 18:40:00+00:00","close_date":"2026-01-31 18:40:00+00:00","open_rate":0.1093,"close_rate":0.1059,"fee_open":0.001,"fee_close":0.001,"trade_duration":0,"profit_ratio":-0.03304289489101932,"profit_abs":-0.1879904,"exit_reason":"stop_loss","initial_stop_loss_abs":0.1059,"initial_stop_loss_ratio":-0.0318,"stop_loss_abs":0.1059,"stop_loss_ratio":-0.0318,"min_rate":0.10350000000000001,"max_rate":0.1095,"is_open":false,"enter_tag":"","leverage":1.0,"is_short":false,"open_timestamp":1769884800000,"close_timestamp":1769884800000,"orders":[{"amount":52.0,"safe_price":0.10930000000000001,"ft_order_side":"buy","order_filled_timestamp":1769884800000,"ft_is_entry":true,"ft_order_tag":"","cost":5.6892835999999996},{"amount":52.0,"safe_price":0.1059,"ft_order_side":"sell","order_filled_timestamp":1769884800000,"ft_is_entry":false,"ft_order_tag":"stop_loss","cost":5.512306799999999}],"funding_fees":0.0,"weekday":5},{"pair":"INJ/USDT","stake_amount":5.7288,"max_stake_amount":5.7288,"amount":1.68,"open_date":"2026-01-31 18:40:00+00:00","close_date":"2026-01-31 18:40:00+00:00","open_rate":3.41,"close_rate":3.302,"fee_open":0.001,"fee_close":0.001,"trade_duration":0,"profit_ratio":-0.03360627642152569,"profit_abs":-0.19271616,"exit_reason":"stop_loss","initial_stop_loss_abs":3.302,"initial_stop_loss_ratio":-0.0318,"stop_loss_abs":3.302,"stop_loss_ratio":-0.0318,"min_rate":3.24,"max_rate":3.414,"is_open":false,"enter_tag":"","leverage":1.0,"is_short":false,"open_timestamp":1769884800000,"close_timestamp":1769884800000,"orders":[{"amount":1.68,"safe_price":3.41,"ft_order_side":"buy","order_filled_timestamp":1769884800000,"ft_is_entry":true,"ft_order_tag":"","cost":5.734528799999999},{"amount":1.68,"safe_price":3.302,"ft_order_side":"sell","order_filled_timestamp":1769884800000,"ft_is_entry":false,"ft_order_tag":"stop_loss","cost":5.55290736}],"funding_fees":0.0,"weekday":5},{"pair":"GALA/USDT","stake_amount":5.727,"max_stake_amount":5.727,"amount":1245.0,"open_date":"2026-01-31 18:40:00+00:00","close_date":"2026-01-31 18:40:00+00:00","open_rate":0.0046,"close_rate":0.00446,"fee_open":0.001,"fee_close":0.001,"trade_duration":0,"profit_ratio":-0.03237197585023672,"profit_abs":-0.1855797,"exit_reason":"stop_loss","initial_stop_loss_abs":0.00446,"initial_stop_loss_ratio":-0.0318,"stop_loss_abs":0.00446,"stop_loss_ratio":-0.0318,"min_rate":0.00434,"max_rate":0.0046,"is_open":false,"enter_tag":"","leverage":1.0,"is_short":false,"open_timestamp":1769884800000,"close_timestamp":1769884800000,"orders":[{"amount":1245.0,"safe_price":0.0046,"ft_order_side":"buy","order_filled_timestamp":1769884800000,"ft_is_entry":true,"ft_order_tag":"","cost":5.732727},{"amount":1245.0,"safe_price":0.00446,"ft_order_side":"sell","order_filled_timestamp":1769884800000,"ft_is_entry":false,"ft_order_tag":"stop_loss","cost":5.5582527}],"funding_fees":0.0,"weekday":5},{"pair":"FIL/USDT","stake_amount":5.70135,"max_stake_amount":5.70135,"amount":5.73,"open_date":"2026-01-31 18:45:00+00:00","close_date":"2026-01-31 18:50:00+00:00","open_rate":0.995,"close_rate":1.0182067067067064,"fee_open":0.001,"fee_close":0.001,"trade_duration":5,"profit_ratio":0.02127872040261211,"profit_abs":0.12143875,"exit_reason":"roi","initial_stop_loss_abs":0.964,"initial_stop_loss_ratio":-0.0318,"stop_loss_abs":0.964,"stop_loss_ratio":-0.0318,"min_rate":0.991,"max_rate":1.02,"is_open":false,"enter_tag":"","leverage":1.0,"is_short":false,"open_timestamp":1769885100000,"close_timestamp":1769885400000,"orders":[{"amount":5.73,"safe_price":0.995,"ft_order_side":"buy","order_filled_timestamp":1769885100000,"ft_is_entry":true,"ft_order_tag":"","cost":5.7070513499999995},{"amount":5.73,"safe_price":1.0182067067067064,"ft_order_side":"sell","order_filled_timestamp":1769885400000,"ft_is_entry":false,"ft_order_tag":"roi","cost":5.840158753858858}],"funding_fees":0.0,"weekday":5},{"pair":"SOL/USDT","stake_amount":5.61344,"max_stake_amount":5.61344,"amount":0.056,"open_date":"2026-01-31 18:45:00+00:00","close_date":"2026-01-31 19:00:00+00:00","open_rate":100.24,"close_rate":102.57792992992992,"fee_open":0.001,"fee_close":0.001,"trade_duration":15,"profit_ratio":0.021278720922789443,"profit_abs":0.11956627,"exit_reason":"roi","initial_stop_loss_abs":97.05236799999999,"initial_stop_loss_ratio":-0.0318,"stop_loss_abs":97.05236799999999,"stop_loss_ratio":-0.0318,"min_rate":99.43,"max_rate":102.62,"is_open":false,"enter_tag":"","leverage":1.0,"is_short":false,"open_timestamp":1769885100000,"close_timestamp":1769886000000,"orders":[{"amount":0.056,"safe_price":100.24,"ft_order_side":"buy","order_filled_timestamp":1769885100000,"ft_is_entry":true,"ft_order_tag":"","cost":5.619053439999999},{"amount":0.056,"safe_price":102.57792992992992,"ft_order_side":"sell","order_filled_timestamp":1769886000000,"ft_is_entry":false,"ft_order_tag":"roi","cost":5.750108440152151}],"funding_fees":0.0,"weekday":5},{"pair":"ETH/USDT","stake_amount":5.645232,"max_stake_amount":5.645232,"amount":0.0024,"open_date":"2026-01-31 18:45:00+00:00","close_date":"2026-01-31 19:05:00+00:00","open_rate":2352.18,"close_rate":2407.0406546546546,"fee_open":0.001,"fee_close":0.001,"trade_duration":20,"profit_ratio":0.021278720995579398,"profit_abs":0.12024344,"exit_reason":"roi","initial_stop_loss_abs":2277.3806759999998,"initial_stop_loss_ratio":-0.0318,"stop_loss_abs":2277.3806759999998,"stop_loss_ratio":-0.0318,"min_rate":2327.4,"max_rate":2413.0,"is_open":false,"enter_tag":"","leverage":1.0,"is_short":false,"open_timestamp":1769885100000,"close_timestamp":1769886300000,"orders":[{"amount":0.0024,"safe_price":2352.18,"ft_order_side":"buy","order_filled_timestamp":1769885100000,"ft_is_entry":true,"ft_order_tag":"","cost":5.650877231999998},{"amount":0.0024,"safe_price":2407.0406546546546,"ft_order_side":"sell","order_filled_timestamp":1769886300000,"ft_is_entry":false,"ft_order_tag":"roi","cost":5.782674468742341}],"funding_fees":0.0,"weekday":5},{"pair":"LINK/USDT","stake_amount":5.658,"max_stake_amount":5.658,"amount":0.6,"open_date":"2026-01-31 18:45:00+00:00","close_date":"2026-01-31 19:05:00+00:00","open_rate":9.43,"close_rate":9.649938938938936,"fee_open":0.001,"fee_close":0.001,"trade_duration":20,"profit_ratio":0.02127872127872128,"profit_abs":0.1205154,"exit_reason":"roi","initial_stop_loss_abs":9.130125999999999,"initial_stop_loss_ratio":-0.0318,"stop_loss_abs":9.130125999999999,"stop_loss_ratio":-0.0318,"min_rate":9.35,"max_rate":9.66,"is_open":false,"enter_tag":"","leverage":1.0,"is_short":false,"open_timestamp":1769885100000,"close_timestamp":1769886300000,"orders":[{"amount":0.6,"safe_price":9.43,"ft_order_side":"buy","order_filled_timestamp":1769885100000,"ft_is_entry":true,"ft_order_tag":"","cost":5.663657999999999},{"amount":0.6,"safe_price":9.649938938938936,"ft_order_side":"sell","order_filled_timestamp":1769886300000,"ft_is_entry":false,"ft_order_tag":"roi","cost":5.795753326726724}],"funding_fees":0.0,"weekday":5},{"pair":"NEAR/USDT","stake_amount":5.6252,"max_stake_amount":5.6252,"amount":4.9,"open_date":"2026-01-31 18:45:00+00:00","close_date":"2026-01-31 19:05:00+00:00","open_rate":1.148,"close_rate":1.174775175175175,"fee_open":0.001,"fee_close":0.001,"trade_duration":20,"profit_ratio":0.021278721278721276,"profit_abs":0.11981676,"exit_reason":"roi","initial_stop_loss_abs":1.112,"initial_stop_loss_ratio":-0.0318,"stop_loss_abs":1.112,"stop_loss_ratio":-0.0318,"min_rate":1.1400000000000001,"max_rate":1.176,"is_open":false,"enter_tag":"","leverage":1.0,"is_short":false,"open_timestamp":1769885100000,"close_timestamp":1769886300000,"orders":[{"amount":4.9,"safe_price":1.148,"ft_order_side":"buy","order_filled_timestamp":1769885100000,"ft_is_entry":true,"ft_order_tag":"","cost":5.6308251999999985},{"amount":4.9,"safe_price":1.174775175175175,"ft_order_side":"sell","order_filled_timestamp":1769886300000,"ft_is_entry":false,"ft_order_tag":"roi","cost":5.762154756716716}],"funding_fees":0.0,"weekday":5},{"pair":"DOT/USDT","stake_amount":5.7057,"max_stake_amount":5.7057,"amount":3.9,"open_date":"2026-01-31 18:45:00+00:00","close_date":"2026-01-31 19:10:00+00:00","open_rate":1.463,"close_rate":1.497122022022022,"fee_open":0.001,"fee_close":0.001,"trade_duration":25,"profit_ratio":0.02127872127872128,"profit_abs":0.12153141,"exit_reason":"roi","initial_stop_loss_abs":1.417,"initial_stop_loss_ratio":-0.0318,"stop_loss_abs":1.417,"stop_loss_ratio":-0.0318,"min_rate":1.453,"max_rate":1.501,"is_open":false,"enter_tag":"","leverage":1.0,"is_short":false,"open_timestamp":1769885100000,"close_timestamp":1769886600000,"orders":[{"amount":3.9,"safe_price":1.463,"ft_order_side":"buy","order_filled_timestamp":1769885100000,"ft_is_entry":true,"ft_order_tag":"","cost":5.711405699999999},{"amount":3.9,"safe_price":1.497122022022022,"ft_order_side":"sell","order_filled_timestamp":1769886600000,"ft_is_entry":false,"ft_order_tag":"roi","cost":5.844614661771771}],"funding_fees":0.0,"weekday":5},{"pair":"ARB/USDT","stake_amount":5.6975,"max_stake_amount":5.6975,"amount":43.0,"open_date":"2026-01-31 18:45:00+00:00","close_date":"2026-01-31 19:10:00+00:00","open_rate":0.1325,"close_rate":0.13559034034034032,"fee_open":0.001,"fee_close":0.001,"trade_duration":25,"profit_ratio":0.02127872127872128,"profit_abs":0.12135675,"exit_reason":"roi","initial_stop_loss_abs":0.1283,"initial_stop_loss_ratio":-0.0318,"stop_loss_abs":0.1283,"stop_loss_ratio":-0.0318,"min_rate":0.1318,"max_rate":0.13620000000000002,"is_open":false,"enter_tag":"","leverage":1.0,"is_short":false,"open_timestamp":1769885100000,"close_timestamp":1769886600000,"orders":[{"amount":43.0,"safe_price":0.1325,"ft_order_side":"buy","order_filled_timestamp":1769885100000,"ft_is_entry":true,"ft_order_tag":"","cost":5.7031975},{"amount":43.0,"safe_price":0.13559034034034032,"ft_order_side":"sell","order_filled_timestamp":1769886600000,"ft_is_entry":false,"ft_order_tag":"roi","cost":5.836215019269267}],"funding_fees":0.0,"weekday":5},{"pair":"APT/USDT","stake_amount":5.69748,"max_stake_amount":5.69748,"amount":4.74,"open_date":"2026-01-31 18:45:00+00:00","close_date":"2026-01-31 20:00:00+00:00","open_rate":1.202,"close_rate":1.2405025025025023,"fee_open":0.001,"fee_close":0.001,"trade_duration":75,"profit_ratio":0.029970029970029972,"profit_abs":0.1709244,"exit_reason":"roi","initial_stop_loss_abs":1.164,"initial_stop_loss_ratio":-0.0318,"stop_loss_abs":1.164,"stop_loss_ratio":-0.0318,"min_rate":1.194,"max_rate":1.245,"is_open":false,"enter_tag":"","leverage":1.0,"is_short":false,"open_timestamp":1769885100000,"close_timestamp":1769889600000,"orders":[{"amount":4.74,"safe_price":1.202,"ft_order_side":"buy","order_filled_timestamp":1769885100000,"ft_is_entry":true,"ft_order_tag":"","cost":5.703177479999999},{"amount":4.74,"safe_price":1.2405025025025023,"ft_order_side":"sell","order_filled_timestamp":1769889600000,"ft_is_entry":false,"ft_order_tag":"roi","cost":5.885861843723722}],"funding_fees":0.0,"weekday":5},{"pair":"AAVE/USDT","stake_amount":5.7669,"max_stake_amount":5.7669,"amount":0.047,"open_date":"2026-01-31 19:05:00+00:00","close_date":"2026-01-31 21:35:00+00:00","open_rate":122.7,"close_rate":126.63033033033031,"fee_open":0.001,"fee_close":0.001,"trade_duration":150,"profit_ratio":0.02997002997002997,"profit_abs":0.173007,"exit_reason":"roi","initial_stop_loss_abs":118.79814,"initial_stop_loss_ratio":-0.0318,"stop_loss_abs":118.79814,"stop_loss_ratio":-0.0318,"min_rate":122.48,"max_rate":126.79,"is_open":false,"enter_tag":"","leverage":1.0,"is_short":false,"open_timestamp":1769886300000,"close_timestamp":1769895300000,"orders":[{"amount":0.047,"safe_price":122.7,"ft_order_side":"buy","order_filled_timestamp":1769886300000,"ft_is_entry":true,"ft_order_tag":"","cost":5.7726669},{"amount":0.047,"safe_price":126.63033033033031,"ft_order_side":"sell","order_filled_timestamp":1769895300000,"ft_is_entry":false,"ft_order_tag":"roi","cost":5.95757715105105}],"funding_fees":0.0,"weekday":5},{"pair":"GALA/USDT","stake_amount":5.7822,"max_stake_amount":5.7822,"amount":1257.0,"open_date":"2026-01-31 19:05:00+00:00","close_date":"2026-01-31 21:35:00+00:00","open_rate":0.0046,"close_rate":0.004747347347347347,"fee_open":0.001,"fee_close":0.001,"trade_duration":150,"profit_ratio":0.029970029970029972,"profit_abs":0.173466,"exit_reason":"roi","initial_stop_loss_abs":0.00446,"initial_stop_loss_ratio":-0.0318,"stop_loss_abs":0.00446,"stop_loss_ratio":-0.0318,"min_rate":0.00457,"max_rate":0.004770000000000001,"is_open":false,"enter_tag":"","leverage":1.0,"is_short":false,"open_timestamp":1769886300000,"close_timestamp":1769895300000,"orders":[{"amount":1257.0,"safe_price":0.0046,"ft_order_side":"buy","order_filled_timestamp":1769886300000,"ft_is_entry":true,"ft_order_tag":"","cost":5.787982199999999},{"amount":1257.0,"safe_price":0.004747347347347347,"ft_order_side":"sell","order_filled_timestamp":1769895300000,"ft_is_entry":false,"ft_order_tag":"roi","cost":5.97338303123123}],"funding_fees":0.0,"weekday":5},{"pair":"ICP/USDT","stake_amount":5.81056,"max_stake_amount":5.81056,"amount":2.24,"open_date":"2026-01-31 19:10:00+00:00","close_date":"2026-01-31 21:35:00+00:00","open_rate":2.594,"close_rate":2.6770910910910906,"fee_open":0.001,"fee_close":0.001,"trade_duration":145,"profit_ratio":0.02997002997002997,"profit_abs":0.1743168,"exit_reason":"roi","initial_stop_loss_abs":2.512,"initial_stop_loss_ratio":-0.0318,"stop_loss_abs":2.512,"stop_loss_ratio":-0.0318,"min_rate":2.58,"max_rate":2.684,"is_open":false,"enter_tag":"","leverage":1.0,"is_short":false,"open_timestamp":1769886600000,"close_timestamp":1769895300000,"orders":[{"amount":2.24,"safe_price":2.594,"ft_order_side":"buy","order_filled_timestamp":1769886600000,"ft_is_entry":true,"ft_order_tag":"","cost":5.81637056},{"amount":2.24,"safe_price":2.6770910910910906,"ft_order_side":"sell","order_filled_timestamp":1769895300000,"ft_is_entry":false,"ft_order_tag":"roi","cost":6.0026807280880865}],"funding_fees":0.0,"weekday":5},{"pair":"FIL/USDT","stake_amount":5.72983,"max_stake_amount":5.72983,"amount":5.69,"open_date":"2026-01-31 19:00:00+00:00","close_date":"2026-01-31 21:45:00+00:00","open_rate":1.007,"close_rate":1.03,"fee_open":0.001,"fee_close":0.001,"trade_duration":165,"profit_ratio":0.020796482564109178,"profit_abs":0.11927947,"exit_reason":"roi","initial_stop_loss_abs":0.975,"initial_stop_loss_ratio":-0.0318,"stop_loss_abs":0.975,"stop_loss_ratio":-0.0318,"min_rate":0.996,"max_rate":1.036,"is_open":false,"enter_tag":"","leverage":1.0,"is_short":false,"open_timestamp":1769886000000,"close_timestamp":1769895900000,"orders":[{"amount":5.69,"safe_price":1.007,"ft_order_side":"buy","order_filled_timestamp":1769886000000,"ft_is_entry":true,"ft_order_tag":"","cost":5.735559829999999},{"amount":5.69,"safe_price":1.03,"ft_order_side":"sell","order_filled_timestamp":1769895900000,"ft_is_entry":false,"ft_order_tag":"roi","cost":5.8665607}],"funding_fees":0.0,"weekday":5},{"pair":"OP/USDT","stake_amount":5.781856,"max_stake_amount":5.781856,"amount":25.72,"open_date":"2026-01-31 19:05:00+00:00","close_date":"2026-01-31 21:50:00+00:00","open_rate":0.2248,"close_rate":0.22990000000000002,"fee_open":0.001,"fee_close":0.001,"trade_duration":165,"profit_ratio":0.02064350309619649,"profit_abs":0.11947712,"exit_reason":"roi","initial_stop_loss_abs":0.2177,"initial_stop_loss_ratio":-0.0318,"stop_loss_abs":0.2177,"stop_loss_ratio":-0.0318,"min_rate":0.2232,"max_rate":0.2308,"is_open":false,"enter_tag":"","leverage":1.0,"is_short":false,"open_timestamp":1769886300000,"close_timestamp":1769896200000,"orders":[{"amount":25.72,"safe_price":0.2248,"ft_order_side":"buy","order_filled_timestamp":1769886300000,"ft_is_entry":true,"ft_order_tag":"","cost":5.787637855999999},{"amount":25.72,"safe_price":0.22990000000000002,"ft_order_side":"sell","order_filled_timestamp":1769896200000,"ft_is_entry":false,"ft_order_tag":"roi","cost":5.918941028}],"funding_fees":0.0,"weekday":5},{"pair":"SAND/USDT","stake_amount":5.8,"max_stake_amount":5.8,"amount":58.0,"open_date":"2026-01-31 19:10:00+00:00","close_date":"2026-01-31 21:55:00+00:00","open_rate":0.1,"close_rate":0.10070000000000001,"fee_open":0.001,"fee_close":0.001,"trade_duration":165,"profit_ratio":0.004988011988011988,"profit_abs":0.0289594,"exit_reason":"roi","initial_stop_loss_abs":0.0969,"initial_stop_loss_ratio":-0.0318,"stop_loss_abs":0.0969,"stop_loss_ratio":-0.0318,"min_rate":0.0983,"max_rate":0.1014,"is_open":false,"enter_tag":"","leverage":1.0,"is_short":false,"open_timestamp":1769886600000,"close_timestamp":1769896500000,"orders":[{"amount":58.0,"safe_price":0.1,"ft_order_side":"buy","order_filled_timestamp":1769886600000,"ft_is_entry":true,"ft_order_tag":"","cost":5.8058000000000005},{"amount":58.0,"safe_price":0.10070000000000001,"ft_order_side":"sell","order_filled_timestamp":1769896500000,"ft_is_entry":false,"ft_order_tag":"roi","cost":5.846440599999999}],"funding_fees":0.0,"weekday":5},{"pair":"BCH/USDT","stake_amount":5.3966,"max_stake_amount":5.3966,"amount":0.011,"open_date":"2026-01-31 18:50:00+00:00","close_date":"2026-01-31 22:45:00+00:00","open_rate":490.6,"close_rate":491.5821821821822,"fee_open":0.001,"fee_close":0.001,"trade_duration":235,"profit_ratio":0.0,"profit_abs":0.0,"exit_reason":"roi","initial_stop_loss_abs":474.99892,"initial_stop_loss_ratio":-0.0318,"stop_loss_abs":474.99892,"stop_loss_ratio":-0.0318,"min_rate":480.9,"max_rate":493.4,"is_open":false,"enter_tag":"","leverage":1.0,"is_short":false,"open_timestamp":1769885400000,"close_timestamp":1769899500000,"orders":[{"amount":0.011,"safe_price":490.6,"ft_order_side":"buy","order_filled_timestamp":1769885400000,"ft_is_entry":true,"ft_order_tag":"","cost":5.4019965999999995},{"amount":0.011,"safe_price":491.5821821821822,"ft_order_side":"sell","order_filled_timestamp":1769899500000,"ft_is_entry":false,"ft_order_tag":"roi","cost":5.412811408008007}],"funding_fees":0.0,"weekday":5},{"pair":"ETH/USDT","stake_amount":5.86575,"max_stake_amount":5.86575,"amount":0.0027,"open_date":"2026-02-02 03:40:00+00:00","close_date":"2026-02-02 03:45:00+00:00","open_rate":2172.5,"close_rate":2223.1699199199197,"fee_open":0.001,"fee_close":0.001,"trade_duration":5,"profit_ratio":0.021278720427166917,"profit_abs":0.12494047,"exit_reason":"roi","initial_stop_loss_abs":2103.4145,"initial_stop_loss_ratio":-0.0318,"stop_loss_abs":2103.4145,"stop_loss_ratio":-0.0318,"min_rate":2172.39,"max_rate":2233.99,"is_open":false,"enter_tag":"","leverage":1.0,"is_short":false,"open_timestamp":1770003600000,"close_timestamp":1770003900000,"orders":[{"amount":0.0027,"safe_price":2172.5,"ft_order_side":"buy","order_filled_timestamp":1770003600000,"ft_is_entry":true,"ft_order_tag":"","cost":5.871615749999999},{"amount":0.0027,"safe_price":2223.1699199199197,"ft_order_side":"sell","order_filled_timestamp":1770003900000,"ft_is_entry":false,"ft_order_tag":"roi","cost":6.008561342567567}],"funding_fees":0.0,"weekday":0},{"pair":"SOL/USDT","stake_amount":5.88589,"max_stake_amount":5.88589,"amount":0.061,"open_date":"2026-02-02 03:40:00+00:00","close_date":"2026-02-02 03:45:00+00:00","open_rate":96.49,"close_rate":98.74046746746745,"fee_open":0.001,"fee_close":0.001,"trade_duration":5,"profit_ratio":0.021278721787905613,"profit_abs":0.12536946,"exit_reason":"roi","initial_stop_loss_abs":93.421618,"initial_stop_loss_ratio":-0.0318,"stop_loss_abs":93.421618,"stop_loss_ratio":-0.0318,"min_rate":96.45,"max_rate":99.75,"is_open":false,"enter_tag":"","leverage":1.0,"is_short":false,"open_timestamp":1770003600000,"close_timestamp":1770003900000,"orders":[{"amount":0.061,"safe_price":96.49,"ft_order_side":"buy","order_filled_timestamp":1770003600000,"ft_is_entry":true,"ft_order_tag":"","cost":5.891775889999999},{"amount":0.061,"safe_price":98.74046746746745,"ft_order_side":"sell","order_filled_timestamp":1770003900000,"ft_is_entry":false,"ft_order_tag":"roi","cost":6.02919168403103}],"funding_fees":0.0,"weekday":0},{"pair":"LINK/USDT","stake_amount":5.8695,"max_stake_amount":5.8695,"amount":0.65,"open_date":"2026-02-02 03:40:00+00:00","close_date":"2026-02-02 03:45:00+00:00","open_rate":9.03,"close_rate":9.240609609609608,"fee_open":0.001,"fee_close":0.001,"trade_duration":5,"profit_ratio":0.02127872127872128,"profit_abs":0.12502035,"exit_reason":"roi","initial_stop_loss_abs":8.742845999999998,"initial_stop_loss_ratio":-0.0318,"stop_loss_abs":8.742845999999998,"stop_loss_ratio":-0.0318,"min_rate":9.02,"max_rate":9.34,"is_open":false,"enter_tag":"","leverage":1.0,"is_short":false,"open_timestamp":1770003600000,"close_timestamp":1770003900000,"orders":[{"amount":0.65,"safe_price":9.03,"ft_order_side":"buy","order_filled_timestamp":1770003600000,"ft_is_entry":true,"ft_order_tag":"","cost":5.875369499999999},{"amount":0.65,"safe_price":9.240609609609608,"ft_order_side":"sell","order_filled_timestamp":1770003900000,"ft_is_entry":false,"ft_order_tag":"roi","cost":6.012402642492491}],"funding_fees":0.0,"weekday":0},{"pair":"ETH/USDT","stake_amount":5.796206,"max_stake_amount":5.796206,"amount":0.0026,"open_date":"2026-02-02 03:50:00+00:00","close_date":"2026-02-02 06:35:00+00:00","open_rate":2229.31,"close_rate":2158.417942,"fee_open":0.001,"fee_close":0.001,"trade_duration":165,"profit_ratio":-0.0337344649399811,"profit_abs":-0.19572744,"exit_reason":"stop_loss","initial_stop_loss_abs":2158.417942,"initial_stop_loss_ratio":-0.0318,"stop_loss_abs":2158.417942,"stop_loss_ratio":-0.0318,"min_rate":2157.14,"max_rate":2268.0,"is_open":false,"enter_tag":"","leverage":1.0,"is_short":false,"open_timestamp":1770004200000,"close_timestamp":1770014100000,"orders":[{"amount":0.0026,"safe_price":2229.31,"ft_order_side":"buy","order_filled_timestamp":1770004200000,"ft_is_entry":true,"ft_order_tag":"","cost":5.802002205999999},{"amount":0.0026,"safe_price":2158.417942,"ft_order_side":"sell","order_filled_timestamp":1770014100000,"ft_is_entry":false,"ft_order_tag":"stop_loss","cost":5.617498535849199}],"funding_fees":0.0,"weekday":0}],"locks":[],"best_pair":{"key":"ARB/USDT","trades":2,"profit_mean":0.02127872095560716,"profit_mean_pct":2.13,"profit_total_abs":0.253067,"profit_total":0.00506134,"profit_total_pct":0.51,"duration_avg":"0:22:00","wins":2,"draws":0,"losses":0,"winrate":1.0,"cagr":0.8482573602244967,"expectancy":0.1265335,"expectancy_ratio":100.0,"sortino":-100,"sharpe":311.3174769473781,"calmar":-100,"sqn":24.4427,"profit_factor":0.0,"max_drawdown_account":0.0,"max_drawdown_abs":0.0},"worst_pair":{"key":"VET/USDT","trades":2,"profit_mean":-0.03275723905287872,"profit_mean_pct":-3.28,"profit_total_abs":-0.40328546,"profit_total":-0.0080657092,"profit_total_pct":-0.81,"duration_avg":"1:40:00","wins":0,"draws":0,"losses":2,"winrate":0.0,"cagr":-0.6266753697621418,"expectancy":-0.20164273,"expectancy_ratio":-1.0,"sortino":-1203.560008838857,"sharpe":-1203.560008838857,"calmar":-636.8324391514278,"sqn":-94.4958,"profit_factor":0.0,"max_drawdown_account":0.008065709199999986,"max_drawdown_abs":0.40328546},"results_per_pair":[{"key":"ARB/USDT","trades":2,"profit_mean":0.02127872095560716,"profit_mean_pct":2.13,"profit_total_abs":0.253067,"profit_total":0.00506134,"profit_total_pct":0.51,"duration_avg":"0:22:00","wins":2,"draws":0,"losses":0,"winrate":1.0,"cagr":0.8482573602244967,"expectancy":0.1265335,"expectancy_ratio":100.0,"sortino":-100,"sharpe":311.3174769473781,"calmar":-100,"sqn":24.4427,"profit_factor":0.0,"max_drawdown_account":0.0,"max_drawdown_abs":0.0},{"key":"OP/USDT","trades":2,"profit_mean":0.020961111840270157,"profit_mean_pct":2.1,"profit_total_abs":0.25124767,"profit_total":0.0050249534,"profit_total_pct":0.5,"duration_avg":"1:35:00","wins":2,"draws":0,"losses":0,"winrate":1.0,"cagr":0.8401340192998255,"expectancy":0.125623835,"expectancy_ratio":100.0,"sortino":-100,"sharpe":260.3059789126599,"calmar":-100,"sqn":20.4376,"profit_factor":0.0,"max_drawdown_account":0.0,"max_drawdown_abs":0.0},{"key":"LINK/USDT","trades":2,"profit_mean":0.02127872127872128,"profit_mean_pct":2.13,"profit_total_abs":0.24553575,"profit_total":0.0049107149999999995,"profit_total_pct":0.49,"duration_avg":"0:12:00","wins":2,"draws":0,"losses":0,"winrate":1.0,"cagr":0.814859595416163,"expectancy":0.122767875,"expectancy_ratio":100.0,"sortino":-100,"sharpe":694.1925240962702,"calmar":-100,"sqn":54.5035,"profit_factor":0.0,"max_drawdown_account":0.0,"max_drawdown_abs":0.0},{"key":"ICP/USDT","trades":1,"profit_mean":0.02997002997002997,"profit_mean_pct":3.0,"profit_total_abs":0.1743168,"profit_total":0.003486336,"profit_total_pct":0.35,"duration_avg":"2:25:00","wins":1,"draws":0,"losses":0,"winrate":1.0,"cagr":0.5271957231110875,"expectancy":0.1743168,"expectancy_ratio":100.0,"sortino":-100,"sharpe":-100,"calmar":-100,"sqn":-100.0,"profit_factor":0.0,"max_drawdown_account":0.0,"max_drawdown_abs":0.0},{"key":"AAVE/USDT","trades":1,"profit_mean":0.02997002997002997,"profit_mean_pct":3.0,"profit_total_abs":0.173007,"profit_total":0.00346014,"profit_total_pct":0.35,"duration_avg":"2:30:00","wins":1,"draws":0,"losses":0,"winrate":1.0,"cagr":0.5223528177001644,"expectancy":0.173007,"expectancy_ratio":100.0,"sortino":-100,"sharpe":-100,"calmar":-100,"sqn":-100.0,"profit_factor":0.0,"max_drawdown_account":0.0,"max_drawdown_abs":0.0},{"key":"HBAR/USDT","trades":1,"profit_mean":0.0212787219331902,"profit_mean_pct":2.13,"profit_total_abs":0.13005184,"profit_total":0.0026010368,"profit_total_pct":0.26,"duration_avg":"0:25:00","wins":1,"draws":0,"losses":0,"winrate":1.0,"cagr":0.3716969571972113,"expectancy":0.13005184,"expectancy_ratio":100.0,"sortino":-100,"sharpe":-100,"calmar":-100,"sqn":-100.0,"profit_factor":0.0,"max_drawdown_account":0.0,"max_drawdown_abs":0.0},{"key":"GALA/USDT","trades":3,"profit_mean":0.006292258196917149,"profit_mean_pct":0.63,"profit_total_abs":0.11960017000000003,"profit_total":0.0023920034000000008,"profit_total_pct":0.24,"duration_avg":"0:58:00","wins":2,"draws":0,"losses":1,"winrate":0.6666666666666666,"cagr":0.33733598671188014,"expectancy":0.03986672333333334,"expectancy_ratio":0.21482265211838003,"sortino":-100,"sharpe":4.750727547556396,"calmar":411.49925572754637,"sqn":0.3517,"profit_factor":1.6444679563551403,"max_drawdown_account":0.0037018423204368722,"max_drawdown_abs":0.1855797},{"key":"SAND/USDT","trades":1,"profit_mean":0.004988011988011988,"profit_mean_pct":0.5,"profit_total_abs":0.0289594,"profit_total":0.000579188,"profit_total_pct":0.06,"duration_avg":"2:45:00","wins":1,"draws":0,"losses":0,"winrate":1.0,"cagr":0.07298820831811192,"expectancy":0.0289594,"expectancy_ratio":100.0,"sortino":-100,"sharpe":-100,"calmar":-100,"sqn":-100.0,"profit_factor":0.0,"max_drawdown_account":0.0,"max_drawdown_abs":0.0},{"key":"BTC/USDT","trades":0,"profit_mean":0.0,"profit_mean_pct":0.0,"profit_total_abs":0.0,"profit_total":0.0,"profit_total_pct":0.0,"duration_avg":"0:00","wins":0,"draws":0,"losses":0,"winrate":0.0,"cagr":0.0,"expectancy":0.0,"expectancy_ratio":100.0,"sortino":0,"sharpe":0,"calmar":0,"sqn":0.0,"profit_factor":0.0,"max_drawdown_account":0.0,"max_drawdown_abs":0.0},{"key":"BNB/USDT","trades":0,"profit_mean":0.0,"profit_mean_pct":0.0,"profit_total_abs":0.0,"profit_total":0.0,"profit_total_pct":0.0,"duration_avg":"0:00","wins":0,"draws":0,"losses":0,"winrate":0.0,"cagr":0.0,"expectancy":0.0,"expectancy_ratio":100.0,"sortino":0,"sharpe":0,"calmar":0,"sqn":0.0,"profit_factor":0.0,"max_drawdown_account":0.0,"max_drawdown_abs":0.0},{"key":"AVAX/USDT","trades":0,"profit_mean":0.0,"profit_mean_pct":0.0,"profit_total_abs":0.0,"profit_total":0.0,"profit_total_pct":0.0,"duration_avg":"0:00","wins":0,"draws":0,"losses":0,"winrate":0.0,"cagr":0.0,"expectancy":0.0,"expectancy_ratio":100.0,"sortino":0,"sharpe":0,"calmar":0,"sqn":0.0,"profit_factor":0.0,"max_drawdown_account":0.0,"max_drawdown_abs":0.0},{"key":"LTC/USDT","trades":0,"profit_mean":0.0,"profit_mean_pct":0.0,"profit_total_abs":0.0,"profit_total":0.0,"profit_total_pct":0.0,"duration_avg":"0:00","wins":0,"draws":0,"losses":0,"winrate":0.0,"cagr":0.0,"expectancy":0.0,"expectancy_ratio":100.0,"sortino":0,"sharpe":0,"calmar":0,"sqn":0.0,"profit_factor":0.0,"max_drawdown_account":0.0,"max_drawdown_abs":0.0},{"key":"TRX/USDT","trades":0,"profit_mean":0.0,"profit_mean_pct":0.0,"profit_total_abs":0.0,"profit_total":0.0,"profit_total_pct":0.0,"duration_avg":"0:00","wins":0,"draws":0,"losses":0,"winrate":0.0,"cagr":0.0,"expectancy":0.0,"expectancy_ratio":100.0,"sortino":0,"sharpe":0,"calmar":0,"sqn":0.0,"profit_factor":0.0,"max_drawdown_account":0.0,"max_drawdown_abs":0.0},{"key":"UNI/USDT","trades":0,"profit_mean":0.0,"profit_mean_pct":0.0,"profit_total_abs":0.0,"profit_total":0.0,"profit_total_pct":0.0,"duration_avg":"0:00","wins":0,"draws":0,"losses":0,"winrate":0.0,"cagr":0.0,"expectancy":0.0,"expectancy_ratio":100.0,"sortino":0,"sharpe":0,"calmar":0,"sqn":0.0,"profit_factor":0.0,"max_drawdown_account":0.0,"max_drawdown_abs":0.0},{"key":"ATOM/USDT","trades":0,"profit_mean":0.0,"profit_mean_pct":0.0,"profit_total_abs":0.0,"profit_total":0.0,"profit_total_pct":0.0,"duration_avg":"0:00","wins":0,"draws":0,"losses":0,"winrate":0.0,"cagr":0.0,"expectancy":0.0,"expectancy_ratio":100.0,"sortino":0,"sharpe":0,"calmar":0,"sqn":0.0,"profit_factor":0.0,"max_drawdown_account":0.0,"max_drawdown_abs":0.0},{"key":"XLM/USDT","trades":0,"profit_mean":0.0,"profit_mean_pct":0.0,"profit_total_abs":0.0,"profit_total":0.0,"profit_total_pct":0.0,"duration_avg":"0:00","wins":0,"draws":0,"losses":0,"winrate":0.0,"cagr":0.0,"expectancy":0.0,"expectancy_ratio":100.0,"sortino":0,"sharpe":0,"calmar":0,"sqn":0.0,"profit_factor":0.0,"max_drawdown_account":0.0,"max_drawdown_abs":0.0},{"key":"ETC/USDT","trades":0,"profit_mean":0.0,"profit_mean_pct":0.0,"profit_total_abs":0.0,"profit_total":0.0,"profit_total_pct":0.0,"duration_avg":"0:00","wins":0,"draws":0,"losses":0,"winrate":0.0,"cagr":0.0,"expectancy":0.0,"expectancy_ratio":100.0,"sortino":0,"sharpe":0,"calmar":0,"sqn":0.0,"profit_factor":0.0,"max_drawdown_account":0.0,"max_drawdown_abs":0.0},{"key":"RUNE/USDT","trades":0,"profit_mean":0.0,"profit_mean_pct":0.0,"profit_total_abs":0.0,"profit_total":0.0,"profit_total_pct":0.0,"duration_avg":"0:00","wins":0,"draws":0,"losses":0,"winrate":0.0,"cagr":0.0,"expectancy":0.0,"expectancy_ratio":100.0,"sortino":0,"sharpe":0,"calmar":0,"sqn":0.0,"profit_factor":0.0,"max_drawdown_account":0.0,"max_drawdown_abs":0.0},{"key":"NEAR/USDT","trades":2,"profit_mean":-0.005899463857941368,"profit_mean_pct":-0.59,"profit_total_abs":-0.07156324,"profit_total":-0.0014312648,"profit_total_pct":-0.14,"duration_avg":"0:10:00","wins":1,"draws":0,"losses":1,"winrate":0.5,"cagr":-0.15992319315422499,"expectancy":-0.03578162,"expectancy_ratio":-0.18696634967081205,"sortino":-100,"sharpe":-2.9289374788335807,"calmar":-238.1324730002006,"sqn":-0.23,"profit_factor":0.626067300658376,"max_drawdown_account":0.0038276000000000464,"max_drawdown_abs":0.19138},{"key":"ETH/USDT","trades":4,"profit_mean":-0.006227872207710711,"profit_mean_pct":-0.62,"profit_total_abs":-0.14703231,"profit_total":-0.0029406462,"profit_total_pct":-0.29,"duration_avg":"1:08:00","wins":2,"draws":0,"losses":2,"winrate":0.5,"cagr":-0.3011406022805344,"expectancy":-0.0367580775,"expectancy_ratio":-0.1874378244734498,"sortino":-2459.7405787523635,"sharpe":-5.875726872979903,"calmar":-476.5409231578889,"sqn":-0.3995,"profit_factor":0.6251243510531003,"max_drawdown_account":0.0039297756000000565,"max_drawdown_abs":0.19648878},{"key":"SOL/USDT","trades":4,"profit_mean":-0.006227871956443553,"profit_mean_pct":-0.62,"profit_total_abs":-0.16330357,"profit_total":-0.0032660714000000003,"profit_total_pct":-0.33,"duration_avg":"0:58:00","wins":2,"draws":0,"losses":2,"winrate":0.5,"cagr":-0.3283529901641431,"expectancy":-0.040825892499999995,"expectancy_ratio":-0.20000961445897047,"sortino":-387.72881618230906,"sharpe":-6.367774982577717,"calmar":-254.7452212592864,"sqn":-0.433,"profit_factor":0.599980771082059,"max_drawdown_account":0.008164785999999964,"max_drawdown_abs":0.40823929999999997},{"key":"FIL/USDT","trades":4,"profit_mean":-0.006144804462869872,"profit_mean_pct":-0.61,"profit_total_abs":-0.16704074000000002,"profit_total":-0.0033408148000000004,"profit_total_pct":-0.33,"duration_avg":"1:40:00","wins":2,"draws":0,"losses":2,"winrate":0.5,"cagr":-0.3344531731033038,"expectancy":-0.041760185000000005,"expectancy_ratio":-0.2048277982659168,"sortino":-238.3167294516176,"sharpe":-6.560331281476239,"calmar":-260.8819727513986,"sqn":-0.4461,"profit_factor":0.5903444034681665,"max_drawdown_account":0.00815517920000005,"max_drawdown_abs":0.40775896},{"key":"MANA/USDT","trades":1,"profit_mean":-0.03304289489101932,"profit_mean_pct":-3.3,"profit_total_abs":-0.1879904,"profit_total":-0.003759808,"profit_total_pct":-0.38,"duration_avg":"0:00:00","wins":0,"draws":0,"losses":1,"winrate":0.0,"cagr":-0.3676456855280683,"expectancy":-0.1879904,"expectancy_ratio":-1.0,"sortino":-100,"sharpe":-100,"calmar":-636.8324391514376,"sqn":-100.0,"profit_factor":0.0,"max_drawdown_account":0.0037598079999999357,"max_drawdown_abs":0.1879904},{"key":"XRP/USDT","trades":1,"profit_mean":-0.03368566525788783,"profit_mean_pct":-3.37,"profit_total_abs":-0.20056742,"profit_total":-0.0040113484,"profit_total_pct":-0.4,"duration_avg":"1:15:00","wins":0,"draws":0,"losses":1,"winrate":0.0,"cagr":-0.38677838207991977,"expectancy":-0.20056742,"expectancy_ratio":-1.0,"sortino":-100,"sharpe":-100,"calmar":-636.8324391514307,"sqn":-100.0,"profit_factor":0.0,"max_drawdown_account":0.004011348399999975,"max_drawdown_abs":0.20056742},{"key":"BCH/USDT","trades":2,"profit_mean":-0.016867232981812117,"profit_mean_pct":-1.69,"profit_total_abs":-0.20123146,"profit_total":-0.0040246292,"profit_total_pct":-0.4,"duration_avg":"2:35:00","wins":0,"draws":1,"losses":1,"winrate":0.0,"cagr":-0.3877724351418421,"expectancy":-0.10061573,"expectancy_ratio":-1.0,"sortino":-100,"sharpe":-12.736648783028532,"calmar":-636.8324391514188,"sqn":-1.0,"profit_factor":0.0,"max_drawdown_account":0.0040246292000000496,"max_drawdown_abs":0.20123146},{"key":"ADA/USDT","trades":1,"profit_mean":-0.03351385456648614,"profit_mean_pct":-3.35,"profit_total_abs":-0.2026932,"profit_total":-0.004053864,"profit_total_pct":-0.41,"duration_avg":"1:15:00","wins":0,"draws":0,"losses":1,"winrate":0.0,"cagr":-0.38995499979921966,"expectancy":-0.2026932,"expectancy_ratio":-1.0,"sortino":-100,"sharpe":-100,"calmar":-636.8324391514304,"sqn":-100.0,"profit_factor":0.0,"max_drawdown_account":0.004053863999999976,"max_drawdown_abs":0.2026932},{"key":"DOGE/USDT","trades":1,"profit_mean":-0.033719336897821,"profit_mean_pct":-3.37,"profit_total_abs":-0.20362375,"profit_total":-0.004072475,"profit_total_pct":-0.41,"duration_avg":"1:20:00","wins":0,"draws":0,"losses":1,"winrate":0.0,"cagr":-0.39134040811615467,"expectancy":-0.20362375,"expectancy_ratio":-1.0,"sortino":-100,"sharpe":-100,"calmar":-636.8324391514316,"sqn":-100.0,"profit_factor":0.0,"max_drawdown_account":0.004072474999999969,"max_drawdown_abs":0.20362375},{"key":"ALGO/USDT","trades":1,"profit_mean":-0.03285410241931981,"profit_mean_pct":-3.29,"profit_total_abs":-0.204228,"profit_total":-0.00408456,"profit_total_pct":-0.41,"duration_avg":"2:05:00","wins":0,"draws":0,"losses":1,"winrate":0.0,"cagr":-0.3922383476355976,"expectancy":-0.204228,"expectancy_ratio":-1.0,"sortino":-100,"sharpe":-100,"calmar":-636.8324391514249,"sqn":-100.0,"profit_factor":0.0,"max_drawdown_account":0.0040845600000000105,"max_drawdown_abs":0.204228},{"key":"EGLD/USDT","trades":1,"profit_mean":-0.03299185286762926,"profit_mean_pct":-3.3,"profit_total_abs":-0.2057679,"profit_total":-0.004115358,"profit_total_pct":-0.41,"duration_avg":"2:05:00","wins":0,"draws":0,"losses":1,"winrate":0.0,"cagr":-0.39452076416830406,"expectancy":-0.2057679,"expectancy_ratio":-1.0,"sortino":-100,"sharpe":-100,"calmar":-636.8324391514332,"sqn":-100.0,"profit_factor":0.0,"max_drawdown_account":0.004115357999999958,"max_drawdown_abs":0.2057679},{"key":"APT/USDT","trades":3,"profit_mean":-0.012061114150912447,"profit_mean_pct":-1.21,"profit_total_abs":-0.22593738,"profit_total":-0.0045187476,"profit_total_pct":-0.45,"duration_avg":"1:15:00","wins":1,"draws":0,"losses":2,"winrate":0.3333333333333333,"cagr":-0.42364233996488365,"expectancy":-0.07531246,"expectancy_ratio":-0.37954000004737165,"sortino":-250.16778689575966,"sharpe":-8.26070846404978,"calmar":-362.5550759785488,"sqn":-0.6115,"profit_factor":0.4306899999289425,"max_drawdown_account":0.007937235600000037,"max_drawdown_abs":0.39686178},{"key":"DOT/USDT","trades":3,"profit_mean":-0.015044079483734657,"profit_mean_pct":-1.5,"profit_total_abs":-0.27884232999999997,"profit_total":-0.005576846599999999,"profit_total_pct":-0.56,"duration_avg":"0:52:00","wins":1,"draws":0,"losses":2,"winrate":0.3333333333333333,"cagr":-0.4935934080087705,"expectancy":-0.09294744333333332,"expectancy_ratio":-0.4643033947897449,"sortino":-292.94194498436417,"sharpe":-11.702623885161497,"calmar":-443.5251951153624,"sqn":-0.8663,"profit_factor":0.30354490781538274,"max_drawdown_account":0.008007474799999983,"max_drawdown_abs":0.40037374},{"key":"INJ/USDT","trades":2,"profit_mean":-0.03353391849242808,"profit_mean_pct":-3.35,"profit_total_abs":-0.39982794,"profit_total":-0.0079965588,"profit_total_pct":-0.8,"duration_avg":"1:15:00","wins":0,"draws":0,"losses":2,"winrate":0.0,"cagr":-0.6234955835202042,"expectancy":-0.19991397,"expectancy_ratio":-1.0,"sortino":-353.75121359287135,"sharpe":-353.75121359287135,"calmar":-636.8324391514241,"sqn":-27.7743,"profit_factor":0.0,"max_drawdown_account":0.00799655880000003,"max_drawdown_abs":0.39982794},{"key":"VET/USDT","trades":2,"profit_mean":-0.03275723905287872,"profit_mean_pct":-3.28,"profit_total_abs":-0.40328546,"profit_total":-0.0080657092,"profit_total_pct":-0.81,"duration_avg":"1:40:00","wins":0,"draws":0,"losses":2,"winrate":0.0,"cagr":-0.6266753697621418,"expectancy":-0.20164273,"expectancy_ratio":-1.0,"sortino":-1203.560008838857,"sharpe":-1203.560008838857,"calmar":-636.8324391514278,"sqn":-94.4958,"profit_factor":0.0,"max_drawdown_account":0.008065709199999986,"max_drawdown_abs":0.40328546},{"key":"TOTAL","trades":45,"profit_mean":-0.006700455877358021,"profit_mean_pct":-0.67,"profit_total_abs":-1.88714947,"profit_total":-0.0377429894,"profit_total_pct":-3.77,"duration_avg":"1:15:00","wins":21,"draws":1,"losses":23,"winrate":0.4666666666666667,"cagr":-0.9907299544045776,"expectancy":-0.04193665488888889,"expectancy_ratio":-0.2322879427741682,"sortino":-1912.2575377459789,"sharpe":-73.43599932897904,"calmar":-276.26274816734673,"sqn":-1.6998,"profit_factor":0.5890018510940187,"max_drawdown_account":0.0870039850103446,"max_drawdown_abs":4.39589779}],"results_per_enter_tag":[{"key":"","trades":45,"profit_mean":-0.006700455877358021,"profit_mean_pct":-0.67,"profit_total_abs":-1.88714947,"profit_total":-0.0377429894,"profit_total_pct":-3.77,"duration_avg":"1:15:00","wins":21,"draws":1,"losses":23,"winrate":0.4666666666666667,"cagr":-0.9907299544045776,"expectancy":-0.04193665488888889,"expectancy_ratio":-0.2322879427741682,"sortino":-1912.2575377459789,"sharpe":-73.43599932897904,"calmar":-276.26274816734673,"sqn":-1.6998,"profit_factor":0.5890018510940187,"max_drawdown_account":0.0870039850103446,"max_drawdown_abs":4.39589779},{"key":"TOTAL","trades":45,"profit_mean":-0.006700455877358021,"profit_mean_pct":-0.67,"profit_total_abs":-1.88714947,"profit_total":-0.0377429894,"profit_total_pct":-3.77,"duration_avg":"1:15:00","wins":21,"draws":1,"losses":23,"winrate":0.4666666666666667,"cagr":-0.9907299544045776,"expectancy":-0.04193665488888889,"expectancy_ratio":-0.2322879427741682,"sortino":-1912.2575377459789,"sharpe":-73.43599932897904,"calmar":-276.26274816734673,"sqn":-1.6998,"profit_factor":0.5890018510940187,"max_drawdown_account":0.0870039850103446,"max_drawdown_abs":4.39589779}],"exit_reason_summary":[{"key":"roi","trades":22,"profit_mean":0.02110046418541285,"profit_mean_pct":2.11,"profit_total_abs":2.7044757599999993,"profit_total":0.054089515199999987,"profit_total_pct":5.41,"duration_avg":"1:08:00","wins":21,"draws":1,"losses":0,"winrate":0.9545454545454546,"cagr":606.3350959243127,"expectancy":0.12293071636363634,"expectancy_ratio":100.0,"sortino":-100,"sharpe":436.11459599433874,"calmar":-100,"sqn":14.2647,"profit_factor":0.0,"max_drawdown_account":0.0,"max_drawdown_abs":0.0},{"key":"stop_loss","trades":23,"profit_mean":-0.033292640285225814,"profit_mean_pct":-3.33,"profit_total_abs":-4.59162523,"profit_total":-0.0918325046,"profit_total_pct":-9.18,"duration_avg":"1:21:00","wins":0,"draws":0,"losses":23,"winrate":0.0,"cagr":-0.9999918681183533,"expectancy":-0.1996358795652174,"expectancy_ratio":-1.0,"sortino":-4652.715694306989,"sharpe":-4652.715694306989,"calmar":-636.8324391514269,"sqn":-148.9926,"profit_factor":0.0,"max_drawdown_account":0.09183250459999996,"max_drawdown_abs":4.59162523},{"key":"TOTAL","trades":45,"profit_mean":-0.006700455877358021,"profit_mean_pct":-0.67,"profit_total_abs":-1.88714947,"profit_total":-0.0377429894,"profit_total_pct":-3.77,"duration_avg":"1:15:00","wins":21,"draws":1,"losses":23,"winrate":0.4666666666666667,"cagr":-0.9907299544045776,"expectancy":-0.04193665488888889,"expectancy_ratio":-0.2322879427741682,"sortino":-1912.2575377459789,"sharpe":-73.43599932897904,"calmar":-276.26274816734673,"sqn":-1.6998,"profit_factor":0.5890018510940187,"max_drawdown_account":0.0870039850103446,"max_drawdown_abs":4.39589779}],"mix_tag_stats":[{"key":["","roi"],"trades":22,"profit_mean":0.02110046418541285,"profit_mean_pct":2.11,"profit_total_abs":2.7044757599999993,"profit_total":0.054089515199999987,"profit_total_pct":5.41,"duration_avg":"1:08:00","wins":21,"draws":1,"losses":0,"winrate":0.9545454545454546,"cagr":606.3350959243127,"expectancy":0.12293071636363634,"expectancy_ratio":100.0,"sortino":-100,"sharpe":436.11459599433874,"calmar":-100,"sqn":14.2647,"profit_factor":0.0,"max_drawdown_account":0.0,"max_drawdown_abs":0.0},{"key":["","stop_loss"],"trades":23,"profit_mean":-0.033292640285225814,"profit_mean_pct":-3.33,"profit_total_abs":-4.59162523,"profit_total":-0.0918325046,"profit_total_pct":-9.18,"duration_avg":"1:21:00","wins":0,"draws":0,"losses":23,"winrate":0.0,"cagr":-0.9999918681183533,"expectancy":-0.1996358795652174,"expectancy_ratio":-1.0,"sortino":-4652.715694306989,"sharpe":-4652.715694306989,"calmar":-636.8324391514269,"sqn":-148.9926,"profit_factor":0.0,"max_drawdown_account":0.09183250459999996,"max_drawdown_abs":4.59162523},{"key":"TOTAL","trades":45,"profit_mean":-0.006700455877358021,"profit_mean_pct":-0.67,"profit_total_abs":-1.88714947,"profit_total":-0.0377429894,"profit_total_pct":-3.77,"duration_avg":"1:15:00","wins":21,"draws":1,"losses":23,"winrate":0.4666666666666667,"cagr":-0.9907299544045776,"expectancy":-0.04193665488888889,"expectancy_ratio":-0.2322879427741682,"sortino":-1912.2575377459789,"sharpe":-73.43599932897904,"calmar":-276.26274816734673,"sqn":-1.6998,"profit_factor":0.5890018510940187,"max_drawdown_account":0.0870039850103446,"max_drawdown_abs":4.39589779}],"left_open_trades":[{"key":"TOTAL","trades":0,"profit_mean":0.0,"profit_mean_pct":0.0,"profit_total_abs":0.0,"profit_total":0.0,"profit_total_pct":0.0,"duration_avg":"0:00","wins":0,"draws":0,"losses":0,"winrate":0.0,"cagr":0.0,"expectancy":0.0,"expectancy_ratio":100.0,"sortino":0,"sharpe":0,"calmar":0,"sqn":0.0,"profit_factor":0.0,"max_drawdown_account":0.0,"max_drawdown_abs":0.0}],"total_trades":45,"trade_count_long":45,"trade_count_short":0,"total_volume":530.1254963454423,"avg_stake_amount":5.899482822222222,"profit_mean":-0.006700455877358021,"profit_median":-0.03237197585023672,"profit_total":-0.0377429894,"profit_total_long":-0.0377429894,"profit_total_short":0.0,"profit_total_abs":-1.88714947,"profit_total_long_abs":-1.88714947,"profit_total_short_abs":0.0,"cagr":-0.9907299544045776,"expectancy":-0.04193665488888889,"expectancy_ratio":-0.2322879427741682,"sortino":-1912.2575377459789,"sharpe":-73.43599932897904,"calmar":-276.26274816734673,"sqn":-1.6998,"profit_factor":0.5890018510940187,"backtest_start":"2026-01-30 00:00:00","backtest_start_ts":1769731200000,"backtest_end":"2026-02-02 09:10:00","backtest_end_ts":1770023400000,"backtest_days":3,"backtest_run_start_ts":1770207530,"backtest_run_end_ts":1770207531,"trades_per_day":15.0,"market_change":-0.12897517351658805,"pairlist":["BTC/USDT","ETH/USDT","BNB/USDT","SOL/USDT","ADA/USDT","XRP/USDT","DOT/USDT","DOGE/USDT","AVAX/USDT","LINK/USDT","LTC/USDT","TRX/USDT","UNI/USDT","ATOM/USDT","XLM/USDT","ETC/USDT","BCH/USDT","NEAR/USDT","FIL/USDT","APT/USDT","ARB/USDT","OP/USDT","ICP/USDT","ALGO/USDT","AAVE/USDT","SAND/USDT","MANA/USDT","EGLD/USDT","RUNE/USDT","INJ/USDT","GALA/USDT","HBAR/USDT","VET/USDT"],"stake_amount":"unlimited","stake_currency":"USDT","stake_currency_decimals":3,"starting_balance":50,"dry_run_wallet":50,"final_balance":48.11285053,"rejected_signals":154,"timedout_entry_orders":0,"timedout_exit_orders":0,"canceled_trade_entries":0,"canceled_entry_orders":0,"replaced_entry_orders":0,"max_open_trades":8,"max_open_trades_setting":8,"timeframe":"5m","timeframe_detail":"","timerange":"20260130-20260204","enable_protections":false,"strategy_name":"UniversalMACD","freqaimodel":"XGBoostRegressor","freqai_identifier":"qs_v9_scalp_5m1h_l2","stoploss":-0.0318,"trailing_stop":false,"trailing_stop_positive":null,"trailing_stop_positive_offset":0.0,"trailing_only_offset_is_reached":false,"use_custom_stoploss":false,"minimal_roi":{"0":0.0213,"27":0.099,"60":0.03,"164":0},"use_exit_signal":true,"exit_profit_only":false,"exit_profit_offset":0.0,"ignore_roi_if_entry_signal":false,"trading_mode":"spot","margin_mode":"","periodic_breakdown":{"day":[{"date":"31/01/2026","date_ts":1769817600000,"profit_abs":-2.06675231,"wins":18,"draws":1,"losses":22,"trades":41,"profit_factor":0.52984523},{"date":"01/02/2026","date_ts":1769904000000,"profit_abs":0.0,"wins":0,"draws":0,"losses":0,"trades":0,"profit_factor":0.0},{"date":"02/02/2026","date_ts":1769990400000,"profit_abs":0.17960284,"wins":3,"draws":0,"losses":1,"trades":4,"profit_factor":1.91761707}],"week":[{"date":"02/02/2026","date_ts":1769990400000,"profit_abs":-1.88714947,"wins":21,"draws":1,"losses":23,"trades":45,"profit_factor":0.58900185}],"month":[{"date":"31/01/2026","date_ts":1769817600000,"profit_abs":-2.06675231,"wins":18,"draws":1,"losses":22,"trades":41,"profit_factor":0.52984523},{"date":"28/02/2026","date_ts":1772236800000,"profit_abs":0.17960284,"wins":3,"draws":0,"losses":1,"trades":4,"profit_factor":1.91761707}],"year":[{"date":"31/12/2026","date_ts":1798675200000,"profit_abs":-1.88714947,"wins":21,"draws":1,"losses":23,"trades":45,"profit_factor":0.58900185}],"weekday":[{"date":"Monday","date_ts":0,"profit_abs":0.17960284,"wins":3,"draws":0,"losses":1,"trades":4,"profit_factor":1.91761707},{"date":"Saturday","date_ts":5,"profit_abs":-2.06675231,"wins":18,"draws":1,"losses":22,"trades":41,"profit_factor":0.52984523}]},"backtest_best_day":0.030101698553812714,"backtest_worst_day":-0.33162221303492373,"backtest_best_day_abs":0.17960284,"backtest_worst_day_abs":-2.06675231,"winning_days":1,"draw_days":1,"losing_days":1,"daily_profit":[["2026-01-31",-2.06675231],["2026-02-01",0.0],["2026-02-02",0.17960284]],"wins":21,"losses":23,"draws":1,"winrate":0.4666666666666667,"holding_avg":"1:15:00","holding_avg_s":4500.0,"winner_holding_min":"0d 00:05","winner_holding_min_s":300.0,"winner_holding_max":"0d 02:45","winner_holding_max_s":9900.0,"winner_holding_avg":"0d 01:00","winner_holding_avg_s":3600.0,"loser_holding_min":"0d 00:00","loser_holding_min_s":0.0,"loser_holding_max":"0d 02:45","loser_holding_max_s":9900.0,"loser_holding_avg":"0d 01:21","loser_holding_avg_s":4860.0,"max_consecutive_wins":14,"max_consecutive_losses":22,"max_drawdown_account":0.0870039850103446,"max_relative_drawdown":0.0870039850103446,"max_drawdown_abs":4.39589779,"drawdown_start":"2026-01-31 15:05:00","drawdown_start_ts":1769871900000.0,"drawdown_end":"2026-01-31 18:40:00","drawdown_end_ts":1769884800000.0,"drawdown_duration":"0 days 03:35:00","drawdown_duration_s":12900.0,"max_drawdown_low":-3.8706512800000006,"max_drawdown_high":0.52524651,"csum_min":46.12934872,"csum_max":50.52524651}},"strategy_comparison":[{"key":"UniversalMACD","trades":45,"profit_mean":-0.006700455877358021,"profit_mean_pct":-0.67,"profit_total_abs":-1.88714947,"profit_total":-0.0377429894,"profit_total_pct":-3.77,"duration_avg":"1:15:00","wins":21,"draws":1,"losses":23,"winrate":0.4666666666666667,"cagr":-0.9907299544045776,"expectancy":-0.04193665488888889,"expectancy_ratio":-0.2322879427741682,"sortino":-1912.2575377459789,"sharpe":-73.43599932897904,"calmar":-276.26274816734673,"sqn":-1.6998,"profit_factor":0.5890018510940187,"max_drawdown_account":0.0870039850103446,"max_drawdown_abs":"4.396"}]}