{"strategy":{"Diamond":{"trades":[{"pair":"ETH/USDT","stake_amount":9.813267,"max_stake_amount":9.813267,"amount":0.0031,"open_date":"2026-01-05 00:55:00+00:00","close_date":"2026-01-05 03:45:00+00:00","open_rate":3165.57,"close_rate":3186.88,"fee_open":0.001,"fee_close":0.001,"trade_duration":170,"profit_ratio":0.004720353365712755,"profit_abs":0.04636841,"exit_reason":"roi","initial_stop_loss_abs":2374.1775000000002,"initial_stop_loss_ratio":-0.25,"stop_loss_abs":2415.6150000000002,"stop_loss_ratio":-0.25,"min_rate":3162.14,"max_rate":3220.82,"is_open":false,"enter_tag":"","leverage":1.0,"is_short":false,"open_timestamp":1767574500000,"close_timestamp":1767584700000,"orders":[{"amount":0.0031,"safe_price":3165.57,"ft_order_side":"buy","order_filled_timestamp":1767574500000,"ft_is_entry":true,"ft_order_tag":"","cost":9.823080266999998},{"amount":0.0031,"safe_price":3186.88,"ft_order_side":"sell","order_filled_timestamp":1767584700000,"ft_is_entry":false,"ft_order_tag":"roi","cost":9.889207327999998}],"funding_fees":0.0,"weekday":0},{"pair":"ETH/USDT","stake_amount":9.809268,"max_stake_amount":9.809268,"amount":0.0031,"open_date":"2026-01-05 04:35:00+00:00","close_date":"2026-01-05 08:20:00+00:00","open_rate":3164.28,"close_rate":3170.6148948948944,"fee_open":0.001,"fee_close":0.001,"trade_duration":225,"profit_ratio":0.0,"profit_abs":0.0,"exit_reason":"roi","initial_stop_loss_abs":2373.21,"initial_stop_loss_ratio":-0.25,"stop_loss_abs":2379.0075,"stop_loss_ratio":-0.25,"min_rate":3135.31,"max_rate":3172.01,"is_open":false,"enter_tag":"","leverage":1.0,"is_short":false,"open_timestamp":1767587700000,"close_timestamp":1767601200000,"orders":[{"amount":0.0031,"safe_price":3164.28,"ft_order_side":"buy","order_filled_timestamp":1767587700000,"ft_is_entry":true,"ft_order_tag":"","cost":9.819077268},{"amount":0.0031,"safe_price":3170.6148948948944,"ft_order_side":"sell","order_filled_timestamp":1767601200000,"ft_is_entry":false,"ft_order_tag":"roi","cost":9.838735080348345}],"funding_fees":0.0,"weekday":0},{"pair":"BNB/USDT","stake_amount":9.0009,"max_stake_amount":9.0009,"amount":0.01,"open_date":"2026-01-05 00:55:00+00:00","close_date":"2026-01-05 10:10:00+00:00","open_rate":900.09,"close_rate":901.8919819819819,"fee_open":0.001,"fee_close":0.001,"trade_duration":555,"profit_ratio":0.0,"profit_abs":0.0,"exit_reason":"roi","initial_stop_loss_abs":675.0675,"initial_stop_loss_ratio":-0.25,"stop_loss_abs":680.1825,"stop_loss_ratio":-0.25,"min_rate":890.59,"max_rate":906.91,"is_open":false,"enter_tag":"","leverage":1.0,"is_short":false,"open_timestamp":1767574500000,"close_timestamp":1767607800000,"orders":[{"amount":0.01,"safe_price":900.09,"ft_order_side":"buy","order_filled_timestamp":1767574500000,"ft_is_entry":true,"ft_order_tag":"","cost":9.009900899999998},{"amount":0.01,"safe_price":901.8919819819819,"ft_order_side":"sell","order_filled_timestamp":1767607800000,"ft_is_entry":false,"ft_order_tag":"roi","cost":9.027938739639639}],"funding_fees":0.0,"weekday":0},{"pair":"BNB/USDT","stake_amount":9.0398,"max_stake_amount":9.0398,"amount":0.01,"open_date":"2026-01-05 10:35:00+00:00","close_date":"2026-01-05 14:40:00+00:00","open_rate":903.98,"close_rate":905.7897697697697,"fee_open":0.001,"fee_close":0.001,"trade_duration":245,"profit_ratio":0.0,"profit_abs":0.0,"exit_reason":"roi","initial_stop_loss_abs":677.985,"initial_stop_loss_ratio":-0.25,"stop_loss_abs":681.75,"stop_loss_ratio":-0.25,"min_rate":900.49,"max_rate":909.0,"is_open":false,"enter_tag":"","leverage":1.0,"is_short":false,"open_timestamp":1767609300000,"close_timestamp":1767624000000,"orders":[{"amount":0.01,"safe_price":903.98,"ft_order_side":"buy","order_filled_timestamp":1767609300000,"ft_is_entry":true,"ft_order_tag":"","cost":9.048839799999998},{"amount":0.01,"safe_price":905.7897697697697,"ft_order_side":"sell","order_filled_timestamp":1767624000000,"ft_is_entry":false,"ft_order_tag":"roi","cost":9.066955595395394}],"funding_fees":0.0,"weekday":0},{"pair":"ETH/USDT","stake_amount":9.82297,"max_stake_amount":9.82297,"amount":0.0031,"open_date":"2026-01-05 14:55:00+00:00","close_date":"2026-01-05 17:45:00+00:00","open_rate":3168.7,"close_rate":3187.42,"fee_open":0.001,"fee_close":0.001,"trade_duration":170,"profit_ratio":0.003897979965299727,"profit_abs":0.03832803,"exit_reason":"roi","initial_stop_loss_abs":2376.5249999999996,"initial_stop_loss_ratio":-0.25,"stop_loss_abs":2403.75,"stop_loss_ratio":-0.25,"min_rate":3152.4,"max_rate":3205.0,"is_open":false,"enter_tag":"","leverage":1.0,"is_short":false,"open_timestamp":1767624900000,"close_timestamp":1767635100000,"orders":[{"amount":0.0031,"safe_price":3168.7,"ft_order_side":"buy","order_filled_timestamp":1767624900000,"ft_is_entry":true,"ft_order_tag":"","cost":9.832792969999998},{"amount":0.0031,"safe_price":3187.42,"ft_order_side":"sell","order_filled_timestamp":1767635100000,"ft_is_entry":false,"ft_order_tag":"roi","cost":9.890883001999999}],"funding_fees":0.0,"weekday":0},{"pair":"BNB/USDT","stake_amount":9.0533,"max_stake_amount":9.0533,"amount":0.01,"open_date":"2026-01-05 14:45:00+00:00","close_date":"2026-01-05 17:55:00+00:00","open_rate":905.33,"close_rate":907.1424724724725,"fee_open":0.001,"fee_close":0.001,"trade_duration":190,"profit_ratio":0.0,"profit_abs":0.0,"exit_reason":"roi","initial_stop_loss_abs":678.9975000000001,"initial_stop_loss_ratio":-0.25,"stop_loss_abs":680.625,"stop_loss_ratio":-0.25,"min_rate":901.11,"max_rate":907.5,"is_open":false,"enter_tag":"","leverage":1.0,"is_short":false,"open_timestamp":1767624300000,"close_timestamp":1767635700000,"orders":[{"amount":0.01,"safe_price":905.33,"ft_order_side":"buy","order_filled_timestamp":1767624300000,"ft_is_entry":true,"ft_order_tag":"","cost":9.0623533},{"amount":0.01,"safe_price":907.1424724724725,"ft_order_side":"sell","order_filled_timestamp":1767635700000,"ft_is_entry":false,"ft_order_tag":"roi","cost":9.080496149449448}],"funding_fees":0.0,"weekday":0},{"pair":"ETH/USDT","stake_amount":9.62499,"max_stake_amount":9.62499,"amount":0.003,"open_date":"2026-01-05 18:05:00+00:00","close_date":"2026-01-05 20:55:00+00:00","open_rate":3208.33,"close_rate":3238.88,"fee_open":0.001,"fee_close":0.001,"trade_duration":170,"profit_ratio":0.007505060666674342,"profit_abs":0.07230837,"exit_reason":"roi","initial_stop_loss_abs":2406.2475,"initial_stop_loss_ratio":-0.25,"stop_loss_abs":2449.245,"stop_loss_ratio":-0.25,"min_rate":3186.39,"max_rate":3265.66,"is_open":false,"enter_tag":"","leverage":1.0,"is_short":false,"open_timestamp":1767636300000,"close_timestamp":1767646500000,"orders":[{"amount":0.003,"safe_price":3208.33,"ft_order_side":"buy","order_filled_timestamp":1767636300000,"ft_is_entry":true,"ft_order_tag":"","cost":9.63461499},{"amount":0.003,"safe_price":3238.88,"ft_order_side":"sell","order_filled_timestamp":1767646500000,"ft_is_entry":false,"ft_order_tag":"roi","cost":9.726356639999999}],"funding_fees":0.0,"weekday":0},{"pair":"BNB/USDT","stake_amount":9.11,"max_stake_amount":9.11,"amount":0.01,"open_date":"2026-01-05 19:40:00+00:00","close_date":"2026-01-05 22:30:00+00:00","open_rate":911.0,"close_rate":913.28,"fee_open":0.001,"fee_close":0.001,"trade_duration":170,"profit_ratio":0.0004997417511138697,"profit_abs":0.0045572,"exit_reason":"roi","initial_stop_loss_abs":683.25,"initial_stop_loss_ratio":-0.25,"stop_loss_abs":687.4124999999999,"stop_loss_ratio":-0.25,"min_rate":908.96,"max_rate":916.55,"is_open":false,"enter_tag":"","leverage":1.0,"is_short":false,"open_timestamp":1767642000000,"close_timestamp":1767652200000,"orders":[{"amount":0.01,"safe_price":911.0,"ft_order_side":"buy","order_filled_timestamp":1767642000000,"ft_is_entry":true,"ft_order_tag":"","cost":9.11911},{"amount":0.01,"safe_price":913.28,"ft_order_side":"sell","order_filled_timestamp":1767652200000,"ft_is_entry":false,"ft_order_tag":"roi","cost":9.1419328}],"funding_fees":0.0,"weekday":0},{"pair":"BNB/USDT","stake_amount":9.0518,"max_stake_amount":9.0518,"amount":0.01,"open_date":"2026-01-06 05:35:00+00:00","close_date":"2026-01-06 08:50:00+00:00","open_rate":905.18,"close_rate":906.992172172172,"fee_open":0.001,"fee_close":0.001,"trade_duration":195,"profit_ratio":0.0,"profit_abs":0.0,"exit_reason":"roi","initial_stop_loss_abs":678.885,"initial_stop_loss_ratio":-0.25,"stop_loss_abs":682.5,"stop_loss_ratio":-0.25,"min_rate":902.96,"max_rate":910.0,"is_open":false,"enter_tag":"","leverage":1.0,"is_short":false,"open_timestamp":1767677700000,"close_timestamp":1767689400000,"orders":[{"amount":0.01,"safe_price":905.18,"ft_order_side":"buy","order_filled_timestamp":1767677700000,"ft_is_entry":true,"ft_order_tag":"","cost":9.060851799999998},{"amount":0.01,"safe_price":906.992172172172,"ft_order_side":"sell","order_filled_timestamp":1767689400000,"ft_is_entry":false,"ft_order_tag":"roi","cost":9.078991643443441}],"funding_fees":0.0,"weekday":1},{"pair":"ETH/USDT","stake_amount":9.73461,"max_stake_amount":9.73461,"amount":0.003,"open_date":"2026-01-06 06:55:00+00:00","close_date":"2026-01-06 14:05:00+00:00","open_rate":3244.87,"close_rate":3251.3662362362356,"fee_open":0.001,"fee_close":0.001,"trade_duration":430,"profit_ratio":0.0,"profit_abs":0.0,"exit_reason":"roi","initial_stop_loss_abs":2433.6525,"initial_stop_loss_ratio":-0.25,"stop_loss_abs":2444.7375,"stop_loss_ratio":-0.25,"min_rate":3211.37,"max_rate":3259.65,"is_open":false,"enter_tag":"","leverage":1.0,"is_short":false,"open_timestamp":1767682500000,"close_timestamp":1767708300000,"orders":[{"amount":0.003,"safe_price":3244.87,"ft_order_side":"buy","order_filled_timestamp":1767682500000,"ft_is_entry":true,"ft_order_tag":"","cost":9.744344609999999},{"amount":0.003,"safe_price":3251.3662362362356,"ft_order_side":"sell","order_filled_timestamp":1767708300000,"ft_is_entry":false,"ft_order_tag":"roi","cost":9.763852807417415}],"funding_fees":0.0,"weekday":1},{"pair":"BNB/USDT","stake_amount":9.1311,"max_stake_amount":9.1311,"amount":0.01,"open_date":"2026-01-06 09:30:00+00:00","close_date":"2026-01-06 14:05:00+00:00","open_rate":913.11,"close_rate":914.9380480480479,"fee_open":0.001,"fee_close":0.001,"trade_duration":275,"profit_ratio":0.0,"profit_abs":0.0,"exit_reason":"roi","initial_stop_loss_abs":684.8325,"initial_stop_loss_ratio":-0.25,"stop_loss_abs":687.1500000000001,"stop_loss_ratio":-0.25,"min_rate":910.62,"max_rate":916.2,"is_open":false,"enter_tag":"","leverage":1.0,"is_short":false,"open_timestamp":1767691800000,"close_timestamp":1767708300000,"orders":[{"amount":0.01,"safe_price":913.11,"ft_order_side":"buy","order_filled_timestamp":1767691800000,"ft_is_entry":true,"ft_order_tag":"","cost":9.1402311},{"amount":0.01,"safe_price":914.9380480480479,"ft_order_side":"sell","order_filled_timestamp":1767708300000,"ft_is_entry":false,"ft_order_tag":"roi","cost":9.15852986096096}],"funding_fees":0.0,"weekday":1},{"pair":"ETH/USDT","stake_amount":9.8343,"max_stake_amount":9.8343,"amount":0.003,"open_date":"2026-01-06 15:00:00+00:00","close_date":"2026-01-06 21:15:00+00:00","open_rate":3278.1,"close_rate":3284.662762762762,"fee_open":0.001,"fee_close":0.001,"trade_duration":375,"profit_ratio":0.0,"profit_abs":0.0,"exit_reason":"roi","initial_stop_loss_abs":2458.575,"initial_stop_loss_ratio":-0.25,"stop_loss_abs":2476.4925,"stop_loss_ratio":-0.25,"min_rate":3183.27,"max_rate":3301.99,"is_open":false,"enter_tag":"","leverage":1.0,"is_short":false,"open_timestamp":1767711600000,"close_timestamp":1767734100000,"orders":[{"amount":0.003,"safe_price":3278.1,"ft_order_side":"buy","order_filled_timestamp":1767711600000,"ft_is_entry":true,"ft_order_tag":"","cost":9.8441343},{"amount":0.003,"safe_price":3284.662762762762,"ft_order_side":"sell","order_filled_timestamp":1767734100000,"ft_is_entry":false,"ft_order_tag":"roi","cost":9.863842276576573}],"funding_fees":0.0,"weekday":1},{"pair":"ETH/USDT","stake_amount":9.84819,"max_stake_amount":9.84819,"amount":0.003,"open_date":"2026-01-06 21:25:00+00:00","close_date":"2026-01-07 00:20:00+00:00","open_rate":3282.73,"close_rate":3289.3020320320315,"fee_open":0.001,"fee_close":0.001,"trade_duration":175,"profit_ratio":0.0,"profit_abs":0.0,"exit_reason":"roi","initial_stop_loss_abs":2462.0475,"initial_stop_loss_ratio":-0.25,"stop_loss_abs":2476.2,"stop_loss_ratio":-0.25,"min_rate":3265.52,"max_rate":3301.6,"is_open":false,"enter_tag":"","leverage":1.0,"is_short":false,"open_timestamp":1767734700000,"close_timestamp":1767745200000,"orders":[{"amount":0.003,"safe_price":3282.73,"ft_order_side":"buy","order_filled_timestamp":1767734700000,"ft_is_entry":true,"ft_order_tag":"","cost":9.85803819},{"amount":0.003,"safe_price":3289.3020320320315,"ft_order_side":"sell","order_filled_timestamp":1767745200000,"ft_is_entry":false,"ft_order_tag":"roi","cost":9.87777400219219}],"funding_fees":0.0,"weekday":2},{"pair":"ETH/USDT","stake_amount":9.73764,"max_stake_amount":9.73764,"amount":0.003,"open_date":"2026-01-07 01:45:00+00:00","close_date":"2026-01-07 04:35:00+00:00","open_rate":3245.88,"close_rate":3261.62,"fee_open":0.001,"fee_close":0.001,"trade_duration":170,"profit_ratio":0.002841533489616598,"profit_abs":0.0276975,"exit_reason":"roi","initial_stop_loss_abs":2434.41,"initial_stop_loss_ratio":-0.25,"stop_loss_abs":2461.605,"stop_loss_ratio":-0.25,"min_rate":3239.44,"max_rate":3282.14,"is_open":false,"enter_tag":"","leverage":1.0,"is_short":false,"open_timestamp":1767750300000,"close_timestamp":1767760500000,"orders":[{"amount":0.003,"safe_price":3245.88,"ft_order_side":"buy","order_filled_timestamp":1767750300000,"ft_is_entry":true,"ft_order_tag":"","cost":9.74737764},{"amount":0.003,"safe_price":3261.62,"ft_order_side":"sell","order_filled_timestamp":1767760500000,"ft_is_entry":false,"ft_order_tag":"roi","cost":9.794644859999998}],"funding_fees":0.0,"weekday":2},{"pair":"BNB/USDT","stake_amount":9.2204,"max_stake_amount":9.2204,"amount":0.01,"open_date":"2026-01-06 15:30:00+00:00","close_date":"2026-01-13 18:05:00+00:00","open_rate":922.04,"close_rate":923.8859259259258,"fee_open":0.001,"fee_close":0.001,"trade_duration":10235,"profit_ratio":0.0,"profit_abs":0.0,"exit_reason":"roi","initial_stop_loss_abs":691.53,"initial_stop_loss_ratio":-0.25,"stop_loss_abs":696.3975,"stop_loss_ratio":-0.25,"min_rate":875.1,"max_rate":928.53,"is_open":false,"enter_tag":"","leverage":1.0,"is_short":false,"open_timestamp":1767713400000,"close_timestamp":1768327500000,"orders":[{"amount":0.01,"safe_price":922.04,"ft_order_side":"buy","order_filled_timestamp":1767713400000,"ft_is_entry":true,"ft_order_tag":"","cost":9.229620399999998},{"amount":0.01,"safe_price":923.8859259259258,"ft_order_side":"sell","order_filled_timestamp":1768327500000,"ft_is_entry":false,"ft_order_tag":"roi","cost":9.248098118518515}],"funding_fees":0.0,"weekday":1},{"pair":"BNB/USDT","stake_amount":9.3434,"max_stake_amount":9.3434,"amount":0.01,"open_date":"2026-01-13 18:40:00+00:00","close_date":"2026-01-13 21:30:00+00:00","open_rate":934.34,"close_rate":942.35,"fee_open":0.001,"fee_close":0.001,"trade_duration":170,"profit_ratio":0.0065577657139615315,"profit_abs":0.0613331,"exit_reason":"roi","initial_stop_loss_abs":700.755,"initial_stop_loss_ratio":-0.25,"stop_loss_abs":709.4025,"stop_loss_ratio":-0.25,"min_rate":933.31,"max_rate":945.87,"is_open":false,"enter_tag":"","leverage":1.0,"is_short":false,"open_timestamp":1768329600000,"close_timestamp":1768339800000,"orders":[{"amount":0.01,"safe_price":934.34,"ft_order_side":"buy","order_filled_timestamp":1768329600000,"ft_is_entry":true,"ft_order_tag":"","cost":9.3527434},{"amount":0.01,"safe_price":942.35,"ft_order_side":"sell","order_filled_timestamp":1768339800000,"ft_is_entry":false,"ft_order_tag":"roi","cost":9.4329235}],"funding_fees":0.0,"weekday":1},{"pair":"ETH/USDT","stake_amount":9.70425,"max_stake_amount":9.70425,"amount":0.003,"open_date":"2026-01-07 09:15:00+00:00","close_date":"2026-01-13 22:05:00+00:00","open_rate":3234.75,"close_rate":3241.2259759759754,"fee_open":0.001,"fee_close":0.001,"trade_duration":9410,"profit_ratio":0.0,"profit_abs":0.0,"exit_reason":"roi","initial_stop_loss_abs":2426.0625,"initial_stop_loss_ratio":-0.25,"stop_loss_abs":2470.2,"stop_loss_ratio":-0.25,"min_rate":3054.65,"max_rate":3293.6,"is_open":false,"enter_tag":"","leverage":1.0,"is_short":false,"open_timestamp":1767777300000,"close_timestamp":1768341900000,"orders":[{"amount":0.003,"safe_price":3234.75,"ft_order_side":"buy","order_filled_timestamp":1767777300000,"ft_is_entry":true,"ft_order_tag":"","cost":9.713954249999999},{"amount":0.003,"safe_price":3241.2259759759754,"ft_order_side":"sell","order_filled_timestamp":1768341900000,"ft_is_entry":false,"ft_order_tag":"roi","cost":9.733401605855853}],"funding_fees":0.0,"weekday":1},{"pair":"BNB/USDT","stake_amount":9.4485,"max_stake_amount":9.4485,"amount":0.01,"open_date":"2026-01-13 22:30:00+00:00","close_date":"2026-01-14 01:20:00+00:00","open_rate":944.85,"close_rate":949.99,"fee_open":0.001,"fee_close":0.001,"trade_duration":170,"profit_ratio":0.0034311457711997473,"profit_abs":0.0324516,"exit_reason":"roi","initial_stop_loss_abs":708.6375,"initial_stop_loss_ratio":-0.25,"stop_loss_abs":714.72,"stop_loss_ratio":-0.25,"min_rate":941.3,"max_rate":952.96,"is_open":false,"enter_tag":"","leverage":1.0,"is_short":false,"open_timestamp":1768343400000,"close_timestamp":1768353600000,"orders":[{"amount":0.01,"safe_price":944.85,"ft_order_side":"buy","order_filled_timestamp":1768343400000,"ft_is_entry":true,"ft_order_tag":"","cost":9.4579485},{"amount":0.01,"safe_price":949.99,"ft_order_side":"sell","order_filled_timestamp":1768353600000,"ft_is_entry":false,"ft_order_tag":"roi","cost":9.5093999}],"funding_fees":0.0,"weekday":2},{"pair":"ETH/USDT","stake_amount":9.628087,"max_stake_amount":9.628087,"amount":0.0029,"open_date":"2026-01-13 22:35:00+00:00","close_date":"2026-01-14 01:25:00+00:00","open_rate":3320.03,"close_rate":3333.68,"fee_open":0.001,"fee_close":0.001,"trade_duration":170,"profit_ratio":0.0021051919274276427,"profit_abs":0.02028924,"exit_reason":"roi","initial_stop_loss_abs":2490.0225,"initial_stop_loss_ratio":-0.25,"stop_loss_abs":2510.67,"stop_loss_ratio":-0.25,"min_rate":3313.73,"max_rate":3347.56,"is_open":false,"enter_tag":"","leverage":1.0,"is_short":false,"open_timestamp":1768343700000,"close_timestamp":1768353900000,"orders":[{"amount":0.0029,"safe_price":3320.03,"ft_order_side":"buy","order_filled_timestamp":1768343700000,"ft_is_entry":true,"ft_order_tag":"","cost":9.637715087},{"amount":0.0029,"safe_price":3333.68,"ft_order_side":"sell","order_filled_timestamp":1768353900000,"ft_is_entry":false,"ft_order_tag":"roi","cost":9.677339671999999}],"funding_fees":0.0,"weekday":2},{"pair":"ETH/USDT","stake_amount":9.647575,"max_stake_amount":9.647575,"amount":0.0029,"open_date":"2026-01-14 01:50:00+00:00","close_date":"2026-01-14 04:40:00+00:00","open_rate":3326.75,"close_rate":3344.48,"fee_open":0.001,"fee_close":0.001,"trade_duration":170,"profit_ratio":0.003320875101607565,"profit_abs":0.03207043,"exit_reason":"roi","initial_stop_loss_abs":2495.0625,"initial_stop_loss_ratio":-0.25,"stop_loss_abs":2523.48,"stop_loss_ratio":-0.25,"min_rate":3321.0,"max_rate":3364.64,"is_open":false,"enter_tag":"","leverage":1.0,"is_short":false,"open_timestamp":1768355400000,"close_timestamp":1768365600000,"orders":[{"amount":0.0029,"safe_price":3326.75,"ft_order_side":"buy","order_filled_timestamp":1768355400000,"ft_is_entry":true,"ft_order_tag":"","cost":9.657222574999999},{"amount":0.0029,"safe_price":3344.48,"ft_order_side":"sell","order_filled_timestamp":1768365600000,"ft_is_entry":false,"ft_order_tag":"roi","cost":9.708690991999998}],"funding_fees":0.0,"weekday":2},{"pair":"ETH/USDT","stake_amount":9.667585,"max_stake_amount":9.667585,"amount":0.0029,"open_date":"2026-01-14 07:15:00+00:00","close_date":"2026-01-14 14:45:00+00:00","open_rate":3333.65,"close_rate":3340.323973973974,"fee_open":0.001,"fee_close":0.001,"trade_duration":450,"profit_ratio":0.0,"profit_abs":0.0,"exit_reason":"roi","initial_stop_loss_abs":2500.2375,"initial_stop_loss_ratio":-0.25,"stop_loss_abs":2507.58,"stop_loss_ratio":-0.25,"min_rate":3280.48,"max_rate":3343.44,"is_open":false,"enter_tag":"","leverage":1.0,"is_short":false,"open_timestamp":1768374900000,"close_timestamp":1768401900000,"orders":[{"amount":0.0029,"safe_price":3333.65,"ft_order_side":"buy","order_filled_timestamp":1768374900000,"ft_is_entry":true,"ft_order_tag":"","cost":9.677252584999998},{"amount":0.0029,"safe_price":3340.323973973974,"ft_order_side":"sell","order_filled_timestamp":1768401900000,"ft_is_entry":false,"ft_order_tag":"roi","cost":9.696626464049048}],"funding_fees":0.0,"weekday":2},{"pair":"ETH/USDT","stake_amount":9.692438,"max_stake_amount":9.692438,"amount":0.0029,"open_date":"2026-01-14 15:10:00+00:00","close_date":"2026-01-14 18:05:00+00:00","open_rate":3342.22,"close_rate":3348.9111311311303,"fee_open":0.001,"fee_close":0.001,"trade_duration":175,"profit_ratio":0.0,"profit_abs":0.0,"exit_reason":"roi","initial_stop_loss_abs":2506.665,"initial_stop_loss_ratio":-0.25,"stop_loss_abs":2552.1675,"stop_loss_ratio":-0.25,"min_rate":3331.15,"max_rate":3402.89,"is_open":false,"enter_tag":"","leverage":1.0,"is_short":false,"open_timestamp":1768403400000,"close_timestamp":1768413900000,"orders":[{"amount":0.0029,"safe_price":3342.22,"ft_order_side":"buy","order_filled_timestamp":1768403400000,"ft_is_entry":true,"ft_order_tag":"","cost":9.702130437999998},{"amount":0.0029,"safe_price":3348.9111311311303,"ft_order_side":"sell","order_filled_timestamp":1768413900000,"ft_is_entry":false,"ft_order_tag":"roi","cost":9.721554122560557}],"funding_fees":0.0,"weekday":2},{"pair":"ETH/USDT","stake_amount":9.630436,"max_stake_amount":9.630436,"amount":0.0029,"open_date":"2026-01-14 18:45:00+00:00","close_date":"2026-01-14 21:35:00+00:00","open_rate":3320.84,"close_rate":3375.92,"fee_open":0.001,"fee_close":0.001,"trade_duration":170,"profit_ratio":0.014555024172449594,"profit_abs":0.1403114,"exit_reason":"roi","initial_stop_loss_abs":2490.63,"initial_stop_loss_ratio":-0.25,"stop_loss_abs":2550.0075,"stop_loss_ratio":-0.25,"min_rate":3315.51,"max_rate":3400.01,"is_open":false,"enter_tag":"","leverage":1.0,"is_short":false,"open_timestamp":1768416300000,"close_timestamp":1768426500000,"orders":[{"amount":0.0029,"safe_price":3320.84,"ft_order_side":"buy","order_filled_timestamp":1768416300000,"ft_is_entry":true,"ft_order_tag":"","cost":9.640066435999998},{"amount":0.0029,"safe_price":3375.92,"ft_order_side":"sell","order_filled_timestamp":1768426500000,"ft_is_entry":false,"ft_order_tag":"roi","cost":9.799958167999998}],"funding_fees":0.0,"weekday":2},{"pair":"ETH/USDT","stake_amount":9.89184,"max_stake_amount":9.89184,"amount":0.003,"open_date":"2026-01-15 03:35:00+00:00","close_date":"2026-01-15 06:25:00+00:00","open_rate":3297.28,"close_rate":3321.98,"fee_open":0.001,"fee_close":0.001,"trade_duration":170,"profit_ratio":0.005478053826995986,"profit_abs":0.05424222,"exit_reason":"roi","initial_stop_loss_abs":2472.96,"initial_stop_loss_ratio":-0.25,"stop_loss_abs":2492.7375,"stop_loss_ratio":-0.25,"min_rate":3278.0,"max_rate":3323.65,"is_open":false,"enter_tag":"","leverage":1.0,"is_short":false,"open_timestamp":1768448100000,"close_timestamp":1768458300000,"orders":[{"amount":0.003,"safe_price":3297.28,"ft_order_side":"buy","order_filled_timestamp":1768448100000,"ft_is_entry":true,"ft_order_tag":"","cost":9.901731839999998},{"amount":0.003,"safe_price":3321.98,"ft_order_side":"sell","order_filled_timestamp":1768458300000,"ft_is_entry":false,"ft_order_tag":"roi","cost":9.975905939999999}],"funding_fees":0.0,"weekday":3},{"pair":"ETH/USDT","stake_amount":9.751221,"max_stake_amount":9.751221,"amount":0.0029,"open_date":"2026-01-15 09:50:00+00:00","close_date":"2026-01-15 12:50:00+00:00","open_rate":3362.49,"close_rate":3369.221711711711,"fee_open":0.001,"fee_close":0.001,"trade_duration":180,"profit_ratio":0.0,"profit_abs":0.0,"exit_reason":"roi","initial_stop_loss_abs":2521.8675,"initial_stop_loss_ratio":-0.25,"stop_loss_abs":2534.0625,"stop_loss_ratio":-0.25,"min_rate":3344.07,"max_rate":3378.75,"is_open":false,"enter_tag":"","leverage":1.0,"is_short":false,"open_timestamp":1768470600000,"close_timestamp":1768481400000,"orders":[{"amount":0.0029,"safe_price":3362.49,"ft_order_side":"buy","order_filled_timestamp":1768470600000,"ft_is_entry":true,"ft_order_tag":"","cost":9.760972220999998},{"amount":0.0029,"safe_price":3369.221711711711,"ft_order_side":"sell","order_filled_timestamp":1768481400000,"ft_is_entry":false,"ft_order_tag":"roi","cost":9.780513706927925}],"funding_fees":0.0,"weekday":3},{"pair":"BNB/USDT","stake_amount":9.5029,"max_stake_amount":9.5029,"amount":0.01,"open_date":"2026-01-14 02:10:00+00:00","close_date":"2026-01-17 15:50:00+00:00","open_rate":950.29,"close_rate":952.1924824824823,"fee_open":0.001,"fee_close":0.001,"trade_duration":5140,"profit_ratio":0.0,"profit_abs":0.0,"exit_reason":"roi","initial_stop_loss_abs":712.7175,"initial_stop_loss_ratio":-0.25,"stop_loss_abs":719.64,"stop_loss_ratio":-0.25,"min_rate":923.69,"max_rate":959.52,"is_open":false,"enter_tag":"","leverage":1.0,"is_short":false,"open_timestamp":1768356600000,"close_timestamp":1768665000000,"orders":[{"amount":0.01,"safe_price":950.29,"ft_order_side":"buy","order_filled_timestamp":1768356600000,"ft_is_entry":true,"ft_order_tag":"","cost":9.5124029},{"amount":0.01,"safe_price":952.1924824824823,"ft_order_side":"sell","order_filled_timestamp":1768665000000,"ft_is_entry":false,"ft_order_tag":"roi","cost":9.531446749649648}],"funding_fees":0.0,"weekday":5},{"pair":"BNB/USDT","stake_amount":9.5127,"max_stake_amount":9.5127,"amount":0.01,"open_date":"2026-01-17 16:20:00+00:00","close_date":"2026-01-17 19:10:00+00:00","open_rate":951.27,"close_rate":953.1744444444444,"fee_open":0.001,"fee_close":0.001,"trade_duration":170,"profit_ratio":0.0,"profit_abs":0.0,"exit_reason":"roi","initial_stop_loss_abs":713.4525,"initial_stop_loss_ratio":-0.25,"stop_loss_abs":715.41,"stop_loss_ratio":-0.25,"min_rate":949.1,"max_rate":953.88,"is_open":false,"enter_tag":"","leverage":1.0,"is_short":false,"open_timestamp":1768666800000,"close_timestamp":1768677000000,"orders":[{"amount":0.01,"safe_price":951.27,"ft_order_side":"buy","order_filled_timestamp":1768666800000,"ft_is_entry":true,"ft_order_tag":"","cost":9.522212699999999},{"amount":0.01,"safe_price":953.1744444444444,"ft_order_side":"sell","order_filled_timestamp":1768677000000,"ft_is_entry":false,"ft_order_tag":"roi","cost":9.541276188888887}],"funding_fees":0.0,"weekday":5},{"pair":"BNB/USDT","stake_amount":9.4721,"max_stake_amount":9.4721,"amount":0.01,"open_date":"2026-01-17 22:55:00+00:00","close_date":"2026-01-18 03:25:00+00:00","open_rate":947.21,"close_rate":949.1063163163162,"fee_open":0.001,"fee_close":0.001,"trade_duration":270,"profit_ratio":0.0,"profit_abs":0.0,"exit_reason":"roi","initial_stop_loss_abs":710.4075,"initial_stop_loss_ratio":-0.25,"stop_loss_abs":712.8149999999999,"stop_loss_ratio":-0.25,"min_rate":943.14,"max_rate":950.42,"is_open":false,"enter_tag":"","leverage":1.0,"is_short":false,"open_timestamp":1768690500000,"close_timestamp":1768706700000,"orders":[{"amount":0.01,"safe_price":947.21,"ft_order_side":"buy","order_filled_timestamp":1768690500000,"ft_is_entry":true,"ft_order_tag":"","cost":9.4815721},{"amount":0.01,"safe_price":949.1063163163162,"ft_order_side":"sell","order_filled_timestamp":1768706700000,"ft_is_entry":false,"ft_order_tag":"roi","cost":9.500554226326324}],"funding_fees":0.0,"weekday":6},{"pair":"BNB/USDT","stake_amount":9.494,"max_stake_amount":9.494,"amount":0.01,"open_date":"2026-01-18 04:05:00+00:00","close_date":"2026-01-18 17:55:00+00:00","open_rate":949.4,"close_rate":951.3007007007005,"fee_open":0.001,"fee_close":0.001,"trade_duration":830,"profit_ratio":0.0,"profit_abs":0.0,"exit_reason":"roi","initial_stop_loss_abs":712.05,"initial_stop_loss_ratio":-0.25,"stop_loss_abs":714.0074999999999,"stop_loss_ratio":-0.25,"min_rate":943.81,"max_rate":952.01,"is_open":false,"enter_tag":"","leverage":1.0,"is_short":false,"open_timestamp":1768709100000,"close_timestamp":1768758900000,"orders":[{"amount":0.01,"safe_price":949.4,"ft_order_side":"buy","order_filled_timestamp":1768709100000,"ft_is_entry":true,"ft_order_tag":"","cost":9.503493999999998},{"amount":0.01,"safe_price":951.3007007007005,"ft_order_side":"sell","order_filled_timestamp":1768758900000,"ft_is_entry":false,"ft_order_tag":"roi","cost":9.522520014014011}],"funding_fees":0.0,"weekday":6},{"pair":"ETH/USDT","stake_amount":9.749452,"max_stake_amount":9.749452,"amount":0.0029,"open_date":"2026-01-15 13:10:00+00:00","close_date":"2026-01-18 18:30:00+00:00","open_rate":3361.88,"close_rate":3368.61049049049,"fee_open":0.001,"fee_close":0.001,"trade_duration":4640,"profit_ratio":0.0,"profit_abs":0.0,"exit_reason":"roi","initial_stop_loss_abs":2521.41,"initial_stop_loss_ratio":-0.25,"stop_loss_abs":2538.1425,"stop_loss_ratio":-0.25,"min_rate":3253.01,"max_rate":3384.19,"is_open":false,"enter_tag":"","leverage":1.0,"is_short":false,"open_timestamp":1768482600000,"close_timestamp":1768761000000,"orders":[{"amount":0.0029,"safe_price":3361.88,"ft_order_side":"buy","order_filled_timestamp":1768482600000,"ft_is_entry":true,"ft_order_tag":"","cost":9.759201452},{"amount":0.0029,"safe_price":3368.61049049049,"ft_order_side":"sell","order_filled_timestamp":1768761000000,"ft_is_entry":false,"ft_order_tag":"roi","cost":9.778739392844841}],"funding_fees":0.0,"weekday":6},{"pair":"ETH/USDT","stake_amount":9.744638,"max_stake_amount":9.744638,"amount":0.0029,"open_date":"2026-01-18 18:35:00+00:00","close_date":"2026-01-31 14:25:00+00:00","open_rate":3360.22,"close_rate":2526.585,"fee_open":0.001,"fee_close":0.001,"trade_duration":18470,"profit_ratio":-0.24959172921057193,"profit_abs":-2.43461323,"exit_reason":"trailing_stop_loss","initial_stop_loss_abs":2520.165,"initial_stop_loss_ratio":-0.25,"stop_loss_abs":2526.585,"stop_loss_ratio":-0.25,"min_rate":2513.58,"max_rate":3368.78,"is_open":false,"enter_tag":"","leverage":1.0,"is_short":false,"open_timestamp":1768761300000,"close_timestamp":1769869500000,"orders":[{"amount":0.0029,"safe_price":3360.22,"ft_order_side":"buy","order_filled_timestamp":1768761300000,"ft_is_entry":true,"ft_order_tag":"","cost":9.754382637999997},{"amount":0.0029,"safe_price":2526.585,"ft_order_side":"sell","order_filled_timestamp":1769869500000,"ft_is_entry":false,"ft_order_tag":"trailing_stop_loss","cost":7.334423596499999}],"funding_fees":0.0,"weekday":5},{"pair":"ETH/USDT","stake_amount":9.411135,"max_stake_amount":9.411135,"amount":0.0037,"open_date":"2026-01-31 15:45:00+00:00","close_date":"2026-02-02 09:05:00+00:00","open_rate":2543.55,"close_rate":2247.44,"fee_open":0.001,"fee_close":0.001,"trade_duration":2480,"profit_ratio":-0.1181814349237832,"profit_abs":-1.11333366,"exit_reason":"force_exit","initial_stop_loss_abs":1907.6625000000001,"initial_stop_loss_ratio":-0.25,"stop_loss_abs":1913.4450000000002,"stop_loss_ratio":-0.25,"min_rate":2157.14,"max_rate":2551.26,"is_open":false,"enter_tag":"","leverage":1.0,"is_short":false,"open_timestamp":1769874300000,"close_timestamp":1770023100000,"orders":[{"amount":0.0037,"safe_price":2543.55,"ft_order_side":"buy","order_filled_timestamp":1769874300000,"ft_is_entry":true,"ft_order_tag":"","cost":9.420546135},{"amount":0.0037,"safe_price":2247.44,"ft_order_side":"sell","order_filled_timestamp":1770023100000,"ft_is_entry":false,"ft_order_tag":"force_exit","cost":8.323843528}],"funding_fees":0.0,"weekday":0},{"pair":"BNB/USDT","stake_amount":9.4739,"max_stake_amount":9.4739,"amount":0.01,"open_date":"2026-01-18 23:10:00+00:00","close_date":"2026-02-02 09:05:00+00:00","open_rate":947.39,"close_rate":758.31,"fee_open":0.001,"fee_close":0.001,"trade_duration":20755,"profit_ratio":-0.20117913941999058,"profit_abs":-1.907857,"exit_reason":"force_exit","initial_stop_loss_abs":710.5425,"initial_stop_loss_ratio":-0.25,"stop_loss_abs":710.8275,"stop_loss_ratio":-0.25,"min_rate":728.44,"max_rate":947.77,"is_open":false,"enter_tag":"","leverage":1.0,"is_short":false,"open_timestamp":1768777800000,"close_timestamp":1770023100000,"orders":[{"amount":0.01,"safe_price":947.39,"ft_order_side":"buy","order_filled_timestamp":1768777800000,"ft_is_entry":true,"ft_order_tag":"","cost":9.4833739},{"amount":0.01,"safe_price":758.31,"ft_order_side":"sell","order_filled_timestamp":1770023100000,"ft_is_entry":false,"ft_order_tag":"force_exit","cost":7.590683099999999}],"funding_fees":0.0,"weekday":0}],"locks":[],"best_pair":{"key":"BTC/USDT","trades":0,"profit_mean":0.0,"profit_mean_pct":0.0,"profit_total_abs":0.0,"profit_total":0.0,"profit_total_pct":0.0,"duration_avg":"0:00","wins":0,"draws":0,"losses":0,"winrate":0.0,"cagr":0.0,"expectancy":0.0,"expectancy_ratio":100.0,"sortino":0,"sharpe":0,"calmar":0,"sqn":0.0,"profit_factor":0.0,"max_drawdown_account":0.0,"max_drawdown_abs":0.0},"worst_pair":{"key":"ETH/USDT","trades":19,"profit_mean":-0.017018373243082682,"profit_mean_pct":-1.7,"profit_total_abs":-3.11633129,"profit_total":-0.05193885483333334,"profit_total_pct":-5.19,"duration_avg":"1 day, 9:39:00","wins":8,"draws":9,"losses":2,"winrate":0.42105263157894735,"cagr":-0.5010635285462812,"expectancy":-0.16401743631578947,"expectancy_ratio":-0.5661418720420943,"sortino":-3.2186021495618586,"sharpe":-3.5835632306330645,"calmar":-60.36258995714814,"sqn":-1.1728,"profit_factor":0.12165221560010443,"max_drawdown_account":0.05871011149998112,"max_drawdown_abs":3.5479468900000004},"results_per_pair":[{"key":"BTC/USDT","trades":0,"profit_mean":0.0,"profit_mean_pct":0.0,"profit_total_abs":0.0,"profit_total":0.0,"profit_total_pct":0.0,"duration_avg":"0:00","wins":0,"draws":0,"losses":0,"winrate":0.0,"cagr":0.0,"expectancy":0.0,"expectancy_ratio":100.0,"sortino":0,"sharpe":0,"calmar":0,"sqn":0.0,"profit_factor":0.0,"max_drawdown_account":0.0,"max_drawdown_abs":0.0},{"key":"SOL/USDT","trades":0,"profit_mean":0.0,"profit_mean_pct":0.0,"profit_total_abs":0.0,"profit_total":0.0,"profit_total_pct":0.0,"duration_avg":"0:00","wins":0,"draws":0,"losses":0,"winrate":0.0,"cagr":0.0,"expectancy":0.0,"expectancy_ratio":100.0,"sortino":0,"sharpe":0,"calmar":0,"sqn":0.0,"profit_factor":0.0,"max_drawdown_account":0.0,"max_drawdown_abs":0.0},{"key":"ADA/USDT","trades":0,"profit_mean":0.0,"profit_mean_pct":0.0,"profit_total_abs":0.0,"profit_total":0.0,"profit_total_pct":0.0,"duration_avg":"0:00","wins":0,"draws":0,"losses":0,"winrate":0.0,"cagr":0.0,"expectancy":0.0,"expectancy_ratio":100.0,"sortino":0,"sharpe":0,"calmar":0,"sqn":0.0,"profit_factor":0.0,"max_drawdown_account":0.0,"max_drawdown_abs":0.0},{"key":"XRP/USDT","trades":0,"profit_mean":0.0,"profit_mean_pct":0.0,"profit_total_abs":0.0,"profit_total":0.0,"profit_total_pct":0.0,"duration_avg":"0:00","wins":0,"draws":0,"losses":0,"winrate":0.0,"cagr":0.0,"expectancy":0.0,"expectancy_ratio":100.0,"sortino":0,"sharpe":0,"calmar":0,"sqn":0.0,"profit_factor":0.0,"max_drawdown_account":0.0,"max_drawdown_abs":0.0},{"key":"BNB/USDT","trades":14,"profit_mean":-0.01362074901312253,"profit_mean_pct":-1.36,"profit_total_abs":-1.8095150999999998,"profit_total":-0.030158584999999998,"profit_total_pct":-3.02,"duration_avg":"1 day, 22:52:00","wins":3,"draws":10,"losses":1,"winrate":0.21428571428571427,"cagr":-0.3291360403552748,"expectancy":-0.12925107857142856,"expectancy_ratio":-0.7820324471757729,"sortino":-100,"sharpe":-2.501392872376687,"calmar":-64.82104562089742,"sqn":-0.9441,"profit_factor":0.0515457395391793,"max_drawdown_account":0.0317455846481515,"max_drawdown_abs":1.907857},{"key":"ETH/USDT","trades":19,"profit_mean":-0.017018373243082682,"profit_mean_pct":-1.7,"profit_total_abs":-3.11633129,"profit_total":-0.05193885483333334,"profit_total_pct":-5.19,"duration_avg":"1 day, 9:39:00","wins":8,"draws":9,"losses":2,"winrate":0.42105263157894735,"cagr":-0.5010635285462812,"expectancy":-0.16401743631578947,"expectancy_ratio":-0.5661418720420943,"sortino":-3.2186021495618586,"sharpe":-3.5835632306330645,"calmar":-60.36258995714814,"sqn":-1.1728,"profit_factor":0.12165221560010443,"max_drawdown_account":0.05871011149998112,"max_drawdown_abs":3.5479468900000004},{"key":"TOTAL","trades":33,"profit_mean":-0.015576956903099588,"profit_mean_pct":-1.56,"profit_total_abs":-4.92584639,"profit_total":-0.08209743983333334,"profit_total_pct":-8.21,"duration_avg":"1 day, 15:16:00","wins":11,"draws":19,"losses":3,"winrate":0.3333333333333333,"cagr":-0.6726390580382603,"expectancy":-0.14926807242424242,"expectancy_ratio":-0.6578360789995109,"sortino":-6.188673734835172,"sharpe":-6.072258119328967,"calmar":-62.14835428440552,"sqn":-1.5255,"profit_factor":0.0971364643387136,"max_drawdown_account":0.09013394549302312,"max_drawdown_abs":5.45580389}],"results_per_enter_tag":[{"key":"","trades":33,"profit_mean":-0.015576956903099588,"profit_mean_pct":-1.56,"profit_total_abs":-4.92584639,"profit_total":-0.08209743983333334,"profit_total_pct":-8.21,"duration_avg":"1 day, 15:16:00","wins":11,"draws":19,"losses":3,"winrate":0.3333333333333333,"cagr":-0.6726390580382603,"expectancy":-0.14926807242424242,"expectancy_ratio":-0.6578360789995109,"sortino":-6.188673734835172,"sharpe":-6.072258119328967,"calmar":-62.14835428440552,"sqn":-1.5255,"profit_factor":0.0971364643387136,"max_drawdown_account":0.09013394549302312,"max_drawdown_abs":5.45580389},{"key":"TOTAL","trades":33,"profit_mean":-0.015576956903099588,"profit_mean_pct":-1.56,"profit_total_abs":-4.92584639,"profit_total":-0.08209743983333334,"profit_total_pct":-8.21,"duration_avg":"1 day, 15:16:00","wins":11,"draws":19,"losses":3,"winrate":0.3333333333333333,"cagr":-0.6726390580382603,"expectancy":-0.14926807242424242,"expectancy_ratio":-0.6578360789995109,"sortino":-6.188673734835172,"sharpe":-6.072258119328967,"calmar":-62.14835428440552,"sqn":-1.5255,"profit_factor":0.0971364643387136,"max_drawdown_account":0.09013394549302312,"max_drawdown_abs":5.45580389}],"exit_reason_summary":[{"key":"roi","trades":30,"profit_mean":0.0018304241917353119,"profit_mean_pct":0.18,"profit_total_abs":0.5299575,"profit_total":0.008832625,"profit_total_pct":0.88,"duration_avg":"20:01:00","wins":11,"draws":19,"losses":0,"winrate":0.36666666666666664,"cagr":0.1214629721414835,"expectancy":0.017665249999999997,"expectancy_ratio":100.0,"sortino":-100,"sharpe":11.598713830288666,"calmar":-100,"sqn":3.0514,"profit_factor":0.0,"max_drawdown_account":0.0,"max_drawdown_abs":0.0},{"key":"trailing_stop_loss","trades":1,"profit_mean":-0.24959172921057193,"profit_mean_pct":-24.96,"profit_total_abs":-2.43461323,"profit_total":-0.040576887166666666,"profit_total_pct":-4.06,"duration_avg":"12 days, 19:50:00","wins":0,"draws":0,"losses":1,"winrate":0.0,"cagr":-0.41723991016149364,"expectancy":-2.43461323,"expectancy_ratio":-1.0,"sortino":-100,"sharpe":-100,"calmar":-68.23204705193868,"sqn":-100.0,"profit_factor":0.0,"max_drawdown_account":0.04057688716666661,"max_drawdown_abs":2.43461323},{"key":"force_exit","trades":2,"profit_mean":-0.1596802871718869,"profit_mean_pct":-15.97,"profit_total_abs":-3.02119066,"profit_total":-0.050353177666666665,"profit_total_pct":-5.04,"duration_avg":"8 days, 1:38:00","wins":0,"draws":0,"losses":2,"winrate":0.0,"cagr":-0.490075124148014,"expectancy":-1.51059533,"expectancy_ratio":-1.0,"sortino":-5.18907407467721,"sharpe":-5.18907407467721,"calmar":-68.23204705193852,"sqn":-3.8025,"profit_factor":0.0,"max_drawdown_account":0.0503531776666667,"max_drawdown_abs":3.02119066},{"key":"TOTAL","trades":33,"profit_mean":-0.015576956903099588,"profit_mean_pct":-1.56,"profit_total_abs":-4.92584639,"profit_total":-0.08209743983333334,"profit_total_pct":-8.21,"duration_avg":"1 day, 15:16:00","wins":11,"draws":19,"losses":3,"winrate":0.3333333333333333,"cagr":-0.6726390580382603,"expectancy":-0.14926807242424242,"expectancy_ratio":-0.6578360789995109,"sortino":-6.188673734835172,"sharpe":-6.072258119328967,"calmar":-62.14835428440552,"sqn":-1.5255,"profit_factor":0.0971364643387136,"max_drawdown_account":0.09013394549302312,"max_drawdown_abs":5.45580389}],"mix_tag_stats":[{"key":["","roi"],"trades":30,"profit_mean":0.0018304241917353119,"profit_mean_pct":0.18,"profit_total_abs":0.5299575,"profit_total":0.008832625,"profit_total_pct":0.88,"duration_avg":"20:01:00","wins":11,"draws":19,"losses":0,"winrate":0.36666666666666664,"cagr":0.1214629721414835,"expectancy":0.017665249999999997,"expectancy_ratio":100.0,"sortino":-100,"sharpe":11.598713830288666,"calmar":-100,"sqn":3.0514,"profit_factor":0.0,"max_drawdown_account":0.0,"max_drawdown_abs":0.0},{"key":["","trailing_stop_loss"],"trades":1,"profit_mean":-0.24959172921057193,"profit_mean_pct":-24.96,"profit_total_abs":-2.43461323,"profit_total":-0.040576887166666666,"profit_total_pct":-4.06,"duration_avg":"12 days, 19:50:00","wins":0,"draws":0,"losses":1,"winrate":0.0,"cagr":-0.41723991016149364,"expectancy":-2.43461323,"expectancy_ratio":-1.0,"sortino":-100,"sharpe":-100,"calmar":-68.23204705193868,"sqn":-100.0,"profit_factor":0.0,"max_drawdown_account":0.04057688716666661,"max_drawdown_abs":2.43461323},{"key":["","force_exit"],"trades":2,"profit_mean":-0.1596802871718869,"profit_mean_pct":-15.97,"profit_total_abs":-3.02119066,"profit_total":-0.050353177666666665,"profit_total_pct":-5.04,"duration_avg":"8 days, 1:38:00","wins":0,"draws":0,"losses":2,"winrate":0.0,"cagr":-0.490075124148014,"expectancy":-1.51059533,"expectancy_ratio":-1.0,"sortino":-5.18907407467721,"sharpe":-5.18907407467721,"calmar":-68.23204705193852,"sqn":-3.8025,"profit_factor":0.0,"max_drawdown_account":0.0503531776666667,"max_drawdown_abs":3.02119066},{"key":"TOTAL","trades":33,"profit_mean":-0.015576956903099588,"profit_mean_pct":-1.56,"profit_total_abs":-4.92584639,"profit_total":-0.08209743983333334,"profit_total_pct":-8.21,"duration_avg":"1 day, 15:16:00","wins":11,"draws":19,"losses":3,"winrate":0.3333333333333333,"cagr":-0.6726390580382603,"expectancy":-0.14926807242424242,"expectancy_ratio":-0.6578360789995109,"sortino":-6.188673734835172,"sharpe":-6.072258119328967,"calmar":-62.14835428440552,"sqn":-1.5255,"profit_factor":0.0971364643387136,"max_drawdown_account":0.09013394549302312,"max_drawdown_abs":5.45580389}],"left_open_trades":[{"key":"ETH/USDT","trades":1,"profit_mean":-0.1181814349237832,"profit_mean_pct":-11.82,"profit_total_abs":-1.11333366,"profit_total":-0.018555560999999998,"profit_total_pct":-1.86,"duration_avg":"1 day, 17:20:00","wins":0,"draws":0,"losses":1,"winrate":0.0,"cagr":-0.21663559918161912,"expectancy":-1.11333366,"expectancy_ratio":-1.0,"sortino":-100,"sharpe":-100,"calmar":-68.23204705193844,"sqn":-100.0,"profit_factor":0.0,"max_drawdown_account":0.018555561000000036,"max_drawdown_abs":1.11333366},{"key":"BNB/USDT","trades":1,"profit_mean":-0.20117913941999058,"profit_mean_pct":-20.12,"profit_total_abs":-1.907857,"profit_total":-0.03179761666666667,"profit_total_pct":-3.18,"duration_avg":"14 days, 9:55:00","wins":0,"draws":0,"losses":1,"winrate":0.0,"cagr":-0.34376603174097087,"expectancy":-1.907857,"expectancy_ratio":-1.0,"sortino":-100,"sharpe":-100,"calmar":-68.23204705193857,"sqn":-100.0,"profit_factor":0.0,"max_drawdown_account":0.03179761666666667,"max_drawdown_abs":1.907857},{"key":"TOTAL","trades":2,"profit_mean":-0.1596802871718869,"profit_mean_pct":-15.97,"profit_total_abs":-3.02119066,"profit_total":-0.050353177666666665,"profit_total_pct":-5.04,"duration_avg":"8 days, 1:38:00","wins":0,"draws":0,"losses":2,"winrate":0.0,"cagr":-0.490075124148014,"expectancy":-1.51059533,"expectancy_ratio":-1.0,"sortino":-5.18907407467721,"sharpe":-5.18907407467721,"calmar":-68.23204705193852,"sqn":-3.8025,"profit_factor":0.0,"max_drawdown_account":0.0503531776666667,"max_drawdown_abs":3.02119066}],"total_trades":33,"trade_count_long":33,"trade_count_short":0,"total_volume":625.5213304635589,"avg_stake_amount":9.533293696969698,"profit_mean":-0.015576956903099588,"profit_median":0.0,"profit_total":-0.08209743983333334,"profit_total_long":-0.08209743983333334,"profit_total_short":0.0,"profit_total_abs":-4.92584639,"profit_total_long_abs":-4.92584639,"profit_total_short_abs":0.0,"cagr":-0.6726390580382603,"expectancy":-0.14926807242424242,"expectancy_ratio":-0.6578360789995109,"sortino":-6.188673734835172,"sharpe":-6.072258119328967,"calmar":-62.14835428440552,"sqn":-1.5255,"profit_factor":0.0971364643387136,"backtest_start":"2026-01-05 00:00:00","backtest_start_ts":1767571200000,"backtest_end":"2026-02-02 09:05:00","backtest_end_ts":1770023100000,"backtest_days":28,"backtest_run_start_ts":1770244983,"backtest_run_end_ts":1770244985,"trades_per_day":1.18,"market_change":-0.2283379662752136,"pairlist":["BTC/USDT","ETH/USDT","BNB/USDT","SOL/USDT","ADA/USDT","XRP/USDT"],"stake_amount":"unlimited","stake_currency":"USDT","stake_currency_decimals":3,"starting_balance":60,"dry_run_wallet":60,"final_balance":55.074153609999996,"rejected_signals":0,"timedout_entry_orders":0,"timedout_exit_orders":0,"canceled_trade_entries":0,"canceled_entry_orders":0,"replaced_entry_orders":0,"max_open_trades":6,"max_open_trades_setting":6,"timeframe":"5m","timeframe_detail":"","timerange":"20260105-20260204","enable_protections":false,"strategy_name":"Diamond","freqaimodel":"XGBoostRegressor","freqai_identifier":"qs_v9_scalp_5m1h_l2","stoploss":-0.25,"trailing_stop":true,"trailing_stop_positive":0.011,"trailing_stop_positive_offset":0.054,"trailing_only_offset_is_reached":false,"use_custom_stoploss":false,"minimal_roi":{"0":0.242,"13":0.044,"51":0.02,"170":0},"use_exit_signal":true,"exit_profit_only":false,"exit_profit_offset":0.0,"ignore_roi_if_entry_signal":false,"trading_mode":"spot","margin_mode":"","periodic_breakdown":{"day":[{"date":"05/01/2026","date_ts":1767571200000,"profit_abs":0.16156201,"wins":4,"draws":4,"losses":0,"trades":8,"profit_factor":0.0},{"date":"06/01/2026","date_ts":1767657600000,"profit_abs":0.0,"wins":0,"draws":4,"losses":0,"trades":4,"profit_factor":0.0},{"date":"07/01/2026","date_ts":1767744000000,"profit_abs":0.0276975,"wins":1,"draws":1,"losses":0,"trades":2,"profit_factor":0.0},{"date":"08/01/2026","date_ts":1767830400000,"profit_abs":0.0,"wins":0,"draws":0,"losses":0,"trades":0,"profit_factor":0.0},{"date":"09/01/2026","date_ts":1767916800000,"profit_abs":0.0,"wins":0,"draws":0,"losses":0,"trades":0,"profit_factor":0.0},{"date":"10/01/2026","date_ts":1768003200000,"profit_abs":0.0,"wins":0,"draws":0,"losses":0,"trades":0,"profit_factor":0.0},{"date":"11/01/2026","date_ts":1768089600000,"profit_abs":0.0,"wins":0,"draws":0,"losses":0,"trades":0,"profit_factor":0.0},{"date":"12/01/2026","date_ts":1768176000000,"profit_abs":0.0,"wins":0,"draws":0,"losses":0,"trades":0,"profit_factor":0.0},{"date":"13/01/2026","date_ts":1768262400000,"profit_abs":0.0613331,"wins":1,"draws":2,"losses":0,"trades":3,"profit_factor":0.0},{"date":"14/01/2026","date_ts":1768348800000,"profit_abs":0.22512267,"wins":4,"draws":2,"losses":0,"trades":6,"profit_factor":0.0},{"date":"15/01/2026","date_ts":1768435200000,"profit_abs":0.05424222,"wins":1,"draws":1,"losses":0,"trades":2,"profit_factor":0.0},{"date":"16/01/2026","date_ts":1768521600000,"profit_abs":0.0,"wins":0,"draws":0,"losses":0,"trades":0,"profit_factor":0.0},{"date":"17/01/2026","date_ts":1768608000000,"profit_abs":0.0,"wins":0,"draws":2,"losses":0,"trades":2,"profit_factor":0.0},{"date":"18/01/2026","date_ts":1768694400000,"profit_abs":0.0,"wins":0,"draws":3,"losses":0,"trades":3,"profit_factor":0.0},{"date":"19/01/2026","date_ts":1768780800000,"profit_abs":0.0,"wins":0,"draws":0,"losses":0,"trades":0,"profit_factor":0.0},{"date":"20/01/2026","date_ts":1768867200000,"profit_abs":0.0,"wins":0,"draws":0,"losses":0,"trades":0,"profit_factor":0.0},{"date":"21/01/2026","date_ts":1768953600000,"profit_abs":0.0,"wins":0,"draws":0,"losses":0,"trades":0,"profit_factor":0.0},{"date":"22/01/2026","date_ts":1769040000000,"profit_abs":0.0,"wins":0,"draws":0,"losses":0,"trades":0,"profit_factor":0.0},{"date":"23/01/2026","date_ts":1769126400000,"profit_abs":0.0,"wins":0,"draws":0,"losses":0,"trades":0,"profit_factor":0.0},{"date":"24/01/2026","date_ts":1769212800000,"profit_abs":0.0,"wins":0,"draws":0,"losses":0,"trades":0,"profit_factor":0.0},{"date":"25/01/2026","date_ts":1769299200000,"profit_abs":0.0,"wins":0,"draws":0,"losses":0,"trades":0,"profit_factor":0.0},{"date":"26/01/2026","date_ts":1769385600000,"profit_abs":0.0,"wins":0,"draws":0,"losses":0,"trades":0,"profit_factor":0.0},{"date":"27/01/2026","date_ts":1769472000000,"profit_abs":0.0,"wins":0,"draws":0,"losses":0,"trades":0,"profit_factor":0.0},{"date":"28/01/2026","date_ts":1769558400000,"profit_abs":0.0,"wins":0,"draws":0,"losses":0,"trades":0,"profit_factor":0.0},{"date":"29/01/2026","date_ts":1769644800000,"profit_abs":0.0,"wins":0,"draws":0,"losses":0,"trades":0,"profit_factor":0.0},{"date":"30/01/2026","date_ts":1769731200000,"profit_abs":0.0,"wins":0,"draws":0,"losses":0,"trades":0,"profit_factor":0.0},{"date":"31/01/2026","date_ts":1769817600000,"profit_abs":-2.43461323,"wins":0,"draws":0,"losses":1,"trades":1,"profit_factor":0.0},{"date":"01/02/2026","date_ts":1769904000000,"profit_abs":0.0,"wins":0,"draws":0,"losses":0,"trades":0,"profit_factor":0.0},{"date":"02/02/2026","date_ts":1769990400000,"profit_abs":-3.02119066,"wins":0,"draws":0,"losses":2,"trades":2,"profit_factor":0.0}],"week":[{"date":"05/01/2026","date_ts":1767571200000,"profit_abs":0.16156201,"wins":4,"draws":4,"losses":0,"trades":8,"profit_factor":0.0},{"date":"12/01/2026","date_ts":1768176000000,"profit_abs":0.0276975,"wins":1,"draws":5,"losses":0,"trades":6,"profit_factor":0.0},{"date":"19/01/2026","date_ts":1768780800000,"profit_abs":0.34069799,"wins":6,"draws":10,"losses":0,"trades":16,"profit_factor":0.0},{"date":"26/01/2026","date_ts":1769385600000,"profit_abs":0.0,"wins":0,"draws":0,"losses":0,"trades":0,"profit_factor":0.0},{"date":"02/02/2026","date_ts":1769990400000,"profit_abs":-5.45580389,"wins":0,"draws":0,"losses":3,"trades":3,"profit_factor":0.0}],"month":[{"date":"31/01/2026","date_ts":1769817600000,"profit_abs":-1.90465573,"wins":11,"draws":19,"losses":1,"trades":31,"profit_factor":0.21767626},{"date":"28/02/2026","date_ts":1772236800000,"profit_abs":-3.02119066,"wins":0,"draws":0,"losses":2,"trades":2,"profit_factor":0.0}],"year":[{"date":"31/12/2026","date_ts":1798675200000,"profit_abs":-4.92584639,"wins":11,"draws":19,"losses":3,"trades":33,"profit_factor":0.09713646}],"weekday":[{"date":"Monday","date_ts":0,"profit_abs":-2.85962865,"wins":4,"draws":4,"losses":2,"trades":10,"profit_factor":0.05347627},{"date":"Tuesday","date_ts":1,"profit_abs":0.0613331,"wins":1,"draws":6,"losses":0,"trades":7,"profit_factor":0.0},{"date":"Wednesday","date_ts":2,"profit_abs":0.25282017,"wins":5,"draws":3,"losses":0,"trades":8,"profit_factor":0.0},{"date":"Thursday","date_ts":3,"profit_abs":0.05424222,"wins":1,"draws":1,"losses":0,"trades":2,"profit_factor":0.0},{"date":"Saturday","date_ts":5,"profit_abs":-2.43461323,"wins":0,"draws":2,"losses":1,"trades":3,"profit_factor":0.0},{"date":"Sunday","date_ts":6,"profit_abs":0.0,"wins":0,"draws":3,"losses":0,"trades":3,"profit_factor":0.0}]},"backtest_best_day":0.023412236972684547,"backtest_worst_day":-0.3193605743437738,"backtest_best_day_abs":0.22512267,"backtest_worst_day_abs":-3.02119066,"winning_days":5,"draw_days":22,"losing_days":2,"daily_profit":[["2026-01-05",0.16156201],["2026-01-06",0.0],["2026-01-07",0.0276975],["2026-01-08",0.0],["2026-01-09",0.0],["2026-01-10",0.0],["2026-01-11",0.0],["2026-01-12",0.0],["2026-01-13",0.0613331],["2026-01-14",0.22512267],["2026-01-15",0.05424222],["2026-01-16",0.0],["2026-01-17",0.0],["2026-01-18",0.0],["2026-01-19",0.0],["2026-01-20",0.0],["2026-01-21",0.0],["2026-01-22",0.0],["2026-01-23",0.0],["2026-01-24",0.0],["2026-01-25",0.0],["2026-01-26",0.0],["2026-01-27",0.0],["2026-01-28",0.0],["2026-01-29",0.0],["2026-01-30",0.0],["2026-01-31",-2.43461323],["2026-02-01",0.0],["2026-02-02",-3.02119066]],"wins":11,"losses":3,"draws":19,"winrate":0.3333333333333333,"holding_avg":"1 day, 15:16:00","holding_avg_s":141360.0,"winner_holding_min":"0d 02:50","winner_holding_min_s":10200.0,"winner_holding_max":"0d 02:50","winner_holding_max_s":10200.0,"winner_holding_avg":"0d 02:50","winner_holding_avg_s":10200.0,"loser_holding_min":"1d 17:20","loser_holding_min_s":148800.0,"loser_holding_max":"14d 09:55","loser_holding_max_s":1245300.0,"loser_holding_avg":"9d 15:42","loser_holding_avg_s":834120.0,"max_consecutive_wins":3,"max_consecutive_losses":9,"max_drawdown_account":0.09013394549302312,"max_relative_drawdown":0.09013394549302312,"max_drawdown_abs":5.45580389,"drawdown_start":"2026-01-15 06:25:00","drawdown_start_ts":1768458300000.0,"drawdown_end":"2026-02-02 09:05:00","drawdown_end_ts":1770023100000.0,"drawdown_duration":"18 days 02:40:00","drawdown_duration_s":1564800.0,"max_drawdown_low":-4.92584639,"max_drawdown_high":0.5299575,"csum_min":55.074153609999996,"csum_max":60.5299575}},"strategy_comparison":[{"key":"Diamond","trades":33,"profit_mean":-0.015576956903099588,"profit_mean_pct":-1.56,"profit_total_abs":-4.92584639,"profit_total":-0.08209743983333334,"profit_total_pct":-8.21,"duration_avg":"1 day, 15:16:00","wins":11,"draws":19,"losses":3,"winrate":0.3333333333333333,"cagr":-0.6726390580382603,"expectancy":-0.14926807242424242,"expectancy_ratio":-0.6578360789995109,"sortino":-6.188673734835172,"sharpe":-6.072258119328967,"calmar":-62.14835428440552,"sqn":-1.5255,"profit_factor":0.0971364643387136,"max_drawdown_account":0.09013394549302312,"max_drawdown_abs":"5.456"}]}