{"strategy":{"UniversalMACD":{"trades":[{"pair":"ICP/USDT","stake_amount":9.87168,"max_stake_amount":9.87168,"amount":2.24,"open_date":"2026-01-15 03:00:00+00:00","close_date":"2026-01-15 04:45:00+00:00","open_rate":4.407,"close_rate":4.548165165165164,"fee_open":0.001,"fee_close":0.001,"trade_duration":105,"profit_ratio":0.02997002997002997,"profit_abs":0.2961504,"exit_reason":"roi","initial_stop_loss_abs":4.267,"initial_stop_loss_ratio":-0.0318,"stop_loss_abs":4.267,"stop_loss_ratio":-0.0318,"min_rate":4.367,"max_rate":4.566,"is_open":false,"enter_tag":"","leverage":1.0,"is_short":false,"open_timestamp":1768446000000,"close_timestamp":1768452300000,"orders":[{"amount":2.24,"safe_price":4.407,"ft_order_side":"buy","order_filled_timestamp":1768446000000,"ft_is_entry":true,"ft_order_tag":"","cost":9.88155168},{"amount":2.24,"safe_price":4.548165165165164,"ft_order_side":"sell","order_filled_timestamp":1768452300000,"ft_is_entry":false,"ft_order_tag":"roi","cost":10.198077859939938}],"funding_fees":0.0,"weekday":3},{"pair":"ICP/USDT","stake_amount":9.91648,"max_stake_amount":9.91648,"amount":2.33,"open_date":"2026-01-15 08:30:00+00:00","close_date":"2026-01-15 11:15:00+00:00","open_rate":4.256,"close_rate":4.294,"fee_open":0.001,"fee_close":0.001,"trade_duration":165,"profit_ratio":0.006912730127015842,"profit_abs":0.0686185,"exit_reason":"roi","initial_stop_loss_abs":4.121,"initial_stop_loss_ratio":-0.0318,"stop_loss_abs":4.121,"stop_loss_ratio":-0.0318,"min_rate":4.171,"max_rate":4.3629999999999995,"is_open":false,"enter_tag":"","leverage":1.0,"is_short":false,"open_timestamp":1768465800000,"close_timestamp":1768475700000,"orders":[{"amount":2.33,"safe_price":4.256,"ft_order_side":"buy","order_filled_timestamp":1768465800000,"ft_is_entry":true,"ft_order_tag":"","cost":9.92639648},{"amount":2.33,"safe_price":4.294,"ft_order_side":"sell","order_filled_timestamp":1768475700000,"ft_is_entry":false,"ft_order_tag":"roi","cost":10.01502502}],"funding_fees":0.0,"weekday":3},{"pair":"ICP/USDT","stake_amount":9.945,"max_stake_amount":9.945,"amount":2.55,"open_date":"2026-01-18 23:55:00+00:00","close_date":"2026-01-19 00:00:00+00:00","open_rate":3.9,"close_rate":3.776,"fee_open":0.001,"fee_close":0.001,"trade_duration":5,"profit_ratio":-0.033729347575501424,"profit_abs":-0.3357738,"exit_reason":"stop_loss","initial_stop_loss_abs":3.776,"initial_stop_loss_ratio":-0.0318,"stop_loss_abs":3.776,"stop_loss_ratio":-0.0318,"min_rate":3.446,"max_rate":3.911,"is_open":false,"enter_tag":"","leverage":1.0,"is_short":false,"open_timestamp":1768780500000,"close_timestamp":1768780800000,"orders":[{"amount":2.55,"safe_price":3.9,"ft_order_side":"buy","order_filled_timestamp":1768780500000,"ft_is_entry":true,"ft_order_tag":"","cost":9.954944999999997},{"amount":2.55,"safe_price":3.776,"ft_order_side":"sell","order_filled_timestamp":1768780800000,"ft_is_entry":false,"ft_order_tag":"stop_loss","cost":9.638428799999998}],"funding_fees":0.0,"weekday":0},{"pair":"VET/USDT","stake_amount":9.972,"max_stake_amount":9.972,"amount":900.0,"open_date":"2026-01-18 23:55:00+00:00","close_date":"2026-01-19 00:00:00+00:00","open_rate":0.01108,"close_rate":0.01073,"fee_open":0.001,"fee_close":0.001,"trade_duration":5,"profit_ratio":-0.033523335869906266,"profit_abs":-0.334629,"exit_reason":"stop_loss","initial_stop_loss_abs":0.01073,"initial_stop_loss_ratio":-0.0318,"stop_loss_abs":0.01073,"stop_loss_ratio":-0.0318,"min_rate":0.01007,"max_rate":0.011090000000000001,"is_open":false,"enter_tag":"","leverage":1.0,"is_short":false,"open_timestamp":1768780500000,"close_timestamp":1768780800000,"orders":[{"amount":900.0,"safe_price":0.011080000000000001,"ft_order_side":"buy","order_filled_timestamp":1768780500000,"ft_is_entry":true,"ft_order_tag":"","cost":9.981972},{"amount":900.0,"safe_price":0.01073,"ft_order_side":"sell","order_filled_timestamp":1768780800000,"ft_is_entry":false,"ft_order_tag":"stop_loss","cost":9.666656999999999}],"funding_fees":0.0,"weekday":0},{"pair":"DOT/USDT","stake_amount":9.8294,"max_stake_amount":9.8294,"amount":4.76,"open_date":"2026-01-19 00:00:00+00:00","close_date":"2026-01-19 00:00:00+00:00","open_rate":2.065,"close_rate":2.0,"fee_open":0.001,"fee_close":0.001,"trade_duration":0,"profit_ratio":-0.03341210847264116,"profit_abs":-0.3287494,"exit_reason":"stop_loss","initial_stop_loss_abs":2.0,"initial_stop_loss_ratio":-0.0318,"stop_loss_abs":2.0,"stop_loss_ratio":-0.0318,"min_rate":1.834,"max_rate":2.065,"is_open":false,"enter_tag":"","leverage":1.0,"is_short":false,"open_timestamp":1768780800000,"close_timestamp":1768780800000,"orders":[{"amount":4.76,"safe_price":2.065,"ft_order_side":"buy","order_filled_timestamp":1768780800000,"ft_is_entry":true,"ft_order_tag":"","cost":9.839229399999999},{"amount":4.76,"safe_price":2.0,"ft_order_side":"sell","order_filled_timestamp":1768780800000,"ft_is_entry":false,"ft_order_tag":"stop_loss","cost":9.529519999999998}],"funding_fees":0.0,"weekday":0},{"pair":"XRP/USDT","stake_amount":9.707,"max_stake_amount":9.707,"amount":5.0,"open_date":"2026-01-19 00:10:00+00:00","close_date":"2026-01-19 02:55:00+00:00","open_rate":1.9414,"close_rate":1.9565000000000001,"fee_open":0.001,"fee_close":0.001,"trade_duration":165,"profit_ratio":0.005764350000468266,"profit_abs":0.0560105,"exit_reason":"roi","initial_stop_loss_abs":1.8797,"initial_stop_loss_ratio":-0.0318,"stop_loss_abs":1.8797,"stop_loss_ratio":-0.0318,"min_rate":1.92,"max_rate":1.9639000000000002,"is_open":false,"enter_tag":"","leverage":1.0,"is_short":false,"open_timestamp":1768781400000,"close_timestamp":1768791300000,"orders":[{"amount":5.0,"safe_price":1.9414,"ft_order_side":"buy","order_filled_timestamp":1768781400000,"ft_is_entry":true,"ft_order_tag":"","cost":9.716707},{"amount":5.0,"safe_price":1.9565000000000001,"ft_order_side":"sell","order_filled_timestamp":1768791300000,"ft_is_entry":false,"ft_order_tag":"roi","cost":9.792282499999999}],"funding_fees":0.0,"weekday":0},{"pair":"ADA/USDT","stake_amount":9.77277,"max_stake_amount":9.77277,"amount":26.9,"open_date":"2026-01-19 01:25:00+00:00","close_date":"2026-01-19 04:10:00+00:00","open_rate":0.3633,"close_rate":0.3649,"fee_open":0.001,"fee_close":0.001,"trade_duration":165,"profit_ratio":0.0023972724220453373,"profit_abs":0.02345142,"exit_reason":"roi","initial_stop_loss_abs":0.3518,"initial_stop_loss_ratio":-0.0318,"stop_loss_abs":0.3518,"stop_loss_ratio":-0.0318,"min_rate":0.3618,"max_rate":0.3662,"is_open":false,"enter_tag":"","leverage":1.0,"is_short":false,"open_timestamp":1768785900000,"close_timestamp":1768795800000,"orders":[{"amount":26.9,"safe_price":0.3633,"ft_order_side":"buy","order_filled_timestamp":1768785900000,"ft_is_entry":true,"ft_order_tag":"","cost":9.78254277},{"amount":26.9,"safe_price":0.3649,"ft_order_side":"sell","order_filled_timestamp":1768795800000,"ft_is_entry":false,"ft_order_tag":"roi","cost":9.825625809999998}],"funding_fees":0.0,"weekday":0},{"pair":"ICP/USDT","stake_amount":9.73773,"max_stake_amount":9.73773,"amount":2.57,"open_date":"2026-01-19 01:40:00+00:00","close_date":"2026-01-19 04:25:00+00:00","open_rate":3.789,"close_rate":3.862,"fee_open":0.001,"fee_close":0.001,"trade_duration":165,"profit_ratio":0.017229801077782075,"profit_abs":0.16794693,"exit_reason":"roi","initial_stop_loss_abs":3.669,"initial_stop_loss_ratio":-0.0318,"stop_loss_abs":3.669,"stop_loss_ratio":-0.0318,"min_rate":3.743,"max_rate":3.896,"is_open":false,"enter_tag":"","leverage":1.0,"is_short":false,"open_timestamp":1768786800000,"close_timestamp":1768796700000,"orders":[{"amount":2.57,"safe_price":3.789,"ft_order_side":"buy","order_filled_timestamp":1768786800000,"ft_is_entry":true,"ft_order_tag":"","cost":9.747467729999999},{"amount":2.57,"safe_price":3.862,"ft_order_side":"sell","order_filled_timestamp":1768796700000,"ft_is_entry":false,"ft_order_tag":"roi","cost":9.935265339999999}],"funding_fees":0.0,"weekday":0},{"pair":"VET/USDT","stake_amount":9.773946,"max_stake_amount":9.773946,"amount":912.6,"open_date":"2026-01-19 01:30:00+00:00","close_date":"2026-01-19 04:30:00+00:00","open_rate":0.01071,"close_rate":0.01073144144144144,"fee_open":0.001,"fee_close":0.001,"trade_duration":180,"profit_ratio":0.0,"profit_abs":0.0,"exit_reason":"roi","initial_stop_loss_abs":0.01037,"initial_stop_loss_ratio":-0.0318,"stop_loss_abs":0.01037,"stop_loss_ratio":-0.0318,"min_rate":0.010660000000000001,"max_rate":0.01084,"is_open":false,"enter_tag":"","leverage":1.0,"is_short":false,"open_timestamp":1768786200000,"close_timestamp":1768797000000,"orders":[{"amount":912.6,"safe_price":0.01071,"ft_order_side":"buy","order_filled_timestamp":1768786200000,"ft_is_entry":true,"ft_order_tag":"","cost":9.783719946},{"amount":912.6,"safe_price":0.01073144144144144,"ft_order_side":"sell","order_filled_timestamp":1768797000000,"ft_is_entry":false,"ft_order_tag":"roi","cost":9.803306972918916}],"funding_fees":0.0,"weekday":0},{"pair":"DOT/USDT","stake_amount":9.76578,"max_stake_amount":9.76578,"amount":4.98,"open_date":"2026-01-19 02:00:00+00:00","close_date":"2026-01-19 04:45:00+00:00","open_rate":1.961,"close_rate":1.964925925925926,"fee_open":0.001,"fee_close":0.001,"trade_duration":165,"profit_ratio":0.0,"profit_abs":0.0,"exit_reason":"roi","initial_stop_loss_abs":1.899,"initial_stop_loss_ratio":-0.0318,"stop_loss_abs":1.899,"stop_loss_ratio":-0.0318,"min_rate":1.955,"max_rate":1.983,"is_open":false,"enter_tag":"","leverage":1.0,"is_short":false,"open_timestamp":1768788000000,"close_timestamp":1768797900000,"orders":[{"amount":4.98,"safe_price":1.9609999999999999,"ft_order_side":"buy","order_filled_timestamp":1768788000000,"ft_is_entry":true,"ft_order_tag":"","cost":9.775545779999998},{"amount":4.98,"safe_price":1.964925925925926,"ft_order_side":"sell","order_filled_timestamp":1768797900000,"ft_is_entry":false,"ft_order_tag":"roi","cost":9.795116442222223}],"funding_fees":0.0,"weekday":0},{"pair":"VET/USDT","stake_amount":9.82266,"max_stake_amount":9.82266,"amount":1056.2,"open_date":"2026-01-29 15:20:00+00:00","close_date":"2026-01-29 17:15:00+00:00","open_rate":0.0093,"close_rate":0.009597897897897896,"fee_open":0.001,"fee_close":0.001,"trade_duration":115,"profit_ratio":0.029970029970029965,"profit_abs":0.2946798,"exit_reason":"roi","initial_stop_loss_abs":0.00901,"initial_stop_loss_ratio":-0.0318,"stop_loss_abs":0.00901,"stop_loss_ratio":-0.0318,"min_rate":0.00928,"max_rate":0.00961,"is_open":false,"enter_tag":"","leverage":1.0,"is_short":false,"open_timestamp":1769700000000,"close_timestamp":1769706900000,"orders":[{"amount":1056.2,"safe_price":0.009300000000000001,"ft_order_side":"buy","order_filled_timestamp":1769700000000,"ft_is_entry":true,"ft_order_tag":"","cost":9.83248266},{"amount":1056.2,"safe_price":0.009597897897897896,"ft_order_side":"sell","order_filled_timestamp":1769706900000,"ft_is_entry":false,"ft_order_tag":"roi","cost":10.147437059519516}],"funding_fees":0.0,"weekday":3},{"pair":"VET/USDT","stake_amount":9.881232,"max_stake_amount":9.881232,"amount":1184.8,"open_date":"2026-01-31 14:40:00+00:00","close_date":"2026-01-31 15:05:00+00:00","open_rate":0.00834,"close_rate":0.008534516516516516,"fee_open":0.001,"fee_close":0.001,"trade_duration":25,"profit_ratio":0.02127872111695991,"profit_abs":0.21047024,"exit_reason":"roi","initial_stop_loss_abs":0.00808,"initial_stop_loss_ratio":-0.0318,"stop_loss_abs":0.00808,"stop_loss_ratio":-0.0318,"min_rate":0.008270000000000001,"max_rate":0.008570000000000001,"is_open":false,"enter_tag":"","leverage":1.0,"is_short":false,"open_timestamp":1769870400000,"close_timestamp":1769871900000,"orders":[{"amount":1184.8,"safe_price":0.00834,"ft_order_side":"buy","order_filled_timestamp":1769870400000,"ft_is_entry":true,"ft_order_tag":"","cost":9.891113232},{"amount":1184.8,"safe_price":0.008534516516516516,"ft_order_side":"sell","order_filled_timestamp":1769871900000,"ft_is_entry":false,"ft_order_tag":"roi","cost":10.121806863937534}],"funding_fees":0.0,"weekday":5},{"pair":"DOT/USDT","stake_amount":9.8752,"max_stake_amount":9.8752,"amount":6.4,"open_date":"2026-01-31 14:45:00+00:00","close_date":"2026-01-31 15:05:00+00:00","open_rate":1.543,"close_rate":1.5789878878878876,"fee_open":0.001,"fee_close":0.001,"trade_duration":20,"profit_ratio":0.021278721278721276,"profit_abs":0.21034176,"exit_reason":"roi","initial_stop_loss_abs":1.494,"initial_stop_loss_ratio":-0.0318,"stop_loss_abs":1.494,"stop_loss_ratio":-0.0318,"min_rate":1.537,"max_rate":1.589,"is_open":false,"enter_tag":"","leverage":1.0,"is_short":false,"open_timestamp":1769870700000,"close_timestamp":1769871900000,"orders":[{"amount":6.4,"safe_price":1.5430000000000001,"ft_order_side":"buy","order_filled_timestamp":1769870700000,"ft_is_entry":true,"ft_order_tag":"","cost":9.885075200000001},{"amount":6.4,"safe_price":1.5789878878878876,"ft_order_side":"sell","order_filled_timestamp":1769871900000,"ft_is_entry":false,"ft_order_tag":"roi","cost":10.115628004964963}],"funding_fees":0.0,"weekday":5},{"pair":"VET/USDT","stake_amount":9.964578,"max_stake_amount":9.964578,"amount":1236.3,"open_date":"2026-01-31 17:20:00+00:00","close_date":"2026-01-31 18:40:00+00:00","open_rate":0.00806,"close_rate":0.00781,"fee_open":0.001,"fee_close":0.001,"trade_duration":80,"profit_ratio":-0.032953398858106504,"profit_abs":-0.32869508,"exit_reason":"stop_loss","initial_stop_loss_abs":0.00781,"initial_stop_loss_ratio":-0.0318,"stop_loss_abs":0.00781,"stop_loss_ratio":-0.0318,"min_rate":0.00759,"max_rate":0.008110000000000001,"is_open":false,"enter_tag":"","leverage":1.0,"is_short":false,"open_timestamp":1769880000000,"close_timestamp":1769884800000,"orders":[{"amount":1236.3,"safe_price":0.008060000000000001,"ft_order_side":"buy","order_filled_timestamp":1769880000000,"ft_is_entry":true,"ft_order_tag":"","cost":9.974542578},{"amount":1236.3,"safe_price":0.00781,"ft_order_side":"sell","order_filled_timestamp":1769884800000,"ft_is_entry":false,"ft_order_tag":"stop_loss","cost":9.665158502999999}],"funding_fees":0.0,"weekday":5},{"pair":"ADA/USDT","stake_amount":9.9465,"max_stake_amount":9.9465,"amount":34.9,"open_date":"2026-01-31 17:25:00+00:00","close_date":"2026-01-31 18:40:00+00:00","open_rate":0.285,"close_rate":0.276,"fee_open":0.001,"fee_close":0.001,"trade_duration":75,"profit_ratio":-0.033513854566486145,"profit_abs":-0.3336789,"exit_reason":"stop_loss","initial_stop_loss_abs":0.276,"initial_stop_loss_ratio":-0.0318,"stop_loss_abs":0.276,"stop_loss_ratio":-0.0318,"min_rate":0.2685,"max_rate":0.2872,"is_open":false,"enter_tag":"","leverage":1.0,"is_short":false,"open_timestamp":1769880300000,"close_timestamp":1769884800000,"orders":[{"amount":34.9,"safe_price":0.28500000000000003,"ft_order_side":"buy","order_filled_timestamp":1769880300000,"ft_is_entry":true,"ft_order_tag":"","cost":9.956446499999998},{"amount":34.9,"safe_price":0.276,"ft_order_side":"sell","order_filled_timestamp":1769884800000,"ft_is_entry":false,"ft_order_tag":"stop_loss","cost":9.6420324}],"funding_fees":0.0,"weekday":5},{"pair":"XRP/USDT","stake_amount":9.86139,"max_stake_amount":9.86139,"amount":6.3,"open_date":"2026-01-31 17:25:00+00:00","close_date":"2026-01-31 18:40:00+00:00","open_rate":1.5653,"close_rate":1.5156,"fee_open":0.001,"fee_close":0.001,"trade_duration":75,"profit_ratio":-0.03368566525788783,"profit_abs":-0.33251967,"exit_reason":"stop_loss","initial_stop_loss_abs":1.5156,"initial_stop_loss_ratio":-0.0318,"stop_loss_abs":1.5156,"stop_loss_ratio":-0.0318,"min_rate":1.5028000000000001,"max_rate":1.5841,"is_open":false,"enter_tag":"","leverage":1.0,"is_short":false,"open_timestamp":1769880300000,"close_timestamp":1769884800000,"orders":[{"amount":6.3,"safe_price":1.5653000000000001,"ft_order_side":"buy","order_filled_timestamp":1769880300000,"ft_is_entry":true,"ft_order_tag":"","cost":9.87125139},{"amount":6.3,"safe_price":1.5156,"ft_order_side":"sell","order_filled_timestamp":1769884800000,"ft_is_entry":false,"ft_order_tag":"stop_loss","cost":9.557828279999999}],"funding_fees":0.0,"weekday":5},{"pair":"ICP/USDT","stake_amount":9.9591,"max_stake_amount":9.9591,"amount":3.73,"open_date":"2026-01-31 17:30:00+00:00","close_date":"2026-01-31 18:40:00+00:00","open_rate":2.67,"close_rate":2.586,"fee_open":0.001,"fee_close":0.001,"trade_duration":70,"profit_ratio":-0.03339581766548058,"profit_abs":-0.33292488,"exit_reason":"stop_loss","initial_stop_loss_abs":2.586,"initial_stop_loss_ratio":-0.0318,"stop_loss_abs":2.586,"stop_loss_ratio":-0.0318,"min_rate":2.472,"max_rate":2.681,"is_open":false,"enter_tag":"","leverage":1.0,"is_short":false,"open_timestamp":1769880600000,"close_timestamp":1769884800000,"orders":[{"amount":3.73,"safe_price":2.67,"ft_order_side":"buy","order_filled_timestamp":1769880600000,"ft_is_entry":true,"ft_order_tag":"","cost":9.969059099999999},{"amount":3.73,"safe_price":2.586,"ft_order_side":"sell","order_filled_timestamp":1769884800000,"ft_is_entry":false,"ft_order_tag":"stop_loss","cost":9.65542578}],"funding_fees":0.0,"weekday":5},{"pair":"DOT/USDT","stake_amount":9.95336,"max_stake_amount":9.95336,"amount":6.64,"open_date":"2026-01-31 17:30:00+00:00","close_date":"2026-01-31 18:40:00+00:00","open_rate":1.499,"close_rate":1.452,"fee_open":0.001,"fee_close":0.001,"trade_duration":70,"profit_ratio":-0.0332895923289519,"profit_abs":-0.33167464,"exit_reason":"stop_loss","initial_stop_loss_abs":1.452,"initial_stop_loss_ratio":-0.0318,"stop_loss_abs":1.452,"stop_loss_ratio":-0.0318,"min_rate":1.399,"max_rate":1.51,"is_open":false,"enter_tag":"","leverage":1.0,"is_short":false,"open_timestamp":1769880600000,"close_timestamp":1769884800000,"orders":[{"amount":6.64,"safe_price":1.499,"ft_order_side":"buy","order_filled_timestamp":1769880600000,"ft_is_entry":true,"ft_order_tag":"","cost":9.963313359999999},{"amount":6.64,"safe_price":1.452,"ft_order_side":"sell","order_filled_timestamp":1769884800000,"ft_is_entry":false,"ft_order_tag":"stop_loss","cost":9.650921279999999}],"funding_fees":0.0,"weekday":5},{"pair":"VET/USDT","stake_amount":9.636057,"max_stake_amount":9.636057,"amount":1221.3,"open_date":"2026-01-31 18:45:00+00:00","close_date":"2026-01-31 19:10:00+00:00","open_rate":0.00789,"close_rate":0.008074021021021019,"fee_open":0.001,"fee_close":0.001,"trade_duration":25,"profit_ratio":0.0212787208536611,"profit_abs":0.20524801,"exit_reason":"roi","initial_stop_loss_abs":0.00764,"initial_stop_loss_ratio":-0.0318,"stop_loss_abs":0.00764,"stop_loss_ratio":-0.0318,"min_rate":0.007840000000000001,"max_rate":0.008110000000000001,"is_open":false,"enter_tag":"","leverage":1.0,"is_short":false,"open_timestamp":1769885100000,"close_timestamp":1769886600000,"orders":[{"amount":1221.3,"safe_price":0.007890000000000001,"ft_order_side":"buy","order_filled_timestamp":1769885100000,"ft_is_entry":true,"ft_order_tag":"","cost":9.645693057},{"amount":1221.3,"safe_price":0.008074021021021019,"ft_order_side":"sell","order_filled_timestamp":1769886600000,"ft_is_entry":false,"ft_order_tag":"roi","cost":9.870662674845942}],"funding_fees":0.0,"weekday":5},{"pair":"DOT/USDT","stake_amount":9.62654,"max_stake_amount":9.62654,"amount":6.58,"open_date":"2026-01-31 18:45:00+00:00","close_date":"2026-01-31 19:10:00+00:00","open_rate":1.463,"close_rate":1.497122022022022,"fee_open":0.001,"fee_close":0.001,"trade_duration":25,"profit_ratio":0.021278721071169866,"profit_abs":0.2050453,"exit_reason":"roi","initial_stop_loss_abs":1.417,"initial_stop_loss_ratio":-0.0318,"stop_loss_abs":1.417,"stop_loss_ratio":-0.0318,"min_rate":1.453,"max_rate":1.501,"is_open":false,"enter_tag":"","leverage":1.0,"is_short":false,"open_timestamp":1769885100000,"close_timestamp":1769886600000,"orders":[{"amount":6.58,"safe_price":1.463,"ft_order_side":"buy","order_filled_timestamp":1769885100000,"ft_is_entry":true,"ft_order_tag":"","cost":9.63616654},{"amount":6.58,"safe_price":1.497122022022022,"ft_order_side":"sell","order_filled_timestamp":1769886600000,"ft_is_entry":false,"ft_order_tag":"roi","cost":9.86091396780981}],"funding_fees":0.0,"weekday":5},{"pair":"ICP/USDT","stake_amount":9.70156,"max_stake_amount":9.70156,"amount":3.74,"open_date":"2026-01-31 19:10:00+00:00","close_date":"2026-01-31 21:35:00+00:00","open_rate":2.594,"close_rate":2.6770910910910906,"fee_open":0.001,"fee_close":0.001,"trade_duration":145,"profit_ratio":0.02997002997002997,"profit_abs":0.2910468,"exit_reason":"roi","initial_stop_loss_abs":2.512,"initial_stop_loss_ratio":-0.0318,"stop_loss_abs":2.512,"stop_loss_ratio":-0.0318,"min_rate":2.58,"max_rate":2.684,"is_open":false,"enter_tag":"","leverage":1.0,"is_short":false,"open_timestamp":1769886600000,"close_timestamp":1769895300000,"orders":[{"amount":3.74,"safe_price":2.594,"ft_order_side":"buy","order_filled_timestamp":1769886600000,"ft_is_entry":true,"ft_order_tag":"","cost":9.711261559999999},{"amount":3.74,"safe_price":2.6770910910910906,"ft_order_side":"sell","order_filled_timestamp":1769895300000,"ft_is_entry":false,"ft_order_tag":"roi","cost":10.022333001361359}],"funding_fees":0.0,"weekday":5}],"locks":[],"best_pair":{"key":"ICP/USDT","trades":6,"profit_mean":0.0028262376506459747,"profit_mean_pct":0.28,"profit_total_abs":0.15506394999999995,"profit_total":0.003101278999999999,"profit_total_pct":0.31,"duration_avg":"1:49:00","wins":4,"draws":0,"losses":2,"winrate":0.6666666666666666,"cagr":0.046246091745191675,"expectancy":0.02584399166666662,"expectancy_ratio":0.07729637410579793,"sortino":83.18921149315781,"sharpe":0.44529490700399,"calmar":23.83700193531007,"sqn":0.2172,"profit_factor":1.231889122317394,"max_drawdown_account":0.009942500699134531,"max_drawdown_abs":0.50075175},"worst_pair":{"key":"ADA/USDT","trades":2,"profit_mean":-0.015558291072220403,"profit_mean_pct":-1.56,"profit_total_abs":-0.31022748,"profit_total":-0.0062045496,"profit_total_pct":-0.62,"duration_avg":"2:00:00","wins":1,"draws":0,"losses":1,"winrate":0.5,"cagr":-0.08686232529697535,"expectancy":-0.15511374,"expectancy_ratio":-0.46485930036331335,"sortino":-100,"sharpe":-1.3276694475912352,"calmar":-71.08231970380024,"sqn":-0.8687,"profit_factor":0.07028139927337329,"max_drawdown_account":0.006670449369804848,"max_drawdown_abs":0.3336789},"results_per_pair":[{"key":"ICP/USDT","trades":6,"profit_mean":0.0028262376506459747,"profit_mean_pct":0.28,"profit_total_abs":0.15506394999999995,"profit_total":0.003101278999999999,"profit_total_pct":0.31,"duration_avg":"1:49:00","wins":4,"draws":0,"losses":2,"winrate":0.6666666666666666,"cagr":0.046246091745191675,"expectancy":0.02584399166666662,"expectancy_ratio":0.07729637410579793,"sortino":83.18921149315781,"sharpe":0.44529490700399,"calmar":23.83700193531007,"sqn":0.2172,"profit_factor":1.231889122317394,"max_drawdown_account":0.009942500699134531,"max_drawdown_abs":0.50075175},{"key":"VET/USDT","trades":6,"profit_mean":0.0010084562021063677,"profit_mean_pct":0.1,"profit_total_abs":0.04707397000000002,"profit_total":0.0009414794000000004,"profit_total_pct":0.09,"duration_avg":"1:12:00","wins":3,"draws":1,"losses":2,"winrate":0.5,"cagr":0.013833948313312083,"expectancy":0.00784566166666667,"expectancy_ratio":-0.1430110753705791,"sortino":12.12482721801748,"sharpe":0.14057796311606965,"calmar":10.750376495393214,"sqn":0.0686,"profit_factor":1.070966773888263,"max_drawdown_account":0.006692579999999992,"max_drawdown_abs":0.334629},{"key":"BNB/USDT","trades":0,"profit_mean":0.0,"profit_mean_pct":0.0,"profit_total_abs":0.0,"profit_total":0.0,"profit_total_pct":0.0,"duration_avg":"0:00","wins":0,"draws":0,"losses":0,"winrate":0.0,"cagr":0.0,"expectancy":0.0,"expectancy_ratio":100.0,"sortino":0,"sharpe":0,"calmar":0,"sqn":0.0,"profit_factor":0.0,"max_drawdown_account":0.0,"max_drawdown_abs":0.0},{"key":"DOT/USDT","trades":5,"profit_mean":-0.004828851690340383,"profit_mean_pct":-0.48,"profit_total_abs":-0.24503698000000004,"profit_total":-0.0049007396000000005,"profit_total_pct":-0.49,"duration_avg":"0:56:00","wins":2,"draws":1,"losses":2,"winrate":0.4,"cagr":-0.06921475441500846,"expectancy":-0.04900739600000001,"expectancy_ratio":-0.34841190820370505,"sortino":-128.02846753554462,"sharpe":-0.7743939830332454,"calmar":-41.605058787660035,"sqn":-0.4053,"profit_factor":0.6289702294907374,"max_drawdown_account":0.009001645599999933,"max_drawdown_abs":0.45008228000000006},{"key":"XRP/USDT","trades":2,"profit_mean":-0.013960657628709783,"profit_mean_pct":-1.4,"profit_total_abs":-0.27650916999999997,"profit_total":-0.005530183399999999,"profit_total_pct":-0.55,"duration_avg":"2:00:00","wins":1,"draws":0,"losses":1,"winrate":0.5,"cagr":-0.0777738094548166,"expectancy":-0.13825458499999999,"expectancy_ratio":-0.4157786665673041,"sortino":-100,"sharpe":-1.0877302579339143,"calmar":-63.61870874033549,"sqn":-0.7117,"profit_factor":0.16844266686539175,"max_drawdown_account":0.006642951898853313,"max_drawdown_abs":0.33251967},{"key":"ADA/USDT","trades":2,"profit_mean":-0.015558291072220403,"profit_mean_pct":-1.56,"profit_total_abs":-0.31022748,"profit_total":-0.0062045496,"profit_total_pct":-0.62,"duration_avg":"2:00:00","wins":1,"draws":0,"losses":1,"winrate":0.5,"cagr":-0.08686232529697535,"expectancy":-0.15511374,"expectancy_ratio":-0.46485930036331335,"sortino":-100,"sharpe":-1.3276694475912352,"calmar":-71.08231970380024,"sqn":-0.8687,"profit_factor":0.07028139927337329,"max_drawdown_account":0.006670449369804848,"max_drawdown_abs":0.3336789},{"key":"TOTAL","trades":21,"profit_mean":-0.002865428225573726,"profit_mean_pct":-0.29,"profit_total_abs":-0.6296357099999998,"profit_total":-0.012592714199999997,"profit_total_pct":-1.26,"duration_avg":"1:28:00","wins":11,"draws":2,"losses":8,"winrate":0.5238095238095238,"cagr":-0.16891320773041152,"expectancy":-0.029982652857142827,"expectancy_ratio":-0.18545743233499523,"sortino":-201.0599825481708,"sharpe":-1.9096102147276999,"calmar":-28.5819689083738,"sqn":-0.5321,"profit_factor":0.7631742401206372,"max_drawdown_account":0.03366926438929814,"max_drawdown_abs":1.69574472}],"results_per_enter_tag":[{"key":"","trades":21,"profit_mean":-0.002865428225573726,"profit_mean_pct":-0.29,"profit_total_abs":-0.6296357099999998,"profit_total":-0.012592714199999997,"profit_total_pct":-1.26,"duration_avg":"1:28:00","wins":11,"draws":2,"losses":8,"winrate":0.5238095238095238,"cagr":-0.16891320773041152,"expectancy":-0.029982652857142827,"expectancy_ratio":-0.18545743233499523,"sortino":-201.0599825481708,"sharpe":-1.9096102147276999,"calmar":-28.5819689083738,"sqn":-0.5321,"profit_factor":0.7631742401206372,"max_drawdown_account":0.03366926438929814,"max_drawdown_abs":1.69574472},{"key":"TOTAL","trades":21,"profit_mean":-0.002865428225573726,"profit_mean_pct":-0.29,"profit_total_abs":-0.6296357099999998,"profit_total":-0.012592714199999997,"profit_total_pct":-1.26,"duration_avg":"1:28:00","wins":11,"draws":2,"losses":8,"winrate":0.5238095238095238,"cagr":-0.16891320773041152,"expectancy":-0.029982652857142827,"expectancy_ratio":-0.18545743233499523,"sortino":-201.0599825481708,"sharpe":-1.9096102147276999,"calmar":-28.5819689083738,"sqn":-0.5321,"profit_factor":0.7631742401206372,"max_drawdown_account":0.03366926438929814,"max_drawdown_abs":1.69574472}],"exit_reason_summary":[{"key":"roi","trades":13,"profit_mean":0.015948394450608736,"profit_mean_pct":1.59,"profit_total_abs":2.02900966,"profit_total":0.040580193199999996,"profit_total_pct":4.06,"duration_avg":"1:53:00","wins":11,"draws":2,"losses":0,"winrate":0.8461538461538461,"cagr":0.7874055603891925,"expectancy":0.15607766615384616,"expectancy_ratio":100.0,"sortino":-100,"sharpe":14.345379967522282,"calmar":-100,"sqn":5.0021,"profit_factor":0.0,"max_drawdown_account":0.0,"max_drawdown_abs":0.0},{"key":"stop_loss","trades":8,"profit_mean":-0.03343789007437023,"profit_mean_pct":-3.34,"profit_total_abs":-2.65864537,"profit_total":-0.0531729074,"profit_total_pct":-5.32,"duration_avg":"0:48:00","wins":0,"draws":0,"losses":8,"winrate":0.0,"cagr":-0.5496482288091508,"expectancy":-0.33233067125,"expectancy_ratio":-1.0,"sortino":-848.9785175843584,"sharpe":-848.9785175843584,"calmar":-76.41989269817114,"sqn":-367.4086,"profit_factor":0.0,"max_drawdown_account":0.053172907400000045,"max_drawdown_abs":2.65864537},{"key":"TOTAL","trades":21,"profit_mean":-0.002865428225573726,"profit_mean_pct":-0.29,"profit_total_abs":-0.6296357099999998,"profit_total":-0.012592714199999997,"profit_total_pct":-1.26,"duration_avg":"1:28:00","wins":11,"draws":2,"losses":8,"winrate":0.5238095238095238,"cagr":-0.16891320773041152,"expectancy":-0.029982652857142827,"expectancy_ratio":-0.18545743233499523,"sortino":-201.0599825481708,"sharpe":-1.9096102147276999,"calmar":-28.5819689083738,"sqn":-0.5321,"profit_factor":0.7631742401206372,"max_drawdown_account":0.03366926438929814,"max_drawdown_abs":1.69574472}],"mix_tag_stats":[{"key":["","roi"],"trades":13,"profit_mean":0.015948394450608736,"profit_mean_pct":1.59,"profit_total_abs":2.02900966,"profit_total":0.040580193199999996,"profit_total_pct":4.06,"duration_avg":"1:53:00","wins":11,"draws":2,"losses":0,"winrate":0.8461538461538461,"cagr":0.7874055603891925,"expectancy":0.15607766615384616,"expectancy_ratio":100.0,"sortino":-100,"sharpe":14.345379967522282,"calmar":-100,"sqn":5.0021,"profit_factor":0.0,"max_drawdown_account":0.0,"max_drawdown_abs":0.0},{"key":["","stop_loss"],"trades":8,"profit_mean":-0.03343789007437023,"profit_mean_pct":-3.34,"profit_total_abs":-2.65864537,"profit_total":-0.0531729074,"profit_total_pct":-5.32,"duration_avg":"0:48:00","wins":0,"draws":0,"losses":8,"winrate":0.0,"cagr":-0.5496482288091508,"expectancy":-0.33233067125,"expectancy_ratio":-1.0,"sortino":-848.9785175843584,"sharpe":-848.9785175843584,"calmar":-76.41989269817114,"sqn":-367.4086,"profit_factor":0.0,"max_drawdown_account":0.053172907400000045,"max_drawdown_abs":2.65864537},{"key":"TOTAL","trades":21,"profit_mean":-0.002865428225573726,"profit_mean_pct":-0.29,"profit_total_abs":-0.6296357099999998,"profit_total":-0.012592714199999997,"profit_total_pct":-1.26,"duration_avg":"1:28:00","wins":11,"draws":2,"losses":8,"winrate":0.5238095238095238,"cagr":-0.16891320773041152,"expectancy":-0.029982652857142827,"expectancy_ratio":-0.18545743233499523,"sortino":-201.0599825481708,"sharpe":-1.9096102147276999,"calmar":-28.5819689083738,"sqn":-0.5321,"profit_factor":0.7631742401206372,"max_drawdown_account":0.03366926438929814,"max_drawdown_abs":1.69574472}],"left_open_trades":[{"key":"TOTAL","trades":0,"profit_mean":0.0,"profit_mean_pct":0.0,"profit_total_abs":0.0,"profit_total":0.0,"profit_total_pct":0.0,"duration_avg":"0:00","wins":0,"draws":0,"losses":0,"winrate":0.0,"cagr":0.0,"expectancy":0.0,"expectancy_ratio":100.0,"sortino":0,"sharpe":0,"calmar":0,"sqn":0.0,"profit_factor":0.0,"max_drawdown_account":0.0,"max_drawdown_abs":0.0}],"total_trades":21,"trade_count_long":21,"trade_count_short":0,"total_volume":413.2359365235202,"avg_stake_amount":9.834283952380954,"profit_mean":-0.002865428225573726,"profit_median":0.0023972724220453373,"profit_total":-0.012592714199999997,"profit_total_long":-0.012592714199999997,"profit_total_short":0.0,"profit_total_abs":-0.6296357099999998,"profit_total_long_abs":-0.6296357099999998,"profit_total_short_abs":0.0,"cagr":-0.16891320773041152,"expectancy":-0.029982652857142827,"expectancy_ratio":-0.18545743233499523,"sortino":-201.0599825481708,"sharpe":-1.9096102147276999,"calmar":-28.5819689083738,"sqn":-0.5321,"profit_factor":0.7631742401206372,"backtest_start":"2026-01-08 00:00:00","backtest_start_ts":1767830400000,"backtest_end":"2026-02-02 08:40:00","backtest_end_ts":1770021600000,"backtest_days":25,"backtest_run_start_ts":1770444654,"backtest_run_end_ts":1770444655,"trades_per_day":0.84,"market_change":-0.2548484405879618,"pairlist":["ICP/USDT","VET/USDT","DOT/USDT","ADA/USDT","BNB/USDT","XRP/USDT"],"stake_amount":"unlimited","stake_currency":"USDT","stake_currency_decimals":3,"starting_balance":50,"dry_run_wallet":50,"final_balance":49.37036429,"rejected_signals":0,"timedout_entry_orders":0,"timedout_exit_orders":0,"canceled_trade_entries":0,"canceled_entry_orders":0,"replaced_entry_orders":0,"max_open_trades":5,"max_open_trades_setting":5,"timeframe":"5m","timeframe_detail":"","timerange":"20260108-20260207","enable_protections":false,"strategy_name":"UniversalMACD","freqaimodel":"XGBoostRegressor","freqai_identifier":"qs_v9_scalp_5m1h_l2","stoploss":-0.0318,"trailing_stop":false,"trailing_stop_positive":null,"trailing_stop_positive_offset":0.0,"trailing_only_offset_is_reached":false,"use_custom_stoploss":false,"minimal_roi":{"0":0.0213,"27":0.099,"60":0.03,"164":0},"use_exit_signal":true,"exit_profit_only":false,"exit_profit_offset":0.0,"ignore_roi_if_entry_signal":false,"trading_mode":"spot","margin_mode":"","periodic_breakdown":{"day":[{"date":"15/01/2026","date_ts":1768435200000,"profit_abs":0.3647689,"wins":2,"draws":0,"losses":0,"trades":2,"profit_factor":0.0},{"date":"16/01/2026","date_ts":1768521600000,"profit_abs":0.0,"wins":0,"draws":0,"losses":0,"trades":0,"profit_factor":0.0},{"date":"17/01/2026","date_ts":1768608000000,"profit_abs":0.0,"wins":0,"draws":0,"losses":0,"trades":0,"profit_factor":0.0},{"date":"18/01/2026","date_ts":1768694400000,"profit_abs":0.0,"wins":0,"draws":0,"losses":0,"trades":0,"profit_factor":0.0},{"date":"19/01/2026","date_ts":1768780800000,"profit_abs":-0.75174335,"wins":3,"draws":2,"losses":3,"trades":8,"profit_factor":0.24761878},{"date":"20/01/2026","date_ts":1768867200000,"profit_abs":0.0,"wins":0,"draws":0,"losses":0,"trades":0,"profit_factor":0.0},{"date":"21/01/2026","date_ts":1768953600000,"profit_abs":0.0,"wins":0,"draws":0,"losses":0,"trades":0,"profit_factor":0.0},{"date":"22/01/2026","date_ts":1769040000000,"profit_abs":0.0,"wins":0,"draws":0,"losses":0,"trades":0,"profit_factor":0.0},{"date":"23/01/2026","date_ts":1769126400000,"profit_abs":0.0,"wins":0,"draws":0,"losses":0,"trades":0,"profit_factor":0.0},{"date":"24/01/2026","date_ts":1769212800000,"profit_abs":0.0,"wins":0,"draws":0,"losses":0,"trades":0,"profit_factor":0.0},{"date":"25/01/2026","date_ts":1769299200000,"profit_abs":0.0,"wins":0,"draws":0,"losses":0,"trades":0,"profit_factor":0.0},{"date":"26/01/2026","date_ts":1769385600000,"profit_abs":0.0,"wins":0,"draws":0,"losses":0,"trades":0,"profit_factor":0.0},{"date":"27/01/2026","date_ts":1769472000000,"profit_abs":0.0,"wins":0,"draws":0,"losses":0,"trades":0,"profit_factor":0.0},{"date":"28/01/2026","date_ts":1769558400000,"profit_abs":0.0,"wins":0,"draws":0,"losses":0,"trades":0,"profit_factor":0.0},{"date":"29/01/2026","date_ts":1769644800000,"profit_abs":0.2946798,"wins":1,"draws":0,"losses":0,"trades":1,"profit_factor":0.0},{"date":"30/01/2026","date_ts":1769731200000,"profit_abs":0.0,"wins":0,"draws":0,"losses":0,"trades":0,"profit_factor":0.0},{"date":"31/01/2026","date_ts":1769817600000,"profit_abs":-0.53734106,"wins":5,"draws":0,"losses":5,"trades":10,"profit_factor":0.6762017}],"week":[{"date":"19/01/2026","date_ts":1768780800000,"profit_abs":-0.38697445,"wins":5,"draws":2,"losses":3,"trades":10,"profit_factor":0.61269719},{"date":"26/01/2026","date_ts":1769385600000,"profit_abs":0.0,"wins":0,"draws":0,"losses":0,"trades":0,"profit_factor":0.0},{"date":"02/02/2026","date_ts":1769990400000,"profit_abs":-0.24266126,"wins":6,"draws":0,"losses":5,"trades":11,"profit_factor":0.85377387}],"month":[{"date":"31/01/2026","date_ts":1769817600000,"profit_abs":-0.62963571,"wins":11,"draws":2,"losses":8,"trades":21,"profit_factor":0.76317424}],"year":[{"date":"31/12/2026","date_ts":1798675200000,"profit_abs":-0.62963571,"wins":11,"draws":2,"losses":8,"trades":21,"profit_factor":0.76317424}],"weekday":[{"date":"Monday","date_ts":0,"profit_abs":-0.75174335,"wins":3,"draws":2,"losses":3,"trades":8,"profit_factor":0.24761878},{"date":"Thursday","date_ts":3,"profit_abs":0.6594487,"wins":3,"draws":0,"losses":0,"trades":3,"profit_factor":0.0},{"date":"Saturday","date_ts":5,"profit_abs":-0.53734106,"wins":5,"draws":0,"losses":5,"trades":10,"profit_factor":0.6762017}]},"backtest_best_day":0.03688276009704581,"backtest_worst_day":-0.07527336841775317,"backtest_best_day_abs":0.3647689,"backtest_worst_day_abs":-0.75174335,"winning_days":2,"draw_days":13,"losing_days":2,"daily_profit":[["2026-01-15",0.3647689],["2026-01-16",0.0],["2026-01-17",0.0],["2026-01-18",0.0],["2026-01-19",-0.75174335],["2026-01-20",0.0],["2026-01-21",0.0],["2026-01-22",0.0],["2026-01-23",0.0],["2026-01-24",0.0],["2026-01-25",0.0],["2026-01-26",0.0],["2026-01-27",0.0],["2026-01-28",0.0],["2026-01-29",0.2946798],["2026-01-30",0.0],["2026-01-31",-0.53734106]],"wins":11,"losses":8,"draws":2,"winrate":0.5238095238095238,"holding_avg":"1:28:00","holding_avg_s":5280.0,"winner_holding_min":"0d 00:20","winner_holding_min_s":1200.0,"winner_holding_max":"0d 02:45","winner_holding_max_s":9900.0,"winner_holding_avg":"0d 01:42","winner_holding_avg_s":6120.0,"loser_holding_min":"0d 00:00","loser_holding_min_s":0.0,"loser_holding_max":"0d 01:20","loser_holding_max_s":4800.0,"loser_holding_avg":"0d 00:48","loser_holding_avg_s":2880.0,"max_consecutive_wins":3,"max_consecutive_losses":5,"max_drawdown_account":0.03366926438929814,"max_relative_drawdown":0.03366926438929814,"max_drawdown_abs":1.69574472,"drawdown_start":"2026-01-15 11:15:00","drawdown_start_ts":1768475700000.0,"drawdown_end":"2026-01-31 18:40:00","drawdown_end_ts":1769884800000.0,"drawdown_duration":"16 days 07:25:00","drawdown_duration_s":1409100.0,"max_drawdown_low":-1.3309758200000001,"max_drawdown_high":0.36476889999999995,"csum_min":48.66902418,"csum_max":50.3647689}},"strategy_comparison":[{"key":"UniversalMACD","trades":21,"profit_mean":-0.002865428225573726,"profit_mean_pct":-0.29,"profit_total_abs":-0.6296357099999998,"profit_total":-0.012592714199999997,"profit_total_pct":-1.26,"duration_avg":"1:28:00","wins":11,"draws":2,"losses":8,"winrate":0.5238095238095238,"cagr":-0.16891320773041152,"expectancy":-0.029982652857142827,"expectancy_ratio":-0.18545743233499523,"sortino":-201.0599825481708,"sharpe":-1.9096102147276999,"calmar":-28.5819689083738,"sqn":-0.5321,"profit_factor":0.7631742401206372,"max_drawdown_account":0.03366926438929814,"max_drawdown_abs":"1.696"}]}