{"strategy":{"MultiMa":{"trades":[{"pair":"ATOM/USDT","stake_amount":7.04858,"max_stake_amount":7.04858,"amount":2.53,"open_date":"2025-11-03 11:50:00+00:00","close_date":"2025-11-03 21:15:00+00:00","open_rate":2.786,"close_rate":2.508,"fee_open":0.001,"fee_close":0.001,"trade_duration":565,"profit_ratio":-0.10158326956604057,"profit_abs":-0.71673382,"exit_reason":"stop_loss","initial_stop_loss_abs":2.508,"initial_stop_loss_ratio":-0.1,"stop_loss_abs":2.508,"stop_loss_ratio":-0.1,"min_rate":2.489,"max_rate":2.8040000000000003,"is_open":false,"enter_tag":"","leverage":1.0,"is_short":false,"open_timestamp":1762170600000,"close_timestamp":1762204500000,"orders":[{"amount":2.53,"safe_price":2.786,"ft_order_side":"buy","order_filled_timestamp":1762170600000,"ft_is_entry":true,"ft_order_tag":"","cost":7.055628579999999},{"amount":2.53,"safe_price":2.508,"ft_order_side":"sell","order_filled_timestamp":1762204500000,"ft_is_entry":false,"ft_order_tag":"stop_loss","cost":6.351585239999999}],"funding_fees":0.0,"weekday":0},{"pair":"XRP/USDT","stake_amount":6.96203,"max_stake_amount":6.96203,"amount":2.9,"open_date":"2025-11-03 11:15:00+00:00","close_date":"2025-11-04 00:00:00+00:00","open_rate":2.4007,"close_rate":2.3095,"fee_open":0.001,"fee_close":0.001,"trade_duration":765,"profit_ratio":-0.03991101995850611,"profit_abs":-0.27813958,"exit_reason":"force_exit","initial_stop_loss_abs":2.1607,"initial_stop_loss_ratio":-0.1,"stop_loss_abs":2.1607,"stop_loss_ratio":-0.1,"min_rate":2.2631,"max_rate":2.4301,"is_open":false,"enter_tag":"","leverage":1.0,"is_short":false,"open_timestamp":1762168500000,"close_timestamp":1762214400000,"orders":[{"amount":2.9,"safe_price":2.4007,"ft_order_side":"buy","order_filled_timestamp":1762168500000,"ft_is_entry":true,"ft_order_tag":"","cost":6.96899203},{"amount":2.9,"safe_price":2.3095,"ft_order_side":"sell","order_filled_timestamp":1762214400000,"ft_is_entry":false,"ft_order_tag":"force_exit","cost":6.704247549999999}],"funding_fees":0.0,"weekday":1},{"pair":"DOT/USDT","stake_amount":7.06816,"max_stake_amount":7.06816,"amount":2.56,"open_date":"2025-11-03 11:35:00+00:00","close_date":"2025-11-04 00:00:00+00:00","open_rate":2.761,"close_rate":2.585,"fee_open":0.001,"fee_close":0.001,"trade_duration":745,"profit_ratio":-0.06561565924115725,"profit_abs":-0.46424576,"exit_reason":"force_exit","initial_stop_loss_abs":2.485,"initial_stop_loss_ratio":-0.1,"stop_loss_abs":2.485,"stop_loss_ratio":-0.1,"min_rate":2.5,"max_rate":2.794,"is_open":false,"enter_tag":"","leverage":1.0,"is_short":false,"open_timestamp":1762169700000,"close_timestamp":1762214400000,"orders":[{"amount":2.56,"safe_price":2.761,"ft_order_side":"buy","order_filled_timestamp":1762169700000,"ft_is_entry":true,"ft_order_tag":"","cost":7.07522816},{"amount":2.56,"safe_price":2.585,"ft_order_side":"sell","order_filled_timestamp":1762214400000,"ft_is_entry":false,"ft_order_tag":"force_exit","cost":6.6242176}],"funding_fees":0.0,"weekday":1},{"pair":"TRX/USDT","stake_amount":7.04443,"max_stake_amount":7.04443,"amount":24.1,"open_date":"2025-11-03 14:00:00+00:00","close_date":"2025-11-04 00:00:00+00:00","open_rate":0.2923,"close_rate":0.2813,"fee_open":0.001,"fee_close":0.001,"trade_duration":600,"profit_ratio":-0.03955538132753323,"profit_abs":-0.27892376,"exit_reason":"force_exit","initial_stop_loss_abs":0.2631,"initial_stop_loss_ratio":-0.1,"stop_loss_abs":0.2631,"stop_loss_ratio":-0.1,"min_rate":0.2801,"max_rate":0.2932,"is_open":false,"enter_tag":"","leverage":1.0,"is_short":false,"open_timestamp":1762178400000,"close_timestamp":1762214400000,"orders":[{"amount":24.1,"safe_price":0.2923,"ft_order_side":"buy","order_filled_timestamp":1762178400000,"ft_is_entry":true,"ft_order_tag":"","cost":7.05147443},{"amount":24.1,"safe_price":0.2813,"ft_order_side":"sell","order_filled_timestamp":1762214400000,"ft_is_entry":false,"ft_order_tag":"force_exit","cost":6.7861093299999995}],"funding_fees":0.0,"weekday":1},{"pair":"OP/USDT","stake_amount":7.067832,"max_stake_amount":7.067832,"amount":18.58,"open_date":"2025-11-03 11:35:00+00:00","close_date":"2025-11-04 00:00:00+00:00","open_rate":0.3804,"close_rate":0.3527,"fee_open":0.001,"fee_close":0.001,"trade_duration":745,"profit_ratio":-0.07467059782394951,"profit_abs":-0.528287,"exit_reason":"force_exit","initial_stop_loss_abs":0.3424,"initial_stop_loss_ratio":-0.1,"stop_loss_abs":0.3424,"stop_loss_ratio":-0.1,"min_rate":0.34290000000000004,"max_rate":0.3876,"is_open":false,"enter_tag":"","leverage":1.0,"is_short":false,"open_timestamp":1762169700000,"close_timestamp":1762214400000,"orders":[{"amount":18.58,"safe_price":0.3804,"ft_order_side":"buy","order_filled_timestamp":1762169700000,"ft_is_entry":true,"ft_order_tag":"","cost":7.074899831999998},{"amount":18.58,"safe_price":0.3527,"ft_order_side":"sell","order_filled_timestamp":1762214400000,"ft_is_entry":false,"ft_order_tag":"force_exit","cost":6.559719165999999}],"funding_fees":0.0,"weekday":1},{"pair":"ATOM/USDT","stake_amount":6.95278,"max_stake_amount":6.95278,"amount":2.78,"open_date":"2025-11-03 22:15:00+00:00","close_date":"2025-11-04 00:00:00+00:00","open_rate":2.501,"close_rate":2.507,"fee_open":0.001,"fee_close":0.001,"trade_duration":105,"profit_ratio":0.0003962450983642507,"profit_abs":0.00275776,"exit_reason":"force_exit","initial_stop_loss_abs":2.251,"initial_stop_loss_ratio":-0.1,"stop_loss_abs":2.251,"stop_loss_ratio":-0.1,"min_rate":2.471,"max_rate":2.5220000000000002,"is_open":false,"enter_tag":"","leverage":1.0,"is_short":false,"open_timestamp":1762208100000,"close_timestamp":1762214400000,"orders":[{"amount":2.78,"safe_price":2.501,"ft_order_side":"buy","order_filled_timestamp":1762208100000,"ft_is_entry":true,"ft_order_tag":"","cost":6.959732779999998},{"amount":2.78,"safe_price":2.507,"ft_order_side":"sell","order_filled_timestamp":1762214400000,"ft_is_entry":false,"ft_order_tag":"force_exit","cost":6.976429459999999}],"funding_fees":0.0,"weekday":1},{"pair":"SAND/USDT","stake_amount":6.9732,"max_stake_amount":6.9732,"amount":36.0,"open_date":"2025-11-03 11:30:00+00:00","close_date":"2025-11-04 00:00:00+00:00","open_rate":0.1937,"close_rate":0.1821,"fee_open":0.001,"fee_close":0.001,"trade_duration":750,"profit_ratio":-0.06176477110911803,"profit_abs":-0.4311288,"exit_reason":"force_exit","initial_stop_loss_abs":0.1744,"initial_stop_loss_ratio":-0.1,"stop_loss_abs":0.1744,"stop_loss_ratio":-0.1,"min_rate":0.1754,"max_rate":0.1961,"is_open":false,"enter_tag":"","leverage":1.0,"is_short":false,"open_timestamp":1762169400000,"close_timestamp":1762214400000,"orders":[{"amount":36.0,"safe_price":0.1937,"ft_order_side":"buy","order_filled_timestamp":1762169400000,"ft_is_entry":true,"ft_order_tag":"","cost":6.980173199999999},{"amount":36.0,"safe_price":0.1821,"ft_order_side":"sell","order_filled_timestamp":1762214400000,"ft_is_entry":false,"ft_order_tag":"force_exit","cost":6.5621556}],"funding_fees":0.0,"weekday":1}],"locks":[],"best_pair":{"key":"XRP/USDT","trades":1,"profit_mean":-0.03991101995850611,"profit_mean_pct":-3.99,"profit_total_abs":-0.27813958,"profit_total":-0.0055627916,"profit_total_pct":-0.56,"duration_avg":"12:45:00","wins":0,"draws":0,"losses":1,"winrate":0.0,"cagr":-0.8694615375203013,"expectancy":-0.27813958,"expectancy_ratio":-1.0,"sortino":-100,"sharpe":-100,"calmar":-1910.4973174542713,"sqn":-100.0,"profit_factor":0.0,"max_drawdown_account":0.0055627916000000254,"max_drawdown_abs":0.27813958},"worst_pair":{"key":"ATOM/USDT","trades":2,"profit_mean":-0.05059351223383816,"profit_mean_pct":-5.06,"profit_total_abs":-0.7139760599999999,"profit_total":-0.014279521199999999,"profit_total_pct":-1.43,"duration_avg":"5:35:00","wins":1,"draws":0,"losses":1,"winrate":0.5,"cagr":-0.9947503608622557,"expectancy":-0.35698802999999996,"expectancy_ratio":-0.498076161663475,"sortino":-100,"sharpe":-37.9170343412935,"calmar":-1903.146341491982,"sqn":-0.9923,"profit_factor":0.003847676673049976,"max_drawdown_account":0.014334676400000034,"max_drawdown_abs":0.71673382},"results_per_pair":[{"key":"XRP/USDT","trades":1,"profit_mean":-0.03991101995850611,"profit_mean_pct":-3.99,"profit_total_abs":-0.27813958,"profit_total":-0.0055627916,"profit_total_pct":-0.56,"duration_avg":"12:45:00","wins":0,"draws":0,"losses":1,"winrate":0.0,"cagr":-0.8694615375203013,"expectancy":-0.27813958,"expectancy_ratio":-1.0,"sortino":-100,"sharpe":-100,"calmar":-1910.4973174542713,"sqn":-100.0,"profit_factor":0.0,"max_drawdown_account":0.0055627916000000254,"max_drawdown_abs":0.27813958},{"key":"TRX/USDT","trades":1,"profit_mean":-0.03955538132753323,"profit_mean_pct":-3.96,"profit_total_abs":-0.27892376,"profit_total":-0.0055784752,"profit_total_pct":-0.56,"duration_avg":"10:00:00","wins":0,"draws":0,"losses":1,"winrate":0.0,"cagr":-0.8702108340958093,"expectancy":-0.27892376,"expectancy_ratio":-1.0,"sortino":-100,"sharpe":-100,"calmar":-1910.497317454295,"sqn":-100.0,"profit_factor":0.0,"max_drawdown_account":0.005578475199999957,"max_drawdown_abs":0.27892376},{"key":"SAND/USDT","trades":1,"profit_mean":-0.06176477110911803,"profit_mean_pct":-6.18,"profit_total_abs":-0.4311288,"profit_total":-0.008622576,"profit_total_pct":-0.86,"duration_avg":"12:30:00","wins":0,"draws":0,"losses":1,"winrate":0.0,"cagr":-0.9576118910281345,"expectancy":-0.4311288,"expectancy_ratio":-1.0,"sortino":-100,"sharpe":-100,"calmar":-1910.4973174542652,"sqn":-100.0,"profit_factor":0.0,"max_drawdown_account":0.008622576000000066,"max_drawdown_abs":0.4311288},{"key":"DOT/USDT","trades":1,"profit_mean":-0.06561565924115725,"profit_mean_pct":-6.56,"profit_total_abs":-0.46424576,"profit_total":-0.0092849152,"profit_total_pct":-0.93,"duration_avg":"12:25:00","wins":0,"draws":0,"losses":1,"winrate":0.0,"cagr":-0.9667873808509961,"expectancy":-0.46424576,"expectancy_ratio":-1.0,"sortino":-100,"sharpe":-100,"calmar":-1910.4973174542915,"sqn":-100.0,"profit_factor":0.0,"max_drawdown_account":0.009284915199999943,"max_drawdown_abs":0.46424576},{"key":"OP/USDT","trades":1,"profit_mean":-0.07467059782394951,"profit_mean_pct":-7.47,"profit_total_abs":-0.528287,"profit_total":-0.010565739999999999,"profit_total_pct":-1.06,"duration_avg":"12:25:00","wins":0,"draws":0,"losses":1,"winrate":0.0,"cagr":-0.9792874009807212,"expectancy":-0.528287,"expectancy_ratio":-1.0,"sortino":-100,"sharpe":-100,"calmar":-1910.497317454284,"sqn":-100.0,"profit_factor":0.0,"max_drawdown_account":0.010565739999999976,"max_drawdown_abs":0.528287},{"key":"ATOM/USDT","trades":2,"profit_mean":-0.05059351223383816,"profit_mean_pct":-5.06,"profit_total_abs":-0.7139760599999999,"profit_total":-0.014279521199999999,"profit_total_pct":-1.43,"duration_avg":"5:35:00","wins":1,"draws":0,"losses":1,"winrate":0.5,"cagr":-0.9947503608622557,"expectancy":-0.35698802999999996,"expectancy_ratio":-0.498076161663475,"sortino":-100,"sharpe":-37.9170343412935,"calmar":-1903.146341491982,"sqn":-0.9923,"profit_factor":0.003847676673049976,"max_drawdown_account":0.014334676400000034,"max_drawdown_abs":0.71673382},{"key":"TOTAL","trades":7,"profit_mean":-0.054672064846848646,"profit_mean_pct":-5.47,"profit_total_abs":-2.6947009599999996,"profit_total":-0.05389401919999999,"profit_total_pct":-5.39,"duration_avg":"10:11:00","wins":1,"draws":0,"losses":6,"winrate":0.14285714285714285,"cagr":-0.9999999983479523,"expectancy":-0.38495727999999996,"expectancy_ratio":-0.8562665529873243,"sortino":-341.1526141970112,"sharpe":-243.84802552797314,"calmar":-1910.4973174542804,"sqn":-4.4663,"profit_factor":0.0010223548481216424,"max_drawdown_account":0.053894019199999976,"max_drawdown_abs":2.6947009599999996}],"results_per_enter_tag":[{"key":"","trades":7,"profit_mean":-0.054672064846848646,"profit_mean_pct":-5.47,"profit_total_abs":-2.6947009599999996,"profit_total":-0.05389401919999999,"profit_total_pct":-5.39,"duration_avg":"10:11:00","wins":1,"draws":0,"losses":6,"winrate":0.14285714285714285,"cagr":-0.9999999983479523,"expectancy":-0.38495727999999996,"expectancy_ratio":-0.8562665529873243,"sortino":-341.1526141970112,"sharpe":-243.84802552797314,"calmar":-1910.4973174542804,"sqn":-4.4663,"profit_factor":0.0010223548481216424,"max_drawdown_account":0.053894019199999976,"max_drawdown_abs":2.6947009599999996},{"key":"TOTAL","trades":7,"profit_mean":-0.054672064846848646,"profit_mean_pct":-5.47,"profit_total_abs":-2.6947009599999996,"profit_total":-0.05389401919999999,"profit_total_pct":-5.39,"duration_avg":"10:11:00","wins":1,"draws":0,"losses":6,"winrate":0.14285714285714285,"cagr":-0.9999999983479523,"expectancy":-0.38495727999999996,"expectancy_ratio":-0.8562665529873243,"sortino":-341.1526141970112,"sharpe":-243.84802552797314,"calmar":-1910.4973174542804,"sqn":-4.4663,"profit_factor":0.0010223548481216424,"max_drawdown_account":0.053894019199999976,"max_drawdown_abs":2.6947009599999996}],"exit_reason_summary":[{"key":"stop_loss","trades":1,"profit_mean":-0.10158326956604057,"profit_mean_pct":-10.16,"profit_total_abs":-0.71673382,"profit_total":-0.0143346764,"profit_total_pct":-1.43,"duration_avg":"9:25:00","wins":0,"draws":0,"losses":1,"winrate":0.0,"cagr":-0.9948564912412261,"expectancy":-0.71673382,"expectancy_ratio":-1.0,"sortino":-100,"sharpe":-100,"calmar":-1910.4973174542754,"sqn":-100.0,"profit_factor":0.0,"max_drawdown_account":0.014334676400000034,"max_drawdown_abs":0.71673382},{"key":"force_exit","trades":6,"profit_mean":-0.04685353072698331,"profit_mean_pct":-4.69,"profit_total_abs":-1.97796714,"profit_total":-0.0395593428,"profit_total_pct":-3.96,"duration_avg":"10:18:00","wins":1,"draws":0,"losses":5,"winrate":0.16666666666666666,"cagr":-0.9999996002893397,"expectancy":-0.32966119,"expectancy_ratio":-0.8321730847125717,"sortino":-374.2066202372536,"sharpe":-216.03008384186464,"calmar":-1910.497317454283,"sqn":-4.2141,"profit_factor":0.0013922983449140263,"max_drawdown_account":0.03955934279999994,"max_drawdown_abs":1.97796714},{"key":"TOTAL","trades":7,"profit_mean":-0.054672064846848646,"profit_mean_pct":-5.47,"profit_total_abs":-2.6947009599999996,"profit_total":-0.05389401919999999,"profit_total_pct":-5.39,"duration_avg":"10:11:00","wins":1,"draws":0,"losses":6,"winrate":0.14285714285714285,"cagr":-0.9999999983479523,"expectancy":-0.38495727999999996,"expectancy_ratio":-0.8562665529873243,"sortino":-341.1526141970112,"sharpe":-243.84802552797314,"calmar":-1910.4973174542804,"sqn":-4.4663,"profit_factor":0.0010223548481216424,"max_drawdown_account":0.053894019199999976,"max_drawdown_abs":2.6947009599999996}],"mix_tag_stats":[{"key":["","stop_loss"],"trades":1,"profit_mean":-0.10158326956604057,"profit_mean_pct":-10.16,"profit_total_abs":-0.71673382,"profit_total":-0.0143346764,"profit_total_pct":-1.43,"duration_avg":"9:25:00","wins":0,"draws":0,"losses":1,"winrate":0.0,"cagr":-0.9948564912412261,"expectancy":-0.71673382,"expectancy_ratio":-1.0,"sortino":-100,"sharpe":-100,"calmar":-1910.4973174542754,"sqn":-100.0,"profit_factor":0.0,"max_drawdown_account":0.014334676400000034,"max_drawdown_abs":0.71673382},{"key":["","force_exit"],"trades":6,"profit_mean":-0.04685353072698331,"profit_mean_pct":-4.69,"profit_total_abs":-1.97796714,"profit_total":-0.0395593428,"profit_total_pct":-3.96,"duration_avg":"10:18:00","wins":1,"draws":0,"losses":5,"winrate":0.16666666666666666,"cagr":-0.9999996002893397,"expectancy":-0.32966119,"expectancy_ratio":-0.8321730847125717,"sortino":-374.2066202372536,"sharpe":-216.03008384186464,"calmar":-1910.497317454283,"sqn":-4.2141,"profit_factor":0.0013922983449140263,"max_drawdown_account":0.03955934279999994,"max_drawdown_abs":1.97796714},{"key":"TOTAL","trades":7,"profit_mean":-0.054672064846848646,"profit_mean_pct":-5.47,"profit_total_abs":-2.6947009599999996,"profit_total":-0.05389401919999999,"profit_total_pct":-5.39,"duration_avg":"10:11:00","wins":1,"draws":0,"losses":6,"winrate":0.14285714285714285,"cagr":-0.9999999983479523,"expectancy":-0.38495727999999996,"expectancy_ratio":-0.8562665529873243,"sortino":-341.1526141970112,"sharpe":-243.84802552797314,"calmar":-1910.4973174542804,"sqn":-4.4663,"profit_factor":0.0010223548481216424,"max_drawdown_account":0.053894019199999976,"max_drawdown_abs":2.6947009599999996}],"left_open_trades":[{"key":"ATOM/USDT","trades":1,"profit_mean":0.0003962450983642507,"profit_mean_pct":0.04,"profit_total_abs":0.00275776,"profit_total":5.5155200000000003e-05,"profit_total_pct":0.01,"duration_avg":"1:45:00","wins":1,"draws":0,"losses":0,"winrate":1.0,"cagr":0.020335089882296487,"expectancy":0.00275776,"expectancy_ratio":100.0,"sortino":-100,"sharpe":-100,"calmar":-100,"sqn":-100.0,"profit_factor":0.0,"max_drawdown_account":0.0,"max_drawdown_abs":0.0},{"key":"XRP/USDT","trades":1,"profit_mean":-0.03991101995850611,"profit_mean_pct":-3.99,"profit_total_abs":-0.27813958,"profit_total":-0.0055627916,"profit_total_pct":-0.56,"duration_avg":"12:45:00","wins":0,"draws":0,"losses":1,"winrate":0.0,"cagr":-0.8694615375203013,"expectancy":-0.27813958,"expectancy_ratio":-1.0,"sortino":-100,"sharpe":-100,"calmar":-1910.4973174542713,"sqn":-100.0,"profit_factor":0.0,"max_drawdown_account":0.0055627916000000254,"max_drawdown_abs":0.27813958},{"key":"TRX/USDT","trades":1,"profit_mean":-0.03955538132753323,"profit_mean_pct":-3.96,"profit_total_abs":-0.27892376,"profit_total":-0.0055784752,"profit_total_pct":-0.56,"duration_avg":"10:00:00","wins":0,"draws":0,"losses":1,"winrate":0.0,"cagr":-0.8702108340958093,"expectancy":-0.27892376,"expectancy_ratio":-1.0,"sortino":-100,"sharpe":-100,"calmar":-1910.497317454295,"sqn":-100.0,"profit_factor":0.0,"max_drawdown_account":0.005578475199999957,"max_drawdown_abs":0.27892376},{"key":"SAND/USDT","trades":1,"profit_mean":-0.06176477110911803,"profit_mean_pct":-6.18,"profit_total_abs":-0.4311288,"profit_total":-0.008622576,"profit_total_pct":-0.86,"duration_avg":"12:30:00","wins":0,"draws":0,"losses":1,"winrate":0.0,"cagr":-0.9576118910281345,"expectancy":-0.4311288,"expectancy_ratio":-1.0,"sortino":-100,"sharpe":-100,"calmar":-1910.4973174542652,"sqn":-100.0,"profit_factor":0.0,"max_drawdown_account":0.008622576000000066,"max_drawdown_abs":0.4311288},{"key":"DOT/USDT","trades":1,"profit_mean":-0.06561565924115725,"profit_mean_pct":-6.56,"profit_total_abs":-0.46424576,"profit_total":-0.0092849152,"profit_total_pct":-0.93,"duration_avg":"12:25:00","wins":0,"draws":0,"losses":1,"winrate":0.0,"cagr":-0.9667873808509961,"expectancy":-0.46424576,"expectancy_ratio":-1.0,"sortino":-100,"sharpe":-100,"calmar":-1910.4973174542915,"sqn":-100.0,"profit_factor":0.0,"max_drawdown_account":0.009284915199999943,"max_drawdown_abs":0.46424576},{"key":"OP/USDT","trades":1,"profit_mean":-0.07467059782394951,"profit_mean_pct":-7.47,"profit_total_abs":-0.528287,"profit_total":-0.010565739999999999,"profit_total_pct":-1.06,"duration_avg":"12:25:00","wins":0,"draws":0,"losses":1,"winrate":0.0,"cagr":-0.9792874009807212,"expectancy":-0.528287,"expectancy_ratio":-1.0,"sortino":-100,"sharpe":-100,"calmar":-1910.497317454284,"sqn":-100.0,"profit_factor":0.0,"max_drawdown_account":0.010565739999999976,"max_drawdown_abs":0.528287},{"key":"TOTAL","trades":6,"profit_mean":-0.04685353072698331,"profit_mean_pct":-4.69,"profit_total_abs":-1.97796714,"profit_total":-0.0395593428,"profit_total_pct":-3.96,"duration_avg":"10:18:00","wins":1,"draws":0,"losses":5,"winrate":0.16666666666666666,"cagr":-0.9999996002893397,"expectancy":-0.32966119,"expectancy_ratio":-0.8321730847125717,"sortino":-374.2066202372536,"sharpe":-216.03008384186464,"calmar":-1910.497317454283,"sqn":-4.2141,"profit_factor":0.0013922983449140263,"max_drawdown_account":0.03955934279999994,"max_drawdown_abs":1.97796714}],"total_trades":7,"trade_count_long":7,"trade_count_short":0,"total_volume":95.73059295799999,"avg_stake_amount":7.016716,"profit_mean":-0.054672064846848646,"profit_median":-0.06176477110911803,"profit_total":-0.05389401919999999,"profit_total_long":-0.05389401919999999,"profit_total_short":0.0,"profit_total_abs":-2.6947009599999996,"profit_total_long_abs":-2.6947009599999996,"profit_total_short_abs":0.0,"cagr":-0.9999999983479523,"expectancy":-0.38495727999999996,"expectancy_ratio":-0.8562665529873243,"sortino":-341.1526141970112,"sharpe":-243.84802552797314,"calmar":-1910.4973174542804,"sqn":-4.4663,"profit_factor":0.0010223548481216424,"backtest_start":"2025-11-03 00:00:00","backtest_start_ts":1762128000000,"backtest_end":"2025-11-04 00:00:00","backtest_end_ts":1762214400000,"backtest_days":1,"backtest_run_start_ts":1770040655,"backtest_run_end_ts":1770040656,"trades_per_day":7.0,"market_change":-0.12476312994006304,"pairlist":["XRP/USDT","DOT/USDT","TRX/USDT","OP/USDT","ATOM/USDT","SAND/USDT"],"stake_amount":"unlimited","stake_currency":"USDT","stake_currency_decimals":3,"starting_balance":50,"dry_run_wallet":50,"final_balance":47.30529904,"rejected_signals":0,"timedout_entry_orders":0,"timedout_exit_orders":0,"canceled_trade_entries":0,"canceled_entry_orders":0,"replaced_entry_orders":0,"max_open_trades":6,"max_open_trades_setting":7,"timeframe":"5m","timeframe_detail":"","timerange":"20250806-20251104","enable_protections":false,"strategy_name":"MultiMa","freqaimodel":"XGBoostRegressor","freqai_identifier":"qs_v9_scalp_5m1h_l2","stoploss":-0.1,"trailing_stop":false,"trailing_stop_positive":0.01,"trailing_stop_positive_offset":0.02,"trailing_only_offset_is_reached":false,"use_custom_stoploss":false,"minimal_roi":{},"use_exit_signal":true,"exit_profit_only":false,"exit_profit_offset":0.0,"ignore_roi_if_entry_signal":false,"trading_mode":"spot","margin_mode":"","periodic_breakdown":{"day":[{"date":"03/11/2025","date_ts":1762128000000,"profit_abs":-0.71673382,"wins":0,"draws":0,"losses":1,"trades":1,"profit_factor":0.0},{"date":"04/11/2025","date_ts":1762214400000,"profit_abs":-1.97796714,"wins":1,"draws":0,"losses":5,"trades":6,"profit_factor":0.0013923}],"week":[{"date":"03/11/2025","date_ts":1762128000000,"profit_abs":-0.71673382,"wins":0,"draws":0,"losses":1,"trades":1,"profit_factor":0.0},{"date":"10/11/2025","date_ts":1762732800000,"profit_abs":-1.97796714,"wins":1,"draws":0,"losses":5,"trades":6,"profit_factor":0.0013923}],"month":[{"date":"30/11/2025","date_ts":1764460800000,"profit_abs":-2.69470096,"wins":1,"draws":0,"losses":6,"trades":7,"profit_factor":0.00102235}],"year":[{"date":"31/12/2025","date_ts":1767139200000,"profit_abs":-2.69470096,"wins":1,"draws":0,"losses":6,"trades":7,"profit_factor":0.00102235}],"weekday":[{"date":"Monday","date_ts":0,"profit_abs":-0.71673382,"wins":0,"draws":0,"losses":1,"trades":1,"profit_factor":0.0},{"date":"Tuesday","date_ts":1,"profit_abs":-1.97796714,"wins":1,"draws":0,"losses":5,"trades":6,"profit_factor":0.0013923}]},"backtest_best_day":-0.10158326956604057,"backtest_worst_day":-0.28112118436189987,"backtest_best_day_abs":-0.71673382,"backtest_worst_day_abs":-1.97796714,"winning_days":0,"draw_days":0,"losing_days":2,"daily_profit":[["2025-11-03",-0.71673382],["2025-11-04",-1.97796714]],"wins":1,"losses":6,"draws":0,"winrate":0.14285714285714285,"holding_avg":"10:11:00","holding_avg_s":36660.0,"winner_holding_min":"0d 01:45","winner_holding_min_s":6300.0,"winner_holding_max":"0d 01:45","winner_holding_max_s":6300.0,"winner_holding_avg":"0d 01:45","winner_holding_avg_s":6300.0,"loser_holding_min":"0d 09:25","loser_holding_min_s":33900.0,"loser_holding_max":"0d 12:45","loser_holding_max_s":45900.0,"loser_holding_avg":"0d 11:35","loser_holding_avg_s":41700.0,"max_consecutive_wins":1,"max_consecutive_losses":5,"max_drawdown_account":0.053894019199999976,"max_relative_drawdown":0.053894019199999976,"max_drawdown_abs":2.6947009599999996,"drawdown_start":"2025-11-03 21:15:00","drawdown_start_ts":1762204500000.0,"drawdown_end":"2025-11-04 00:00:00","drawdown_end_ts":1762214400000.0,"drawdown_duration":"0 days 02:45:00","drawdown_duration_s":9900.0,"max_drawdown_low":-2.6947009599999996,"max_drawdown_high":0.0,"csum_min":47.30529904,"csum_max":49.28326618}},"strategy_comparison":[{"key":"MultiMa","trades":7,"profit_mean":-0.054672064846848646,"profit_mean_pct":-5.47,"profit_total_abs":-2.6947009599999996,"profit_total":-0.05389401919999999,"profit_total_pct":-5.39,"duration_avg":"10:11:00","wins":1,"draws":0,"losses":6,"winrate":0.14285714285714285,"cagr":-0.9999999983479523,"expectancy":-0.38495727999999996,"expectancy_ratio":-0.8562665529873243,"sortino":-341.1526141970112,"sharpe":-243.84802552797314,"calmar":-1910.4973174542804,"sqn":-4.4663,"profit_factor":0.0010223548481216424,"max_drawdown_account":0.053894019199999976,"max_drawdown_abs":"2.695"}]}