{"strategy":{"MultiMa":{"trades":[{"pair":"ATOM/USDT","stake_amount":6.18492,"max_stake_amount":6.18492,"amount":2.22,"open_date":"2025-11-03 11:50:00+00:00","close_date":"2025-11-03 21:15:00+00:00","open_rate":2.786,"close_rate":2.508,"fee_open":0.001,"fee_close":0.001,"trade_duration":565,"profit_ratio":-0.10158326956604057,"profit_abs":-0.62891268,"exit_reason":"stop_loss","initial_stop_loss_abs":2.508,"initial_stop_loss_ratio":-0.1,"stop_loss_abs":2.508,"stop_loss_ratio":-0.1,"min_rate":2.489,"max_rate":2.8040000000000003,"is_open":false,"enter_tag":"","leverage":1.0,"is_short":false,"open_timestamp":1762170600000,"close_timestamp":1762204500000,"orders":[{"amount":2.22,"safe_price":2.786,"ft_order_side":"buy","order_filled_timestamp":1762170600000,"ft_is_entry":true,"ft_order_tag":"","cost":6.19110492},{"amount":2.22,"safe_price":2.508,"ft_order_side":"sell","order_filled_timestamp":1762204500000,"ft_is_entry":false,"ft_order_tag":"stop_loss","cost":5.57332776}],"funding_fees":0.0,"weekday":0},{"pair":"XRP/USDT","stake_amount":6.00175,"max_stake_amount":6.00175,"amount":2.5,"open_date":"2025-11-03 11:15:00+00:00","close_date":"2025-11-04 00:00:00+00:00","open_rate":2.4007,"close_rate":2.3095,"fee_open":0.001,"fee_close":0.001,"trade_duration":765,"profit_ratio":-0.039911019958506114,"profit_abs":-0.2397755,"exit_reason":"force_exit","initial_stop_loss_abs":2.1607,"initial_stop_loss_ratio":-0.1,"stop_loss_abs":2.1607,"stop_loss_ratio":-0.1,"min_rate":2.2631,"max_rate":2.4301,"is_open":false,"enter_tag":"","leverage":1.0,"is_short":false,"open_timestamp":1762168500000,"close_timestamp":1762214400000,"orders":[{"amount":2.5,"safe_price":2.4007,"ft_order_side":"buy","order_filled_timestamp":1762168500000,"ft_is_entry":true,"ft_order_tag":"","cost":6.00775175},{"amount":2.5,"safe_price":2.3095,"ft_order_side":"sell","order_filled_timestamp":1762214400000,"ft_is_entry":false,"ft_order_tag":"force_exit","cost":5.779523749999999}],"funding_fees":0.0,"weekday":1},{"pair":"DOT/USDT","stake_amount":6.18464,"max_stake_amount":6.18464,"amount":2.24,"open_date":"2025-11-03 11:35:00+00:00","close_date":"2025-11-04 00:00:00+00:00","open_rate":2.761,"close_rate":2.585,"fee_open":0.001,"fee_close":0.001,"trade_duration":745,"profit_ratio":-0.06561565924115725,"profit_abs":-0.40621504,"exit_reason":"force_exit","initial_stop_loss_abs":2.485,"initial_stop_loss_ratio":-0.1,"stop_loss_abs":2.485,"stop_loss_ratio":-0.1,"min_rate":2.5,"max_rate":2.794,"is_open":false,"enter_tag":"","leverage":1.0,"is_short":false,"open_timestamp":1762169700000,"close_timestamp":1762214400000,"orders":[{"amount":2.24,"safe_price":2.761,"ft_order_side":"buy","order_filled_timestamp":1762169700000,"ft_is_entry":true,"ft_order_tag":"","cost":6.19082464},{"amount":2.24,"safe_price":2.585,"ft_order_side":"sell","order_filled_timestamp":1762214400000,"ft_is_entry":false,"ft_order_tag":"force_exit","cost":5.7961904}],"funding_fees":0.0,"weekday":1},{"pair":"TRX/USDT","stake_amount":6.16753,"max_stake_amount":6.16753,"amount":21.1,"open_date":"2025-11-03 14:00:00+00:00","close_date":"2025-11-04 00:00:00+00:00","open_rate":0.2923,"close_rate":0.2813,"fee_open":0.001,"fee_close":0.001,"trade_duration":600,"profit_ratio":-0.03955538132753322,"profit_abs":-0.24420296,"exit_reason":"force_exit","initial_stop_loss_abs":0.2631,"initial_stop_loss_ratio":-0.1,"stop_loss_abs":0.2631,"stop_loss_ratio":-0.1,"min_rate":0.2801,"max_rate":0.2932,"is_open":false,"enter_tag":"","leverage":1.0,"is_short":false,"open_timestamp":1762178400000,"close_timestamp":1762214400000,"orders":[{"amount":21.1,"safe_price":0.2923,"ft_order_side":"buy","order_filled_timestamp":1762178400000,"ft_is_entry":true,"ft_order_tag":"","cost":6.173697529999999},{"amount":21.1,"safe_price":0.2813,"ft_order_side":"sell","order_filled_timestamp":1762214400000,"ft_is_entry":false,"ft_order_tag":"force_exit","cost":5.941365429999999}],"funding_fees":0.0,"weekday":1},{"pair":"OP/USDT","stake_amount":6.185304,"max_stake_amount":6.185304,"amount":16.26,"open_date":"2025-11-03 11:35:00+00:00","close_date":"2025-11-04 00:00:00+00:00","open_rate":0.3804,"close_rate":0.3527,"fee_open":0.001,"fee_close":0.001,"trade_duration":745,"profit_ratio":-0.07467059818730812,"profit_abs":-0.46232221,"exit_reason":"force_exit","initial_stop_loss_abs":0.3424,"initial_stop_loss_ratio":-0.1,"stop_loss_abs":0.3424,"stop_loss_ratio":-0.1,"min_rate":0.34290000000000004,"max_rate":0.3876,"is_open":false,"enter_tag":"","leverage":1.0,"is_short":false,"open_timestamp":1762169700000,"close_timestamp":1762214400000,"orders":[{"amount":16.26,"safe_price":0.3804,"ft_order_side":"buy","order_filled_timestamp":1762169700000,"ft_is_entry":true,"ft_order_tag":"","cost":6.191489304000001},{"amount":16.26,"safe_price":0.3527,"ft_order_side":"sell","order_filled_timestamp":1762214400000,"ft_is_entry":false,"ft_order_tag":"force_exit","cost":5.740636902}],"funding_fees":0.0,"weekday":1},{"pair":"ATOM/USDT","stake_amount":6.10244,"max_stake_amount":6.10244,"amount":2.44,"open_date":"2025-11-03 22:15:00+00:00","close_date":"2025-11-04 00:00:00+00:00","open_rate":2.501,"close_rate":2.507,"fee_open":0.001,"fee_close":0.001,"trade_duration":105,"profit_ratio":0.0003962450983642507,"profit_abs":0.00242048,"exit_reason":"force_exit","initial_stop_loss_abs":2.251,"initial_stop_loss_ratio":-0.1,"stop_loss_abs":2.251,"stop_loss_ratio":-0.1,"min_rate":2.471,"max_rate":2.5220000000000002,"is_open":false,"enter_tag":"","leverage":1.0,"is_short":false,"open_timestamp":1762208100000,"close_timestamp":1762214400000,"orders":[{"amount":2.44,"safe_price":2.501,"ft_order_side":"buy","order_filled_timestamp":1762208100000,"ft_is_entry":true,"ft_order_tag":"","cost":6.108542439999999},{"amount":2.44,"safe_price":2.507,"ft_order_side":"sell","order_filled_timestamp":1762214400000,"ft_is_entry":false,"ft_order_tag":"force_exit","cost":6.12319708}],"funding_fees":0.0,"weekday":1},{"pair":"EGLD/USDT","stake_amount":6.1132,"max_stake_amount":6.1132,"amount":0.68,"open_date":"2025-11-03 11:20:00+00:00","close_date":"2025-11-04 00:00:00+00:00","open_rate":8.99,"close_rate":8.59,"fee_open":0.001,"fee_close":0.001,"trade_duration":760,"profit_ratio":-0.04640298522389735,"profit_abs":-0.2839544,"exit_reason":"force_exit","initial_stop_loss_abs":8.091000000000001,"initial_stop_loss_ratio":-0.1,"stop_loss_abs":8.091000000000001,"stop_loss_ratio":-0.1,"min_rate":8.21,"max_rate":9.05,"is_open":false,"enter_tag":"","leverage":1.0,"is_short":false,"open_timestamp":1762168800000,"close_timestamp":1762214400000,"orders":[{"amount":0.68,"safe_price":8.99,"ft_order_side":"buy","order_filled_timestamp":1762168800000,"ft_is_entry":true,"ft_order_tag":"","cost":6.119313200000001},{"amount":0.68,"safe_price":8.59,"ft_order_side":"sell","order_filled_timestamp":1762214400000,"ft_is_entry":false,"ft_order_tag":"force_exit","cost":5.8470412}],"funding_fees":0.0,"weekday":1},{"pair":"SAND/USDT","stake_amount":6.0047,"max_stake_amount":6.0047,"amount":31.0,"open_date":"2025-11-03 11:30:00+00:00","close_date":"2025-11-04 00:00:00+00:00","open_rate":0.1937,"close_rate":0.1821,"fee_open":0.001,"fee_close":0.001,"trade_duration":750,"profit_ratio":-0.061764771109118044,"profit_abs":-0.3712498,"exit_reason":"force_exit","initial_stop_loss_abs":0.1744,"initial_stop_loss_ratio":-0.1,"stop_loss_abs":0.1744,"stop_loss_ratio":-0.1,"min_rate":0.1754,"max_rate":0.1961,"is_open":false,"enter_tag":"","leverage":1.0,"is_short":false,"open_timestamp":1762169400000,"close_timestamp":1762214400000,"orders":[{"amount":31.0,"safe_price":0.1937,"ft_order_side":"buy","order_filled_timestamp":1762169400000,"ft_is_entry":true,"ft_order_tag":"","cost":6.0107047},{"amount":31.0,"safe_price":0.1821,"ft_order_side":"sell","order_filled_timestamp":1762214400000,"ft_is_entry":false,"ft_order_tag":"force_exit","cost":5.6507451}],"funding_fees":0.0,"weekday":1}],"locks":[],"best_pair":{"key":"XRP/USDT","trades":1,"profit_mean":-0.039911019958506114,"profit_mean_pct":-3.99,"profit_total_abs":-0.2397755,"profit_total":-0.00479551,"profit_total_pct":-0.48,"duration_avg":"12:45:00","wins":0,"draws":0,"losses":1,"winrate":0.0,"cagr":-0.8270186602951292,"expectancy":-0.2397755,"expectancy_ratio":-1.0,"sortino":-100,"sharpe":-100,"calmar":-1910.4973174542772,"sqn":-100.0,"profit_factor":0.0,"max_drawdown_account":0.004795510000000007,"max_drawdown_abs":0.2397755},"worst_pair":{"key":"ATOM/USDT","trades":2,"profit_mean":-0.05059351223383816,"profit_mean_pct":-5.06,"profit_total_abs":-0.6264922,"profit_total":-0.012529844000000002,"profit_total_pct":-1.25,"duration_avg":"5:35:00","wins":1,"draws":0,"losses":1,"winrate":0.5,"cagr":-0.9899711227156384,"expectancy":-0.3132461,"expectancy_ratio":-0.4980756629044274,"sortino":-100,"sharpe":-37.916958694392996,"calmar":-1903.1444357363441,"sqn":-0.9923,"profit_factor":0.0038486741911452635,"max_drawdown_account":0.012578253599999983,"max_drawdown_abs":0.62891268},"results_per_pair":[{"key":"XRP/USDT","trades":1,"profit_mean":-0.039911019958506114,"profit_mean_pct":-3.99,"profit_total_abs":-0.2397755,"profit_total":-0.00479551,"profit_total_pct":-0.48,"duration_avg":"12:45:00","wins":0,"draws":0,"losses":1,"winrate":0.0,"cagr":-0.8270186602951292,"expectancy":-0.2397755,"expectancy_ratio":-1.0,"sortino":-100,"sharpe":-100,"calmar":-1910.4973174542772,"sqn":-100.0,"profit_factor":0.0,"max_drawdown_account":0.004795510000000007,"max_drawdown_abs":0.2397755},{"key":"TRX/USDT","trades":1,"profit_mean":-0.03955538132753322,"profit_mean_pct":-3.96,"profit_total_abs":-0.24420296,"profit_total":-0.0048840592,"profit_total_pct":-0.49,"duration_avg":"10:00:00","wins":0,"draws":0,"losses":1,"winrate":0.0,"cagr":-0.832546436015645,"expectancy":-0.24420296,"expectancy_ratio":-1.0,"sortino":-100,"sharpe":-100,"calmar":-1910.4973174542592,"sqn":-100.0,"profit_factor":0.0,"max_drawdown_account":0.004884059200000053,"max_drawdown_abs":0.24420296},{"key":"EGLD/USDT","trades":1,"profit_mean":-0.04640298522389735,"profit_mean_pct":-4.64,"profit_total_abs":-0.2839544,"profit_total":-0.005679088,"profit_total_pct":-0.57,"duration_avg":"12:40:00","wins":0,"draws":0,"losses":1,"winrate":0.0,"cagr":-0.8749167167424109,"expectancy":-0.2839544,"expectancy_ratio":-1.0,"sortino":-100,"sharpe":-100,"calmar":-1910.497317454287,"sqn":-100.0,"profit_factor":0.0,"max_drawdown_account":0.005679087999999979,"max_drawdown_abs":0.2839544},{"key":"SAND/USDT","trades":1,"profit_mean":-0.061764771109118044,"profit_mean_pct":-6.18,"profit_total_abs":-0.3712498,"profit_total":-0.0074249960000000005,"profit_total_pct":-0.74,"duration_avg":"12:30:00","wins":0,"draws":0,"losses":1,"winrate":0.0,"cagr":-0.934140721079871,"expectancy":-0.3712498,"expectancy_ratio":-1.0,"sortino":-100,"sharpe":-100,"calmar":-1910.4973174542745,"sqn":-100.0,"profit_factor":0.0,"max_drawdown_account":0.007424996000000021,"max_drawdown_abs":0.3712498},{"key":"DOT/USDT","trades":1,"profit_mean":-0.06561565924115725,"profit_mean_pct":-6.56,"profit_total_abs":-0.40621504,"profit_total":-0.008124300800000001,"profit_total_pct":-0.81,"duration_avg":"12:25:00","wins":0,"draws":0,"losses":1,"winrate":0.0,"cagr":-0.949079068526241,"expectancy":-0.40621504,"expectancy_ratio":-1.0,"sortino":-100,"sharpe":-100,"calmar":-1910.4973174542838,"sqn":-100.0,"profit_factor":0.0,"max_drawdown_account":0.008124300799999986,"max_drawdown_abs":0.40621504},{"key":"OP/USDT","trades":1,"profit_mean":-0.07467059818730812,"profit_mean_pct":-7.47,"profit_total_abs":-0.46232221,"profit_total":-0.0092464442,"profit_total_pct":-0.92,"duration_avg":"12:25:00","wins":0,"draws":0,"losses":1,"winrate":0.0,"cagr":-0.9663132987350993,"expectancy":-0.46232221,"expectancy_ratio":-1.0,"sortino":-100,"sharpe":-100,"calmar":-1910.4973174542656,"sqn":-100.0,"profit_factor":0.0,"max_drawdown_account":0.00924644420000007,"max_drawdown_abs":0.46232221},{"key":"ATOM/USDT","trades":2,"profit_mean":-0.05059351223383816,"profit_mean_pct":-5.06,"profit_total_abs":-0.6264922,"profit_total":-0.012529844000000002,"profit_total_pct":-1.25,"duration_avg":"5:35:00","wins":1,"draws":0,"losses":1,"winrate":0.5,"cagr":-0.9899711227156384,"expectancy":-0.3132461,"expectancy_ratio":-0.4980756629044274,"sortino":-100,"sharpe":-37.916958694392996,"calmar":-1903.1444357363441,"sqn":-0.9923,"profit_factor":0.0038486741911452635,"max_drawdown_account":0.012578253599999983,"max_drawdown_abs":0.62891268},{"key":"TOTAL","trades":8,"profit_mean":-0.05363842993939955,"profit_mean_pct":-5.36,"profit_total_abs":-2.63421211,"profit_total":-0.0526842422,"profit_total_pct":-5.27,"duration_avg":"10:29:00","wins":1,"draws":0,"losses":7,"winrate":0.125,"cagr":-0.9999999973661687,"expectancy":-0.32927651375,"expectancy_ratio":-0.8741967329812911,"sortino":-389.69071051162877,"sharpe":-289.06529593710366,"calmar":-1910.49731745428,"sqn":-5.0039,"profit_factor":0.0009180194499530175,"max_drawdown_account":0.0526842422,"max_drawdown_abs":2.63421211}],"results_per_enter_tag":[{"key":"","trades":8,"profit_mean":-0.05363842993939955,"profit_mean_pct":-5.36,"profit_total_abs":-2.63421211,"profit_total":-0.0526842422,"profit_total_pct":-5.27,"duration_avg":"10:29:00","wins":1,"draws":0,"losses":7,"winrate":0.125,"cagr":-0.9999999973661687,"expectancy":-0.32927651375,"expectancy_ratio":-0.8741967329812911,"sortino":-389.69071051162877,"sharpe":-289.06529593710366,"calmar":-1910.49731745428,"sqn":-5.0039,"profit_factor":0.0009180194499530175,"max_drawdown_account":0.0526842422,"max_drawdown_abs":2.63421211},{"key":"TOTAL","trades":8,"profit_mean":-0.05363842993939955,"profit_mean_pct":-5.36,"profit_total_abs":-2.63421211,"profit_total":-0.0526842422,"profit_total_pct":-5.27,"duration_avg":"10:29:00","wins":1,"draws":0,"losses":7,"winrate":0.125,"cagr":-0.9999999973661687,"expectancy":-0.32927651375,"expectancy_ratio":-0.8741967329812911,"sortino":-389.69071051162877,"sharpe":-289.06529593710366,"calmar":-1910.49731745428,"sqn":-5.0039,"profit_factor":0.0009180194499530175,"max_drawdown_account":0.0526842422,"max_drawdown_abs":2.63421211}],"exit_reason_summary":[{"key":"stop_loss","trades":1,"profit_mean":-0.10158326956604057,"profit_mean_pct":-10.16,"profit_total_abs":-0.62891268,"profit_total":-0.0125782536,"profit_total_pct":-1.26,"duration_avg":"9:25:00","wins":0,"draws":0,"losses":1,"winrate":0.0,"cagr":-0.9901489848386337,"expectancy":-0.62891268,"expectancy_ratio":-1.0,"sortino":-100,"sharpe":-100,"calmar":-1910.4973174542827,"sqn":-100.0,"profit_factor":0.0,"max_drawdown_account":0.012578253599999983,"max_drawdown_abs":0.62891268},{"key":"force_exit","trades":7,"profit_mean":-0.04678916713559369,"profit_mean_pct":-4.68,"profit_total_abs":-2.00529943,"profit_total":-0.0401059886,"profit_total_pct":-4.01,"duration_avg":"10:39:00","wins":1,"draws":0,"losses":6,"winrate":0.14285714285714285,"cagr":-0.9999996752882507,"expectancy":-0.2864713471428571,"expectancy_ratio":-0.8561094972939443,"sortino":-455.1342770316622,"sharpe":-271.0158488387822,"calmar":-1910.497317454279,"sqn":-4.9639,"profit_factor":0.001205586490398454,"max_drawdown_account":0.04010598860000002,"max_drawdown_abs":2.00529943},{"key":"TOTAL","trades":8,"profit_mean":-0.05363842993939955,"profit_mean_pct":-5.36,"profit_total_abs":-2.63421211,"profit_total":-0.0526842422,"profit_total_pct":-5.27,"duration_avg":"10:29:00","wins":1,"draws":0,"losses":7,"winrate":0.125,"cagr":-0.9999999973661687,"expectancy":-0.32927651375,"expectancy_ratio":-0.8741967329812911,"sortino":-389.69071051162877,"sharpe":-289.06529593710366,"calmar":-1910.49731745428,"sqn":-5.0039,"profit_factor":0.0009180194499530175,"max_drawdown_account":0.0526842422,"max_drawdown_abs":2.63421211}],"mix_tag_stats":[{"key":["","stop_loss"],"trades":1,"profit_mean":-0.10158326956604057,"profit_mean_pct":-10.16,"profit_total_abs":-0.62891268,"profit_total":-0.0125782536,"profit_total_pct":-1.26,"duration_avg":"9:25:00","wins":0,"draws":0,"losses":1,"winrate":0.0,"cagr":-0.9901489848386337,"expectancy":-0.62891268,"expectancy_ratio":-1.0,"sortino":-100,"sharpe":-100,"calmar":-1910.4973174542827,"sqn":-100.0,"profit_factor":0.0,"max_drawdown_account":0.012578253599999983,"max_drawdown_abs":0.62891268},{"key":["","force_exit"],"trades":7,"profit_mean":-0.04678916713559369,"profit_mean_pct":-4.68,"profit_total_abs":-2.00529943,"profit_total":-0.0401059886,"profit_total_pct":-4.01,"duration_avg":"10:39:00","wins":1,"draws":0,"losses":6,"winrate":0.14285714285714285,"cagr":-0.9999996752882507,"expectancy":-0.2864713471428571,"expectancy_ratio":-0.8561094972939443,"sortino":-455.1342770316622,"sharpe":-271.0158488387822,"calmar":-1910.497317454279,"sqn":-4.9639,"profit_factor":0.001205586490398454,"max_drawdown_account":0.04010598860000002,"max_drawdown_abs":2.00529943},{"key":"TOTAL","trades":8,"profit_mean":-0.05363842993939955,"profit_mean_pct":-5.36,"profit_total_abs":-2.63421211,"profit_total":-0.0526842422,"profit_total_pct":-5.27,"duration_avg":"10:29:00","wins":1,"draws":0,"losses":7,"winrate":0.125,"cagr":-0.9999999973661687,"expectancy":-0.32927651375,"expectancy_ratio":-0.8741967329812911,"sortino":-389.69071051162877,"sharpe":-289.06529593710366,"calmar":-1910.49731745428,"sqn":-5.0039,"profit_factor":0.0009180194499530175,"max_drawdown_account":0.0526842422,"max_drawdown_abs":2.63421211}],"left_open_trades":[{"key":"ATOM/USDT","trades":1,"profit_mean":0.0003962450983642507,"profit_mean_pct":0.04,"profit_total_abs":0.00242048,"profit_total":4.84096e-05,"profit_total_pct":0.0,"duration_avg":"1:45:00","wins":1,"draws":0,"losses":0,"winrate":1.0,"cagr":0.017826097901520788,"expectancy":0.00242048,"expectancy_ratio":100.0,"sortino":-100,"sharpe":-100,"calmar":-100,"sqn":-100.0,"profit_factor":0.0,"max_drawdown_account":0.0,"max_drawdown_abs":0.0},{"key":"XRP/USDT","trades":1,"profit_mean":-0.039911019958506114,"profit_mean_pct":-3.99,"profit_total_abs":-0.2397755,"profit_total":-0.00479551,"profit_total_pct":-0.48,"duration_avg":"12:45:00","wins":0,"draws":0,"losses":1,"winrate":0.0,"cagr":-0.8270186602951292,"expectancy":-0.2397755,"expectancy_ratio":-1.0,"sortino":-100,"sharpe":-100,"calmar":-1910.4973174542772,"sqn":-100.0,"profit_factor":0.0,"max_drawdown_account":0.004795510000000007,"max_drawdown_abs":0.2397755},{"key":"TRX/USDT","trades":1,"profit_mean":-0.03955538132753322,"profit_mean_pct":-3.96,"profit_total_abs":-0.24420296,"profit_total":-0.0048840592,"profit_total_pct":-0.49,"duration_avg":"10:00:00","wins":0,"draws":0,"losses":1,"winrate":0.0,"cagr":-0.832546436015645,"expectancy":-0.24420296,"expectancy_ratio":-1.0,"sortino":-100,"sharpe":-100,"calmar":-1910.4973174542592,"sqn":-100.0,"profit_factor":0.0,"max_drawdown_account":0.004884059200000053,"max_drawdown_abs":0.24420296},{"key":"EGLD/USDT","trades":1,"profit_mean":-0.04640298522389735,"profit_mean_pct":-4.64,"profit_total_abs":-0.2839544,"profit_total":-0.005679088,"profit_total_pct":-0.57,"duration_avg":"12:40:00","wins":0,"draws":0,"losses":1,"winrate":0.0,"cagr":-0.8749167167424109,"expectancy":-0.2839544,"expectancy_ratio":-1.0,"sortino":-100,"sharpe":-100,"calmar":-1910.497317454287,"sqn":-100.0,"profit_factor":0.0,"max_drawdown_account":0.005679087999999979,"max_drawdown_abs":0.2839544},{"key":"SAND/USDT","trades":1,"profit_mean":-0.061764771109118044,"profit_mean_pct":-6.18,"profit_total_abs":-0.3712498,"profit_total":-0.0074249960000000005,"profit_total_pct":-0.74,"duration_avg":"12:30:00","wins":0,"draws":0,"losses":1,"winrate":0.0,"cagr":-0.934140721079871,"expectancy":-0.3712498,"expectancy_ratio":-1.0,"sortino":-100,"sharpe":-100,"calmar":-1910.4973174542745,"sqn":-100.0,"profit_factor":0.0,"max_drawdown_account":0.007424996000000021,"max_drawdown_abs":0.3712498},{"key":"DOT/USDT","trades":1,"profit_mean":-0.06561565924115725,"profit_mean_pct":-6.56,"profit_total_abs":-0.40621504,"profit_total":-0.008124300800000001,"profit_total_pct":-0.81,"duration_avg":"12:25:00","wins":0,"draws":0,"losses":1,"winrate":0.0,"cagr":-0.949079068526241,"expectancy":-0.40621504,"expectancy_ratio":-1.0,"sortino":-100,"sharpe":-100,"calmar":-1910.4973174542838,"sqn":-100.0,"profit_factor":0.0,"max_drawdown_account":0.008124300799999986,"max_drawdown_abs":0.40621504},{"key":"OP/USDT","trades":1,"profit_mean":-0.07467059818730812,"profit_mean_pct":-7.47,"profit_total_abs":-0.46232221,"profit_total":-0.0092464442,"profit_total_pct":-0.92,"duration_avg":"12:25:00","wins":0,"draws":0,"losses":1,"winrate":0.0,"cagr":-0.9663132987350993,"expectancy":-0.46232221,"expectancy_ratio":-1.0,"sortino":-100,"sharpe":-100,"calmar":-1910.4973174542656,"sqn":-100.0,"profit_factor":0.0,"max_drawdown_account":0.00924644420000007,"max_drawdown_abs":0.46232221},{"key":"TOTAL","trades":7,"profit_mean":-0.04678916713559369,"profit_mean_pct":-4.68,"profit_total_abs":-2.00529943,"profit_total":-0.0401059886,"profit_total_pct":-4.01,"duration_avg":"10:39:00","wins":1,"draws":0,"losses":6,"winrate":0.14285714285714285,"cagr":-0.9999996752882507,"expectancy":-0.2864713471428571,"expectancy_ratio":-0.8561094972939443,"sortino":-455.1342770316622,"sharpe":-271.0158488387822,"calmar":-1910.497317454279,"sqn":-4.9639,"profit_factor":0.001205586490398454,"max_drawdown_account":0.04010598860000002,"max_drawdown_abs":2.00529943}],"total_trades":8,"trade_count_long":8,"trade_count_short":0,"total_volume":95.445456106,"avg_stake_amount":6.1180605,"profit_mean":-0.05363842993939955,"profit_median":-0.0540838781665077,"profit_total":-0.0526842422,"profit_total_long":-0.0526842422,"profit_total_short":0.0,"profit_total_abs":-2.63421211,"profit_total_long_abs":-2.63421211,"profit_total_short_abs":0.0,"cagr":-0.9999999973661687,"expectancy":-0.32927651375,"expectancy_ratio":-0.8741967329812911,"sortino":-389.69071051162877,"sharpe":-289.06529593710366,"calmar":-1910.49731745428,"sqn":-5.0039,"profit_factor":0.0009180194499530175,"backtest_start":"2025-11-03 00:00:00","backtest_start_ts":1762128000000,"backtest_end":"2025-11-04 00:00:00","backtest_end_ts":1762214400000,"backtest_days":1,"backtest_run_start_ts":1770038626,"backtest_run_end_ts":1770038627,"trades_per_day":8.0,"market_change":-0.12494333854347325,"pairlist":["XRP/USDT","DOT/USDT","TRX/USDT","OP/USDT","ATOM/USDT","EGLD/USDT","SAND/USDT"],"stake_amount":"unlimited","stake_currency":"USDT","stake_currency_decimals":3,"starting_balance":50,"dry_run_wallet":50,"final_balance":47.36578789,"rejected_signals":0,"timedout_entry_orders":0,"timedout_exit_orders":0,"canceled_trade_entries":0,"canceled_entry_orders":0,"replaced_entry_orders":0,"max_open_trades":7,"max_open_trades_setting":8,"timeframe":"5m","timeframe_detail":"","timerange":"20250806-20251104","enable_protections":false,"strategy_name":"MultiMa","freqaimodel":"XGBoostRegressor","freqai_identifier":"qs_v9_scalp_5m1h_l2","stoploss":-0.1,"trailing_stop":false,"trailing_stop_positive":0.01,"trailing_stop_positive_offset":0.02,"trailing_only_offset_is_reached":false,"use_custom_stoploss":false,"minimal_roi":{},"use_exit_signal":true,"exit_profit_only":false,"exit_profit_offset":0.0,"ignore_roi_if_entry_signal":false,"trading_mode":"spot","margin_mode":"","periodic_breakdown":{"day":[{"date":"03/11/2025","date_ts":1762128000000,"profit_abs":-0.62891268,"wins":0,"draws":0,"losses":1,"trades":1,"profit_factor":0.0},{"date":"04/11/2025","date_ts":1762214400000,"profit_abs":-2.00529943,"wins":1,"draws":0,"losses":6,"trades":7,"profit_factor":0.00120559}],"week":[{"date":"03/11/2025","date_ts":1762128000000,"profit_abs":-0.62891268,"wins":0,"draws":0,"losses":1,"trades":1,"profit_factor":0.0},{"date":"10/11/2025","date_ts":1762732800000,"profit_abs":-2.00529943,"wins":1,"draws":0,"losses":6,"trades":7,"profit_factor":0.00120559}],"month":[{"date":"30/11/2025","date_ts":1764460800000,"profit_abs":-2.63421211,"wins":1,"draws":0,"losses":7,"trades":8,"profit_factor":0.00091802}],"year":[{"date":"31/12/2025","date_ts":1767139200000,"profit_abs":-2.63421211,"wins":1,"draws":0,"losses":7,"trades":8,"profit_factor":0.00091802}],"weekday":[{"date":"Monday","date_ts":0,"profit_abs":-0.62891268,"wins":0,"draws":0,"losses":1,"trades":1,"profit_factor":0.0},{"date":"Tuesday","date_ts":1,"profit_abs":-2.00529943,"wins":1,"draws":0,"losses":6,"trades":7,"profit_factor":0.00120559}]},"backtest_best_day":-0.10158326956604057,"backtest_worst_day":-0.32752416994915584,"backtest_best_day_abs":-0.62891268,"backtest_worst_day_abs":-2.00529943,"winning_days":0,"draw_days":0,"losing_days":2,"daily_profit":[["2025-11-03",-0.62891268],["2025-11-04",-2.00529943]],"wins":1,"losses":7,"draws":0,"winrate":0.125,"holding_avg":"10:29:00","holding_avg_s":37740.0,"winner_holding_min":"0d 01:45","winner_holding_min_s":6300.0,"winner_holding_max":"0d 01:45","winner_holding_max_s":6300.0,"winner_holding_avg":"0d 01:45","winner_holding_avg_s":6300.0,"loser_holding_min":"0d 09:25","loser_holding_min_s":33900.0,"loser_holding_max":"0d 12:45","loser_holding_max_s":45900.0,"loser_holding_avg":"0d 11:44","loser_holding_avg_s":42240.0,"max_consecutive_wins":1,"max_consecutive_losses":5,"max_drawdown_account":0.0526842422,"max_relative_drawdown":0.0526842422,"max_drawdown_abs":2.63421211,"drawdown_start":"2025-11-03 21:15:00","drawdown_start_ts":1762204500000.0,"drawdown_end":"2025-11-04 00:00:00","drawdown_end_ts":1762214400000.0,"drawdown_duration":"0 days 02:45:00","drawdown_duration_s":9900.0,"max_drawdown_low":-2.63421211,"max_drawdown_high":0.0,"csum_min":47.36578789,"csum_max":49.37108732}},"strategy_comparison":[{"key":"MultiMa","trades":8,"profit_mean":-0.05363842993939955,"profit_mean_pct":-5.36,"profit_total_abs":-2.63421211,"profit_total":-0.0526842422,"profit_total_pct":-5.27,"duration_avg":"10:29:00","wins":1,"draws":0,"losses":7,"winrate":0.125,"cagr":-0.9999999973661687,"expectancy":-0.32927651375,"expectancy_ratio":-0.8741967329812911,"sortino":-389.69071051162877,"sharpe":-289.06529593710366,"calmar":-1910.49731745428,"sqn":-5.0039,"profit_factor":0.0009180194499530175,"max_drawdown_account":0.0526842422,"max_drawdown_abs":"2.634"}]}