{"strategy":{"UniversalMACD":{"trades":[{"pair":"DOGE/USDT","stake_amount":9.88108,"max_stake_amount":9.88108,"amount":68.0,"open_date":"2026-01-06 16:45:00+00:00","close_date":"2026-01-06 19:30:00+00:00","open_rate":0.14531,"close_rate":0.1457,"fee_open":0.001,"fee_close":0.001,"trade_duration":165,"profit_ratio":0.0006805526728450132,"profit_abs":0.00673132,"exit_reason":"roi","initial_stop_loss_abs":0.14069,"initial_stop_loss_ratio":-0.0318,"stop_loss_abs":0.14069,"stop_loss_ratio":-0.0318,"min_rate":0.14352,"max_rate":0.14666,"is_open":false,"enter_tag":"","leverage":1.0,"is_short":false,"open_timestamp":1767717900000,"close_timestamp":1767727800000,"orders":[{"amount":68.0,"safe_price":0.14531000000000002,"ft_order_side":"buy","order_filled_timestamp":1767717900000,"ft_is_entry":true,"ft_order_tag":"","cost":9.89096108},{"amount":68.0,"safe_price":0.1457,"ft_order_side":"sell","order_filled_timestamp":1767727800000,"ft_is_entry":false,"ft_order_tag":"roi","cost":9.917507599999999}],"funding_fees":0.0,"weekday":1},{"pair":"DOT/USDT","stake_amount":9.89135,"max_stake_amount":9.89135,"amount":4.79,"open_date":"2026-01-19 00:00:00+00:00","close_date":"2026-01-19 00:00:00+00:00","open_rate":2.065,"close_rate":2.0,"fee_open":0.001,"fee_close":0.001,"trade_duration":0,"profit_ratio":-0.033412108472641165,"profit_abs":-0.33082135,"exit_reason":"stop_loss","initial_stop_loss_abs":2.0,"initial_stop_loss_ratio":-0.0318,"stop_loss_abs":2.0,"stop_loss_ratio":-0.0318,"min_rate":1.834,"max_rate":2.065,"is_open":false,"enter_tag":"","leverage":1.0,"is_short":false,"open_timestamp":1768780800000,"close_timestamp":1768780800000,"orders":[{"amount":4.79,"safe_price":2.065,"ft_order_side":"buy","order_filled_timestamp":1768780800000,"ft_is_entry":true,"ft_order_tag":"","cost":9.901241349999998},{"amount":4.79,"safe_price":2.0,"ft_order_side":"sell","order_filled_timestamp":1768780800000,"ft_is_entry":false,"ft_order_tag":"stop_loss","cost":9.58958}],"funding_fees":0.0,"weekday":0},{"pair":"AVAX/USDT","stake_amount":9.735,"max_stake_amount":9.735,"amount":0.75,"open_date":"2026-01-19 00:00:00+00:00","close_date":"2026-01-19 00:00:00+00:00","open_rate":12.98,"close_rate":12.567236,"fee_open":0.001,"fee_close":0.001,"trade_duration":0,"profit_ratio":-0.033734465842324084,"profit_abs":-0.32873343,"exit_reason":"stop_loss","initial_stop_loss_abs":12.567236,"initial_stop_loss_ratio":-0.0318,"stop_loss_abs":12.567236,"stop_loss_ratio":-0.0318,"min_rate":12.09,"max_rate":12.99,"is_open":false,"enter_tag":"","leverage":1.0,"is_short":false,"open_timestamp":1768780800000,"close_timestamp":1768780800000,"orders":[{"amount":0.75,"safe_price":12.98,"ft_order_side":"buy","order_filled_timestamp":1768780800000,"ft_is_entry":true,"ft_order_tag":"","cost":9.744734999999999},{"amount":0.75,"safe_price":12.567236,"ft_order_side":"sell","order_filled_timestamp":1768780800000,"ft_is_entry":false,"ft_order_tag":"stop_loss","cost":9.434852426999997}],"funding_fees":0.0,"weekday":0},{"pair":"XRP/USDT","stake_amount":9.707,"max_stake_amount":9.707,"amount":5.0,"open_date":"2026-01-19 00:10:00+00:00","close_date":"2026-01-19 02:55:00+00:00","open_rate":1.9414,"close_rate":1.9565000000000001,"fee_open":0.001,"fee_close":0.001,"trade_duration":165,"profit_ratio":0.005764350000468266,"profit_abs":0.0560105,"exit_reason":"roi","initial_stop_loss_abs":1.8797,"initial_stop_loss_ratio":-0.0318,"stop_loss_abs":1.8797,"stop_loss_ratio":-0.0318,"min_rate":1.92,"max_rate":1.9639000000000002,"is_open":false,"enter_tag":"","leverage":1.0,"is_short":false,"open_timestamp":1768781400000,"close_timestamp":1768791300000,"orders":[{"amount":5.0,"safe_price":1.9414,"ft_order_side":"buy","order_filled_timestamp":1768781400000,"ft_is_entry":true,"ft_order_tag":"","cost":9.716707},{"amount":5.0,"safe_price":1.9565000000000001,"ft_order_side":"sell","order_filled_timestamp":1768791300000,"ft_is_entry":false,"ft_order_tag":"roi","cost":9.792282499999999}],"funding_fees":0.0,"weekday":0},{"pair":"DOGE/USDT","stake_amount":9.66568,"max_stake_amount":9.66568,"amount":76.0,"open_date":"2026-01-19 00:05:00+00:00","close_date":"2026-01-19 03:50:00+00:00","open_rate":0.12718,"close_rate":0.12743461461461458,"fee_open":0.001,"fee_close":0.001,"trade_duration":225,"profit_ratio":0.0,"profit_abs":0.0,"exit_reason":"roi","initial_stop_loss_abs":0.12314,"initial_stop_loss_ratio":-0.0318,"stop_loss_abs":0.12314,"stop_loss_ratio":-0.0318,"min_rate":0.12524000000000002,"max_rate":0.12785000000000002,"is_open":false,"enter_tag":"","leverage":1.0,"is_short":false,"open_timestamp":1768781100000,"close_timestamp":1768794600000,"orders":[{"amount":76.0,"safe_price":0.12718000000000002,"ft_order_side":"buy","order_filled_timestamp":1768781100000,"ft_is_entry":true,"ft_order_tag":"","cost":9.675345680000001},{"amount":76.0,"safe_price":0.12743461461461458,"ft_order_side":"sell","order_filled_timestamp":1768794600000,"ft_is_entry":false,"ft_order_tag":"roi","cost":9.694715741421419}],"funding_fees":0.0,"weekday":0},{"pair":"ADA/USDT","stake_amount":9.73644,"max_stake_amount":9.73644,"amount":26.8,"open_date":"2026-01-19 01:25:00+00:00","close_date":"2026-01-19 04:10:00+00:00","open_rate":0.3633,"close_rate":0.3649,"fee_open":0.001,"fee_close":0.001,"trade_duration":165,"profit_ratio":0.0023972724220453373,"profit_abs":0.02336424,"exit_reason":"roi","initial_stop_loss_abs":0.3518,"initial_stop_loss_ratio":-0.0318,"stop_loss_abs":0.3518,"stop_loss_ratio":-0.0318,"min_rate":0.3618,"max_rate":0.3662,"is_open":false,"enter_tag":"","leverage":1.0,"is_short":false,"open_timestamp":1768785900000,"close_timestamp":1768795800000,"orders":[{"amount":26.8,"safe_price":0.3633,"ft_order_side":"buy","order_filled_timestamp":1768785900000,"ft_is_entry":true,"ft_order_tag":"","cost":9.74617644},{"amount":26.8,"safe_price":0.3649,"ft_order_side":"sell","order_filled_timestamp":1768795800000,"ft_is_entry":false,"ft_order_tag":"roi","cost":9.789099319999998}],"funding_fees":0.0,"weekday":0},{"pair":"LINK/USDT","stake_amount":9.675,"max_stake_amount":9.675,"amount":0.75,"open_date":"2026-01-19 00:10:00+00:00","close_date":"2026-01-19 19:15:00+00:00","open_rate":12.9,"close_rate":12.925825825825825,"fee_open":0.001,"fee_close":0.001,"trade_duration":1145,"profit_ratio":0.0,"profit_abs":0.0,"exit_reason":"roi","initial_stop_loss_abs":12.48978,"initial_stop_loss_ratio":-0.0318,"stop_loss_abs":12.48978,"stop_loss_ratio":-0.0318,"min_rate":12.7,"max_rate":12.97,"is_open":false,"enter_tag":"","leverage":1.0,"is_short":false,"open_timestamp":1768781400000,"close_timestamp":1768850100000,"orders":[{"amount":0.75,"safe_price":12.9,"ft_order_side":"buy","order_filled_timestamp":1768781400000,"ft_is_entry":true,"ft_order_tag":"","cost":9.684675},{"amount":0.75,"safe_price":12.925825825825825,"ft_order_side":"sell","order_filled_timestamp":1768850100000,"ft_is_entry":false,"ft_order_tag":"roi","cost":9.704063738738737}],"funding_fees":0.0,"weekday":0},{"pair":"SOL/USDT","stake_amount":9.684,"max_stake_amount":9.684,"amount":0.072,"open_date":"2026-01-19 00:10:00+00:00","close_date":"2026-01-19 20:15:00+00:00","open_rate":134.5,"close_rate":134.76926926926924,"fee_open":0.001,"fee_close":0.001,"trade_duration":1205,"profit_ratio":0.0,"profit_abs":0.0,"exit_reason":"roi","initial_stop_loss_abs":130.22289999999998,"initial_stop_loss_ratio":-0.0318,"stop_loss_abs":130.22289999999998,"stop_loss_ratio":-0.0318,"min_rate":132.54,"max_rate":134.84,"is_open":false,"enter_tag":"","leverage":1.0,"is_short":false,"open_timestamp":1768781400000,"close_timestamp":1768853700000,"orders":[{"amount":0.072,"safe_price":134.5,"ft_order_side":"buy","order_filled_timestamp":1768781400000,"ft_is_entry":true,"ft_order_tag":"","cost":9.693683999999998},{"amount":0.072,"safe_price":134.76926926926924,"ft_order_side":"sell","order_filled_timestamp":1768853700000,"ft_is_entry":false,"ft_order_tag":"roi","cost":9.713090774774772}],"funding_fees":0.0,"weekday":0},{"pair":"AVAX/USDT","stake_amount":9.7633,"max_stake_amount":9.7633,"amount":0.89,"open_date":"2026-01-29 15:15:00+00:00","close_date":"2026-01-29 18:00:00+00:00","open_rate":10.97,"close_rate":11.0,"fee_open":0.001,"fee_close":0.001,"trade_duration":165,"profit_ratio":0.0007312650886032836,"profit_abs":0.0071467,"exit_reason":"roi","initial_stop_loss_abs":10.621154,"initial_stop_loss_ratio":-0.0318,"stop_loss_abs":10.621154,"stop_loss_ratio":-0.0318,"min_rate":10.87,"max_rate":11.17,"is_open":false,"enter_tag":"","leverage":1.0,"is_short":false,"open_timestamp":1769699700000,"close_timestamp":1769709600000,"orders":[{"amount":0.89,"safe_price":10.97,"ft_order_side":"buy","order_filled_timestamp":1769699700000,"ft_is_entry":true,"ft_order_tag":"","cost":9.7730633},{"amount":0.89,"safe_price":11.0,"ft_order_side":"sell","order_filled_timestamp":1769709600000,"ft_is_entry":false,"ft_order_tag":"roi","cost":9.79979}],"funding_fees":0.0,"weekday":3},{"pair":"SOL/USDT","stake_amount":9.69938,"max_stake_amount":9.69938,"amount":0.083,"open_date":"2026-01-29 15:50:00+00:00","close_date":"2026-01-29 18:35:00+00:00","open_rate":116.86,"close_rate":117.09395395395394,"fee_open":0.001,"fee_close":0.001,"trade_duration":165,"profit_ratio":0.0,"profit_abs":0.0,"exit_reason":"roi","initial_stop_loss_abs":113.143852,"initial_stop_loss_ratio":-0.0318,"stop_loss_abs":113.143852,"stop_loss_ratio":-0.0318,"min_rate":116.4,"max_rate":119.96,"is_open":false,"enter_tag":"","leverage":1.0,"is_short":false,"open_timestamp":1769701800000,"close_timestamp":1769711700000,"orders":[{"amount":0.083,"safe_price":116.86,"ft_order_side":"buy","order_filled_timestamp":1769701800000,"ft_is_entry":true,"ft_order_tag":"","cost":9.709079379999999},{"amount":0.083,"safe_price":117.09395395395394,"ft_order_side":"sell","order_filled_timestamp":1769711700000,"ft_is_entry":false,"ft_order_tag":"roi","cost":9.728516976356355}],"funding_fees":0.0,"weekday":3},{"pair":"LINK/USDT","stake_amount":9.7504,"max_stake_amount":9.7504,"amount":0.88,"open_date":"2026-01-29 15:25:00+00:00","close_date":"2026-01-29 21:10:00+00:00","open_rate":11.08,"close_rate":11.10218218218218,"fee_open":0.001,"fee_close":0.001,"trade_duration":345,"profit_ratio":0.0,"profit_abs":0.0,"exit_reason":"roi","initial_stop_loss_abs":10.727656,"initial_stop_loss_ratio":-0.0318,"stop_loss_abs":10.727656,"stop_loss_ratio":-0.0318,"min_rate":10.83,"max_rate":11.2,"is_open":false,"enter_tag":"","leverage":1.0,"is_short":false,"open_timestamp":1769700300000,"close_timestamp":1769721000000,"orders":[{"amount":0.88,"safe_price":11.08,"ft_order_side":"buy","order_filled_timestamp":1769700300000,"ft_is_entry":true,"ft_order_tag":"","cost":9.7601504},{"amount":0.88,"safe_price":11.10218218218218,"ft_order_side":"sell","order_filled_timestamp":1769721000000,"ft_is_entry":false,"ft_order_tag":"roi","cost":9.779690240640639}],"funding_fees":0.0,"weekday":3},{"pair":"DOT/USDT","stake_amount":9.78262,"max_stake_amount":9.78262,"amount":6.34,"open_date":"2026-01-31 14:45:00+00:00","close_date":"2026-01-31 15:05:00+00:00","open_rate":1.543,"close_rate":1.5789878878878876,"fee_open":0.001,"fee_close":0.001,"trade_duration":20,"profit_ratio":0.021278721687201213,"profit_abs":0.20836981,"exit_reason":"roi","initial_stop_loss_abs":1.494,"initial_stop_loss_ratio":-0.0318,"stop_loss_abs":1.494,"stop_loss_ratio":-0.0318,"min_rate":1.537,"max_rate":1.589,"is_open":false,"enter_tag":"","leverage":1.0,"is_short":false,"open_timestamp":1769870700000,"close_timestamp":1769871900000,"orders":[{"amount":6.34,"safe_price":1.5430000000000001,"ft_order_side":"buy","order_filled_timestamp":1769870700000,"ft_is_entry":true,"ft_order_tag":"","cost":9.79240262},{"amount":6.34,"safe_price":1.5789878878878876,"ft_order_side":"sell","order_filled_timestamp":1769871900000,"ft_is_entry":false,"ft_order_tag":"roi","cost":10.020793992418415}],"funding_fees":0.0,"weekday":5},{"pair":"SOL/USDT","stake_amount":9.73304,"max_stake_amount":9.73304,"amount":0.089,"open_date":"2026-01-31 14:40:00+00:00","close_date":"2026-01-31 16:45:00+00:00","open_rate":109.36,"close_rate":105.882352,"fee_open":0.001,"fee_close":0.001,"trade_duration":125,"profit_ratio":-0.03373446539815938,"profit_abs":-0.32866724,"exit_reason":"stop_loss","initial_stop_loss_abs":105.882352,"initial_stop_loss_ratio":-0.0318,"stop_loss_abs":105.882352,"stop_loss_ratio":-0.0318,"min_rate":105.74,"max_rate":110.2,"is_open":false,"enter_tag":"","leverage":1.0,"is_short":false,"open_timestamp":1769870400000,"close_timestamp":1769877900000,"orders":[{"amount":0.089,"safe_price":109.36,"ft_order_side":"buy","order_filled_timestamp":1769870400000,"ft_is_entry":true,"ft_order_tag":"","cost":9.742773039999998},{"amount":0.089,"safe_price":105.882352,"ft_order_side":"sell","order_filled_timestamp":1769877900000,"ft_is_entry":false,"ft_order_tag":"stop_loss","cost":9.432952857327997}],"funding_fees":0.0,"weekday":5},{"pair":"AVAX/USDT","stake_amount":9.7873,"max_stake_amount":9.7873,"amount":0.97,"open_date":"2026-01-31 14:50:00+00:00","close_date":"2026-01-31 17:10:00+00:00","open_rate":10.09,"close_rate":9.769138,"fee_open":0.001,"fee_close":0.001,"trade_duration":140,"profit_ratio":-0.03373446514047088,"profit_abs":-0.3304995,"exit_reason":"stop_loss","initial_stop_loss_abs":9.769138,"initial_stop_loss_ratio":-0.0318,"stop_loss_abs":9.769138,"stop_loss_ratio":-0.0318,"min_rate":9.54,"max_rate":10.29,"is_open":false,"enter_tag":"","leverage":1.0,"is_short":false,"open_timestamp":1769871000000,"close_timestamp":1769879400000,"orders":[{"amount":0.97,"safe_price":10.09,"ft_order_side":"buy","order_filled_timestamp":1769871000000,"ft_is_entry":true,"ft_order_tag":"","cost":9.7970873},{"amount":0.97,"safe_price":9.769138,"ft_order_side":"sell","order_filled_timestamp":1769879400000,"ft_is_entry":false,"ft_order_tag":"stop_loss","cost":9.48553992386}],"funding_fees":0.0,"weekday":5},{"pair":"SOL/USDT","stake_amount":9.6679,"max_stake_amount":9.6679,"amount":0.094,"open_date":"2026-01-31 17:15:00+00:00","close_date":"2026-01-31 18:40:00+00:00","open_rate":102.85,"close_rate":99.57936999999998,"fee_open":0.001,"fee_close":0.001,"trade_duration":85,"profit_ratio":-0.03373446545386677,"profit_abs":-0.32646758,"exit_reason":"stop_loss","initial_stop_loss_abs":99.57936999999998,"initial_stop_loss_ratio":-0.0318,"stop_loss_abs":99.57936999999998,"stop_loss_ratio":-0.0318,"min_rate":96.4,"max_rate":104.52,"is_open":false,"enter_tag":"","leverage":1.0,"is_short":false,"open_timestamp":1769879700000,"close_timestamp":1769884800000,"orders":[{"amount":0.094,"safe_price":102.85,"ft_order_side":"buy","order_filled_timestamp":1769879700000,"ft_is_entry":true,"ft_order_tag":"","cost":9.677567899999998},{"amount":0.094,"safe_price":99.57936999999998,"ft_order_side":"sell","order_filled_timestamp":1769884800000,"ft_is_entry":false,"ft_order_tag":"stop_loss","cost":9.369821240779997}],"funding_fees":0.0,"weekday":5},{"pair":"ETH/USDT","stake_amount":9.69792,"max_stake_amount":9.69792,"amount":0.004,"open_date":"2026-01-31 17:20:00+00:00","close_date":"2026-01-31 18:40:00+00:00","open_rate":2424.48,"close_rate":2347.381536,"fee_open":0.001,"fee_close":0.001,"trade_duration":80,"profit_ratio":-0.033734465313608054,"profit_abs":-0.3274813,"exit_reason":"stop_loss","initial_stop_loss_abs":2347.381536,"initial_stop_loss_ratio":-0.0318,"stop_loss_abs":2347.381536,"stop_loss_ratio":-0.0318,"min_rate":2250.0,"max_rate":2431.32,"is_open":false,"enter_tag":"","leverage":1.0,"is_short":false,"open_timestamp":1769880000000,"close_timestamp":1769884800000,"orders":[{"amount":0.004,"safe_price":2424.48,"ft_order_side":"buy","order_filled_timestamp":1769880000000,"ft_is_entry":true,"ft_order_tag":"","cost":9.707617919999999},{"amount":0.004,"safe_price":2347.381536,"ft_order_side":"sell","order_filled_timestamp":1769884800000,"ft_is_entry":false,"ft_order_tag":"stop_loss","cost":9.398915670143998}],"funding_fees":0.0,"weekday":5},{"pair":"DOGE/USDT","stake_amount":9.6115,"max_stake_amount":9.6115,"amount":94.0,"open_date":"2026-01-31 17:20:00+00:00","close_date":"2026-01-31 18:40:00+00:00","open_rate":0.10225,"close_rate":0.099,"fee_open":0.001,"fee_close":0.001,"trade_duration":80,"profit_ratio":-0.033719336897821,"profit_abs":-0.3244175,"exit_reason":"stop_loss","initial_stop_loss_abs":0.099,"initial_stop_loss_ratio":-0.0318,"stop_loss_abs":0.099,"stop_loss_ratio":-0.0318,"min_rate":0.09461000000000001,"max_rate":0.1027,"is_open":false,"enter_tag":"","leverage":1.0,"is_short":false,"open_timestamp":1769880000000,"close_timestamp":1769884800000,"orders":[{"amount":94.0,"safe_price":0.10225000000000001,"ft_order_side":"buy","order_filled_timestamp":1769880000000,"ft_is_entry":true,"ft_order_tag":"","cost":9.6211115},{"amount":94.0,"safe_price":0.099,"ft_order_side":"sell","order_filled_timestamp":1769884800000,"ft_is_entry":false,"ft_order_tag":"stop_loss","cost":9.315306}],"funding_fees":0.0,"weekday":5},{"pair":"ADA/USDT","stake_amount":9.69,"max_stake_amount":9.69,"amount":34.0,"open_date":"2026-01-31 17:25:00+00:00","close_date":"2026-01-31 18:40:00+00:00","open_rate":0.285,"close_rate":0.276,"fee_open":0.001,"fee_close":0.001,"trade_duration":75,"profit_ratio":-0.03351385456648614,"profit_abs":-0.325074,"exit_reason":"stop_loss","initial_stop_loss_abs":0.276,"initial_stop_loss_ratio":-0.0318,"stop_loss_abs":0.276,"stop_loss_ratio":-0.0318,"min_rate":0.2685,"max_rate":0.2872,"is_open":false,"enter_tag":"","leverage":1.0,"is_short":false,"open_timestamp":1769880300000,"close_timestamp":1769884800000,"orders":[{"amount":34.0,"safe_price":0.28500000000000003,"ft_order_side":"buy","order_filled_timestamp":1769880300000,"ft_is_entry":true,"ft_order_tag":"","cost":9.69969},{"amount":34.0,"safe_price":0.276,"ft_order_side":"sell","order_filled_timestamp":1769884800000,"ft_is_entry":false,"ft_order_tag":"stop_loss","cost":9.393384}],"funding_fees":0.0,"weekday":5},{"pair":"XRP/USDT","stake_amount":9.54833,"max_stake_amount":9.54833,"amount":6.1,"open_date":"2026-01-31 17:25:00+00:00","close_date":"2026-01-31 18:40:00+00:00","open_rate":1.5653,"close_rate":1.5156,"fee_open":0.001,"fee_close":0.001,"trade_duration":75,"profit_ratio":-0.03368566525788783,"profit_abs":-0.32196349,"exit_reason":"stop_loss","initial_stop_loss_abs":1.5156,"initial_stop_loss_ratio":-0.0318,"stop_loss_abs":1.5156,"stop_loss_ratio":-0.0318,"min_rate":1.5028000000000001,"max_rate":1.5841,"is_open":false,"enter_tag":"","leverage":1.0,"is_short":false,"open_timestamp":1769880300000,"close_timestamp":1769884800000,"orders":[{"amount":6.1,"safe_price":1.5653000000000001,"ft_order_side":"buy","order_filled_timestamp":1769880300000,"ft_is_entry":true,"ft_order_tag":"","cost":9.55787833},{"amount":6.1,"safe_price":1.5156,"ft_order_side":"sell","order_filled_timestamp":1769884800000,"ft_is_entry":false,"ft_order_tag":"stop_loss","cost":9.25440516}],"funding_fees":0.0,"weekday":5},{"pair":"DOT/USDT","stake_amount":9.37664,"max_stake_amount":9.37664,"amount":6.37,"open_date":"2026-01-31 18:40:00+00:00","close_date":"2026-01-31 18:40:00+00:00","open_rate":1.472,"close_rate":1.426,"fee_open":0.001,"fee_close":0.001,"trade_duration":0,"profit_ratio":-0.03318556443556444,"profit_abs":-0.31148026,"exit_reason":"stop_loss","initial_stop_loss_abs":1.426,"initial_stop_loss_ratio":-0.0318,"stop_loss_abs":1.426,"stop_loss_ratio":-0.0318,"min_rate":1.399,"max_rate":1.474,"is_open":false,"enter_tag":"","leverage":1.0,"is_short":false,"open_timestamp":1769884800000,"close_timestamp":1769884800000,"orders":[{"amount":6.37,"safe_price":1.472,"ft_order_side":"buy","order_filled_timestamp":1769884800000,"ft_is_entry":true,"ft_order_tag":"","cost":9.38601664},{"amount":6.37,"safe_price":1.426,"ft_order_side":"sell","order_filled_timestamp":1769884800000,"ft_is_entry":false,"ft_order_tag":"stop_loss","cost":9.092703619999998}],"funding_fees":0.0,"weekday":5},{"pair":"SOL/USDT","stake_amount":9.22208,"max_stake_amount":9.22208,"amount":0.092,"open_date":"2026-01-31 18:45:00+00:00","close_date":"2026-01-31 19:00:00+00:00","open_rate":100.24,"close_rate":102.57792992992992,"fee_open":0.001,"fee_close":0.001,"trade_duration":15,"profit_ratio":0.021278720845412956,"profit_abs":0.1964303,"exit_reason":"roi","initial_stop_loss_abs":97.05236799999999,"initial_stop_loss_ratio":-0.0318,"stop_loss_abs":97.05236799999999,"stop_loss_ratio":-0.0318,"min_rate":99.43,"max_rate":102.62,"is_open":false,"enter_tag":"","leverage":1.0,"is_short":false,"open_timestamp":1769885100000,"close_timestamp":1769886000000,"orders":[{"amount":0.092,"safe_price":100.24,"ft_order_side":"buy","order_filled_timestamp":1769885100000,"ft_is_entry":true,"ft_order_tag":"","cost":9.231302079999999},{"amount":0.092,"safe_price":102.57792992992992,"ft_order_side":"sell","order_filled_timestamp":1769886000000,"ft_is_entry":false,"ft_order_tag":"roi","cost":9.446606723107104}],"funding_fees":0.0,"weekday":5},{"pair":"ETH/USDT","stake_amount":9.173502,"max_stake_amount":9.173502,"amount":0.0039,"open_date":"2026-01-31 18:45:00+00:00","close_date":"2026-01-31 19:05:00+00:00","open_rate":2352.18,"close_rate":2407.0406546546546,"fee_open":0.001,"fee_close":0.001,"trade_duration":20,"profit_ratio":0.021278720995579398,"profit_abs":0.19539559,"exit_reason":"roi","initial_stop_loss_abs":2277.3806759999998,"initial_stop_loss_ratio":-0.0318,"stop_loss_abs":2277.3806759999998,"stop_loss_ratio":-0.0318,"min_rate":2327.4,"max_rate":2413.0,"is_open":false,"enter_tag":"","leverage":1.0,"is_short":false,"open_timestamp":1769885100000,"close_timestamp":1769886300000,"orders":[{"amount":0.0039,"safe_price":2352.18,"ft_order_side":"buy","order_filled_timestamp":1769885100000,"ft_is_entry":true,"ft_order_tag":"","cost":9.182675501999999},{"amount":0.0039,"safe_price":2407.0406546546546,"ft_order_side":"sell","order_filled_timestamp":1769886300000,"ft_is_entry":false,"ft_order_tag":"roi","cost":9.396846011706304}],"funding_fees":0.0,"weekday":5},{"pair":"LINK/USDT","stake_amount":9.2414,"max_stake_amount":9.2414,"amount":0.98,"open_date":"2026-01-31 18:45:00+00:00","close_date":"2026-01-31 19:05:00+00:00","open_rate":9.43,"close_rate":9.649938938938936,"fee_open":0.001,"fee_close":0.001,"trade_duration":20,"profit_ratio":0.02127872127872128,"profit_abs":0.19684182,"exit_reason":"roi","initial_stop_loss_abs":9.130125999999999,"initial_stop_loss_ratio":-0.0318,"stop_loss_abs":9.130125999999999,"stop_loss_ratio":-0.0318,"min_rate":9.35,"max_rate":9.66,"is_open":false,"enter_tag":"","leverage":1.0,"is_short":false,"open_timestamp":1769885100000,"close_timestamp":1769886300000,"orders":[{"amount":0.98,"safe_price":9.43,"ft_order_side":"buy","order_filled_timestamp":1769885100000,"ft_is_entry":true,"ft_order_tag":"","cost":9.250641399999997},{"amount":0.98,"safe_price":9.649938938938936,"ft_order_side":"sell","order_filled_timestamp":1769886300000,"ft_is_entry":false,"ft_order_tag":"roi","cost":9.466397100320316}],"funding_fees":0.0,"weekday":5},{"pair":"DOT/USDT","stake_amount":9.30468,"max_stake_amount":9.30468,"amount":6.36,"open_date":"2026-01-31 18:45:00+00:00","close_date":"2026-01-31 19:10:00+00:00","open_rate":1.463,"close_rate":1.497122022022022,"fee_open":0.001,"fee_close":0.001,"trade_duration":25,"profit_ratio":0.021278720849259546,"profit_abs":0.19818968,"exit_reason":"roi","initial_stop_loss_abs":1.417,"initial_stop_loss_ratio":-0.0318,"stop_loss_abs":1.417,"stop_loss_ratio":-0.0318,"min_rate":1.453,"max_rate":1.501,"is_open":false,"enter_tag":"","leverage":1.0,"is_short":false,"open_timestamp":1769885100000,"close_timestamp":1769886600000,"orders":[{"amount":6.36,"safe_price":1.463,"ft_order_side":"buy","order_filled_timestamp":1769885100000,"ft_is_entry":true,"ft_order_tag":"","cost":9.31398468},{"amount":6.36,"safe_price":1.497122022022022,"ft_order_side":"sell","order_filled_timestamp":1769886600000,"ft_is_entry":false,"ft_order_tag":"roi","cost":9.53121775612012}],"funding_fees":0.0,"weekday":5}],"locks":[],"best_pair":{"key":"LINK/USDT","trades":3,"profit_mean":0.007092907092907093,"profit_mean_pct":0.71,"profit_total_abs":0.19684182,"profit_total":0.0039368364,"profit_total_pct":0.39,"duration_avg":"8:23:00","wins":1,"draws":2,"losses":0,"winrate":0.3333333333333333,"cagr":0.048965184129902806,"expectancy":0.06561394,"expectancy_ratio":100.0,"sortino":-100,"sharpe":1.3509256086106298,"calmar":-100,"sqn":1.0,"profit_factor":0.0,"max_drawdown_account":0.0,"max_drawdown_abs":0.0},"worst_pair":{"key":"AVAX/USDT","trades":3,"profit_mean":-0.022245888631397228,"profit_mean_pct":-2.22,"profit_total_abs":-0.65208623,"profit_total":-0.0130417246,"profit_total_pct":-1.3,"duration_avg":"1:42:00","wins":1,"draws":0,"losses":2,"winrate":0.3333333333333333,"cagr":-0.14761595304502262,"expectancy":-0.21736207666666663,"expectancy_ratio":-0.6594393780258115,"sortino":-470.2754300655818,"sharpe":-2.6158172675208706,"calmar":-63.68324391514249,"sqn":-1.9363,"profit_factor":0.010840932961282745,"max_drawdown_account":0.013041724600000037,"max_drawdown_abs":0.65208623},"results_per_pair":[{"key":"LINK/USDT","trades":3,"profit_mean":0.007092907092907093,"profit_mean_pct":0.71,"profit_total_abs":0.19684182,"profit_total":0.0039368364,"profit_total_pct":0.39,"duration_avg":"8:23:00","wins":1,"draws":2,"losses":0,"winrate":0.3333333333333333,"cagr":0.048965184129902806,"expectancy":0.06561394,"expectancy_ratio":100.0,"sortino":-100,"sharpe":1.3509256086106298,"calmar":-100,"sqn":1.0,"profit_factor":0.0,"max_drawdown_account":0.0,"max_drawdown_abs":0.0},{"key":"BTC/USDT","trades":0,"profit_mean":0.0,"profit_mean_pct":0.0,"profit_total_abs":0.0,"profit_total":0.0,"profit_total_pct":0.0,"duration_avg":"0:00","wins":0,"draws":0,"losses":0,"winrate":0.0,"cagr":0.0,"expectancy":0.0,"expectancy_ratio":100.0,"sortino":0,"sharpe":0,"calmar":0,"sqn":0.0,"profit_factor":0.0,"max_drawdown_account":0.0,"max_drawdown_abs":0.0},{"key":"BNB/USDT","trades":0,"profit_mean":0.0,"profit_mean_pct":0.0,"profit_total_abs":0.0,"profit_total":0.0,"profit_total_pct":0.0,"duration_avg":"0:00","wins":0,"draws":0,"losses":0,"winrate":0.0,"cagr":0.0,"expectancy":0.0,"expectancy_ratio":100.0,"sortino":0,"sharpe":0,"calmar":0,"sqn":0.0,"profit_factor":0.0,"max_drawdown_account":0.0,"max_drawdown_abs":0.0},{"key":"ETH/USDT","trades":2,"profit_mean":-0.006227872159014328,"profit_mean_pct":-0.62,"profit_total_abs":-0.13208570999999997,"profit_total":-0.0026417141999999995,"profit_total_pct":-0.26,"duration_avg":"0:50:00","wins":1,"draws":0,"losses":1,"winrate":0.5,"cagr":-0.031671010725005,"expectancy":-0.06604285499999998,"expectancy_ratio":-0.201669087670044,"sortino":-100,"sharpe":-0.32174481789144654,"calmar":-25.68588340047123,"sqn":-0.2526,"profit_factor":0.5966618246599119,"max_drawdown_account":0.006549626000000046,"max_drawdown_abs":0.3274813},{"key":"DOT/USDT","trades":4,"profit_mean":-0.0060100575929362115,"profit_mean_pct":-0.6,"profit_total_abs":-0.23574212000000003,"profit_total":-0.0047148424000000005,"profit_total_pct":-0.47,"duration_avg":"0:11:00","wins":2,"draws":0,"losses":2,"winrate":0.5,"cagr":-0.05587770680240922,"expectancy":-0.058935530000000014,"expectancy_ratio":-0.1835135677147065,"sortino":-15.524278030899833,"sharpe":-0.5722896191887019,"calmar":-34.59719460300609,"sqn":-0.3891,"profit_factor":0.632972864570587,"max_drawdown_account":0.008678636000000068,"max_drawdown_abs":0.43393180000000003},{"key":"XRP/USDT","trades":2,"profit_mean":-0.013960657628709783,"profit_mean_pct":-1.4,"profit_total_abs":-0.26595299,"profit_total":-0.0053190598,"profit_total_pct":-0.53,"duration_avg":"2:00:00","wins":1,"draws":0,"losses":1,"winrate":0.5,"cagr":-0.06282753458991508,"expectancy":-0.132976495,"expectancy_ratio":-0.4130173113727895,"sortino":-100,"sharpe":-0.8961859588344425,"calmar":-52.663492521703986,"sqn":-0.7036,"profit_factor":0.17396537725442096,"max_drawdown_account":0.0064320645369850575,"max_drawdown_abs":0.32196349},{"key":"ADA/USDT","trades":2,"profit_mean":-0.0155582910722204,"profit_mean_pct":-1.56,"profit_total_abs":-0.30170976,"profit_total":-0.0060341952,"profit_total_pct":-0.6,"duration_avg":"2:00:00","wins":1,"draws":0,"losses":1,"winrate":0.5,"cagr":-0.07099247498576089,"expectancy":-0.15085488,"expectancy_ratio":-0.46406319791801254,"sortino":-100,"sharpe":-1.1028557736750795,"calmar":-59.133719032061485,"sqn":-0.8659,"profit_factor":0.07187360416397498,"max_drawdown_account":0.006498443376186662,"max_drawdown_abs":0.325074},{"key":"DOGE/USDT","trades":3,"profit_mean":-0.011012928074991997,"profit_mean_pct":-1.1,"profit_total_abs":-0.31768618000000004,"profit_total":-0.0063537236000000006,"profit_total_pct":-0.64,"duration_avg":"2:37:00","wins":1,"draws":1,"losses":1,"winrate":0.3333333333333333,"cagr":-0.07461949133068924,"expectancy":-0.10589539333333334,"expectancy_ratio":-0.659750352554964,"sortino":-100,"sharpe":-1.30910489891755,"calmar":-62.37027951536889,"sqn":-0.969,"profit_factor":0.02074894233510831,"max_drawdown_account":0.006487476614378376,"max_drawdown_abs":0.3244175},{"key":"SOL/USDT","trades":5,"profit_mean":-0.00923804200132264,"profit_mean_pct":-0.92,"profit_total_abs":-0.45870452,"profit_total":-0.0091740904,"profit_total_pct":-0.92,"duration_avg":"5:19:00","wins":1,"draws":2,"losses":2,"winrate":0.2,"cagr":-0.1060748661812001,"expectancy":-0.09174090399999998,"expectancy_ratio":-0.6800672508904351,"sortino":-265.60279163268706,"sharpe":-1.4216502843552898,"calmar":-44.588977627747525,"sqn":-0.893,"profit_factor":0.2998318727739124,"max_drawdown_account":0.013102696400000013,"max_drawdown_abs":0.65513482},{"key":"AVAX/USDT","trades":3,"profit_mean":-0.022245888631397228,"profit_mean_pct":-2.22,"profit_total_abs":-0.65208623,"profit_total":-0.0130417246,"profit_total_pct":-1.3,"duration_avg":"1:42:00","wins":1,"draws":0,"losses":2,"winrate":0.3333333333333333,"cagr":-0.14761595304502262,"expectancy":-0.21736207666666663,"expectancy_ratio":-0.6594393780258115,"sortino":-470.2754300655818,"sharpe":-2.6158172675208706,"calmar":-63.68324391514249,"sqn":-1.9363,"profit_factor":0.010840932961282745,"max_drawdown_account":0.013041724600000037,"max_drawdown_abs":0.65208623},{"key":"TOTAL","trades":24,"profit_mean":-0.009175908789112229,"profit_mean_pct":-0.92,"profit_total_abs":-2.16712569,"profit_total":-0.0433425138,"profit_total_pct":-4.33,"duration_avg":"3:08:00","wins":9,"draws":5,"losses":10,"winrate":0.375,"cagr":-0.4167289272548088,"expectancy":-0.09029690375000002,"expectancy_ratio":-0.4856915685053358,"sortino":-256.7041226875673,"sharpe":-6.546916045666441,"calmar":-46.61988797225277,"sqn":-2.0543,"profit_factor":0.334340235587194,"max_drawdown_account":0.05920631726664914,"max_drawdown_abs":2.9607144}],"results_per_enter_tag":[{"key":"","trades":24,"profit_mean":-0.009175908789112229,"profit_mean_pct":-0.92,"profit_total_abs":-2.16712569,"profit_total":-0.0433425138,"profit_total_pct":-4.33,"duration_avg":"3:08:00","wins":9,"draws":5,"losses":10,"winrate":0.375,"cagr":-0.4167289272548088,"expectancy":-0.09029690375000002,"expectancy_ratio":-0.4856915685053358,"sortino":-256.7041226875673,"sharpe":-6.546916045666441,"calmar":-46.61988797225277,"sqn":-2.0543,"profit_factor":0.334340235587194,"max_drawdown_account":0.05920631726664914,"max_drawdown_abs":2.9607144},{"key":"TOTAL","trades":24,"profit_mean":-0.009175908789112229,"profit_mean_pct":-0.92,"profit_total_abs":-2.16712569,"profit_total":-0.0433425138,"profit_total_pct":-4.33,"duration_avg":"3:08:00","wins":9,"draws":5,"losses":10,"winrate":0.375,"cagr":-0.4167289272548088,"expectancy":-0.09029690375000002,"expectancy_ratio":-0.4856915685053358,"sortino":-256.7041226875673,"sharpe":-6.546916045666441,"calmar":-46.61988797225277,"sqn":-2.0543,"profit_factor":0.334340235587194,"max_drawdown_account":0.05920631726664914,"max_drawdown_abs":2.9607144}],"exit_reason_summary":[{"key":"roi","trades":14,"profit_mean":0.008283360417152592,"profit_mean_pct":0.83,"profit_total_abs":1.0884799600000001,"profit_total":0.021769599200000003,"profit_total_pct":2.18,"duration_avg":"4:35:00","wins":9,"draws":5,"losses":0,"winrate":0.6428571428571429,"cagr":0.29955466550753407,"expectancy":0.07774856857142856,"expectancy_ratio":100.0,"sortino":-100,"sharpe":7.570941957553454,"calmar":-100,"sqn":3.0617,"profit_factor":0.0,"max_drawdown_account":0.0,"max_drawdown_abs":0.0},{"key":"stop_loss","trades":10,"profit_mean":-0.03361888567788297,"profit_mean_pct":-3.36,"profit_total_abs":-3.25560565,"profit_total":-0.065112113,"profit_total_pct":-6.51,"duration_avg":"1:06:00","wins":0,"draws":0,"losses":10,"winrate":0.0,"cagr":-0.5592006122028225,"expectancy":-0.325560565,"expectancy_ratio":-1.0,"sortino":-385.6386346469537,"sharpe":-385.6386346469537,"calmar":-63.68324391514267,"sqn":-181.6672,"profit_factor":0.0,"max_drawdown_account":0.065112113,"max_drawdown_abs":3.25560565},{"key":"TOTAL","trades":24,"profit_mean":-0.009175908789112229,"profit_mean_pct":-0.92,"profit_total_abs":-2.16712569,"profit_total":-0.0433425138,"profit_total_pct":-4.33,"duration_avg":"3:08:00","wins":9,"draws":5,"losses":10,"winrate":0.375,"cagr":-0.4167289272548088,"expectancy":-0.09029690375000002,"expectancy_ratio":-0.4856915685053358,"sortino":-256.7041226875673,"sharpe":-6.546916045666441,"calmar":-46.61988797225277,"sqn":-2.0543,"profit_factor":0.334340235587194,"max_drawdown_account":0.05920631726664914,"max_drawdown_abs":2.9607144}],"mix_tag_stats":[{"key":["","roi"],"trades":14,"profit_mean":0.008283360417152592,"profit_mean_pct":0.83,"profit_total_abs":1.0884799600000001,"profit_total":0.021769599200000003,"profit_total_pct":2.18,"duration_avg":"4:35:00","wins":9,"draws":5,"losses":0,"winrate":0.6428571428571429,"cagr":0.29955466550753407,"expectancy":0.07774856857142856,"expectancy_ratio":100.0,"sortino":-100,"sharpe":7.570941957553454,"calmar":-100,"sqn":3.0617,"profit_factor":0.0,"max_drawdown_account":0.0,"max_drawdown_abs":0.0},{"key":["","stop_loss"],"trades":10,"profit_mean":-0.03361888567788297,"profit_mean_pct":-3.36,"profit_total_abs":-3.25560565,"profit_total":-0.065112113,"profit_total_pct":-6.51,"duration_avg":"1:06:00","wins":0,"draws":0,"losses":10,"winrate":0.0,"cagr":-0.5592006122028225,"expectancy":-0.325560565,"expectancy_ratio":-1.0,"sortino":-385.6386346469537,"sharpe":-385.6386346469537,"calmar":-63.68324391514267,"sqn":-181.6672,"profit_factor":0.0,"max_drawdown_account":0.065112113,"max_drawdown_abs":3.25560565},{"key":"TOTAL","trades":24,"profit_mean":-0.009175908789112229,"profit_mean_pct":-0.92,"profit_total_abs":-2.16712569,"profit_total":-0.0433425138,"profit_total_pct":-4.33,"duration_avg":"3:08:00","wins":9,"draws":5,"losses":10,"winrate":0.375,"cagr":-0.4167289272548088,"expectancy":-0.09029690375000002,"expectancy_ratio":-0.4856915685053358,"sortino":-256.7041226875673,"sharpe":-6.546916045666441,"calmar":-46.61988797225277,"sqn":-2.0543,"profit_factor":0.334340235587194,"max_drawdown_account":0.05920631726664914,"max_drawdown_abs":2.9607144}],"left_open_trades":[{"key":"TOTAL","trades":0,"profit_mean":0.0,"profit_mean_pct":0.0,"profit_total_abs":0.0,"profit_total":0.0,"profit_total_pct":0.0,"duration_avg":"0:00","wins":0,"draws":0,"losses":0,"winrate":0.0,"cagr":0.0,"expectancy":0.0,"expectancy_ratio":100.0,"sortino":0,"sharpe":0,"calmar":0,"sqn":0.0,"profit_factor":0.0,"max_drawdown_account":0.0,"max_drawdown_abs":0.0}],"total_trades":24,"trade_count_long":24,"trade_count_short":0,"total_volume":460.80464691671614,"avg_stake_amount":9.62606425,"profit_mean":-0.009175908789112229,"profit_median":0.0,"profit_total":-0.0433425138,"profit_total_long":-0.0433425138,"profit_total_short":0.0,"profit_total_abs":-2.16712569,"profit_total_long_abs":-2.16712569,"profit_total_short_abs":0.0,"cagr":-0.4167289272548088,"expectancy":-0.09029690375000002,"expectancy_ratio":-0.4856915685053358,"sortino":-256.7041226875673,"sharpe":-6.546916045666441,"calmar":-46.61988797225277,"sqn":-2.0543,"profit_factor":0.334340235587194,"backtest_start":"2026-01-02 00:00:00","backtest_start_ts":1767312000000,"backtest_end":"2026-02-01 00:00:00","backtest_end_ts":1769904000000,"backtest_days":30,"backtest_run_start_ts":1769916394,"backtest_run_end_ts":1769916394,"trades_per_day":0.8,"market_change":-0.1703875411838069,"pairlist":["BTC/USDT","ETH/USDT","BNB/USDT","SOL/USDT","ADA/USDT","XRP/USDT","DOT/USDT","DOGE/USDT","AVAX/USDT","LINK/USDT"],"stake_amount":"unlimited","stake_currency":"USDT","stake_currency_decimals":3,"starting_balance":50,"dry_run_wallet":50,"final_balance":47.83287431,"rejected_signals":22,"timedout_entry_orders":0,"timedout_exit_orders":0,"canceled_trade_entries":0,"canceled_entry_orders":0,"replaced_entry_orders":0,"max_open_trades":5,"max_open_trades_setting":5,"timeframe":"5m","timeframe_detail":"","timerange":"20260102-20260201","enable_protections":false,"strategy_name":"UniversalMACD","freqaimodel":"XGBoostRegressor","freqai_identifier":"qs_v9_scalp_5m1h_l2","stoploss":-0.0318,"trailing_stop":false,"trailing_stop_positive":null,"trailing_stop_positive_offset":0.0,"trailing_only_offset_is_reached":false,"use_custom_stoploss":false,"minimal_roi":{"0":0.0213,"27":0.099,"60":0.03,"164":0},"use_exit_signal":true,"exit_profit_only":false,"exit_profit_offset":0.0,"ignore_roi_if_entry_signal":false,"trading_mode":"spot","margin_mode":"","periodic_breakdown":{"day":[{"date":"06/01/2026","date_ts":1767657600000,"profit_abs":0.00673132,"wins":1,"draws":0,"losses":0,"trades":1,"profit_factor":0.0},{"date":"07/01/2026","date_ts":1767744000000,"profit_abs":0.0,"wins":0,"draws":0,"losses":0,"trades":0,"profit_factor":0.0},{"date":"08/01/2026","date_ts":1767830400000,"profit_abs":0.0,"wins":0,"draws":0,"losses":0,"trades":0,"profit_factor":0.0},{"date":"09/01/2026","date_ts":1767916800000,"profit_abs":0.0,"wins":0,"draws":0,"losses":0,"trades":0,"profit_factor":0.0},{"date":"10/01/2026","date_ts":1768003200000,"profit_abs":0.0,"wins":0,"draws":0,"losses":0,"trades":0,"profit_factor":0.0},{"date":"11/01/2026","date_ts":1768089600000,"profit_abs":0.0,"wins":0,"draws":0,"losses":0,"trades":0,"profit_factor":0.0},{"date":"12/01/2026","date_ts":1768176000000,"profit_abs":0.0,"wins":0,"draws":0,"losses":0,"trades":0,"profit_factor":0.0},{"date":"13/01/2026","date_ts":1768262400000,"profit_abs":0.0,"wins":0,"draws":0,"losses":0,"trades":0,"profit_factor":0.0},{"date":"14/01/2026","date_ts":1768348800000,"profit_abs":0.0,"wins":0,"draws":0,"losses":0,"trades":0,"profit_factor":0.0},{"date":"15/01/2026","date_ts":1768435200000,"profit_abs":0.0,"wins":0,"draws":0,"losses":0,"trades":0,"profit_factor":0.0},{"date":"16/01/2026","date_ts":1768521600000,"profit_abs":0.0,"wins":0,"draws":0,"losses":0,"trades":0,"profit_factor":0.0},{"date":"17/01/2026","date_ts":1768608000000,"profit_abs":0.0,"wins":0,"draws":0,"losses":0,"trades":0,"profit_factor":0.0},{"date":"18/01/2026","date_ts":1768694400000,"profit_abs":0.0,"wins":0,"draws":0,"losses":0,"trades":0,"profit_factor":0.0},{"date":"19/01/2026","date_ts":1768780800000,"profit_abs":-0.58018004,"wins":2,"draws":3,"losses":2,"trades":7,"profit_factor":0.12034594},{"date":"20/01/2026","date_ts":1768867200000,"profit_abs":0.0,"wins":0,"draws":0,"losses":0,"trades":0,"profit_factor":0.0},{"date":"21/01/2026","date_ts":1768953600000,"profit_abs":0.0,"wins":0,"draws":0,"losses":0,"trades":0,"profit_factor":0.0},{"date":"22/01/2026","date_ts":1769040000000,"profit_abs":0.0,"wins":0,"draws":0,"losses":0,"trades":0,"profit_factor":0.0},{"date":"23/01/2026","date_ts":1769126400000,"profit_abs":0.0,"wins":0,"draws":0,"losses":0,"trades":0,"profit_factor":0.0},{"date":"24/01/2026","date_ts":1769212800000,"profit_abs":0.0,"wins":0,"draws":0,"losses":0,"trades":0,"profit_factor":0.0},{"date":"25/01/2026","date_ts":1769299200000,"profit_abs":0.0,"wins":0,"draws":0,"losses":0,"trades":0,"profit_factor":0.0},{"date":"26/01/2026","date_ts":1769385600000,"profit_abs":0.0,"wins":0,"draws":0,"losses":0,"trades":0,"profit_factor":0.0},{"date":"27/01/2026","date_ts":1769472000000,"profit_abs":0.0,"wins":0,"draws":0,"losses":0,"trades":0,"profit_factor":0.0},{"date":"28/01/2026","date_ts":1769558400000,"profit_abs":0.0,"wins":0,"draws":0,"losses":0,"trades":0,"profit_factor":0.0},{"date":"29/01/2026","date_ts":1769644800000,"profit_abs":0.0071467,"wins":1,"draws":2,"losses":0,"trades":3,"profit_factor":0.0},{"date":"30/01/2026","date_ts":1769731200000,"profit_abs":0.0,"wins":0,"draws":0,"losses":0,"trades":0,"profit_factor":0.0},{"date":"31/01/2026","date_ts":1769817600000,"profit_abs":-1.60082367,"wins":5,"draws":0,"losses":8,"trades":13,"profit_factor":0.38336198}],"week":[{"date":"12/01/2026","date_ts":1768176000000,"profit_abs":0.00673132,"wins":1,"draws":0,"losses":0,"trades":1,"profit_factor":0.0},{"date":"19/01/2026","date_ts":1768780800000,"profit_abs":-0.58018004,"wins":2,"draws":3,"losses":2,"trades":7,"profit_factor":0.12034594},{"date":"26/01/2026","date_ts":1769385600000,"profit_abs":0.0,"wins":0,"draws":0,"losses":0,"trades":0,"profit_factor":0.0},{"date":"02/02/2026","date_ts":1769990400000,"profit_abs":-1.59367697,"wins":6,"draws":2,"losses":8,"trades":16,"profit_factor":0.38611489}],"month":[{"date":"31/01/2026","date_ts":1769817600000,"profit_abs":-2.16712569,"wins":9,"draws":5,"losses":10,"trades":24,"profit_factor":0.33434024}],"year":[{"date":"31/12/2026","date_ts":1798675200000,"profit_abs":-2.16712569,"wins":9,"draws":5,"losses":10,"trades":24,"profit_factor":0.33434024}],"weekday":[{"date":"Monday","date_ts":0,"profit_abs":-0.58018004,"wins":2,"draws":3,"losses":2,"trades":7,"profit_factor":0.12034594},{"date":"Tuesday","date_ts":1,"profit_abs":0.00673132,"wins":1,"draws":0,"losses":0,"trades":1,"profit_factor":0.0},{"date":"Thursday","date_ts":3,"profit_abs":0.0071467,"wins":1,"draws":2,"losses":0,"trades":3,"profit_factor":0.0},{"date":"Saturday","date_ts":5,"profit_abs":-1.60082367,"wins":5,"draws":0,"losses":8,"trades":13,"profit_factor":0.38336198}]},"backtest_best_day":0.0007312650886032836,"backtest_worst_day":-0.1626486768076901,"backtest_best_day_abs":0.0071467,"backtest_worst_day_abs":-1.60082367,"winning_days":2,"draw_days":22,"losing_days":2,"daily_profit":[["2026-01-06",0.00673132],["2026-01-07",0.0],["2026-01-08",0.0],["2026-01-09",0.0],["2026-01-10",0.0],["2026-01-11",0.0],["2026-01-12",0.0],["2026-01-13",0.0],["2026-01-14",0.0],["2026-01-15",0.0],["2026-01-16",0.0],["2026-01-17",0.0],["2026-01-18",0.0],["2026-01-19",-0.58018004],["2026-01-20",0.0],["2026-01-21",0.0],["2026-01-22",0.0],["2026-01-23",0.0],["2026-01-24",0.0],["2026-01-25",0.0],["2026-01-26",0.0],["2026-01-27",0.0],["2026-01-28",0.0],["2026-01-29",0.0071467],["2026-01-30",0.0],["2026-01-31",-1.60082367]],"wins":9,"losses":10,"draws":5,"winrate":0.375,"holding_avg":"3:08:00","holding_avg_s":11280.0,"winner_holding_min":"0d 00:15","winner_holding_min_s":900.0,"winner_holding_max":"0d 02:45","winner_holding_max_s":9900.0,"winner_holding_avg":"0d 01:24","winner_holding_avg_s":5040.0,"loser_holding_min":"0d 00:00","loser_holding_min_s":0.0,"loser_holding_max":"0d 02:20","loser_holding_max_s":8400.0,"loser_holding_avg":"0d 01:06","loser_holding_avg_s":3960.0,"max_consecutive_wins":4,"max_consecutive_losses":8,"max_drawdown_account":0.05920631726664914,"max_relative_drawdown":0.05920631726664914,"max_drawdown_abs":2.9607144,"drawdown_start":"2026-01-06 19:30:00","drawdown_start_ts":1767727800000.0,"drawdown_end":"2026-01-31 18:40:00","drawdown_end_ts":1769884800000.0,"drawdown_duration":"24 days 23:10:00","drawdown_duration_s":2157000.0,"max_drawdown_low":-2.95398308,"max_drawdown_high":0.00673132,"csum_min":47.04601692,"csum_max":50.00673132}},"strategy_comparison":[{"key":"UniversalMACD","trades":24,"profit_mean":-0.009175908789112229,"profit_mean_pct":-0.92,"profit_total_abs":-2.16712569,"profit_total":-0.0433425138,"profit_total_pct":-4.33,"duration_avg":"3:08:00","wins":9,"draws":5,"losses":10,"winrate":0.375,"cagr":-0.4167289272548088,"expectancy":-0.09029690375000002,"expectancy_ratio":-0.4856915685053358,"sortino":-256.7041226875673,"sharpe":-6.546916045666441,"calmar":-46.61988797225277,"sqn":-2.0543,"profit_factor":0.334340235587194,"max_drawdown_account":0.05920631726664914,"max_drawdown_abs":"2.961"}]}