{"strategy":{"MultiMa":{"trades":[{"pair":"XRP/USDT","stake_amount":24.63156,"max_stake_amount":24.63156,"amount":10.8,"open_date":"2025-11-04 11:20:00+00:00","close_date":"2025-11-05 10:45:00+00:00","open_rate":2.2807,"close_rate":2.2217000000000002,"fee_open":0.001,"fee_close":0.001,"trade_duration":1405,"profit_ratio":-0.027815565852133572,"profit_abs":-0.68582592,"exit_reason":"exit_signal","initial_stop_loss_abs":1.4939,"initial_stop_loss_ratio":-0.345,"stop_loss_abs":1.4939,"stop_loss_ratio":-0.345,"min_rate":2.0665,"max_rate":2.3273,"is_open":false,"enter_tag":"","leverage":1.0,"is_short":false,"open_timestamp":1762255200000,"close_timestamp":1762339500000,"orders":[{"amount":10.8,"safe_price":2.2807,"ft_order_side":"buy","order_filled_timestamp":1762255200000,"ft_is_entry":true,"ft_order_tag":"","cost":24.656191559999996},{"amount":10.8,"safe_price":2.2217000000000002,"ft_order_side":"sell","order_filled_timestamp":1762339500000,"ft_is_entry":false,"ft_order_tag":"exit_signal","cost":24.01835436}],"funding_fees":0.0,"weekday":2},{"pair":"SAND/USDT","stake_amount":24.684,"max_stake_amount":24.684,"amount":136.0,"open_date":"2025-11-04 11:15:00+00:00","close_date":"2025-11-05 10:50:00+00:00","open_rate":0.1815,"close_rate":0.1758,"fee_open":0.001,"fee_close":0.001,"trade_duration":1415,"profit_ratio":-0.03334021350550276,"profit_abs":-0.8237928,"exit_reason":"exit_signal","initial_stop_loss_abs":0.1189,"initial_stop_loss_ratio":-0.345,"stop_loss_abs":0.1189,"stop_loss_ratio":-0.345,"min_rate":0.1623,"max_rate":0.1849,"is_open":false,"enter_tag":"","leverage":1.0,"is_short":false,"open_timestamp":1762254900000,"close_timestamp":1762339800000,"orders":[{"amount":136.0,"safe_price":0.18150000000000002,"ft_order_side":"buy","order_filled_timestamp":1762254900000,"ft_is_entry":true,"ft_order_tag":"","cost":24.708684},{"amount":136.0,"safe_price":0.1758,"ft_order_side":"sell","order_filled_timestamp":1762339800000,"ft_is_entry":false,"ft_order_tag":"exit_signal","cost":23.9327088}],"funding_fees":0.0,"weekday":2},{"pair":"SAND/USDT","stake_amount":23.9932,"max_stake_amount":23.9932,"amount":133.0,"open_date":"2025-11-05 12:40:00+00:00","close_date":"2025-11-05 18:35:00+00:00","open_rate":0.1804,"close_rate":0.1842,"fee_open":0.001,"fee_close":0.001,"trade_duration":355,"profit_ratio":0.019024213037516804,"profit_abs":0.4569082,"exit_reason":"exit_signal","initial_stop_loss_abs":0.1182,"initial_stop_loss_ratio":-0.345,"stop_loss_abs":0.1182,"stop_loss_ratio":-0.345,"min_rate":0.1796,"max_rate":0.185,"is_open":false,"enter_tag":"","leverage":1.0,"is_short":false,"open_timestamp":1762346400000,"close_timestamp":1762367700000,"orders":[{"amount":133.0,"safe_price":0.1804,"ft_order_side":"buy","order_filled_timestamp":1762346400000,"ft_is_entry":true,"ft_order_tag":"","cost":24.017193199999998},{"amount":133.0,"safe_price":0.1842,"ft_order_side":"sell","order_filled_timestamp":1762367700000,"ft_is_entry":false,"ft_order_tag":"exit_signal","cost":24.523098599999997}],"funding_fees":0.0,"weekday":2},{"pair":"XRP/USDT","stake_amount":23.98886,"max_stake_amount":23.98886,"amount":10.6,"open_date":"2025-11-05 14:00:00+00:00","close_date":"2025-11-05 18:35:00+00:00","open_rate":2.2631,"close_rate":2.2822,"fee_open":0.001,"fee_close":0.001,"trade_duration":275,"profit_ratio":0.006424886147390677,"profit_abs":0.15427982,"exit_reason":"exit_signal","initial_stop_loss_abs":1.4824,"initial_stop_loss_ratio":-0.345,"stop_loss_abs":1.4824,"stop_loss_ratio":-0.345,"min_rate":2.2413,"max_rate":2.292,"is_open":false,"enter_tag":"","leverage":1.0,"is_short":false,"open_timestamp":1762351200000,"close_timestamp":1762367700000,"orders":[{"amount":10.6,"safe_price":2.2631,"ft_order_side":"buy","order_filled_timestamp":1762351200000,"ft_is_entry":true,"ft_order_tag":"","cost":24.012848859999995},{"amount":10.6,"safe_price":2.2822,"ft_order_side":"sell","order_filled_timestamp":1762367700000,"ft_is_entry":false,"ft_order_tag":"exit_signal","cost":24.215511319999994}],"funding_fees":0.0,"weekday":2},{"pair":"SAND/USDT","stake_amount":24.2743,"max_stake_amount":24.2743,"amount":131.0,"open_date":"2025-11-05 18:55:00+00:00","close_date":"2025-11-05 19:10:00+00:00","open_rate":0.1853,"close_rate":0.1837,"fee_open":0.001,"fee_close":0.001,"trade_duration":15,"profit_ratio":-0.0106153964761628,"profit_abs":-0.257939,"exit_reason":"exit_signal","initial_stop_loss_abs":0.1214,"initial_stop_loss_ratio":-0.345,"stop_loss_abs":0.1214,"stop_loss_ratio":-0.345,"min_rate":0.1834,"max_rate":0.18530000000000002,"is_open":false,"enter_tag":"","leverage":1.0,"is_short":false,"open_timestamp":1762368900000,"close_timestamp":1762369800000,"orders":[{"amount":131.0,"safe_price":0.18530000000000002,"ft_order_side":"buy","order_filled_timestamp":1762368900000,"ft_is_entry":true,"ft_order_tag":"","cost":24.298574300000002},{"amount":131.0,"safe_price":0.1837,"ft_order_side":"sell","order_filled_timestamp":1762369800000,"ft_is_entry":false,"ft_order_tag":"exit_signal","cost":24.0887647}],"funding_fees":0.0,"weekday":2},{"pair":"XRP/USDT","stake_amount":24.14055,"max_stake_amount":24.14055,"amount":10.5,"open_date":"2025-11-05 18:50:00+00:00","close_date":"2025-11-05 23:20:00+00:00","open_rate":2.2991,"close_rate":2.3536,"fee_open":0.001,"fee_close":0.001,"trade_duration":270,"profit_ratio":0.02165956352377126,"profit_abs":0.52339665,"exit_reason":"exit_signal","initial_stop_loss_abs":1.506,"initial_stop_loss_ratio":-0.345,"stop_loss_abs":1.506,"stop_loss_ratio":-0.345,"min_rate":2.293,"max_rate":2.3766,"is_open":false,"enter_tag":"","leverage":1.0,"is_short":false,"open_timestamp":1762368600000,"close_timestamp":1762384800000,"orders":[{"amount":10.5,"safe_price":2.2991,"ft_order_side":"buy","order_filled_timestamp":1762368600000,"ft_is_entry":true,"ft_order_tag":"","cost":24.16469055},{"amount":10.5,"safe_price":2.3536,"ft_order_side":"sell","order_filled_timestamp":1762384800000,"ft_is_entry":false,"ft_order_tag":"exit_signal","cost":24.737512799999998}],"funding_fees":0.0,"weekday":2},{"pair":"SAND/USDT","stake_amount":24.327,"max_stake_amount":24.327,"amount":135.0,"open_date":"2025-11-06 19:15:00+00:00","close_date":"2025-11-06 19:50:00+00:00","open_rate":0.1802,"close_rate":0.1797,"fee_open":0.001,"fee_close":0.001,"trade_duration":35,"profit_ratio":-0.0047671529358543786,"profit_abs":-0.1160865,"exit_reason":"exit_signal","initial_stop_loss_abs":0.1181,"initial_stop_loss_ratio":-0.345,"stop_loss_abs":0.1181,"stop_loss_ratio":-0.345,"min_rate":0.1791,"max_rate":0.18080000000000002,"is_open":false,"enter_tag":"","leverage":1.0,"is_short":false,"open_timestamp":1762456500000,"close_timestamp":1762458600000,"orders":[{"amount":135.0,"safe_price":0.1802,"ft_order_side":"buy","order_filled_timestamp":1762456500000,"ft_is_entry":true,"ft_order_tag":"","cost":24.351326999999994},{"amount":135.0,"safe_price":0.1797,"ft_order_side":"sell","order_filled_timestamp":1762458600000,"ft_is_entry":false,"ft_order_tag":"exit_signal","cost":24.283759499999995}],"funding_fees":0.0,"weekday":3},{"pair":"SAND/USDT","stake_amount":24.3656,"max_stake_amount":24.3656,"amount":133.0,"open_date":"2025-11-07 00:50:00+00:00","close_date":"2025-11-07 09:05:00+00:00","open_rate":0.1832,"close_rate":0.1883,"fee_open":0.001,"fee_close":0.001,"trade_duration":495,"profit_ratio":0.02578480471493572,"profit_abs":0.6288905,"exit_reason":"exit_signal","initial_stop_loss_abs":0.12,"initial_stop_loss_ratio":-0.345,"stop_loss_abs":0.12,"stop_loss_ratio":-0.345,"min_rate":0.18080000000000002,"max_rate":0.1908,"is_open":false,"enter_tag":"","leverage":1.0,"is_short":false,"open_timestamp":1762476600000,"close_timestamp":1762506300000,"orders":[{"amount":133.0,"safe_price":0.1832,"ft_order_side":"buy","order_filled_timestamp":1762476600000,"ft_is_entry":true,"ft_order_tag":"","cost":24.389965599999996},{"amount":133.0,"safe_price":0.1883,"ft_order_side":"sell","order_filled_timestamp":1762506300000,"ft_is_entry":false,"ft_order_tag":"exit_signal","cost":25.068943899999997}],"funding_fees":0.0,"weekday":4},{"pair":"XRP/USDT","stake_amount":24.28193,"max_stake_amount":24.28193,"amount":10.9,"open_date":"2025-11-07 03:45:00+00:00","close_date":"2025-11-07 09:10:00+00:00","open_rate":2.2277,"close_rate":2.2077,"fee_open":0.001,"fee_close":0.001,"trade_duration":325,"profit_ratio":-0.010957933748255605,"profit_abs":-0.26634586,"exit_reason":"exit_signal","initial_stop_loss_abs":1.4592,"initial_stop_loss_ratio":-0.345,"stop_loss_abs":1.4592,"stop_loss_ratio":-0.345,"min_rate":2.2073,"max_rate":2.2397,"is_open":false,"enter_tag":"","leverage":1.0,"is_short":false,"open_timestamp":1762487100000,"close_timestamp":1762506600000,"orders":[{"amount":10.9,"safe_price":2.2277,"ft_order_side":"buy","order_filled_timestamp":1762487100000,"ft_is_entry":true,"ft_order_tag":"","cost":24.30621193},{"amount":10.9,"safe_price":2.2077,"ft_order_side":"sell","order_filled_timestamp":1762506600000,"ft_is_entry":false,"ft_order_tag":"exit_signal","cost":24.087993929999996}],"funding_fees":0.0,"weekday":4},{"pair":"SAND/USDT","stake_amount":24.4692,"max_stake_amount":24.4692,"amount":126.0,"open_date":"2025-11-07 16:10:00+00:00","close_date":"2025-11-07 22:05:00+00:00","open_rate":0.1942,"close_rate":0.2109,"fee_open":0.001,"fee_close":0.001,"trade_duration":355,"profit_ratio":0.08382400297951276,"profit_abs":2.0531574,"exit_reason":"exit_signal","initial_stop_loss_abs":0.1273,"initial_stop_loss_ratio":-0.345,"stop_loss_abs":0.1273,"stop_loss_ratio":-0.345,"min_rate":0.1937,"max_rate":0.214,"is_open":false,"enter_tag":"","leverage":1.0,"is_short":false,"open_timestamp":1762531800000,"close_timestamp":1762553100000,"orders":[{"amount":126.0,"safe_price":0.1942,"ft_order_side":"buy","order_filled_timestamp":1762531800000,"ft_is_entry":true,"ft_order_tag":"","cost":24.4936692},{"amount":126.0,"safe_price":0.2109,"ft_order_side":"sell","order_filled_timestamp":1762553100000,"ft_is_entry":false,"ft_order_tag":"exit_signal","cost":26.599973399999996}],"funding_fees":0.0,"weekday":4},{"pair":"XRP/USDT","stake_amount":24.44904,"max_stake_amount":24.44904,"amount":10.8,"open_date":"2025-11-07 17:10:00+00:00","close_date":"2025-11-07 22:25:00+00:00","open_rate":2.2638,"close_rate":2.3372,"fee_open":0.001,"fee_close":0.001,"trade_duration":315,"profit_ratio":0.030360575019997227,"profit_abs":0.7430292,"exit_reason":"exit_signal","initial_stop_loss_abs":1.4828,"initial_stop_loss_ratio":-0.345,"stop_loss_abs":1.4828,"stop_loss_ratio":-0.345,"min_rate":2.2579000000000002,"max_rate":2.3729,"is_open":false,"enter_tag":"","leverage":1.0,"is_short":false,"open_timestamp":1762535400000,"close_timestamp":1762554300000,"orders":[{"amount":10.8,"safe_price":2.2638,"ft_order_side":"buy","order_filled_timestamp":1762535400000,"ft_is_entry":true,"ft_order_tag":"","cost":24.473489039999997},{"amount":10.8,"safe_price":2.3372,"ft_order_side":"sell","order_filled_timestamp":1762554300000,"ft_is_entry":false,"ft_order_tag":"exit_signal","cost":25.26700176}],"funding_fees":0.0,"weekday":4},{"pair":"XRP/USDT","stake_amount":25.82193,"max_stake_amount":25.82193,"amount":11.1,"open_date":"2025-11-09 17:00:00+00:00","close_date":"2025-11-09 22:00:00+00:00","open_rate":2.3263,"close_rate":2.3381,"fee_open":0.001,"fee_close":0.001,"trade_duration":300,"profit_ratio":0.003064295889812805,"profit_abs":0.07920516,"exit_reason":"exit_signal","initial_stop_loss_abs":1.5238,"initial_stop_loss_ratio":-0.345,"stop_loss_abs":1.5238,"stop_loss_ratio":-0.345,"min_rate":2.3021000000000003,"max_rate":2.3546,"is_open":false,"enter_tag":"","leverage":1.0,"is_short":false,"open_timestamp":1762707600000,"close_timestamp":1762725600000,"orders":[{"amount":11.1,"safe_price":2.3263,"ft_order_side":"buy","order_filled_timestamp":1762707600000,"ft_is_entry":true,"ft_order_tag":"","cost":25.847751929999994},{"amount":11.1,"safe_price":2.3381,"ft_order_side":"sell","order_filled_timestamp":1762725600000,"ft_is_entry":false,"ft_order_tag":"exit_signal","cost":25.978862909999993}],"funding_fees":0.0,"weekday":6},{"pair":"XRP/USDT","stake_amount":25.76978,"max_stake_amount":25.76978,"amount":10.9,"open_date":"2025-11-09 23:35:00+00:00","close_date":"2025-11-10 06:00:00+00:00","open_rate":2.3642,"close_rate":2.4526,"fee_open":0.001,"fee_close":0.001,"trade_duration":385,"profit_ratio":0.03531837420679312,"profit_abs":0.91105688,"exit_reason":"exit_signal","initial_stop_loss_abs":1.5486,"initial_stop_loss_ratio":-0.345,"stop_loss_abs":1.5486,"stop_loss_ratio":-0.345,"min_rate":2.3462,"max_rate":2.4779,"is_open":false,"enter_tag":"","leverage":1.0,"is_short":false,"open_timestamp":1762731300000,"close_timestamp":1762754400000,"orders":[{"amount":10.9,"safe_price":2.3642,"ft_order_side":"buy","order_filled_timestamp":1762731300000,"ft_is_entry":true,"ft_order_tag":"","cost":25.795549779999998},{"amount":10.9,"safe_price":2.4526,"ft_order_side":"sell","order_filled_timestamp":1762754400000,"ft_is_entry":false,"ft_order_tag":"exit_signal","cost":26.760073339999995}],"funding_fees":0.0,"weekday":0},{"pair":"XRP/USDT","stake_amount":26.26088,"max_stake_amount":26.26088,"amount":10.3,"open_date":"2025-11-10 10:25:00+00:00","close_date":"2025-11-10 12:10:00+00:00","open_rate":2.5496,"close_rate":2.5299,"fee_open":0.001,"fee_close":0.001,"trade_duration":105,"profit_ratio":-0.009709266259313325,"profit_abs":-0.25522885,"exit_reason":"exit_signal","initial_stop_loss_abs":1.67,"initial_stop_loss_ratio":-0.345,"stop_loss_abs":1.67,"stop_loss_ratio":-0.345,"min_rate":2.526,"max_rate":2.5731,"is_open":false,"enter_tag":"","leverage":1.0,"is_short":false,"open_timestamp":1762770300000,"close_timestamp":1762776600000,"orders":[{"amount":10.3,"safe_price":2.5496,"ft_order_side":"buy","order_filled_timestamp":1762770300000,"ft_is_entry":true,"ft_order_tag":"","cost":26.28714088},{"amount":10.3,"safe_price":2.5299,"ft_order_side":"sell","order_filled_timestamp":1762776600000,"ft_is_entry":false,"ft_order_tag":"exit_signal","cost":26.084027969999998}],"funding_fees":0.0,"weekday":0},{"pair":"XRP/USDT","stake_amount":26.18665,"max_stake_amount":26.18665,"amount":11.5,"open_date":"2025-11-16 10:00:00+00:00","close_date":"2025-11-16 11:20:00+00:00","open_rate":2.2771,"close_rate":2.2597,"fee_open":0.001,"fee_close":0.001,"trade_duration":80,"profit_ratio":-0.009624032811420278,"profit_abs":-0.2522732,"exit_reason":"exit_signal","initial_stop_loss_abs":1.4916,"initial_stop_loss_ratio":-0.345,"stop_loss_abs":1.4916,"stop_loss_ratio":-0.345,"min_rate":2.2458,"max_rate":2.2800000000000002,"is_open":false,"enter_tag":"","leverage":1.0,"is_short":false,"open_timestamp":1763287200000,"close_timestamp":1763292000000,"orders":[{"amount":11.5,"safe_price":2.2771,"ft_order_side":"buy","order_filled_timestamp":1763287200000,"ft_is_entry":true,"ft_order_tag":"","cost":26.212836649999996},{"amount":11.5,"safe_price":2.2597,"ft_order_side":"sell","order_filled_timestamp":1763292000000,"ft_is_entry":false,"ft_order_tag":"exit_signal","cost":26.012536549999997}],"funding_fees":0.0,"weekday":6},{"pair":"XRP/USDT","stake_amount":26.0682,"max_stake_amount":26.0682,"amount":11.5,"open_date":"2025-11-17 07:20:00+00:00","close_date":"2025-11-17 08:00:00+00:00","open_rate":2.2668,"close_rate":2.2643,"fee_open":0.001,"fee_close":0.001,"trade_duration":40,"profit_ratio":-0.0030986747503422996,"profit_abs":-0.08085765,"exit_reason":"exit_signal","initial_stop_loss_abs":1.4848,"initial_stop_loss_ratio":-0.345,"stop_loss_abs":1.4848,"stop_loss_ratio":-0.345,"min_rate":2.26,"max_rate":2.2685,"is_open":false,"enter_tag":"","leverage":1.0,"is_short":false,"open_timestamp":1763364000000,"close_timestamp":1763366400000,"orders":[{"amount":11.5,"safe_price":2.2668,"ft_order_side":"buy","order_filled_timestamp":1763364000000,"ft_is_entry":true,"ft_order_tag":"","cost":26.094268199999995},{"amount":11.5,"safe_price":2.2643,"ft_order_side":"sell","order_filled_timestamp":1763366400000,"ft_is_entry":false,"ft_order_tag":"exit_signal","cost":26.065489449999994}],"funding_fees":0.0,"weekday":0},{"pair":"XRP/USDT","stake_amount":26.13228,"max_stake_amount":26.13228,"amount":11.8,"open_date":"2025-11-18 15:55:00+00:00","close_date":"2025-11-18 20:00:00+00:00","open_rate":2.2146,"close_rate":2.2282,"fee_open":0.001,"fee_close":0.001,"trade_duration":245,"profit_ratio":0.004130791993159915,"profit_abs":0.10805496,"exit_reason":"exit_signal","initial_stop_loss_abs":1.4506,"initial_stop_loss_ratio":-0.345,"stop_loss_abs":1.4506,"stop_loss_ratio":-0.345,"min_rate":2.2014,"max_rate":2.2399,"is_open":false,"enter_tag":"","leverage":1.0,"is_short":false,"open_timestamp":1763481300000,"close_timestamp":1763496000000,"orders":[{"amount":11.8,"safe_price":2.2146,"ft_order_side":"buy","order_filled_timestamp":1763481300000,"ft_is_entry":true,"ft_order_tag":"","cost":26.15841228},{"amount":11.8,"safe_price":2.2282,"ft_order_side":"sell","order_filled_timestamp":1763496000000,"ft_is_entry":false,"ft_order_tag":"exit_signal","cost":26.31905276}],"funding_fees":0.0,"weekday":1},{"pair":"SAND/USDT","stake_amount":26.1366,"max_stake_amount":26.1366,"amount":147.0,"open_date":"2025-11-18 15:40:00+00:00","close_date":"2025-11-18 20:10:00+00:00","open_rate":0.1778,"close_rate":0.1791,"fee_open":0.001,"fee_close":0.001,"trade_duration":270,"profit_ratio":0.005298975490201587,"profit_abs":0.1386357,"exit_reason":"exit_signal","initial_stop_loss_abs":0.1165,"initial_stop_loss_ratio":-0.345,"stop_loss_abs":0.1165,"stop_loss_ratio":-0.345,"min_rate":0.1768,"max_rate":0.18130000000000002,"is_open":false,"enter_tag":"","leverage":1.0,"is_short":false,"open_timestamp":1763480400000,"close_timestamp":1763496600000,"orders":[{"amount":147.0,"safe_price":0.1778,"ft_order_side":"buy","order_filled_timestamp":1763480400000,"ft_is_entry":true,"ft_order_tag":"","cost":26.1627366},{"amount":147.0,"safe_price":0.1791,"ft_order_side":"sell","order_filled_timestamp":1763496600000,"ft_is_entry":false,"ft_order_tag":"exit_signal","cost":26.354027699999996}],"funding_fees":0.0,"weekday":1},{"pair":"XRP/USDT","stake_amount":26.244,"max_stake_amount":26.244,"amount":13.5,"open_date":"2025-11-22 16:30:00+00:00","close_date":"2025-11-22 20:55:00+00:00","open_rate":1.944,"close_rate":1.9220000000000002,"fee_open":0.001,"fee_close":0.001,"trade_duration":265,"profit_ratio":-0.01329226329226329,"profit_abs":-0.349191,"exit_reason":"exit_signal","initial_stop_loss_abs":1.2734,"initial_stop_loss_ratio":-0.345,"stop_loss_abs":1.2734,"stop_loss_ratio":-0.345,"min_rate":1.9203000000000001,"max_rate":1.9517,"is_open":false,"enter_tag":"","leverage":1.0,"is_short":false,"open_timestamp":1763829000000,"close_timestamp":1763844900000,"orders":[{"amount":13.5,"safe_price":1.944,"ft_order_side":"buy","order_filled_timestamp":1763829000000,"ft_is_entry":true,"ft_order_tag":"","cost":26.270243999999998},{"amount":13.5,"safe_price":1.9220000000000002,"ft_order_side":"sell","order_filled_timestamp":1763844900000,"ft_is_entry":false,"ft_order_tag":"exit_signal","cost":25.972947}],"funding_fees":0.0,"weekday":5},{"pair":"SAND/USDT","stake_amount":26.01,"max_stake_amount":26.01,"amount":170.0,"open_date":"2025-11-22 22:55:00+00:00","close_date":"2025-11-23 00:45:00+00:00","open_rate":0.153,"close_rate":0.1507,"fee_open":0.001,"fee_close":0.001,"trade_duration":110,"profit_ratio":-0.017000646412411117,"profit_abs":-0.442629,"exit_reason":"exit_signal","initial_stop_loss_abs":0.1003,"initial_stop_loss_ratio":-0.345,"stop_loss_abs":0.1003,"stop_loss_ratio":-0.345,"min_rate":0.1501,"max_rate":0.15330000000000002,"is_open":false,"enter_tag":"","leverage":1.0,"is_short":false,"open_timestamp":1763852100000,"close_timestamp":1763858700000,"orders":[{"amount":170.0,"safe_price":0.153,"ft_order_side":"buy","order_filled_timestamp":1763852100000,"ft_is_entry":true,"ft_order_tag":"","cost":26.036009999999994},{"amount":170.0,"safe_price":0.1507,"ft_order_side":"sell","order_filled_timestamp":1763858700000,"ft_is_entry":false,"ft_order_tag":"exit_signal","cost":25.644619}],"funding_fees":0.0,"weekday":6},{"pair":"SAND/USDT","stake_amount":25.551,"max_stake_amount":25.551,"amount":167.0,"open_date":"2025-11-23 02:45:00+00:00","close_date":"2025-11-23 03:25:00+00:00","open_rate":0.153,"close_rate":0.1519,"fee_open":0.001,"fee_close":0.001,"trade_duration":40,"profit_ratio":-0.009173179761415056,"profit_abs":-0.2346183,"exit_reason":"exit_signal","initial_stop_loss_abs":0.1003,"initial_stop_loss_ratio":-0.345,"stop_loss_abs":0.1003,"stop_loss_ratio":-0.345,"min_rate":0.15180000000000002,"max_rate":0.1534,"is_open":false,"enter_tag":"","leverage":1.0,"is_short":false,"open_timestamp":1763865900000,"close_timestamp":1763868300000,"orders":[{"amount":167.0,"safe_price":0.153,"ft_order_side":"buy","order_filled_timestamp":1763865900000,"ft_is_entry":true,"ft_order_tag":"","cost":25.576550999999995},{"amount":167.0,"safe_price":0.1519,"ft_order_side":"sell","order_filled_timestamp":1763868300000,"ft_is_entry":false,"ft_order_tag":"exit_signal","cost":25.392667299999996}],"funding_fees":0.0,"weekday":6},{"pair":"SAND/USDT","stake_amount":25.3544,"max_stake_amount":25.3544,"amount":164.0,"open_date":"2025-11-23 04:35:00+00:00","close_date":"2025-11-23 06:00:00+00:00","open_rate":0.1546,"close_rate":0.15380000000000002,"fee_open":0.001,"fee_close":0.001,"trade_duration":85,"profit_ratio":-0.007162307291673397,"profit_abs":-0.1817776,"exit_reason":"exit_signal","initial_stop_loss_abs":0.1013,"initial_stop_loss_ratio":-0.345,"stop_loss_abs":0.1013,"stop_loss_ratio":-0.345,"min_rate":0.1535,"max_rate":0.1549,"is_open":false,"enter_tag":"","leverage":1.0,"is_short":false,"open_timestamp":1763872500000,"close_timestamp":1763877600000,"orders":[{"amount":164.0,"safe_price":0.15460000000000002,"ft_order_side":"buy","order_filled_timestamp":1763872500000,"ft_is_entry":true,"ft_order_tag":"","cost":25.3797544},{"amount":164.0,"safe_price":0.15380000000000002,"ft_order_side":"sell","order_filled_timestamp":1763877600000,"ft_is_entry":false,"ft_order_tag":"exit_signal","cost":25.248423199999998}],"funding_fees":0.0,"weekday":6},{"pair":"XRP/USDT","stake_amount":26.0697,"max_stake_amount":26.0697,"amount":13.4,"open_date":"2025-11-22 22:25:00+00:00","close_date":"2025-11-23 06:40:00+00:00","open_rate":1.9455,"close_rate":2.0415,"fee_open":0.001,"fee_close":0.001,"trade_duration":495,"profit_ratio":0.04724804879006883,"profit_abs":1.2329742,"exit_reason":"exit_signal","initial_stop_loss_abs":1.2744,"initial_stop_loss_ratio":-0.345,"stop_loss_abs":1.2744,"stop_loss_ratio":-0.345,"min_rate":1.9396,"max_rate":2.076,"is_open":false,"enter_tag":"","leverage":1.0,"is_short":false,"open_timestamp":1763850300000,"close_timestamp":1763880000000,"orders":[{"amount":13.4,"safe_price":1.9455,"ft_order_side":"buy","order_filled_timestamp":1763850300000,"ft_is_entry":true,"ft_order_tag":"","cost":26.095769699999998},{"amount":13.4,"safe_price":2.0415,"ft_order_side":"sell","order_filled_timestamp":1763880000000,"ft_is_entry":false,"ft_order_tag":"exit_signal","cost":27.3834561}],"funding_fees":0.0,"weekday":6},{"pair":"SAND/USDT","stake_amount":26.2568,"max_stake_amount":26.2568,"amount":184.0,"open_date":"2025-12-02 13:30:00+00:00","close_date":"2025-12-02 19:55:00+00:00","open_rate":0.1427,"close_rate":0.15230000000000002,"fee_open":0.001,"fee_close":0.001,"trade_duration":385,"profit_ratio":0.06514158581432583,"profit_abs":1.71212,"exit_reason":"exit_signal","initial_stop_loss_abs":0.0935,"initial_stop_loss_ratio":-0.345,"stop_loss_abs":0.0935,"stop_loss_ratio":-0.345,"min_rate":0.1427,"max_rate":0.154,"is_open":false,"enter_tag":"","leverage":1.0,"is_short":false,"open_timestamp":1764682200000,"close_timestamp":1764705300000,"orders":[{"amount":184.0,"safe_price":0.1427,"ft_order_side":"buy","order_filled_timestamp":1764682200000,"ft_is_entry":true,"ft_order_tag":"","cost":26.283056799999997},{"amount":184.0,"safe_price":0.15230000000000002,"ft_order_side":"sell","order_filled_timestamp":1764705300000,"ft_is_entry":false,"ft_order_tag":"exit_signal","cost":28.0512232}],"funding_fees":0.0,"weekday":1},{"pair":"XRP/USDT","stake_amount":26.13533,"max_stake_amount":26.13533,"amount":12.7,"open_date":"2025-12-02 14:25:00+00:00","close_date":"2025-12-02 20:15:00+00:00","open_rate":2.0579,"close_rate":2.1737,"fee_open":0.001,"fee_close":0.001,"trade_duration":350,"profit_ratio":0.05416052434858014,"profit_abs":1.41691868,"exit_reason":"exit_signal","initial_stop_loss_abs":1.348,"initial_stop_loss_ratio":-0.345,"stop_loss_abs":1.348,"stop_loss_ratio":-0.345,"min_rate":2.0556,"max_rate":2.1831,"is_open":false,"enter_tag":"","leverage":1.0,"is_short":false,"open_timestamp":1764685500000,"close_timestamp":1764706500000,"orders":[{"amount":12.7,"safe_price":2.0579,"ft_order_side":"buy","order_filled_timestamp":1764685500000,"ft_is_entry":true,"ft_order_tag":"","cost":26.161465329999995},{"amount":12.7,"safe_price":2.1737,"ft_order_side":"sell","order_filled_timestamp":1764706500000,"ft_is_entry":false,"ft_order_tag":"exit_signal","cost":27.63359599}],"funding_fees":0.0,"weekday":1},{"pair":"XRP/USDT","stake_amount":27.75352,"max_stake_amount":27.75352,"amount":13.6,"open_date":"2025-12-07 01:50:00+00:00","close_date":"2025-12-07 02:00:00+00:00","open_rate":2.0407,"close_rate":2.034,"fee_open":0.001,"fee_close":0.001,"trade_duration":10,"profit_ratio":-0.005274629325200207,"profit_abs":-0.14653592,"exit_reason":"exit_signal","initial_stop_loss_abs":1.3367,"initial_stop_loss_ratio":-0.345,"stop_loss_abs":1.3367,"stop_loss_ratio":-0.345,"min_rate":2.034,"max_rate":2.0412,"is_open":false,"enter_tag":"","leverage":1.0,"is_short":false,"open_timestamp":1765072200000,"close_timestamp":1765072800000,"orders":[{"amount":13.6,"safe_price":2.0407,"ft_order_side":"buy","order_filled_timestamp":1765072200000,"ft_is_entry":true,"ft_order_tag":"","cost":27.78127352},{"amount":13.6,"safe_price":2.034,"ft_order_side":"sell","order_filled_timestamp":1765072800000,"ft_is_entry":false,"ft_order_tag":"exit_signal","cost":27.690062399999995}],"funding_fees":0.0,"weekday":6},{"pair":"XRP/USDT","stake_amount":27.6156,"max_stake_amount":27.6156,"amount":13.5,"open_date":"2025-12-07 02:45:00+00:00","close_date":"2025-12-07 06:20:00+00:00","open_rate":2.0456,"close_rate":2.0497,"fee_open":0.001,"fee_close":0.001,"trade_duration":215,"profit_ratio":2.2953190727926746e-06,"profit_abs":6.345e-05,"exit_reason":"exit_signal","initial_stop_loss_abs":1.3399,"initial_stop_loss_ratio":-0.345,"stop_loss_abs":1.3399,"stop_loss_ratio":-0.345,"min_rate":2.0429,"max_rate":2.0738,"is_open":false,"enter_tag":"","leverage":1.0,"is_short":false,"open_timestamp":1765075500000,"close_timestamp":1765088400000,"orders":[{"amount":13.5,"safe_price":2.0456,"ft_order_side":"buy","order_filled_timestamp":1765075500000,"ft_is_entry":true,"ft_order_tag":"","cost":27.643215599999994},{"amount":13.5,"safe_price":2.0497,"ft_order_side":"sell","order_filled_timestamp":1765088400000,"ft_is_entry":false,"ft_order_tag":"exit_signal","cost":27.69862095}],"funding_fees":0.0,"weekday":6},{"pair":"XRP/USDT","stake_amount":27.60648,"max_stake_amount":27.60648,"amount":13.2,"open_date":"2025-12-07 17:50:00+00:00","close_date":"2025-12-07 21:35:00+00:00","open_rate":2.0914,"close_rate":2.0696,"fee_open":0.001,"fee_close":0.001,"trade_duration":225,"profit_ratio":-0.012400815212329032,"profit_abs":-0.3426852,"exit_reason":"exit_signal","initial_stop_loss_abs":1.3699,"initial_stop_loss_ratio":-0.345,"stop_loss_abs":1.3699,"stop_loss_ratio":-0.345,"min_rate":2.0593,"max_rate":2.1109,"is_open":false,"enter_tag":"","leverage":1.0,"is_short":false,"open_timestamp":1765129800000,"close_timestamp":1765143300000,"orders":[{"amount":13.2,"safe_price":2.0914,"ft_order_side":"buy","order_filled_timestamp":1765129800000,"ft_is_entry":true,"ft_order_tag":"","cost":27.634086479999997},{"amount":13.2,"safe_price":2.0696,"ft_order_side":"sell","order_filled_timestamp":1765143300000,"ft_is_entry":false,"ft_order_tag":"exit_signal","cost":27.346038719999992}],"funding_fees":0.0,"weekday":6},{"pair":"XRP/USDT","stake_amount":27.39603,"max_stake_amount":27.39603,"amount":13.1,"open_date":"2025-12-08 07:35:00+00:00","close_date":"2025-12-08 11:35:00+00:00","open_rate":2.0913,"close_rate":2.0904,"fee_open":0.001,"fee_close":0.001,"trade_duration":240,"profit_ratio":-0.002427496474261644,"profit_abs":-0.06657027,"exit_reason":"exit_signal","initial_stop_loss_abs":1.3699,"initial_stop_loss_ratio":-0.345,"stop_loss_abs":1.3699,"stop_loss_ratio":-0.345,"min_rate":2.0811,"max_rate":2.1239,"is_open":false,"enter_tag":"","leverage":1.0,"is_short":false,"open_timestamp":1765179300000,"close_timestamp":1765193700000,"orders":[{"amount":13.1,"safe_price":2.0913,"ft_order_side":"buy","order_filled_timestamp":1765179300000,"ft_is_entry":true,"ft_order_tag":"","cost":27.423426029999998},{"amount":13.1,"safe_price":2.0904,"ft_order_side":"sell","order_filled_timestamp":1765193700000,"ft_is_entry":false,"ft_order_tag":"exit_signal","cost":27.411624239999995}],"funding_fees":0.0,"weekday":0},{"pair":"SAND/USDT","stake_amount":27.504,"max_stake_amount":27.504,"amount":191.0,"open_date":"2025-12-08 09:25:00+00:00","close_date":"2025-12-08 11:55:00+00:00","open_rate":0.144,"close_rate":0.14350000000000002,"fee_open":0.001,"fee_close":0.001,"trade_duration":150,"profit_ratio":-0.005463286713286712,"profit_abs":-0.1504125,"exit_reason":"exit_signal","initial_stop_loss_abs":0.0944,"initial_stop_loss_ratio":-0.345,"stop_loss_abs":0.0944,"stop_loss_ratio":-0.345,"min_rate":0.1432,"max_rate":0.14450000000000002,"is_open":false,"enter_tag":"","leverage":1.0,"is_short":false,"open_timestamp":1765185900000,"close_timestamp":1765194900000,"orders":[{"amount":191.0,"safe_price":0.14400000000000002,"ft_order_side":"buy","order_filled_timestamp":1765185900000,"ft_is_entry":true,"ft_order_tag":"","cost":27.531504},{"amount":191.0,"safe_price":0.14350000000000002,"ft_order_side":"sell","order_filled_timestamp":1765194900000,"ft_is_entry":false,"ft_order_tag":"exit_signal","cost":27.4359085}],"funding_fees":0.0,"weekday":0},{"pair":"SAND/USDT","stake_amount":27.455,"max_stake_amount":27.455,"amount":190.0,"open_date":"2025-12-09 15:45:00+00:00","close_date":"2025-12-09 20:30:00+00:00","open_rate":0.1445,"close_rate":0.1471,"fee_open":0.001,"fee_close":0.001,"trade_duration":285,"profit_ratio":0.015959127377812497,"profit_abs":0.438596,"exit_reason":"exit_signal","initial_stop_loss_abs":0.0947,"initial_stop_loss_ratio":-0.345,"stop_loss_abs":0.0947,"stop_loss_ratio":-0.345,"min_rate":0.1441,"max_rate":0.1497,"is_open":false,"enter_tag":"","leverage":1.0,"is_short":false,"open_timestamp":1765295100000,"close_timestamp":1765312200000,"orders":[{"amount":190.0,"safe_price":0.14450000000000002,"ft_order_side":"buy","order_filled_timestamp":1765295100000,"ft_is_entry":true,"ft_order_tag":"","cost":27.482454999999998},{"amount":190.0,"safe_price":0.1471,"ft_order_side":"sell","order_filled_timestamp":1765312200000,"ft_is_entry":false,"ft_order_tag":"exit_signal","cost":27.976948999999998}],"funding_fees":0.0,"weekday":1},{"pair":"XRP/USDT","stake_amount":27.60256,"max_stake_amount":27.60256,"amount":13.6,"open_date":"2025-12-13 04:40:00+00:00","close_date":"2025-12-13 09:40:00+00:00","open_rate":2.0296,"close_rate":2.0379,"fee_open":0.001,"fee_close":0.001,"trade_duration":300,"profit_ratio":0.0020833029800313998,"profit_abs":0.057562,"exit_reason":"exit_signal","initial_stop_loss_abs":1.3294,"initial_stop_loss_ratio":-0.345,"stop_loss_abs":1.3294,"stop_loss_ratio":-0.345,"min_rate":2.0256,"max_rate":2.0482,"is_open":false,"enter_tag":"","leverage":1.0,"is_short":false,"open_timestamp":1765600800000,"close_timestamp":1765618800000,"orders":[{"amount":13.6,"safe_price":2.0296,"ft_order_side":"buy","order_filled_timestamp":1765600800000,"ft_is_entry":true,"ft_order_tag":"","cost":27.630162559999995},{"amount":13.6,"safe_price":2.0379,"ft_order_side":"sell","order_filled_timestamp":1765618800000,"ft_is_entry":false,"ft_order_tag":"exit_signal","cost":27.74315544}],"funding_fees":0.0,"weekday":5},{"pair":"XRP/USDT","stake_amount":27.6805,"max_stake_amount":27.6805,"amount":14.5,"open_date":"2025-12-18 13:40:00+00:00","close_date":"2025-12-18 17:10:00+00:00","open_rate":1.909,"close_rate":1.8757000000000001,"fee_open":0.001,"fee_close":0.001,"trade_duration":210,"profit_ratio":-0.019406837269592636,"profit_abs":-0.53772815,"exit_reason":"exit_signal","initial_stop_loss_abs":1.2504,"initial_stop_loss_ratio":-0.345,"stop_loss_abs":1.2504,"stop_loss_ratio":-0.345,"min_rate":1.8665,"max_rate":1.9341,"is_open":false,"enter_tag":"","leverage":1.0,"is_short":false,"open_timestamp":1766065200000,"close_timestamp":1766077800000,"orders":[{"amount":14.5,"safe_price":1.909,"ft_order_side":"buy","order_filled_timestamp":1766065200000,"ft_is_entry":true,"ft_order_tag":"","cost":27.708180499999997},{"amount":14.5,"safe_price":1.8757000000000001,"ft_order_side":"sell","order_filled_timestamp":1766077800000,"ft_is_entry":false,"ft_order_tag":"exit_signal","cost":27.22484765}],"funding_fees":0.0,"weekday":3},{"pair":"SAND/USDT","stake_amount":27.4197,"max_stake_amount":27.4197,"amount":231.0,"open_date":"2025-12-19 16:25:00+00:00","close_date":"2025-12-19 17:45:00+00:00","open_rate":0.1187,"close_rate":0.11710000000000001,"fee_open":0.001,"fee_close":0.001,"trade_duration":80,"profit_ratio":-0.015450429940741651,"profit_abs":-0.4240698,"exit_reason":"exit_signal","initial_stop_loss_abs":0.0778,"initial_stop_loss_ratio":-0.345,"stop_loss_abs":0.0778,"stop_loss_ratio":-0.345,"min_rate":0.11660000000000001,"max_rate":0.12010000000000001,"is_open":false,"enter_tag":"","leverage":1.0,"is_short":false,"open_timestamp":1766161500000,"close_timestamp":1766166300000,"orders":[{"amount":231.0,"safe_price":0.1187,"ft_order_side":"buy","order_filled_timestamp":1766161500000,"ft_is_entry":true,"ft_order_tag":"","cost":27.447119699999995},{"amount":231.0,"safe_price":0.11710000000000001,"ft_order_side":"sell","order_filled_timestamp":1766166300000,"ft_is_entry":false,"ft_order_tag":"exit_signal","cost":27.077150099999997}],"funding_fees":0.0,"weekday":4},{"pair":"SAND/USDT","stake_amount":27.2173,"max_stake_amount":27.2173,"amount":227.0,"open_date":"2025-12-19 20:35:00+00:00","close_date":"2025-12-19 21:50:00+00:00","open_rate":0.1199,"close_rate":0.1193,"fee_open":0.001,"fee_close":0.001,"trade_duration":75,"profit_ratio":-0.006992173797845192,"profit_abs":-0.1904984,"exit_reason":"exit_signal","initial_stop_loss_abs":0.0786,"initial_stop_loss_ratio":-0.345,"stop_loss_abs":0.0786,"stop_loss_ratio":-0.345,"min_rate":0.1193,"max_rate":0.12040000000000001,"is_open":false,"enter_tag":"","leverage":1.0,"is_short":false,"open_timestamp":1766176500000,"close_timestamp":1766181000000,"orders":[{"amount":227.0,"safe_price":0.1199,"ft_order_side":"buy","order_filled_timestamp":1766176500000,"ft_is_entry":true,"ft_order_tag":"","cost":27.2445173},{"amount":227.0,"safe_price":0.1193,"ft_order_side":"sell","order_filled_timestamp":1766181000000,"ft_is_entry":false,"ft_order_tag":"exit_signal","cost":27.108181099999996}],"funding_fees":0.0,"weekday":4},{"pair":"SAND/USDT","stake_amount":27.14,"max_stake_amount":27.14,"amount":236.0,"open_date":"2025-12-25 04:00:00+00:00","close_date":"2025-12-25 05:40:00+00:00","open_rate":0.115,"close_rate":0.1145,"fee_open":0.001,"fee_close":0.001,"trade_duration":100,"profit_ratio":-0.006337141119749816,"profit_abs":-0.172162,"exit_reason":"exit_signal","initial_stop_loss_abs":0.0754,"initial_stop_loss_ratio":-0.345,"stop_loss_abs":0.0754,"stop_loss_ratio":-0.345,"min_rate":0.1145,"max_rate":0.1153,"is_open":false,"enter_tag":"","leverage":1.0,"is_short":false,"open_timestamp":1766635200000,"close_timestamp":1766641200000,"orders":[{"amount":236.0,"safe_price":0.115,"ft_order_side":"buy","order_filled_timestamp":1766635200000,"ft_is_entry":true,"ft_order_tag":"","cost":27.167139999999996},{"amount":236.0,"safe_price":0.1145,"ft_order_side":"sell","order_filled_timestamp":1766641200000,"ft_is_entry":false,"ft_order_tag":"exit_signal","cost":27.049022}],"funding_fees":0.0,"weekday":3},{"pair":"XRP/USDT","stake_amount":27.01296,"max_stake_amount":27.01296,"amount":14.4,"open_date":"2025-12-25 07:00:00+00:00","close_date":"2025-12-25 08:30:00+00:00","open_rate":1.8759,"close_rate":1.8689,"fee_open":0.001,"fee_close":0.001,"trade_duration":90,"profit_ratio":-0.005722088562325248,"profit_abs":-0.15472512,"exit_reason":"exit_signal","initial_stop_loss_abs":1.2288,"initial_stop_loss_ratio":-0.345,"stop_loss_abs":1.2288,"stop_loss_ratio":-0.345,"min_rate":1.8651,"max_rate":1.8812000000000002,"is_open":false,"enter_tag":"","leverage":1.0,"is_short":false,"open_timestamp":1766646000000,"close_timestamp":1766651400000,"orders":[{"amount":14.4,"safe_price":1.8759000000000001,"ft_order_side":"buy","order_filled_timestamp":1766646000000,"ft_is_entry":true,"ft_order_tag":"","cost":27.03997296},{"amount":14.4,"safe_price":1.8689,"ft_order_side":"sell","order_filled_timestamp":1766651400000,"ft_is_entry":false,"ft_order_tag":"exit_signal","cost":26.93907216}],"funding_fees":0.0,"weekday":3},{"pair":"XRP/USDT","stake_amount":26.90545,"max_stake_amount":26.90545,"amount":14.3,"open_date":"2025-12-25 16:20:00+00:00","close_date":"2025-12-25 18:30:00+00:00","open_rate":1.8815,"close_rate":1.8714,"fee_open":0.001,"fee_close":0.001,"trade_duration":130,"profit_ratio":-0.007355334009599224,"profit_abs":-0.19809647,"exit_reason":"exit_signal","initial_stop_loss_abs":1.2324,"initial_stop_loss_ratio":-0.345,"stop_loss_abs":1.2324,"stop_loss_ratio":-0.345,"min_rate":1.8651,"max_rate":1.8839000000000001,"is_open":false,"enter_tag":"","leverage":1.0,"is_short":false,"open_timestamp":1766679600000,"close_timestamp":1766687400000,"orders":[{"amount":14.3,"safe_price":1.8815,"ft_order_side":"buy","order_filled_timestamp":1766679600000,"ft_is_entry":true,"ft_order_tag":"","cost":26.93235545},{"amount":14.3,"safe_price":1.8714,"ft_order_side":"sell","order_filled_timestamp":1766687400000,"ft_is_entry":false,"ft_order_tag":"exit_signal","cost":26.78778102}],"funding_fees":0.0,"weekday":3},{"pair":"XRP/USDT","stake_amount":26.83395,"max_stake_amount":26.83395,"amount":14.3,"open_date":"2025-12-26 09:50:00+00:00","close_date":"2025-12-26 11:45:00+00:00","open_rate":1.8765,"close_rate":1.8723,"fee_open":0.001,"fee_close":0.001,"trade_duration":115,"profit_ratio":-0.0042317394835380455,"profit_abs":-0.11366784,"exit_reason":"exit_signal","initial_stop_loss_abs":1.2292,"initial_stop_loss_ratio":-0.345,"stop_loss_abs":1.2292,"stop_loss_ratio":-0.345,"min_rate":1.8708,"max_rate":1.8807,"is_open":false,"enter_tag":"","leverage":1.0,"is_short":false,"open_timestamp":1766742600000,"close_timestamp":1766749500000,"orders":[{"amount":14.3,"safe_price":1.8765,"ft_order_side":"buy","order_filled_timestamp":1766742600000,"ft_is_entry":true,"ft_order_tag":"","cost":26.86078395},{"amount":14.3,"safe_price":1.8723,"ft_order_side":"sell","order_filled_timestamp":1766749500000,"ft_is_entry":false,"ft_order_tag":"exit_signal","cost":26.80066389}],"funding_fees":0.0,"weekday":4},{"pair":"XRP/USDT","stake_amount":26.65296,"max_stake_amount":26.65296,"amount":14.4,"open_date":"2025-12-27 18:40:00+00:00","close_date":"2025-12-28 03:15:00+00:00","open_rate":1.8509,"close_rate":1.8722,"fee_open":0.001,"fee_close":0.001,"trade_duration":515,"profit_ratio":0.00948692023304374,"profit_abs":0.25310736,"exit_reason":"exit_signal","initial_stop_loss_abs":1.2124,"initial_stop_loss_ratio":-0.345,"stop_loss_abs":1.2124,"stop_loss_ratio":-0.345,"min_rate":1.8481,"max_rate":1.8788,"is_open":false,"enter_tag":"","leverage":1.0,"is_short":false,"open_timestamp":1766860800000,"close_timestamp":1766891700000,"orders":[{"amount":14.4,"safe_price":1.8509,"ft_order_side":"buy","order_filled_timestamp":1766860800000,"ft_is_entry":true,"ft_order_tag":"","cost":26.679612959999996},{"amount":14.4,"safe_price":1.8722,"ft_order_side":"sell","order_filled_timestamp":1766891700000,"ft_is_entry":false,"ft_order_tag":"exit_signal","cost":26.98663968}],"funding_fees":0.0,"weekday":6},{"pair":"SAND/USDT","stake_amount":26.743,"max_stake_amount":26.743,"amount":235.0,"open_date":"2025-12-27 22:35:00+00:00","close_date":"2025-12-28 04:30:00+00:00","open_rate":0.1138,"close_rate":0.1169,"fee_open":0.001,"fee_close":0.001,"trade_duration":355,"profit_ratio":0.025188344169012004,"profit_abs":0.6742855,"exit_reason":"exit_signal","initial_stop_loss_abs":0.0746,"initial_stop_loss_ratio":-0.345,"stop_loss_abs":0.0746,"stop_loss_ratio":-0.345,"min_rate":0.1136,"max_rate":0.11750000000000001,"is_open":false,"enter_tag":"","leverage":1.0,"is_short":false,"open_timestamp":1766874900000,"close_timestamp":1766896200000,"orders":[{"amount":235.0,"safe_price":0.11380000000000001,"ft_order_side":"buy","order_filled_timestamp":1766874900000,"ft_is_entry":true,"ft_order_tag":"","cost":26.769743},{"amount":235.0,"safe_price":0.1169,"ft_order_side":"sell","order_filled_timestamp":1766896200000,"ft_is_entry":false,"ft_order_tag":"exit_signal","cost":27.4989715}],"funding_fees":0.0,"weekday":6},{"pair":"XRP/USDT","stake_amount":27.15324,"max_stake_amount":27.15324,"amount":14.2,"open_date":"2025-12-29 03:40:00+00:00","close_date":"2025-12-29 07:05:00+00:00","open_rate":1.9122,"close_rate":1.9006,"fee_open":0.001,"fee_close":0.001,"trade_duration":205,"profit_ratio":-0.008052192551721888,"profit_abs":-0.21886176,"exit_reason":"exit_signal","initial_stop_loss_abs":1.2525,"initial_stop_loss_ratio":-0.345,"stop_loss_abs":1.2525,"stop_loss_ratio":-0.345,"min_rate":1.8926,"max_rate":1.9180000000000001,"is_open":false,"enter_tag":"","leverage":1.0,"is_short":false,"open_timestamp":1766979600000,"close_timestamp":1766991900000,"orders":[{"amount":14.2,"safe_price":1.9122,"ft_order_side":"buy","order_filled_timestamp":1766979600000,"ft_is_entry":true,"ft_order_tag":"","cost":27.180393239999994},{"amount":14.2,"safe_price":1.9006,"ft_order_side":"sell","order_filled_timestamp":1766991900000,"ft_is_entry":false,"ft_order_tag":"exit_signal","cost":27.015508519999997}],"funding_fees":0.0,"weekday":0},{"pair":"XRP/USDT","stake_amount":27.00144,"max_stake_amount":27.00144,"amount":14.4,"open_date":"2026-01-01 20:25:00+00:00","close_date":"2026-01-01 20:35:00+00:00","open_rate":1.8751,"close_rate":1.8691,"fee_open":0.001,"fee_close":0.001,"trade_duration":10,"profit_ratio":-0.005191438075017617,"profit_abs":-0.14031648,"exit_reason":"exit_signal","initial_stop_loss_abs":1.2282,"initial_stop_loss_ratio":-0.345,"stop_loss_abs":1.2282,"stop_loss_ratio":-0.345,"min_rate":1.8682,"max_rate":1.8752,"is_open":false,"enter_tag":"","leverage":1.0,"is_short":false,"open_timestamp":1767299100000,"close_timestamp":1767299700000,"orders":[{"amount":14.4,"safe_price":1.8751,"ft_order_side":"buy","order_filled_timestamp":1767299100000,"ft_is_entry":true,"ft_order_tag":"","cost":27.028441439999995},{"amount":14.4,"safe_price":1.8691,"ft_order_side":"sell","order_filled_timestamp":1767299700000,"ft_is_entry":false,"ft_order_tag":"exit_signal","cost":26.94195504}],"funding_fees":0.0,"weekday":3},{"pair":"SAND/USDT","stake_amount":27.1636,"max_stake_amount":27.1636,"amount":236.0,"open_date":"2026-01-01 20:00:00+00:00","close_date":"2026-01-02 00:05:00+00:00","open_rate":0.1151,"close_rate":0.1165,"fee_open":0.001,"fee_close":0.001,"trade_duration":245,"profit_ratio":0.010141031861275126,"profit_abs":0.2757424,"exit_reason":"exit_signal","initial_stop_loss_abs":0.0754,"initial_stop_loss_ratio":-0.345,"stop_loss_abs":0.0754,"stop_loss_ratio":-0.345,"min_rate":0.1151,"max_rate":0.1177,"is_open":false,"enter_tag":"","leverage":1.0,"is_short":false,"open_timestamp":1767297600000,"close_timestamp":1767312300000,"orders":[{"amount":236.0,"safe_price":0.11510000000000001,"ft_order_side":"buy","order_filled_timestamp":1767297600000,"ft_is_entry":true,"ft_order_tag":"","cost":27.1907636},{"amount":236.0,"safe_price":0.1165,"ft_order_side":"sell","order_filled_timestamp":1767312300000,"ft_is_entry":false,"ft_order_tag":"exit_signal","cost":27.521493999999997}],"funding_fees":0.0,"weekday":4},{"pair":"XRP/USDT","stake_amount":27.23418,"max_stake_amount":27.23418,"amount":14.2,"open_date":"2026-01-02 14:55:00+00:00","close_date":"2026-01-02 21:10:00+00:00","open_rate":1.9179,"close_rate":1.9832,"fee_open":0.001,"fee_close":0.001,"trade_duration":375,"profit_ratio":0.03198162700743649,"profit_abs":0.87186438,"exit_reason":"exit_signal","initial_stop_loss_abs":1.2563,"initial_stop_loss_ratio":-0.345,"stop_loss_abs":1.2563,"stop_loss_ratio":-0.345,"min_rate":1.8987,"max_rate":1.998,"is_open":false,"enter_tag":"","leverage":1.0,"is_short":false,"open_timestamp":1767365700000,"close_timestamp":1767388200000,"orders":[{"amount":14.2,"safe_price":1.9179,"ft_order_side":"buy","order_filled_timestamp":1767365700000,"ft_is_entry":true,"ft_order_tag":"","cost":27.261414179999996},{"amount":14.2,"safe_price":1.9832,"ft_order_side":"sell","order_filled_timestamp":1767388200000,"ft_is_entry":false,"ft_order_tag":"exit_signal","cost":28.189601439999997}],"funding_fees":0.0,"weekday":4},{"pair":"XRP/USDT","stake_amount":27.61514,"max_stake_amount":27.61514,"amount":11.9,"open_date":"2026-01-05 20:15:00+00:00","close_date":"2026-01-06 00:20:00+00:00","open_rate":2.3206,"close_rate":2.3256,"fee_open":0.001,"fee_close":0.001,"trade_duration":245,"profit_ratio":0.00015230826227982135,"profit_abs":0.00421022,"exit_reason":"exit_signal","initial_stop_loss_abs":1.52,"initial_stop_loss_ratio":-0.345,"stop_loss_abs":1.52,"stop_loss_ratio":-0.345,"min_rate":2.2978,"max_rate":2.3695,"is_open":false,"enter_tag":"","leverage":1.0,"is_short":false,"open_timestamp":1767644100000,"close_timestamp":1767658800000,"orders":[{"amount":11.9,"safe_price":2.3205999999999998,"ft_order_side":"buy","order_filled_timestamp":1767644100000,"ft_is_entry":true,"ft_order_tag":"","cost":27.642755139999995},{"amount":11.9,"safe_price":2.3256,"ft_order_side":"sell","order_filled_timestamp":1767658800000,"ft_is_entry":false,"ft_order_tag":"exit_signal","cost":27.70231464}],"funding_fees":0.0,"weekday":1},{"pair":"SAND/USDT","stake_amount":27.6312,"max_stake_amount":27.6312,"amount":232.0,"open_date":"2026-01-09 14:05:00+00:00","close_date":"2026-01-09 14:50:00+00:00","open_rate":0.1191,"close_rate":0.11750000000000001,"fee_open":0.001,"fee_close":0.001,"trade_duration":45,"profit_ratio":-0.015405249662176613,"profit_abs":-0.4260912,"exit_reason":"exit_signal","initial_stop_loss_abs":0.0781,"initial_stop_loss_ratio":-0.345,"stop_loss_abs":0.0781,"stop_loss_ratio":-0.345,"min_rate":0.11720000000000001,"max_rate":0.11910000000000001,"is_open":false,"enter_tag":"","leverage":1.0,"is_short":false,"open_timestamp":1767967500000,"close_timestamp":1767970200000,"orders":[{"amount":232.0,"safe_price":0.11910000000000001,"ft_order_side":"buy","order_filled_timestamp":1767967500000,"ft_is_entry":true,"ft_order_tag":"","cost":27.6588312},{"amount":232.0,"safe_price":0.11750000000000001,"ft_order_side":"sell","order_filled_timestamp":1767970200000,"ft_is_entry":false,"ft_order_tag":"exit_signal","cost":27.28726}],"funding_fees":0.0,"weekday":4},{"pair":"SAND/USDT","stake_amount":27.467,"max_stake_amount":27.467,"amount":227.0,"open_date":"2026-01-09 15:35:00+00:00","close_date":"2026-01-09 18:45:00+00:00","open_rate":0.121,"close_rate":0.11900000000000001,"fee_open":0.001,"fee_close":0.001,"trade_duration":190,"profit_ratio":-0.018493902791423454,"profit_abs":-0.50848,"exit_reason":"exit_signal","initial_stop_loss_abs":0.0793,"initial_stop_loss_ratio":-0.345,"stop_loss_abs":0.0793,"stop_loss_ratio":-0.345,"min_rate":0.1177,"max_rate":0.1221,"is_open":false,"enter_tag":"","leverage":1.0,"is_short":false,"open_timestamp":1767972900000,"close_timestamp":1767984300000,"orders":[{"amount":227.0,"safe_price":0.121,"ft_order_side":"buy","order_filled_timestamp":1767972900000,"ft_is_entry":true,"ft_order_tag":"","cost":27.494466999999997},{"amount":227.0,"safe_price":0.11900000000000001,"ft_order_side":"sell","order_filled_timestamp":1767984300000,"ft_is_entry":false,"ft_order_tag":"exit_signal","cost":27.040013}],"funding_fees":0.0,"weekday":4},{"pair":"XRP/USDT","stake_amount":27.06936,"max_stake_amount":27.06936,"amount":12.9,"open_date":"2026-01-10 07:50:00+00:00","close_date":"2026-01-10 13:35:00+00:00","open_rate":2.0984,"close_rate":2.0966,"fee_open":0.001,"fee_close":0.001,"trade_duration":345,"profit_ratio":-0.0028540845353655117,"profit_abs":-0.0773355,"exit_reason":"exit_signal","initial_stop_loss_abs":1.3745,"initial_stop_loss_ratio":-0.345,"stop_loss_abs":1.3745,"stop_loss_ratio":-0.345,"min_rate":2.0904,"max_rate":2.1106,"is_open":false,"enter_tag":"","leverage":1.0,"is_short":false,"open_timestamp":1768031400000,"close_timestamp":1768052100000,"orders":[{"amount":12.9,"safe_price":2.0984,"ft_order_side":"buy","order_filled_timestamp":1768031400000,"ft_is_entry":true,"ft_order_tag":"","cost":27.09642936},{"amount":12.9,"safe_price":2.0966,"ft_order_side":"sell","order_filled_timestamp":1768052100000,"ft_is_entry":false,"ft_order_tag":"exit_signal","cost":27.073186139999997}],"funding_fees":0.0,"weekday":5},{"pair":"SAND/USDT","stake_amount":27.2025,"max_stake_amount":27.2025,"amount":225.0,"open_date":"2026-01-10 09:25:00+00:00","close_date":"2026-01-10 14:30:00+00:00","open_rate":0.1209,"close_rate":0.1202,"fee_open":0.001,"fee_close":0.001,"trade_duration":305,"profit_ratio":-0.007776342763935816,"profit_abs":-0.2117475,"exit_reason":"exit_signal","initial_stop_loss_abs":0.0792,"initial_stop_loss_ratio":-0.345,"stop_loss_abs":0.0792,"stop_loss_ratio":-0.345,"min_rate":0.1197,"max_rate":0.1221,"is_open":false,"enter_tag":"","leverage":1.0,"is_short":false,"open_timestamp":1768037100000,"close_timestamp":1768055400000,"orders":[{"amount":225.0,"safe_price":0.12090000000000001,"ft_order_side":"buy","order_filled_timestamp":1768037100000,"ft_is_entry":true,"ft_order_tag":"","cost":27.2297025},{"amount":225.0,"safe_price":0.1202,"ft_order_side":"sell","order_filled_timestamp":1768055400000,"ft_is_entry":false,"ft_order_tag":"exit_signal","cost":27.072045}],"funding_fees":0.0,"weekday":5},{"pair":"XRP/USDT","stake_amount":26.98752,"max_stake_amount":26.98752,"amount":12.8,"open_date":"2026-01-11 15:00:00+00:00","close_date":"2026-01-11 15:50:00+00:00","open_rate":2.1084,"close_rate":2.0854,"fee_open":0.001,"fee_close":0.001,"trade_duration":50,"profit_ratio":-0.01288495227026815,"profit_abs":-0.34808064,"exit_reason":"exit_signal","initial_stop_loss_abs":1.3811,"initial_stop_loss_ratio":-0.345,"stop_loss_abs":1.3811,"stop_loss_ratio":-0.345,"min_rate":2.0839,"max_rate":2.11,"is_open":false,"enter_tag":"","leverage":1.0,"is_short":false,"open_timestamp":1768143600000,"close_timestamp":1768146600000,"orders":[{"amount":12.8,"safe_price":2.1084,"ft_order_side":"buy","order_filled_timestamp":1768143600000,"ft_is_entry":true,"ft_order_tag":"","cost":27.014507520000002},{"amount":12.8,"safe_price":2.0854,"ft_order_side":"sell","order_filled_timestamp":1768146600000,"ft_is_entry":false,"ft_order_tag":"exit_signal","cost":26.719813119999998}],"funding_fees":0.0,"weekday":6},{"pair":"XRP/USDT","stake_amount":26.8541,"max_stake_amount":26.8541,"amount":13.0,"open_date":"2026-01-13 09:00:00+00:00","close_date":"2026-01-13 11:35:00+00:00","open_rate":2.0657,"close_rate":2.0606,"fee_open":0.001,"fee_close":0.001,"trade_duration":155,"profit_ratio":-0.004461965879403068,"profit_abs":-0.1199419,"exit_reason":"exit_signal","initial_stop_loss_abs":1.3531,"initial_stop_loss_ratio":-0.345,"stop_loss_abs":1.3531,"stop_loss_ratio":-0.345,"min_rate":2.0575,"max_rate":2.0745,"is_open":false,"enter_tag":"","leverage":1.0,"is_short":false,"open_timestamp":1768294800000,"close_timestamp":1768304100000,"orders":[{"amount":13.0,"safe_price":2.0657,"ft_order_side":"buy","order_filled_timestamp":1768294800000,"ft_is_entry":true,"ft_order_tag":"","cost":26.8809541},{"amount":13.0,"safe_price":2.0606,"ft_order_side":"sell","order_filled_timestamp":1768304100000,"ft_is_entry":false,"ft_order_tag":"exit_signal","cost":26.814587799999998}],"funding_fees":0.0,"weekday":1},{"pair":"SAND/USDT","stake_amount":26.887,"max_stake_amount":26.887,"amount":230.0,"open_date":"2026-01-13 09:35:00+00:00","close_date":"2026-01-13 12:15:00+00:00","open_rate":0.1169,"close_rate":0.1173,"fee_open":0.001,"fee_close":0.001,"trade_duration":160,"profit_ratio":0.001416889355298252,"profit_abs":0.038134,"exit_reason":"exit_signal","initial_stop_loss_abs":0.0766,"initial_stop_loss_ratio":-0.345,"stop_loss_abs":0.0766,"stop_loss_ratio":-0.345,"min_rate":0.1164,"max_rate":0.1177,"is_open":false,"enter_tag":"","leverage":1.0,"is_short":false,"open_timestamp":1768296900000,"close_timestamp":1768306500000,"orders":[{"amount":230.0,"safe_price":0.1169,"ft_order_side":"buy","order_filled_timestamp":1768296900000,"ft_is_entry":true,"ft_order_tag":"","cost":26.913887},{"amount":230.0,"safe_price":0.1173,"ft_order_side":"sell","order_filled_timestamp":1768306500000,"ft_is_entry":false,"ft_order_tag":"exit_signal","cost":27.005978999999996}],"funding_fees":0.0,"weekday":1},{"pair":"SAND/USDT","stake_amount":26.8262,"max_stake_amount":26.8262,"amount":226.0,"open_date":"2026-01-13 13:05:00+00:00","close_date":"2026-01-13 18:40:00+00:00","open_rate":0.1187,"close_rate":0.12240000000000001,"fee_open":0.001,"fee_close":0.001,"trade_duration":335,"profit_ratio":0.029110737619583448,"profit_abs":0.7817114,"exit_reason":"exit_signal","initial_stop_loss_abs":0.0778,"initial_stop_loss_ratio":-0.345,"stop_loss_abs":0.0778,"stop_loss_ratio":-0.345,"min_rate":0.1184,"max_rate":0.12380000000000001,"is_open":false,"enter_tag":"","leverage":1.0,"is_short":false,"open_timestamp":1768309500000,"close_timestamp":1768329600000,"orders":[{"amount":226.0,"safe_price":0.1187,"ft_order_side":"buy","order_filled_timestamp":1768309500000,"ft_is_entry":true,"ft_order_tag":"","cost":26.8530262},{"amount":226.0,"safe_price":0.12240000000000001,"ft_order_side":"sell","order_filled_timestamp":1768329600000,"ft_is_entry":false,"ft_order_tag":"exit_signal","cost":27.6900624}],"funding_fees":0.0,"weekday":1},{"pair":"XRP/USDT","stake_amount":26.75073,"max_stake_amount":26.75073,"amount":12.9,"open_date":"2026-01-13 13:50:00+00:00","close_date":"2026-01-14 01:10:00+00:00","open_rate":2.0737,"close_rate":2.1699,"fee_open":0.001,"fee_close":0.001,"trade_duration":680,"profit_ratio":0.04429981938782633,"profit_abs":1.18623756,"exit_reason":"exit_signal","initial_stop_loss_abs":1.3583,"initial_stop_loss_ratio":-0.345,"stop_loss_abs":1.3583,"stop_loss_ratio":-0.345,"min_rate":2.061,"max_rate":2.185,"is_open":false,"enter_tag":"","leverage":1.0,"is_short":false,"open_timestamp":1768312200000,"close_timestamp":1768353000000,"orders":[{"amount":12.9,"safe_price":2.0737,"ft_order_side":"buy","order_filled_timestamp":1768312200000,"ft_is_entry":true,"ft_order_tag":"","cost":26.777480729999997},{"amount":12.9,"safe_price":2.1699,"ft_order_side":"sell","order_filled_timestamp":1768353000000,"ft_is_entry":false,"ft_order_tag":"exit_signal","cost":28.01970171}],"funding_fees":0.0,"weekday":2},{"pair":"SAND/USDT","stake_amount":27.1352,"max_stake_amount":27.1352,"amount":214.0,"open_date":"2026-01-13 22:50:00+00:00","close_date":"2026-01-14 02:55:00+00:00","open_rate":0.1268,"close_rate":0.1275,"fee_open":0.001,"fee_close":0.001,"trade_duration":245,"profit_ratio":0.0035114727543749625,"profit_abs":0.0953798,"exit_reason":"exit_signal","initial_stop_loss_abs":0.0831,"initial_stop_loss_ratio":-0.345,"stop_loss_abs":0.0831,"stop_loss_ratio":-0.345,"min_rate":0.12480000000000001,"max_rate":0.1297,"is_open":false,"enter_tag":"","leverage":1.0,"is_short":false,"open_timestamp":1768344600000,"close_timestamp":1768359300000,"orders":[{"amount":214.0,"safe_price":0.1268,"ft_order_side":"buy","order_filled_timestamp":1768344600000,"ft_is_entry":true,"ft_order_tag":"","cost":27.162335199999994},{"amount":214.0,"safe_price":0.1275,"ft_order_side":"sell","order_filled_timestamp":1768359300000,"ft_is_entry":false,"ft_order_tag":"exit_signal","cost":27.312284999999996}],"funding_fees":0.0,"weekday":2},{"pair":"SAND/USDT","stake_amount":27.846,"max_stake_amount":27.846,"amount":210.0,"open_date":"2026-01-17 02:00:00+00:00","close_date":"2026-01-17 06:45:00+00:00","open_rate":0.1326,"close_rate":0.1342,"fee_open":0.001,"fee_close":0.001,"trade_duration":285,"profit_ratio":0.01004425438814579,"profit_abs":0.279972,"exit_reason":"exit_signal","initial_stop_loss_abs":0.0869,"initial_stop_loss_ratio":-0.345,"stop_loss_abs":0.0869,"stop_loss_ratio":-0.345,"min_rate":0.1292,"max_rate":0.1374,"is_open":false,"enter_tag":"","leverage":1.0,"is_short":false,"open_timestamp":1768615200000,"close_timestamp":1768632300000,"orders":[{"amount":210.0,"safe_price":0.1326,"ft_order_side":"buy","order_filled_timestamp":1768615200000,"ft_is_entry":true,"ft_order_tag":"","cost":27.873845999999997},{"amount":210.0,"safe_price":0.1342,"ft_order_side":"sell","order_filled_timestamp":1768632300000,"ft_is_entry":false,"ft_order_tag":"exit_signal","cost":28.210182}],"funding_fees":0.0,"weekday":5},{"pair":"SAND/USDT","stake_amount":28.0006,"max_stake_amount":28.0006,"amount":191.0,"open_date":"2026-01-17 13:15:00+00:00","close_date":"2026-01-17 17:00:00+00:00","open_rate":0.1466,"close_rate":0.1506,"fee_open":0.001,"fee_close":0.001,"trade_duration":225,"profit_ratio":0.02523261186289836,"profit_abs":0.7072348,"exit_reason":"exit_signal","initial_stop_loss_abs":0.0961,"initial_stop_loss_ratio":-0.345,"stop_loss_abs":0.0961,"stop_loss_ratio":-0.345,"min_rate":0.1458,"max_rate":0.1578,"is_open":false,"enter_tag":"","leverage":1.0,"is_short":false,"open_timestamp":1768655700000,"close_timestamp":1768669200000,"orders":[{"amount":191.0,"safe_price":0.1466,"ft_order_side":"buy","order_filled_timestamp":1768655700000,"ft_is_entry":true,"ft_order_tag":"","cost":28.0286006},{"amount":191.0,"safe_price":0.1506,"ft_order_side":"sell","order_filled_timestamp":1768669200000,"ft_is_entry":false,"ft_order_tag":"exit_signal","cost":28.793364599999997}],"funding_fees":0.0,"weekday":5},{"pair":"XRP/USDT","stake_amount":28.23707,"max_stake_amount":28.23707,"amount":13.7,"open_date":"2026-01-18 22:20:00+00:00","close_date":"2026-01-18 23:15:00+00:00","open_rate":2.0611,"close_rate":2.0429,"fee_open":0.001,"fee_close":0.001,"trade_duration":55,"profit_ratio":-0.010810595449865745,"profit_abs":-0.3055648,"exit_reason":"exit_signal","initial_stop_loss_abs":1.3501,"initial_stop_loss_ratio":-0.345,"stop_loss_abs":1.3501,"stop_loss_ratio":-0.345,"min_rate":2.0398,"max_rate":2.0614,"is_open":false,"enter_tag":"","leverage":1.0,"is_short":false,"open_timestamp":1768774800000,"close_timestamp":1768778100000,"orders":[{"amount":13.7,"safe_price":2.0611,"ft_order_side":"buy","order_filled_timestamp":1768774800000,"ft_is_entry":true,"ft_order_tag":"","cost":28.265307069999995},{"amount":13.7,"safe_price":2.0429,"ft_order_side":"sell","order_filled_timestamp":1768778100000,"ft_is_entry":false,"ft_order_tag":"exit_signal","cost":28.015717729999995}],"funding_fees":0.0,"weekday":6},{"pair":"XRP/USDT","stake_amount":28.1342,"max_stake_amount":28.1342,"amount":14.6,"open_date":"2026-01-21 14:30:00+00:00","close_date":"2026-01-21 17:10:00+00:00","open_rate":1.927,"close_rate":1.8871,"fee_open":0.001,"fee_close":0.001,"trade_duration":160,"profit_ratio":-0.022662392096746017,"profit_abs":-0.63822586,"exit_reason":"exit_signal","initial_stop_loss_abs":1.2622,"initial_stop_loss_ratio":-0.345,"stop_loss_abs":1.2622,"stop_loss_ratio":-0.345,"min_rate":1.875,"max_rate":1.9609,"is_open":false,"enter_tag":"","leverage":1.0,"is_short":false,"open_timestamp":1769005800000,"close_timestamp":1769015400000,"orders":[{"amount":14.6,"safe_price":1.927,"ft_order_side":"buy","order_filled_timestamp":1769005800000,"ft_is_entry":true,"ft_order_tag":"","cost":28.162334199999997},{"amount":14.6,"safe_price":1.8871,"ft_order_side":"sell","order_filled_timestamp":1769015400000,"ft_is_entry":false,"ft_order_tag":"exit_signal","cost":27.579211659999995}],"funding_fees":0.0,"weekday":2},{"pair":"XRP/USDT","stake_amount":27.86301,"max_stake_amount":27.86301,"amount":14.1,"open_date":"2026-01-21 19:50:00+00:00","close_date":"2026-01-21 23:55:00+00:00","open_rate":1.9761,"close_rate":1.9439000000000002,"fee_open":0.001,"fee_close":0.001,"trade_duration":245,"profit_ratio":-0.01826016703806289,"profit_abs":-0.509292,"exit_reason":"exit_signal","initial_stop_loss_abs":1.2944,"initial_stop_loss_ratio":-0.345,"stop_loss_abs":1.2944,"stop_loss_ratio":-0.345,"min_rate":1.9393,"max_rate":1.9907,"is_open":false,"enter_tag":"","leverage":1.0,"is_short":false,"open_timestamp":1769025000000,"close_timestamp":1769039700000,"orders":[{"amount":14.1,"safe_price":1.9761000000000002,"ft_order_side":"buy","order_filled_timestamp":1769025000000,"ft_is_entry":true,"ft_order_tag":"","cost":27.89087301},{"amount":14.1,"safe_price":1.9439000000000002,"ft_order_side":"sell","order_filled_timestamp":1769039700000,"ft_is_entry":false,"ft_order_tag":"exit_signal","cost":27.43639899}],"funding_fees":0.0,"weekday":2},{"pair":"SAND/USDT","stake_amount":27.5616,"max_stake_amount":27.5616,"amount":176.0,"open_date":"2026-01-22 01:35:00+00:00","close_date":"2026-01-22 06:50:00+00:00","open_rate":0.1566,"close_rate":0.164,"fee_open":0.001,"fee_close":0.001,"trade_duration":315,"profit_ratio":0.045161734816907224,"profit_abs":1.2459744,"exit_reason":"exit_signal","initial_stop_loss_abs":0.1026,"initial_stop_loss_ratio":-0.345,"stop_loss_abs":0.1026,"stop_loss_ratio":-0.345,"min_rate":0.1563,"max_rate":0.1734,"is_open":false,"enter_tag":"","leverage":1.0,"is_short":false,"open_timestamp":1769045700000,"close_timestamp":1769064600000,"orders":[{"amount":176.0,"safe_price":0.15660000000000002,"ft_order_side":"buy","order_filled_timestamp":1769045700000,"ft_is_entry":true,"ft_order_tag":"","cost":27.5891616},{"amount":176.0,"safe_price":0.164,"ft_order_side":"sell","order_filled_timestamp":1769064600000,"ft_is_entry":false,"ft_order_tag":"exit_signal","cost":28.892863999999996}],"funding_fees":0.0,"weekday":3},{"pair":"XRP/USDT","stake_amount":28.21077,"max_stake_amount":28.21077,"amount":14.7,"open_date":"2026-01-26 14:45:00+00:00","close_date":"2026-01-26 17:10:00+00:00","open_rate":1.9191,"close_rate":1.9113,"fee_open":0.001,"fee_close":0.001,"trade_duration":145,"profit_ratio":-0.0060542864982446026,"profit_abs":-0.17096688,"exit_reason":"exit_signal","initial_stop_loss_abs":1.2571,"initial_stop_loss_ratio":-0.345,"stop_loss_abs":1.2571,"stop_loss_ratio":-0.345,"min_rate":1.9046,"max_rate":1.9460000000000002,"is_open":false,"enter_tag":"","leverage":1.0,"is_short":false,"open_timestamp":1769438700000,"close_timestamp":1769447400000,"orders":[{"amount":14.7,"safe_price":1.9191,"ft_order_side":"buy","order_filled_timestamp":1769438700000,"ft_is_entry":true,"ft_order_tag":"","cost":28.238980769999998},{"amount":14.7,"safe_price":1.9113,"ft_order_side":"sell","order_filled_timestamp":1769447400000,"ft_is_entry":false,"ft_order_tag":"exit_signal","cost":28.124206109999996}],"funding_fees":0.0,"weekday":0},{"pair":"XRP/USDT","stake_amount":28.01545,"max_stake_amount":28.01545,"amount":14.5,"open_date":"2026-01-28 10:00:00+00:00","close_date":"2026-01-28 14:20:00+00:00","open_rate":1.9321,"close_rate":1.9189,"fee_open":0.001,"fee_close":0.001,"trade_duration":260,"profit_ratio":-0.008816296275537514,"profit_abs":-0.2472395,"exit_reason":"exit_signal","initial_stop_loss_abs":1.2656,"initial_stop_loss_ratio":-0.345,"stop_loss_abs":1.2656,"stop_loss_ratio":-0.345,"min_rate":1.9174,"max_rate":1.9427,"is_open":false,"enter_tag":"","leverage":1.0,"is_short":false,"open_timestamp":1769594400000,"close_timestamp":1769610000000,"orders":[{"amount":14.5,"safe_price":1.9321000000000002,"ft_order_side":"buy","order_filled_timestamp":1769594400000,"ft_is_entry":true,"ft_order_tag":"","cost":28.04346545},{"amount":14.5,"safe_price":1.9189,"ft_order_side":"sell","order_filled_timestamp":1769610000000,"ft_is_entry":false,"ft_order_tag":"exit_signal","cost":27.851874049999996}],"funding_fees":0.0,"weekday":2},{"pair":"SAND/USDT","stake_amount":27.9948,"max_stake_amount":27.9948,"amount":246.0,"open_date":"2026-01-30 11:05:00+00:00","close_date":"2026-01-30 15:00:00+00:00","open_rate":0.1138,"close_rate":0.1136,"fee_open":0.001,"fee_close":0.001,"trade_duration":235,"profit_ratio":-0.0037519598152287075,"profit_abs":-0.1051404,"exit_reason":"exit_signal","initial_stop_loss_abs":0.0746,"initial_stop_loss_ratio":-0.345,"stop_loss_abs":0.0746,"stop_loss_ratio":-0.345,"min_rate":0.1131,"max_rate":0.1155,"is_open":false,"enter_tag":"","leverage":1.0,"is_short":false,"open_timestamp":1769771100000,"close_timestamp":1769785200000,"orders":[{"amount":246.0,"safe_price":0.11380000000000001,"ft_order_side":"buy","order_filled_timestamp":1769771100000,"ft_is_entry":true,"ft_order_tag":"","cost":28.0227948},{"amount":246.0,"safe_price":0.1136,"ft_order_side":"sell","order_filled_timestamp":1769785200000,"ft_is_entry":false,"ft_order_tag":"exit_signal","cost":27.973545599999998}],"funding_fees":0.0,"weekday":4},{"pair":"SAND/USDT","stake_amount":27.9078,"max_stake_amount":27.9078,"amount":241.0,"open_date":"2026-01-30 19:10:00+00:00","close_date":"2026-01-30 21:05:00+00:00","open_rate":0.1158,"close_rate":0.1145,"fee_open":0.001,"fee_close":0.001,"trade_duration":115,"profit_ratio":-0.013201824082653099,"profit_abs":-0.3688023,"exit_reason":"exit_signal","initial_stop_loss_abs":0.0759,"initial_stop_loss_ratio":-0.345,"stop_loss_abs":0.0759,"stop_loss_ratio":-0.345,"min_rate":0.11410000000000001,"max_rate":0.1169,"is_open":false,"enter_tag":"","leverage":1.0,"is_short":false,"open_timestamp":1769800200000,"close_timestamp":1769807100000,"orders":[{"amount":241.0,"safe_price":0.1158,"ft_order_side":"buy","order_filled_timestamp":1769800200000,"ft_is_entry":true,"ft_order_tag":"","cost":27.9357078},{"amount":241.0,"safe_price":0.1145,"ft_order_side":"sell","order_filled_timestamp":1769807100000,"ft_is_entry":false,"ft_order_tag":"exit_signal","cost":27.622094499999996}],"funding_fees":0.0,"weekday":4}],"locks":[],"best_pair":{"key":"SAND/USDT","trades":29,"profit_mean":0.0065485716955772325,"profit_mean_pct":0.65,"profit_total_abs":4.912494799999999,"profit_total":0.09824989599999999,"profit_total_pct":9.82,"duration_avg":"4:12:00","wins":14,"draws":0,"losses":15,"winrate":0.4827586206896552,"cagr":0.462398925871514,"expectancy":0.16939637241379307,"expectancy_ratio":0.5506739064910751,"sortino":5.581326799611382,"sharpe":1.5975348131502578,"calmar":97.12803498483733,"sqn":1.3732,"profit_factor":2.0646362192160788,"max_drawdown_account":0.021472935500658694,"max_drawdown_abs":1.1463187000000001},"worst_pair":{"key":"XRP/USDT","trades":37,"profit_mean":0.001594818524012355,"profit_mean_pct":0.16,"profit_total_abs":1.31640375,"profit_total":0.026328075000000003,"profit_total_pct":2.63,"duration_avg":"4:26:00","wins":14,"draws":0,"losses":23,"winrate":0.3783783783783784,"cagr":0.11114784429871993,"expectancy":0.03557847972972969,"expectancy_ratio":0.13144286752424605,"sortino":1.6232905236500426,"sharpe":0.543523940367258,"calmar":15.170747557246983,"sqn":0.4152,"profit_factor":1.2114515694955261,"max_drawdown_account":0.036839696829139665,"max_drawdown_abs":1.9627893200000006},"results_per_pair":[{"key":"SAND/USDT","trades":29,"profit_mean":0.0065485716955772325,"profit_mean_pct":0.65,"profit_total_abs":4.912494799999999,"profit_total":0.09824989599999999,"profit_total_pct":9.82,"duration_avg":"4:12:00","wins":14,"draws":0,"losses":15,"winrate":0.4827586206896552,"cagr":0.462398925871514,"expectancy":0.16939637241379307,"expectancy_ratio":0.5506739064910751,"sortino":5.581326799611382,"sharpe":1.5975348131502578,"calmar":97.12803498483733,"sqn":1.3732,"profit_factor":2.0646362192160788,"max_drawdown_account":0.021472935500658694,"max_drawdown_abs":1.1463187000000001},{"key":"XRP/USDT","trades":37,"profit_mean":0.001594818524012355,"profit_mean_pct":0.16,"profit_total_abs":1.31640375,"profit_total":0.026328075000000003,"profit_total_pct":2.63,"duration_avg":"4:26:00","wins":14,"draws":0,"losses":23,"winrate":0.3783783783783784,"cagr":0.11114784429871993,"expectancy":0.03557847972972969,"expectancy_ratio":0.13144286752424605,"sortino":1.6232905236500426,"sharpe":0.543523940367258,"calmar":15.170747557246983,"sqn":0.4152,"profit_factor":1.2114515694955261,"max_drawdown_account":0.036839696829139665,"max_drawdown_abs":1.9627893200000006},{"key":"TOTAL","trades":66,"profit_mean":0.003771467644851469,"profit_mean_pct":0.38,"profit_total_abs":6.2288985499999985,"profit_total":0.12457797099999997,"profit_total_pct":12.46,"duration_avg":"4:20:00","wins":28,"draws":0,"losses":38,"winrate":0.42424242424242425,"cagr":0.6098708697841468,"expectancy":0.09437725075757575,"expectancy_ratio":0.33084874095772077,"sortino":7.3867389050628445,"sharpe":2.2682405841158673,"calmar":74.29211916569709,"sqn":1.3053,"profit_factor":1.5746320237686733,"max_drawdown_account":0.03559610091774812,"max_drawdown_abs":2.0009302200000008}],"results_per_enter_tag":[{"key":"","trades":66,"profit_mean":0.003771467644851469,"profit_mean_pct":0.38,"profit_total_abs":6.2288985499999985,"profit_total":0.12457797099999997,"profit_total_pct":12.46,"duration_avg":"4:20:00","wins":28,"draws":0,"losses":38,"winrate":0.42424242424242425,"cagr":0.6098708697841468,"expectancy":0.09437725075757575,"expectancy_ratio":0.33084874095772077,"sortino":7.3867389050628445,"sharpe":2.2682405841158673,"calmar":74.29211916569709,"sqn":1.3053,"profit_factor":1.5746320237686733,"max_drawdown_account":0.03559610091774812,"max_drawdown_abs":2.0009302200000008},{"key":"TOTAL","trades":66,"profit_mean":0.003771467644851469,"profit_mean_pct":0.38,"profit_total_abs":6.2288985499999985,"profit_total":0.12457797099999997,"profit_total_pct":12.46,"duration_avg":"4:20:00","wins":28,"draws":0,"losses":38,"winrate":0.42424242424242425,"cagr":0.6098708697841468,"expectancy":0.09437725075757575,"expectancy_ratio":0.33084874095772077,"sortino":7.3867389050628445,"sharpe":2.2682405841158673,"calmar":74.29211916569709,"sqn":1.3053,"profit_factor":1.5746320237686733,"max_drawdown_account":0.03559610091774812,"max_drawdown_abs":2.0009302200000008}],"exit_reason_summary":[{"key":"exit_signal","trades":66,"profit_mean":0.003771467644851469,"profit_mean_pct":0.38,"profit_total_abs":6.2288985499999985,"profit_total":0.12457797099999997,"profit_total_pct":12.46,"duration_avg":"4:20:00","wins":28,"draws":0,"losses":38,"winrate":0.42424242424242425,"cagr":0.6098708697841468,"expectancy":0.09437725075757575,"expectancy_ratio":0.33084874095772077,"sortino":7.3867389050628445,"sharpe":2.2682405841158673,"calmar":74.29211916569709,"sqn":1.3053,"profit_factor":1.5746320237686733,"max_drawdown_account":0.03559610091774812,"max_drawdown_abs":2.0009302200000008},{"key":"TOTAL","trades":66,"profit_mean":0.003771467644851469,"profit_mean_pct":0.38,"profit_total_abs":6.2288985499999985,"profit_total":0.12457797099999997,"profit_total_pct":12.46,"duration_avg":"4:20:00","wins":28,"draws":0,"losses":38,"winrate":0.42424242424242425,"cagr":0.6098708697841468,"expectancy":0.09437725075757575,"expectancy_ratio":0.33084874095772077,"sortino":7.3867389050628445,"sharpe":2.2682405841158673,"calmar":74.29211916569709,"sqn":1.3053,"profit_factor":1.5746320237686733,"max_drawdown_account":0.03559610091774812,"max_drawdown_abs":2.0009302200000008}],"mix_tag_stats":[{"key":["","exit_signal"],"trades":66,"profit_mean":0.003771467644851469,"profit_mean_pct":0.38,"profit_total_abs":6.2288985499999985,"profit_total":0.12457797099999997,"profit_total_pct":12.46,"duration_avg":"4:20:00","wins":28,"draws":0,"losses":38,"winrate":0.42424242424242425,"cagr":0.6098708697841468,"expectancy":0.09437725075757575,"expectancy_ratio":0.33084874095772077,"sortino":7.3867389050628445,"sharpe":2.2682405841158673,"calmar":74.29211916569709,"sqn":1.3053,"profit_factor":1.5746320237686733,"max_drawdown_account":0.03559610091774812,"max_drawdown_abs":2.0009302200000008},{"key":"TOTAL","trades":66,"profit_mean":0.003771467644851469,"profit_mean_pct":0.38,"profit_total_abs":6.2288985499999985,"profit_total":0.12457797099999997,"profit_total_pct":12.46,"duration_avg":"4:20:00","wins":28,"draws":0,"losses":38,"winrate":0.42424242424242425,"cagr":0.6098708697841468,"expectancy":0.09437725075757575,"expectancy_ratio":0.33084874095772077,"sortino":7.3867389050628445,"sharpe":2.2682405841158673,"calmar":74.29211916569709,"sqn":1.3053,"profit_factor":1.5746320237686733,"max_drawdown_account":0.03559610091774812,"max_drawdown_abs":2.0009302200000008}],"left_open_trades":[{"key":"TOTAL","trades":0,"profit_mean":0.0,"profit_mean_pct":0.0,"profit_total_abs":0.0,"profit_total":0.0,"profit_total_pct":0.0,"duration_avg":"0:00","wins":0,"draws":0,"losses":0,"winrate":0.0,"cagr":0.0,"expectancy":0.0,"expectancy_ratio":100.0,"sortino":0,"sharpe":0,"calmar":0,"sqn":0.0,"profit_factor":0.0,"max_drawdown_account":0.0,"max_drawdown_abs":0.0}],"total_trades":66,"trade_count_long":66,"trade_count_short":0,"total_volume":3523.0509814499997,"avg_stake_amount":26.589265303030302,"profit_mean":0.003771467644851469,"profit_median":-0.004346852681470557,"profit_total":0.12457797099999997,"profit_total_long":0.12457797099999997,"profit_total_short":0.0,"profit_total_abs":6.2288985499999985,"profit_total_long_abs":6.2288985499999985,"profit_total_short_abs":0.0,"cagr":0.6098708697841468,"expectancy":0.09437725075757575,"expectancy_ratio":0.33084874095772077,"sortino":7.3867389050628445,"sharpe":2.2682405841158673,"calmar":74.29211916569709,"sqn":1.3053,"profit_factor":1.5746320237686733,"backtest_start":"2025-11-04 00:00:00","backtest_start_ts":1762214400000,"backtest_end":"2026-02-02 00:00:00","backtest_end_ts":1769990400000,"backtest_days":90,"backtest_run_start_ts":1770049075,"backtest_run_end_ts":1770049076,"trades_per_day":0.73,"market_change":-0.3840871768064966,"pairlist":["SAND/USDT","XRP/USDT"],"stake_amount":"unlimited","stake_currency":"USDT","stake_currency_decimals":3,"starting_balance":50,"dry_run_wallet":50,"final_balance":56.22889855,"rejected_signals":0,"timedout_entry_orders":0,"timedout_exit_orders":0,"canceled_trade_entries":0,"canceled_entry_orders":0,"replaced_entry_orders":0,"max_open_trades":2,"max_open_trades_setting":2,"timeframe":"5m","timeframe_detail":"","timerange":"20251104-20260202","enable_protections":false,"strategy_name":"MultiMa","freqaimodel":"XGBoostRegressor","freqai_identifier":"qs_v9_scalp_5m1h_l2","stoploss":-0.345,"trailing_stop":false,"trailing_stop_positive":0.02,"trailing_stop_positive_offset":0.032,"trailing_only_offset_is_reached":false,"use_custom_stoploss":false,"minimal_roi":{},"use_exit_signal":true,"exit_profit_only":false,"exit_profit_offset":0.0,"ignore_roi_if_entry_signal":false,"trading_mode":"spot","margin_mode":"","periodic_breakdown":{"day":[{"date":"05/11/2025","date_ts":1762300800000,"profit_abs":-0.63297305,"wins":3,"draws":0,"losses":3,"trades":6,"profit_factor":0.64189399},{"date":"06/11/2025","date_ts":1762387200000,"profit_abs":-0.1160865,"wins":0,"draws":0,"losses":1,"trades":1,"profit_factor":0.0},{"date":"07/11/2025","date_ts":1762473600000,"profit_abs":3.15873124,"wins":3,"draws":0,"losses":1,"trades":4,"profit_factor":12.85950944},{"date":"08/11/2025","date_ts":1762560000000,"profit_abs":0.0,"wins":0,"draws":0,"losses":0,"trades":0,"profit_factor":0.0},{"date":"09/11/2025","date_ts":1762646400000,"profit_abs":0.07920516,"wins":1,"draws":0,"losses":0,"trades":1,"profit_factor":0.0},{"date":"10/11/2025","date_ts":1762732800000,"profit_abs":0.65582803,"wins":1,"draws":0,"losses":1,"trades":2,"profit_factor":3.56956857},{"date":"11/11/2025","date_ts":1762819200000,"profit_abs":0.0,"wins":0,"draws":0,"losses":0,"trades":0,"profit_factor":0.0},{"date":"12/11/2025","date_ts":1762905600000,"profit_abs":0.0,"wins":0,"draws":0,"losses":0,"trades":0,"profit_factor":0.0},{"date":"13/11/2025","date_ts":1762992000000,"profit_abs":0.0,"wins":0,"draws":0,"losses":0,"trades":0,"profit_factor":0.0},{"date":"14/11/2025","date_ts":1763078400000,"profit_abs":0.0,"wins":0,"draws":0,"losses":0,"trades":0,"profit_factor":0.0},{"date":"15/11/2025","date_ts":1763164800000,"profit_abs":0.0,"wins":0,"draws":0,"losses":0,"trades":0,"profit_factor":0.0},{"date":"16/11/2025","date_ts":1763251200000,"profit_abs":-0.2522732,"wins":0,"draws":0,"losses":1,"trades":1,"profit_factor":0.0},{"date":"17/11/2025","date_ts":1763337600000,"profit_abs":-0.08085765,"wins":0,"draws":0,"losses":1,"trades":1,"profit_factor":0.0},{"date":"18/11/2025","date_ts":1763424000000,"profit_abs":0.24669066,"wins":2,"draws":0,"losses":0,"trades":2,"profit_factor":0.0},{"date":"19/11/2025","date_ts":1763510400000,"profit_abs":0.0,"wins":0,"draws":0,"losses":0,"trades":0,"profit_factor":0.0},{"date":"20/11/2025","date_ts":1763596800000,"profit_abs":0.0,"wins":0,"draws":0,"losses":0,"trades":0,"profit_factor":0.0},{"date":"21/11/2025","date_ts":1763683200000,"profit_abs":0.0,"wins":0,"draws":0,"losses":0,"trades":0,"profit_factor":0.0},{"date":"22/11/2025","date_ts":1763769600000,"profit_abs":-0.349191,"wins":0,"draws":0,"losses":1,"trades":1,"profit_factor":0.0},{"date":"23/11/2025","date_ts":1763856000000,"profit_abs":0.3739493,"wins":1,"draws":0,"losses":3,"trades":4,"profit_factor":1.43531835},{"date":"24/11/2025","date_ts":1763942400000,"profit_abs":0.0,"wins":0,"draws":0,"losses":0,"trades":0,"profit_factor":0.0},{"date":"25/11/2025","date_ts":1764028800000,"profit_abs":0.0,"wins":0,"draws":0,"losses":0,"trades":0,"profit_factor":0.0},{"date":"26/11/2025","date_ts":1764115200000,"profit_abs":0.0,"wins":0,"draws":0,"losses":0,"trades":0,"profit_factor":0.0},{"date":"27/11/2025","date_ts":1764201600000,"profit_abs":0.0,"wins":0,"draws":0,"losses":0,"trades":0,"profit_factor":0.0},{"date":"28/11/2025","date_ts":1764288000000,"profit_abs":0.0,"wins":0,"draws":0,"losses":0,"trades":0,"profit_factor":0.0},{"date":"29/11/2025","date_ts":1764374400000,"profit_abs":0.0,"wins":0,"draws":0,"losses":0,"trades":0,"profit_factor":0.0},{"date":"30/11/2025","date_ts":1764460800000,"profit_abs":0.0,"wins":0,"draws":0,"losses":0,"trades":0,"profit_factor":0.0},{"date":"01/12/2025","date_ts":1764547200000,"profit_abs":0.0,"wins":0,"draws":0,"losses":0,"trades":0,"profit_factor":0.0},{"date":"02/12/2025","date_ts":1764633600000,"profit_abs":3.12903868,"wins":2,"draws":0,"losses":0,"trades":2,"profit_factor":0.0},{"date":"03/12/2025","date_ts":1764720000000,"profit_abs":0.0,"wins":0,"draws":0,"losses":0,"trades":0,"profit_factor":0.0},{"date":"04/12/2025","date_ts":1764806400000,"profit_abs":0.0,"wins":0,"draws":0,"losses":0,"trades":0,"profit_factor":0.0},{"date":"05/12/2025","date_ts":1764892800000,"profit_abs":0.0,"wins":0,"draws":0,"losses":0,"trades":0,"profit_factor":0.0},{"date":"06/12/2025","date_ts":1764979200000,"profit_abs":0.0,"wins":0,"draws":0,"losses":0,"trades":0,"profit_factor":0.0},{"date":"07/12/2025","date_ts":1765065600000,"profit_abs":-0.48915767,"wins":1,"draws":0,"losses":2,"trades":3,"profit_factor":0.0001297},{"date":"08/12/2025","date_ts":1765152000000,"profit_abs":-0.21698277,"wins":0,"draws":0,"losses":2,"trades":2,"profit_factor":0.0},{"date":"09/12/2025","date_ts":1765238400000,"profit_abs":0.438596,"wins":1,"draws":0,"losses":0,"trades":1,"profit_factor":0.0},{"date":"10/12/2025","date_ts":1765324800000,"profit_abs":0.0,"wins":0,"draws":0,"losses":0,"trades":0,"profit_factor":0.0},{"date":"11/12/2025","date_ts":1765411200000,"profit_abs":0.0,"wins":0,"draws":0,"losses":0,"trades":0,"profit_factor":0.0},{"date":"12/12/2025","date_ts":1765497600000,"profit_abs":0.0,"wins":0,"draws":0,"losses":0,"trades":0,"profit_factor":0.0},{"date":"13/12/2025","date_ts":1765584000000,"profit_abs":0.057562,"wins":1,"draws":0,"losses":0,"trades":1,"profit_factor":0.0},{"date":"14/12/2025","date_ts":1765670400000,"profit_abs":0.0,"wins":0,"draws":0,"losses":0,"trades":0,"profit_factor":0.0},{"date":"15/12/2025","date_ts":1765756800000,"profit_abs":0.0,"wins":0,"draws":0,"losses":0,"trades":0,"profit_factor":0.0},{"date":"16/12/2025","date_ts":1765843200000,"profit_abs":0.0,"wins":0,"draws":0,"losses":0,"trades":0,"profit_factor":0.0},{"date":"17/12/2025","date_ts":1765929600000,"profit_abs":0.0,"wins":0,"draws":0,"losses":0,"trades":0,"profit_factor":0.0},{"date":"18/12/2025","date_ts":1766016000000,"profit_abs":-0.53772815,"wins":0,"draws":0,"losses":1,"trades":1,"profit_factor":0.0},{"date":"19/12/2025","date_ts":1766102400000,"profit_abs":-0.6145682,"wins":0,"draws":0,"losses":2,"trades":2,"profit_factor":0.0},{"date":"20/12/2025","date_ts":1766188800000,"profit_abs":0.0,"wins":0,"draws":0,"losses":0,"trades":0,"profit_factor":0.0},{"date":"21/12/2025","date_ts":1766275200000,"profit_abs":0.0,"wins":0,"draws":0,"losses":0,"trades":0,"profit_factor":0.0},{"date":"22/12/2025","date_ts":1766361600000,"profit_abs":0.0,"wins":0,"draws":0,"losses":0,"trades":0,"profit_factor":0.0},{"date":"23/12/2025","date_ts":1766448000000,"profit_abs":0.0,"wins":0,"draws":0,"losses":0,"trades":0,"profit_factor":0.0},{"date":"24/12/2025","date_ts":1766534400000,"profit_abs":0.0,"wins":0,"draws":0,"losses":0,"trades":0,"profit_factor":0.0},{"date":"25/12/2025","date_ts":1766620800000,"profit_abs":-0.52498359,"wins":0,"draws":0,"losses":3,"trades":3,"profit_factor":0.0},{"date":"26/12/2025","date_ts":1766707200000,"profit_abs":-0.11366784,"wins":0,"draws":0,"losses":1,"trades":1,"profit_factor":0.0},{"date":"27/12/2025","date_ts":1766793600000,"profit_abs":0.0,"wins":0,"draws":0,"losses":0,"trades":0,"profit_factor":0.0},{"date":"28/12/2025","date_ts":1766880000000,"profit_abs":0.92739286,"wins":2,"draws":0,"losses":0,"trades":2,"profit_factor":0.0},{"date":"29/12/2025","date_ts":1766966400000,"profit_abs":-0.21886176,"wins":0,"draws":0,"losses":1,"trades":1,"profit_factor":0.0},{"date":"30/12/2025","date_ts":1767052800000,"profit_abs":0.0,"wins":0,"draws":0,"losses":0,"trades":0,"profit_factor":0.0},{"date":"31/12/2025","date_ts":1767139200000,"profit_abs":0.0,"wins":0,"draws":0,"losses":0,"trades":0,"profit_factor":0.0},{"date":"01/01/2026","date_ts":1767225600000,"profit_abs":-0.14031648,"wins":0,"draws":0,"losses":1,"trades":1,"profit_factor":0.0},{"date":"02/01/2026","date_ts":1767312000000,"profit_abs":1.14760678,"wins":2,"draws":0,"losses":0,"trades":2,"profit_factor":0.0},{"date":"03/01/2026","date_ts":1767398400000,"profit_abs":0.0,"wins":0,"draws":0,"losses":0,"trades":0,"profit_factor":0.0},{"date":"04/01/2026","date_ts":1767484800000,"profit_abs":0.0,"wins":0,"draws":0,"losses":0,"trades":0,"profit_factor":0.0},{"date":"05/01/2026","date_ts":1767571200000,"profit_abs":0.0,"wins":0,"draws":0,"losses":0,"trades":0,"profit_factor":0.0},{"date":"06/01/2026","date_ts":1767657600000,"profit_abs":0.00421022,"wins":1,"draws":0,"losses":0,"trades":1,"profit_factor":0.0},{"date":"07/01/2026","date_ts":1767744000000,"profit_abs":0.0,"wins":0,"draws":0,"losses":0,"trades":0,"profit_factor":0.0},{"date":"08/01/2026","date_ts":1767830400000,"profit_abs":0.0,"wins":0,"draws":0,"losses":0,"trades":0,"profit_factor":0.0},{"date":"09/01/2026","date_ts":1767916800000,"profit_abs":-0.9345712,"wins":0,"draws":0,"losses":2,"trades":2,"profit_factor":0.0},{"date":"10/01/2026","date_ts":1768003200000,"profit_abs":-0.289083,"wins":0,"draws":0,"losses":2,"trades":2,"profit_factor":0.0},{"date":"11/01/2026","date_ts":1768089600000,"profit_abs":-0.34808064,"wins":0,"draws":0,"losses":1,"trades":1,"profit_factor":0.0},{"date":"12/01/2026","date_ts":1768176000000,"profit_abs":0.0,"wins":0,"draws":0,"losses":0,"trades":0,"profit_factor":0.0},{"date":"13/01/2026","date_ts":1768262400000,"profit_abs":0.6999035,"wins":2,"draws":0,"losses":1,"trades":3,"profit_factor":6.83535445},{"date":"14/01/2026","date_ts":1768348800000,"profit_abs":1.28161736,"wins":2,"draws":0,"losses":0,"trades":2,"profit_factor":0.0},{"date":"15/01/2026","date_ts":1768435200000,"profit_abs":0.0,"wins":0,"draws":0,"losses":0,"trades":0,"profit_factor":0.0},{"date":"16/01/2026","date_ts":1768521600000,"profit_abs":0.0,"wins":0,"draws":0,"losses":0,"trades":0,"profit_factor":0.0},{"date":"17/01/2026","date_ts":1768608000000,"profit_abs":0.9872068,"wins":2,"draws":0,"losses":0,"trades":2,"profit_factor":0.0},{"date":"18/01/2026","date_ts":1768694400000,"profit_abs":-0.3055648,"wins":0,"draws":0,"losses":1,"trades":1,"profit_factor":0.0},{"date":"19/01/2026","date_ts":1768780800000,"profit_abs":0.0,"wins":0,"draws":0,"losses":0,"trades":0,"profit_factor":0.0},{"date":"20/01/2026","date_ts":1768867200000,"profit_abs":0.0,"wins":0,"draws":0,"losses":0,"trades":0,"profit_factor":0.0},{"date":"21/01/2026","date_ts":1768953600000,"profit_abs":-1.14751786,"wins":0,"draws":0,"losses":2,"trades":2,"profit_factor":0.0},{"date":"22/01/2026","date_ts":1769040000000,"profit_abs":1.2459744,"wins":1,"draws":0,"losses":0,"trades":1,"profit_factor":0.0},{"date":"23/01/2026","date_ts":1769126400000,"profit_abs":0.0,"wins":0,"draws":0,"losses":0,"trades":0,"profit_factor":0.0},{"date":"24/01/2026","date_ts":1769212800000,"profit_abs":0.0,"wins":0,"draws":0,"losses":0,"trades":0,"profit_factor":0.0},{"date":"25/01/2026","date_ts":1769299200000,"profit_abs":0.0,"wins":0,"draws":0,"losses":0,"trades":0,"profit_factor":0.0},{"date":"26/01/2026","date_ts":1769385600000,"profit_abs":-0.17096688,"wins":0,"draws":0,"losses":1,"trades":1,"profit_factor":0.0},{"date":"27/01/2026","date_ts":1769472000000,"profit_abs":0.0,"wins":0,"draws":0,"losses":0,"trades":0,"profit_factor":0.0},{"date":"28/01/2026","date_ts":1769558400000,"profit_abs":-0.2472395,"wins":0,"draws":0,"losses":1,"trades":1,"profit_factor":0.0},{"date":"29/01/2026","date_ts":1769644800000,"profit_abs":0.0,"wins":0,"draws":0,"losses":0,"trades":0,"profit_factor":0.0},{"date":"30/01/2026","date_ts":1769731200000,"profit_abs":-0.4739427,"wins":0,"draws":0,"losses":2,"trades":2,"profit_factor":0.0}],"week":[{"date":"10/11/2025","date_ts":1762732800000,"profit_abs":3.14470488,"wins":8,"draws":0,"losses":6,"trades":14,"profit_factor":2.30745058},{"date":"17/11/2025","date_ts":1763337600000,"profit_abs":-0.33313085,"wins":0,"draws":0,"losses":2,"trades":2,"profit_factor":0.0},{"date":"24/11/2025","date_ts":1763942400000,"profit_abs":0.27144896,"wins":3,"draws":0,"losses":4,"trades":7,"profit_factor":1.22466925},{"date":"01/12/2025","date_ts":1764547200000,"profit_abs":0.0,"wins":0,"draws":0,"losses":0,"trades":0,"profit_factor":0.0},{"date":"08/12/2025","date_ts":1765152000000,"profit_abs":2.42289824,"wins":3,"draws":0,"losses":4,"trades":7,"profit_factor":4.43087637},{"date":"15/12/2025","date_ts":1765756800000,"profit_abs":0.496158,"wins":2,"draws":0,"losses":0,"trades":2,"profit_factor":0.0},{"date":"22/12/2025","date_ts":1766361600000,"profit_abs":-1.15229635,"wins":0,"draws":0,"losses":3,"trades":3,"profit_factor":0.0},{"date":"29/12/2025","date_ts":1766966400000,"profit_abs":0.06987967,"wins":2,"draws":0,"losses":5,"trades":7,"profit_factor":1.08149107},{"date":"05/01/2026","date_ts":1767571200000,"profit_abs":1.0072903,"wins":2,"draws":0,"losses":1,"trades":3,"profit_factor":8.17870274},{"date":"12/01/2026","date_ts":1768176000000,"profit_abs":-1.56752462,"wins":1,"draws":0,"losses":5,"trades":6,"profit_factor":0.00267871},{"date":"19/01/2026","date_ts":1768780800000,"profit_abs":2.66316286,"wins":6,"draws":0,"losses":2,"trades":8,"profit_factor":7.25880359},{"date":"26/01/2026","date_ts":1769385600000,"profit_abs":-0.07251034,"wins":1,"draws":0,"losses":3,"trades":4,"profit_factor":0.94500479},{"date":"02/02/2026","date_ts":1769990400000,"profit_abs":-0.7211822,"wins":0,"draws":0,"losses":3,"trades":3,"profit_factor":0.0}],"month":[{"date":"30/11/2025","date_ts":1764460800000,"profit_abs":3.08302299,"wins":11,"draws":0,"losses":12,"trades":23,"profit_factor":1.78119135},{"date":"31/12/2025","date_ts":1767139200000,"profit_abs":1.83663956,"wins":7,"draws":0,"losses":12,"trades":19,"profit_factor":1.67622624},{"date":"31/01/2026","date_ts":1769817600000,"profit_abs":1.309236,"wins":10,"draws":0,"losses":14,"trades":24,"profit_factor":1.31342243}],"year":[{"date":"31/12/2025","date_ts":1767139200000,"profit_abs":4.91966255,"wins":18,"draws":0,"losses":24,"trades":42,"profit_factor":1.73840212},{"date":"31/12/2026","date_ts":1798675200000,"profit_abs":1.309236,"wins":10,"draws":0,"losses":14,"trades":24,"profit_factor":1.31342243}],"weekday":[{"date":"Monday","date_ts":0,"profit_abs":-0.03184103,"wins":1,"draws":0,"losses":6,"trades":7,"profit_factor":0.96623067},{"date":"Tuesday","date_ts":1,"profit_abs":4.51843906,"wins":8,"draws":0,"losses":1,"trades":9,"profit_factor":38.67189831},{"date":"Wednesday","date_ts":2,"profit_abs":-0.74611305,"wins":5,"draws":0,"losses":6,"trades":11,"profit_factor":0.76406113},{"date":"Thursday","date_ts":3,"profit_abs":-0.07314032,"wins":1,"draws":0,"losses":6,"trades":7,"profit_factor":0.94455348},{"date":"Friday","date_ts":4,"profit_abs":2.16958808,"wins":5,"draws":0,"losses":8,"trades":13,"profit_factor":1.90283046},{"date":"Saturday","date_ts":5,"profit_abs":0.4064948,"wins":3,"draws":0,"losses":3,"trades":6,"profit_factor":1.63686567},{"date":"Sunday","date_ts":6,"profit_abs":-0.01452899,"wins":5,"draws":0,"losses":8,"trades":13,"profit_factor":0.9935546}]},"backtest_best_day":0.1290114489661901,"backtest_worst_day":-0.04092255913480891,"backtest_best_day_abs":3.15873124,"backtest_worst_day_abs":-1.14751786,"winning_days":15,"draw_days":51,"losing_days":21,"daily_profit":[["2025-11-05",-0.63297305],["2025-11-06",-0.1160865],["2025-11-07",3.15873124],["2025-11-08",0.0],["2025-11-09",0.07920516],["2025-11-10",0.65582803],["2025-11-11",0.0],["2025-11-12",0.0],["2025-11-13",0.0],["2025-11-14",0.0],["2025-11-15",0.0],["2025-11-16",-0.2522732],["2025-11-17",-0.08085765],["2025-11-18",0.24669066],["2025-11-19",0.0],["2025-11-20",0.0],["2025-11-21",0.0],["2025-11-22",-0.349191],["2025-11-23",0.3739493],["2025-11-24",0.0],["2025-11-25",0.0],["2025-11-26",0.0],["2025-11-27",0.0],["2025-11-28",0.0],["2025-11-29",0.0],["2025-11-30",0.0],["2025-12-01",0.0],["2025-12-02",3.12903868],["2025-12-03",0.0],["2025-12-04",0.0],["2025-12-05",0.0],["2025-12-06",0.0],["2025-12-07",-0.48915767],["2025-12-08",-0.21698277],["2025-12-09",0.438596],["2025-12-10",0.0],["2025-12-11",0.0],["2025-12-12",0.0],["2025-12-13",0.057562],["2025-12-14",0.0],["2025-12-15",0.0],["2025-12-16",0.0],["2025-12-17",0.0],["2025-12-18",-0.53772815],["2025-12-19",-0.6145682],["2025-12-20",0.0],["2025-12-21",0.0],["2025-12-22",0.0],["2025-12-23",0.0],["2025-12-24",0.0],["2025-12-25",-0.52498359],["2025-12-26",-0.11366784],["2025-12-27",0.0],["2025-12-28",0.92739286],["2025-12-29",-0.21886176],["2025-12-30",0.0],["2025-12-31",0.0],["2026-01-01",-0.14031648],["2026-01-02",1.14760678],["2026-01-03",0.0],["2026-01-04",0.0],["2026-01-05",0.0],["2026-01-06",0.00421022],["2026-01-07",0.0],["2026-01-08",0.0],["2026-01-09",-0.9345712],["2026-01-10",-0.289083],["2026-01-11",-0.34808064],["2026-01-12",0.0],["2026-01-13",0.6999035],["2026-01-14",1.28161736],["2026-01-15",0.0],["2026-01-16",0.0],["2026-01-17",0.9872068],["2026-01-18",-0.3055648],["2026-01-19",0.0],["2026-01-20",0.0],["2026-01-21",-1.14751786],["2026-01-22",1.2459744],["2026-01-23",0.0],["2026-01-24",0.0],["2026-01-25",0.0],["2026-01-26",-0.17096688],["2026-01-27",0.0],["2026-01-28",-0.2472395],["2026-01-29",0.0],["2026-01-30",-0.4739427]],"wins":28,"losses":38,"draws":0,"winrate":0.42424242424242425,"holding_avg":"4:20:00","holding_avg_s":15600.0,"winner_holding_min":"0d 02:40","winner_holding_min_s":9600.0,"winner_holding_max":"0d 11:20","winner_holding_max_s":40800.0,"winner_holding_avg":"0d 05:31","winner_holding_avg_s":19860.0,"loser_holding_min":"0d 00:10","loser_holding_min_s":600.0,"loser_holding_max":"0d 23:35","loser_holding_max_s":84900.0,"loser_holding_avg":"0d 03:27","loser_holding_avg_s":12420.0,"max_consecutive_wins":6,"max_consecutive_losses":7,"max_drawdown_account":0.03559610091774812,"max_relative_drawdown":0.03559610091774812,"max_drawdown_abs":2.0009302200000008,"drawdown_start":"2025-12-02 20:15:00","drawdown_start_ts":1764706500000.0,"drawdown_end":"2025-12-26 11:45:00","drawdown_end_ts":1766749500000.0,"drawdown_duration":"23 days 15:30:00","drawdown_duration_s":2043000.0,"max_drawdown_low":4.21113145,"max_drawdown_high":6.212061670000001,"csum_min":48.49038128,"csum_max":57.32815589}},"strategy_comparison":[{"key":"MultiMa","trades":66,"profit_mean":0.003771467644851469,"profit_mean_pct":0.38,"profit_total_abs":6.2288985499999985,"profit_total":0.12457797099999997,"profit_total_pct":12.46,"duration_avg":"4:20:00","wins":28,"draws":0,"losses":38,"winrate":0.42424242424242425,"cagr":0.6098708697841468,"expectancy":0.09437725075757575,"expectancy_ratio":0.33084874095772077,"sortino":7.3867389050628445,"sharpe":2.2682405841158673,"calmar":74.29211916569709,"sqn":1.3053,"profit_factor":1.5746320237686733,"max_drawdown_account":0.03559610091774812,"max_drawdown_abs":"2.001"}]}