{"strategy":{"UniversalMACD":{"trades":[{"pair":"DOGE/USDT","stake_amount":1.28872,"max_stake_amount":1.28872,"amount":8.0,"open_date":"2025-11-04 06:00:00+00:00","close_date":"2025-11-21 07:20:00+00:00","open_rate":0.16109,"close_rate":0.14499,"fee_open":0.001,"fee_close":0.001,"trade_duration":24560,"profit_ratio":-0.10174244403557209,"profit_abs":-0.13124864,"exit_reason":"stop_loss","initial_stop_loss_abs":0.14499,"initial_stop_loss_ratio":-0.1,"stop_loss_abs":0.14499,"stop_loss_ratio":-0.1,"min_rate":0.14473000000000003,"max_rate":0.1864,"is_open":false,"enter_tag":"","leverage":1.0,"is_short":false,"open_timestamp":1762236000000,"close_timestamp":1763709600000,"orders":[{"amount":8.0,"safe_price":0.16109,"ft_order_side":"buy","order_filled_timestamp":1762236000000,"ft_is_entry":true,"ft_order_tag":"","cost":1.2900087199999999},{"amount":8.0,"safe_price":0.14499,"ft_order_side":"sell","order_filled_timestamp":1763709600000,"ft_is_entry":false,"ft_order_tag":"stop_loss","cost":1.16107992}],"funding_fees":0.0,"weekday":4},{"pair":"DOGE/USDT","stake_amount":1.4002,"max_stake_amount":1.4002,"amount":10.0,"open_date":"2025-11-21 07:55:00+00:00","close_date":"2025-12-17 16:20:00+00:00","open_rate":0.14002,"close_rate":0.12602,"fee_open":0.001,"fee_close":0.001,"trade_duration":37945,"profit_ratio":-0.10178394666324961,"profit_abs":-0.1426604,"exit_reason":"stop_loss","initial_stop_loss_abs":0.12602,"initial_stop_loss_ratio":-0.1,"stop_loss_abs":0.12602,"stop_loss_ratio":-0.1,"min_rate":0.12583,"max_rate":0.15681,"is_open":false,"enter_tag":"","leverage":1.0,"is_short":false,"open_timestamp":1763711700000,"close_timestamp":1765988400000,"orders":[{"amount":10.0,"safe_price":0.14002,"ft_order_side":"buy","order_filled_timestamp":1763711700000,"ft_is_entry":true,"ft_order_tag":"","cost":1.4016001999999999},{"amount":10.0,"safe_price":0.12602,"ft_order_side":"sell","order_filled_timestamp":1765988400000,"ft_is_entry":false,"ft_order_tag":"stop_loss","cost":1.2614602}],"funding_fees":0.0,"weekday":2},{"pair":"DOGE/USDT","stake_amount":1.35025,"max_stake_amount":1.35025,"amount":11.0,"open_date":"2025-12-18 17:40:00+00:00","close_date":"2026-01-31 08:40:00+00:00","open_rate":0.12275,"close_rate":0.11048,"fee_open":0.001,"fee_close":0.001,"trade_duration":62820,"profit_ratio":-0.10175754998565587,"profit_abs":-0.13753553,"exit_reason":"stop_loss","initial_stop_loss_abs":0.11048,"initial_stop_loss_ratio":-0.1,"stop_loss_abs":0.11048,"stop_loss_ratio":-0.1,"min_rate":0.11032000000000002,"max_rate":0.15656,"is_open":false,"enter_tag":"","leverage":1.0,"is_short":false,"open_timestamp":1766079600000,"close_timestamp":1769848800000,"orders":[{"amount":11.0,"safe_price":0.12275000000000001,"ft_order_side":"buy","order_filled_timestamp":1766079600000,"ft_is_entry":true,"ft_order_tag":"","cost":1.35160025},{"amount":11.0,"safe_price":0.11048,"ft_order_side":"sell","order_filled_timestamp":1769848800000,"ft_is_entry":false,"ft_order_tag":"stop_loss","cost":1.2164952799999997}],"funding_fees":0.0,"weekday":5},{"pair":"DOGE/USDT","stake_amount":1.32925,"max_stake_amount":1.32925,"amount":13.0,"open_date":"2026-01-31 17:20:00+00:00","close_date":"2026-02-02 00:00:00+00:00","open_rate":0.10225,"close_rate":0.10427000000000002,"fee_open":0.001,"fee_close":0.001,"trade_duration":1840,"profit_ratio":0.017718027693577814,"profit_abs":0.02357524,"exit_reason":"force_exit","initial_stop_loss_abs":0.09203,"initial_stop_loss_ratio":-0.1,"stop_loss_abs":0.09203,"stop_loss_ratio":-0.1,"min_rate":0.09461000000000001,"max_rate":0.10685000000000001,"is_open":false,"enter_tag":"","leverage":1.0,"is_short":false,"open_timestamp":1769880000000,"close_timestamp":1769990400000,"orders":[{"amount":13.0,"safe_price":0.10225000000000001,"ft_order_side":"buy","order_filled_timestamp":1769880000000,"ft_is_entry":true,"ft_order_tag":"","cost":1.33057925},{"amount":13.0,"safe_price":0.10427000000000002,"ft_order_side":"sell","order_filled_timestamp":1769990400000,"ft_is_entry":false,"ft_order_tag":"force_exit","cost":1.35686551}],"funding_fees":0.0,"weekday":0}],"locks":[],"best_pair":{"key":"BTC/USDT","trades":0,"profit_mean":0.0,"profit_mean_pct":0.0,"profit_total_abs":0.0,"profit_total":0.0,"profit_total_pct":0.0,"duration_avg":"0:00","wins":0,"draws":0,"losses":0,"winrate":0.0,"cagr":0.0,"expectancy":0.0,"expectancy_ratio":100.0,"sortino":0,"sharpe":0,"calmar":0,"sqn":0.0,"profit_factor":0.0,"max_drawdown_account":0.0,"max_drawdown_abs":0.0},"worst_pair":{"key":"DOGE/USDT","trades":4,"profit_mean":-0.07189147824772493,"profit_mean_pct":-7.19,"profit_total_abs":-0.38786933,"profit_total":-0.0077573866,"profit_total_pct":-0.78,"duration_avg":"22 days, 1:51:00","wins":1,"draws":0,"losses":3,"winrate":0.25,"cagr":-0.031089633848951692,"expectancy":-0.0969673325,"expectancy_ratio":-0.7070259731462734,"sortino":-17.64262263910104,"sharpe":-1.181077603504203,"calmar":-20.01142555654008,"sqn":-2.4092,"profit_factor":0.05729870247163549,"max_drawdown_account":0.00822889140000001,"max_drawdown_abs":0.41144457},"results_per_pair":[{"key":"BTC/USDT","trades":0,"profit_mean":0.0,"profit_mean_pct":0.0,"profit_total_abs":0.0,"profit_total":0.0,"profit_total_pct":0.0,"duration_avg":"0:00","wins":0,"draws":0,"losses":0,"winrate":0.0,"cagr":0.0,"expectancy":0.0,"expectancy_ratio":100.0,"sortino":0,"sharpe":0,"calmar":0,"sqn":0.0,"profit_factor":0.0,"max_drawdown_account":0.0,"max_drawdown_abs":0.0},{"key":"ETH/USDT","trades":0,"profit_mean":0.0,"profit_mean_pct":0.0,"profit_total_abs":0.0,"profit_total":0.0,"profit_total_pct":0.0,"duration_avg":"0:00","wins":0,"draws":0,"losses":0,"winrate":0.0,"cagr":0.0,"expectancy":0.0,"expectancy_ratio":100.0,"sortino":0,"sharpe":0,"calmar":0,"sqn":0.0,"profit_factor":0.0,"max_drawdown_account":0.0,"max_drawdown_abs":0.0},{"key":"BNB/USDT","trades":0,"profit_mean":0.0,"profit_mean_pct":0.0,"profit_total_abs":0.0,"profit_total":0.0,"profit_total_pct":0.0,"duration_avg":"0:00","wins":0,"draws":0,"losses":0,"winrate":0.0,"cagr":0.0,"expectancy":0.0,"expectancy_ratio":100.0,"sortino":0,"sharpe":0,"calmar":0,"sqn":0.0,"profit_factor":0.0,"max_drawdown_account":0.0,"max_drawdown_abs":0.0},{"key":"SOL/USDT","trades":0,"profit_mean":0.0,"profit_mean_pct":0.0,"profit_total_abs":0.0,"profit_total":0.0,"profit_total_pct":0.0,"duration_avg":"0:00","wins":0,"draws":0,"losses":0,"winrate":0.0,"cagr":0.0,"expectancy":0.0,"expectancy_ratio":100.0,"sortino":0,"sharpe":0,"calmar":0,"sqn":0.0,"profit_factor":0.0,"max_drawdown_account":0.0,"max_drawdown_abs":0.0},{"key":"ADA/USDT","trades":0,"profit_mean":0.0,"profit_mean_pct":0.0,"profit_total_abs":0.0,"profit_total":0.0,"profit_total_pct":0.0,"duration_avg":"0:00","wins":0,"draws":0,"losses":0,"winrate":0.0,"cagr":0.0,"expectancy":0.0,"expectancy_ratio":100.0,"sortino":0,"sharpe":0,"calmar":0,"sqn":0.0,"profit_factor":0.0,"max_drawdown_account":0.0,"max_drawdown_abs":0.0},{"key":"XRP/USDT","trades":0,"profit_mean":0.0,"profit_mean_pct":0.0,"profit_total_abs":0.0,"profit_total":0.0,"profit_total_pct":0.0,"duration_avg":"0:00","wins":0,"draws":0,"losses":0,"winrate":0.0,"cagr":0.0,"expectancy":0.0,"expectancy_ratio":100.0,"sortino":0,"sharpe":0,"calmar":0,"sqn":0.0,"profit_factor":0.0,"max_drawdown_account":0.0,"max_drawdown_abs":0.0},{"key":"DOT/USDT","trades":0,"profit_mean":0.0,"profit_mean_pct":0.0,"profit_total_abs":0.0,"profit_total":0.0,"profit_total_pct":0.0,"duration_avg":"0:00","wins":0,"draws":0,"losses":0,"winrate":0.0,"cagr":0.0,"expectancy":0.0,"expectancy_ratio":100.0,"sortino":0,"sharpe":0,"calmar":0,"sqn":0.0,"profit_factor":0.0,"max_drawdown_account":0.0,"max_drawdown_abs":0.0},{"key":"AVAX/USDT","trades":0,"profit_mean":0.0,"profit_mean_pct":0.0,"profit_total_abs":0.0,"profit_total":0.0,"profit_total_pct":0.0,"duration_avg":"0:00","wins":0,"draws":0,"losses":0,"winrate":0.0,"cagr":0.0,"expectancy":0.0,"expectancy_ratio":100.0,"sortino":0,"sharpe":0,"calmar":0,"sqn":0.0,"profit_factor":0.0,"max_drawdown_account":0.0,"max_drawdown_abs":0.0},{"key":"LINK/USDT","trades":0,"profit_mean":0.0,"profit_mean_pct":0.0,"profit_total_abs":0.0,"profit_total":0.0,"profit_total_pct":0.0,"duration_avg":"0:00","wins":0,"draws":0,"losses":0,"winrate":0.0,"cagr":0.0,"expectancy":0.0,"expectancy_ratio":100.0,"sortino":0,"sharpe":0,"calmar":0,"sqn":0.0,"profit_factor":0.0,"max_drawdown_account":0.0,"max_drawdown_abs":0.0},{"key":"LTC/USDT","trades":0,"profit_mean":0.0,"profit_mean_pct":0.0,"profit_total_abs":0.0,"profit_total":0.0,"profit_total_pct":0.0,"duration_avg":"0:00","wins":0,"draws":0,"losses":0,"winrate":0.0,"cagr":0.0,"expectancy":0.0,"expectancy_ratio":100.0,"sortino":0,"sharpe":0,"calmar":0,"sqn":0.0,"profit_factor":0.0,"max_drawdown_account":0.0,"max_drawdown_abs":0.0},{"key":"TRX/USDT","trades":0,"profit_mean":0.0,"profit_mean_pct":0.0,"profit_total_abs":0.0,"profit_total":0.0,"profit_total_pct":0.0,"duration_avg":"0:00","wins":0,"draws":0,"losses":0,"winrate":0.0,"cagr":0.0,"expectancy":0.0,"expectancy_ratio":100.0,"sortino":0,"sharpe":0,"calmar":0,"sqn":0.0,"profit_factor":0.0,"max_drawdown_account":0.0,"max_drawdown_abs":0.0},{"key":"UNI/USDT","trades":0,"profit_mean":0.0,"profit_mean_pct":0.0,"profit_total_abs":0.0,"profit_total":0.0,"profit_total_pct":0.0,"duration_avg":"0:00","wins":0,"draws":0,"losses":0,"winrate":0.0,"cagr":0.0,"expectancy":0.0,"expectancy_ratio":100.0,"sortino":0,"sharpe":0,"calmar":0,"sqn":0.0,"profit_factor":0.0,"max_drawdown_account":0.0,"max_drawdown_abs":0.0},{"key":"ATOM/USDT","trades":0,"profit_mean":0.0,"profit_mean_pct":0.0,"profit_total_abs":0.0,"profit_total":0.0,"profit_total_pct":0.0,"duration_avg":"0:00","wins":0,"draws":0,"losses":0,"winrate":0.0,"cagr":0.0,"expectancy":0.0,"expectancy_ratio":100.0,"sortino":0,"sharpe":0,"calmar":0,"sqn":0.0,"profit_factor":0.0,"max_drawdown_account":0.0,"max_drawdown_abs":0.0},{"key":"XLM/USDT","trades":0,"profit_mean":0.0,"profit_mean_pct":0.0,"profit_total_abs":0.0,"profit_total":0.0,"profit_total_pct":0.0,"duration_avg":"0:00","wins":0,"draws":0,"losses":0,"winrate":0.0,"cagr":0.0,"expectancy":0.0,"expectancy_ratio":100.0,"sortino":0,"sharpe":0,"calmar":0,"sqn":0.0,"profit_factor":0.0,"max_drawdown_account":0.0,"max_drawdown_abs":0.0},{"key":"ETC/USDT","trades":0,"profit_mean":0.0,"profit_mean_pct":0.0,"profit_total_abs":0.0,"profit_total":0.0,"profit_total_pct":0.0,"duration_avg":"0:00","wins":0,"draws":0,"losses":0,"winrate":0.0,"cagr":0.0,"expectancy":0.0,"expectancy_ratio":100.0,"sortino":0,"sharpe":0,"calmar":0,"sqn":0.0,"profit_factor":0.0,"max_drawdown_account":0.0,"max_drawdown_abs":0.0},{"key":"BCH/USDT","trades":0,"profit_mean":0.0,"profit_mean_pct":0.0,"profit_total_abs":0.0,"profit_total":0.0,"profit_total_pct":0.0,"duration_avg":"0:00","wins":0,"draws":0,"losses":0,"winrate":0.0,"cagr":0.0,"expectancy":0.0,"expectancy_ratio":100.0,"sortino":0,"sharpe":0,"calmar":0,"sqn":0.0,"profit_factor":0.0,"max_drawdown_account":0.0,"max_drawdown_abs":0.0},{"key":"NEAR/USDT","trades":0,"profit_mean":0.0,"profit_mean_pct":0.0,"profit_total_abs":0.0,"profit_total":0.0,"profit_total_pct":0.0,"duration_avg":"0:00","wins":0,"draws":0,"losses":0,"winrate":0.0,"cagr":0.0,"expectancy":0.0,"expectancy_ratio":100.0,"sortino":0,"sharpe":0,"calmar":0,"sqn":0.0,"profit_factor":0.0,"max_drawdown_account":0.0,"max_drawdown_abs":0.0},{"key":"FIL/USDT","trades":0,"profit_mean":0.0,"profit_mean_pct":0.0,"profit_total_abs":0.0,"profit_total":0.0,"profit_total_pct":0.0,"duration_avg":"0:00","wins":0,"draws":0,"losses":0,"winrate":0.0,"cagr":0.0,"expectancy":0.0,"expectancy_ratio":100.0,"sortino":0,"sharpe":0,"calmar":0,"sqn":0.0,"profit_factor":0.0,"max_drawdown_account":0.0,"max_drawdown_abs":0.0},{"key":"APT/USDT","trades":0,"profit_mean":0.0,"profit_mean_pct":0.0,"profit_total_abs":0.0,"profit_total":0.0,"profit_total_pct":0.0,"duration_avg":"0:00","wins":0,"draws":0,"losses":0,"winrate":0.0,"cagr":0.0,"expectancy":0.0,"expectancy_ratio":100.0,"sortino":0,"sharpe":0,"calmar":0,"sqn":0.0,"profit_factor":0.0,"max_drawdown_account":0.0,"max_drawdown_abs":0.0},{"key":"ARB/USDT","trades":0,"profit_mean":0.0,"profit_mean_pct":0.0,"profit_total_abs":0.0,"profit_total":0.0,"profit_total_pct":0.0,"duration_avg":"0:00","wins":0,"draws":0,"losses":0,"winrate":0.0,"cagr":0.0,"expectancy":0.0,"expectancy_ratio":100.0,"sortino":0,"sharpe":0,"calmar":0,"sqn":0.0,"profit_factor":0.0,"max_drawdown_account":0.0,"max_drawdown_abs":0.0},{"key":"OP/USDT","trades":0,"profit_mean":0.0,"profit_mean_pct":0.0,"profit_total_abs":0.0,"profit_total":0.0,"profit_total_pct":0.0,"duration_avg":"0:00","wins":0,"draws":0,"losses":0,"winrate":0.0,"cagr":0.0,"expectancy":0.0,"expectancy_ratio":100.0,"sortino":0,"sharpe":0,"calmar":0,"sqn":0.0,"profit_factor":0.0,"max_drawdown_account":0.0,"max_drawdown_abs":0.0},{"key":"ICP/USDT","trades":0,"profit_mean":0.0,"profit_mean_pct":0.0,"profit_total_abs":0.0,"profit_total":0.0,"profit_total_pct":0.0,"duration_avg":"0:00","wins":0,"draws":0,"losses":0,"winrate":0.0,"cagr":0.0,"expectancy":0.0,"expectancy_ratio":100.0,"sortino":0,"sharpe":0,"calmar":0,"sqn":0.0,"profit_factor":0.0,"max_drawdown_account":0.0,"max_drawdown_abs":0.0},{"key":"ALGO/USDT","trades":0,"profit_mean":0.0,"profit_mean_pct":0.0,"profit_total_abs":0.0,"profit_total":0.0,"profit_total_pct":0.0,"duration_avg":"0:00","wins":0,"draws":0,"losses":0,"winrate":0.0,"cagr":0.0,"expectancy":0.0,"expectancy_ratio":100.0,"sortino":0,"sharpe":0,"calmar":0,"sqn":0.0,"profit_factor":0.0,"max_drawdown_account":0.0,"max_drawdown_abs":0.0},{"key":"AAVE/USDT","trades":0,"profit_mean":0.0,"profit_mean_pct":0.0,"profit_total_abs":0.0,"profit_total":0.0,"profit_total_pct":0.0,"duration_avg":"0:00","wins":0,"draws":0,"losses":0,"winrate":0.0,"cagr":0.0,"expectancy":0.0,"expectancy_ratio":100.0,"sortino":0,"sharpe":0,"calmar":0,"sqn":0.0,"profit_factor":0.0,"max_drawdown_account":0.0,"max_drawdown_abs":0.0},{"key":"SAND/USDT","trades":0,"profit_mean":0.0,"profit_mean_pct":0.0,"profit_total_abs":0.0,"profit_total":0.0,"profit_total_pct":0.0,"duration_avg":"0:00","wins":0,"draws":0,"losses":0,"winrate":0.0,"cagr":0.0,"expectancy":0.0,"expectancy_ratio":100.0,"sortino":0,"sharpe":0,"calmar":0,"sqn":0.0,"profit_factor":0.0,"max_drawdown_account":0.0,"max_drawdown_abs":0.0},{"key":"MANA/USDT","trades":0,"profit_mean":0.0,"profit_mean_pct":0.0,"profit_total_abs":0.0,"profit_total":0.0,"profit_total_pct":0.0,"duration_avg":"0:00","wins":0,"draws":0,"losses":0,"winrate":0.0,"cagr":0.0,"expectancy":0.0,"expectancy_ratio":100.0,"sortino":0,"sharpe":0,"calmar":0,"sqn":0.0,"profit_factor":0.0,"max_drawdown_account":0.0,"max_drawdown_abs":0.0},{"key":"EGLD/USDT","trades":0,"profit_mean":0.0,"profit_mean_pct":0.0,"profit_total_abs":0.0,"profit_total":0.0,"profit_total_pct":0.0,"duration_avg":"0:00","wins":0,"draws":0,"losses":0,"winrate":0.0,"cagr":0.0,"expectancy":0.0,"expectancy_ratio":100.0,"sortino":0,"sharpe":0,"calmar":0,"sqn":0.0,"profit_factor":0.0,"max_drawdown_account":0.0,"max_drawdown_abs":0.0},{"key":"RUNE/USDT","trades":0,"profit_mean":0.0,"profit_mean_pct":0.0,"profit_total_abs":0.0,"profit_total":0.0,"profit_total_pct":0.0,"duration_avg":"0:00","wins":0,"draws":0,"losses":0,"winrate":0.0,"cagr":0.0,"expectancy":0.0,"expectancy_ratio":100.0,"sortino":0,"sharpe":0,"calmar":0,"sqn":0.0,"profit_factor":0.0,"max_drawdown_account":0.0,"max_drawdown_abs":0.0},{"key":"INJ/USDT","trades":0,"profit_mean":0.0,"profit_mean_pct":0.0,"profit_total_abs":0.0,"profit_total":0.0,"profit_total_pct":0.0,"duration_avg":"0:00","wins":0,"draws":0,"losses":0,"winrate":0.0,"cagr":0.0,"expectancy":0.0,"expectancy_ratio":100.0,"sortino":0,"sharpe":0,"calmar":0,"sqn":0.0,"profit_factor":0.0,"max_drawdown_account":0.0,"max_drawdown_abs":0.0},{"key":"GALA/USDT","trades":0,"profit_mean":0.0,"profit_mean_pct":0.0,"profit_total_abs":0.0,"profit_total":0.0,"profit_total_pct":0.0,"duration_avg":"0:00","wins":0,"draws":0,"losses":0,"winrate":0.0,"cagr":0.0,"expectancy":0.0,"expectancy_ratio":100.0,"sortino":0,"sharpe":0,"calmar":0,"sqn":0.0,"profit_factor":0.0,"max_drawdown_account":0.0,"max_drawdown_abs":0.0},{"key":"HBAR/USDT","trades":0,"profit_mean":0.0,"profit_mean_pct":0.0,"profit_total_abs":0.0,"profit_total":0.0,"profit_total_pct":0.0,"duration_avg":"0:00","wins":0,"draws":0,"losses":0,"winrate":0.0,"cagr":0.0,"expectancy":0.0,"expectancy_ratio":100.0,"sortino":0,"sharpe":0,"calmar":0,"sqn":0.0,"profit_factor":0.0,"max_drawdown_account":0.0,"max_drawdown_abs":0.0},{"key":"VET/USDT","trades":0,"profit_mean":0.0,"profit_mean_pct":0.0,"profit_total_abs":0.0,"profit_total":0.0,"profit_total_pct":0.0,"duration_avg":"0:00","wins":0,"draws":0,"losses":0,"winrate":0.0,"cagr":0.0,"expectancy":0.0,"expectancy_ratio":100.0,"sortino":0,"sharpe":0,"calmar":0,"sqn":0.0,"profit_factor":0.0,"max_drawdown_account":0.0,"max_drawdown_abs":0.0},{"key":"DOGE/USDT","trades":4,"profit_mean":-0.07189147824772493,"profit_mean_pct":-7.19,"profit_total_abs":-0.38786933,"profit_total":-0.0077573866,"profit_total_pct":-0.78,"duration_avg":"22 days, 1:51:00","wins":1,"draws":0,"losses":3,"winrate":0.25,"cagr":-0.031089633848951692,"expectancy":-0.0969673325,"expectancy_ratio":-0.7070259731462734,"sortino":-17.64262263910104,"sharpe":-1.181077603504203,"calmar":-20.01142555654008,"sqn":-2.4092,"profit_factor":0.05729870247163549,"max_drawdown_account":0.00822889140000001,"max_drawdown_abs":0.41144457},{"key":"TOTAL","trades":4,"profit_mean":-0.07189147824772493,"profit_mean_pct":-7.19,"profit_total_abs":-0.38786933,"profit_total":-0.0077573866,"profit_total_pct":-0.78,"duration_avg":"22 days, 1:51:00","wins":1,"draws":0,"losses":3,"winrate":0.25,"cagr":-0.031089633848951692,"expectancy":-0.0969673325,"expectancy_ratio":-0.7070259731462734,"sortino":-17.64262263910104,"sharpe":-1.181077603504203,"calmar":-20.01142555654008,"sqn":-2.4092,"profit_factor":0.05729870247163549,"max_drawdown_account":0.00822889140000001,"max_drawdown_abs":0.41144457}],"results_per_enter_tag":[{"key":"","trades":4,"profit_mean":-0.07189147824772493,"profit_mean_pct":-7.19,"profit_total_abs":-0.38786933,"profit_total":-0.0077573866,"profit_total_pct":-0.78,"duration_avg":"22 days, 1:51:00","wins":1,"draws":0,"losses":3,"winrate":0.25,"cagr":-0.031089633848951692,"expectancy":-0.0969673325,"expectancy_ratio":-0.7070259731462734,"sortino":-17.64262263910104,"sharpe":-1.181077603504203,"calmar":-20.01142555654008,"sqn":-2.4092,"profit_factor":0.05729870247163549,"max_drawdown_account":0.00822889140000001,"max_drawdown_abs":0.41144457},{"key":"TOTAL","trades":4,"profit_mean":-0.07189147824772493,"profit_mean_pct":-7.19,"profit_total_abs":-0.38786933,"profit_total":-0.0077573866,"profit_total_pct":-0.78,"duration_avg":"22 days, 1:51:00","wins":1,"draws":0,"losses":3,"winrate":0.25,"cagr":-0.031089633848951692,"expectancy":-0.0969673325,"expectancy_ratio":-0.7070259731462734,"sortino":-17.64262263910104,"sharpe":-1.181077603504203,"calmar":-20.01142555654008,"sqn":-2.4092,"profit_factor":0.05729870247163549,"max_drawdown_account":0.00822889140000001,"max_drawdown_abs":0.41144457}],"exit_reason_summary":[{"key":"force_exit","trades":1,"profit_mean":0.017718027693577814,"profit_mean_pct":1.77,"profit_total_abs":0.02357524,"profit_total":0.00047150480000000003,"profit_total_pct":0.05,"duration_avg":"1 day, 6:40:00","wins":1,"draws":0,"losses":0,"winrate":1.0,"cagr":0.0019135918281854014,"expectancy":0.02357524,"expectancy_ratio":100.0,"sortino":-100,"sharpe":-100,"calmar":-100,"sqn":-100.0,"profit_factor":0.0,"max_drawdown_account":0.0,"max_drawdown_abs":0.0},{"key":"stop_loss","trades":3,"profit_mean":-0.10176131356149253,"profit_mean_pct":-10.18,"profit_total_abs":-0.41144457,"profit_total":-0.0082288914,"profit_total_pct":-0.82,"duration_avg":"29 days, 0:15:00","wins":0,"draws":0,"losses":3,"winrate":0.0,"cagr":-0.03295552754515996,"expectancy":-0.13714819,"expectancy_ratio":-1.0,"sortino":-18.7149659020918,"sharpe":-18.7149659020918,"calmar":-21.2277479717142,"sqn":-41.5603,"profit_factor":0.0,"max_drawdown_account":0.00822889140000001,"max_drawdown_abs":0.41144457},{"key":"TOTAL","trades":4,"profit_mean":-0.07189147824772493,"profit_mean_pct":-7.19,"profit_total_abs":-0.38786933,"profit_total":-0.0077573866,"profit_total_pct":-0.78,"duration_avg":"22 days, 1:51:00","wins":1,"draws":0,"losses":3,"winrate":0.25,"cagr":-0.031089633848951692,"expectancy":-0.0969673325,"expectancy_ratio":-0.7070259731462734,"sortino":-17.64262263910104,"sharpe":-1.181077603504203,"calmar":-20.01142555654008,"sqn":-2.4092,"profit_factor":0.05729870247163549,"max_drawdown_account":0.00822889140000001,"max_drawdown_abs":0.41144457}],"mix_tag_stats":[{"key":["","force_exit"],"trades":1,"profit_mean":0.017718027693577814,"profit_mean_pct":1.77,"profit_total_abs":0.02357524,"profit_total":0.00047150480000000003,"profit_total_pct":0.05,"duration_avg":"1 day, 6:40:00","wins":1,"draws":0,"losses":0,"winrate":1.0,"cagr":0.0019135918281854014,"expectancy":0.02357524,"expectancy_ratio":100.0,"sortino":-100,"sharpe":-100,"calmar":-100,"sqn":-100.0,"profit_factor":0.0,"max_drawdown_account":0.0,"max_drawdown_abs":0.0},{"key":["","stop_loss"],"trades":3,"profit_mean":-0.10176131356149253,"profit_mean_pct":-10.18,"profit_total_abs":-0.41144457,"profit_total":-0.0082288914,"profit_total_pct":-0.82,"duration_avg":"29 days, 0:15:00","wins":0,"draws":0,"losses":3,"winrate":0.0,"cagr":-0.03295552754515996,"expectancy":-0.13714819,"expectancy_ratio":-1.0,"sortino":-18.7149659020918,"sharpe":-18.7149659020918,"calmar":-21.2277479717142,"sqn":-41.5603,"profit_factor":0.0,"max_drawdown_account":0.00822889140000001,"max_drawdown_abs":0.41144457},{"key":"TOTAL","trades":4,"profit_mean":-0.07189147824772493,"profit_mean_pct":-7.19,"profit_total_abs":-0.38786933,"profit_total":-0.0077573866,"profit_total_pct":-0.78,"duration_avg":"22 days, 1:51:00","wins":1,"draws":0,"losses":3,"winrate":0.25,"cagr":-0.031089633848951692,"expectancy":-0.0969673325,"expectancy_ratio":-0.7070259731462734,"sortino":-17.64262263910104,"sharpe":-1.181077603504203,"calmar":-20.01142555654008,"sqn":-2.4092,"profit_factor":0.05729870247163549,"max_drawdown_account":0.00822889140000001,"max_drawdown_abs":0.41144457}],"left_open_trades":[{"key":"DOGE/USDT","trades":1,"profit_mean":0.017718027693577814,"profit_mean_pct":1.77,"profit_total_abs":0.02357524,"profit_total":0.00047150480000000003,"profit_total_pct":0.05,"duration_avg":"1 day, 6:40:00","wins":1,"draws":0,"losses":0,"winrate":1.0,"cagr":0.0019135918281854014,"expectancy":0.02357524,"expectancy_ratio":100.0,"sortino":-100,"sharpe":-100,"calmar":-100,"sqn":-100.0,"profit_factor":0.0,"max_drawdown_account":0.0,"max_drawdown_abs":0.0},{"key":"TOTAL","trades":1,"profit_mean":0.017718027693577814,"profit_mean_pct":1.77,"profit_total_abs":0.02357524,"profit_total":0.00047150480000000003,"profit_total_pct":0.05,"duration_avg":"1 day, 6:40:00","wins":1,"draws":0,"losses":0,"winrate":1.0,"cagr":0.0019135918281854014,"expectancy":0.02357524,"expectancy_ratio":100.0,"sortino":-100,"sharpe":-100,"calmar":-100,"sqn":-100.0,"profit_factor":0.0,"max_drawdown_account":0.0,"max_drawdown_abs":0.0}],"total_trades":4,"trade_count_long":4,"trade_count_short":0,"total_volume":10.36968933,"avg_stake_amount":1.342105,"profit_mean":-0.07189147824772493,"profit_median":-0.10174999701061398,"profit_total":-0.0077573866,"profit_total_long":-0.0077573866,"profit_total_short":0.0,"profit_total_abs":-0.38786933,"profit_total_long_abs":-0.38786933,"profit_total_short_abs":0.0,"cagr":-0.031089633848951692,"expectancy":-0.0969673325,"expectancy_ratio":-0.7070259731462734,"sortino":-17.64262263910104,"sharpe":-1.181077603504203,"calmar":-20.01142555654008,"sqn":-2.4092,"profit_factor":0.05729870247163549,"backtest_start":"2025-11-04 00:00:00","backtest_start_ts":1762214400000,"backtest_end":"2026-02-02 00:00:00","backtest_end_ts":1769990400000,"backtest_days":90,"backtest_run_start_ts":1770034961,"backtest_run_end_ts":1770034968,"trades_per_day":0.04,"market_change":-0.3645910889901799,"pairlist":["BTC/USDT","ETH/USDT","BNB/USDT","SOL/USDT","ADA/USDT","XRP/USDT","DOT/USDT","DOGE/USDT","AVAX/USDT","LINK/USDT","LTC/USDT","TRX/USDT","UNI/USDT","ATOM/USDT","XLM/USDT","ETC/USDT","BCH/USDT","NEAR/USDT","FIL/USDT","APT/USDT","ARB/USDT","OP/USDT","ICP/USDT","ALGO/USDT","AAVE/USDT","SAND/USDT","MANA/USDT","EGLD/USDT","RUNE/USDT","INJ/USDT","GALA/USDT","HBAR/USDT","VET/USDT"],"stake_amount":"unlimited","stake_currency":"USDT","stake_currency_decimals":3,"starting_balance":50,"dry_run_wallet":50,"final_balance":49.61213067,"rejected_signals":0,"timedout_entry_orders":0,"timedout_exit_orders":0,"canceled_trade_entries":0,"canceled_entry_orders":0,"replaced_entry_orders":0,"max_open_trades":33,"max_open_trades_setting":35,"timeframe":"5m","timeframe_detail":"","timerange":"20251104-20260202","enable_protections":false,"strategy_name":"UniversalMACD","freqaimodel":"XGBoostRegressor","freqai_identifier":"qs_v9_scalp_5m1h_l2","stoploss":-0.1,"trailing_stop":false,"trailing_stop_positive":0.01,"trailing_stop_positive_offset":0.02,"trailing_only_offset_is_reached":false,"use_custom_stoploss":false,"minimal_roi":{},"use_exit_signal":true,"exit_profit_only":false,"exit_profit_offset":0.0,"ignore_roi_if_entry_signal":false,"trading_mode":"spot","margin_mode":"","periodic_breakdown":{"day":[{"date":"21/11/2025","date_ts":1763683200000,"profit_abs":-0.13124864,"wins":0,"draws":0,"losses":1,"trades":1,"profit_factor":0.0},{"date":"22/11/2025","date_ts":1763769600000,"profit_abs":0.0,"wins":0,"draws":0,"losses":0,"trades":0,"profit_factor":0.0},{"date":"23/11/2025","date_ts":1763856000000,"profit_abs":0.0,"wins":0,"draws":0,"losses":0,"trades":0,"profit_factor":0.0},{"date":"24/11/2025","date_ts":1763942400000,"profit_abs":0.0,"wins":0,"draws":0,"losses":0,"trades":0,"profit_factor":0.0},{"date":"25/11/2025","date_ts":1764028800000,"profit_abs":0.0,"wins":0,"draws":0,"losses":0,"trades":0,"profit_factor":0.0},{"date":"26/11/2025","date_ts":1764115200000,"profit_abs":0.0,"wins":0,"draws":0,"losses":0,"trades":0,"profit_factor":0.0},{"date":"27/11/2025","date_ts":1764201600000,"profit_abs":0.0,"wins":0,"draws":0,"losses":0,"trades":0,"profit_factor":0.0},{"date":"28/11/2025","date_ts":1764288000000,"profit_abs":0.0,"wins":0,"draws":0,"losses":0,"trades":0,"profit_factor":0.0},{"date":"29/11/2025","date_ts":1764374400000,"profit_abs":0.0,"wins":0,"draws":0,"losses":0,"trades":0,"profit_factor":0.0},{"date":"30/11/2025","date_ts":1764460800000,"profit_abs":0.0,"wins":0,"draws":0,"losses":0,"trades":0,"profit_factor":0.0},{"date":"01/12/2025","date_ts":1764547200000,"profit_abs":0.0,"wins":0,"draws":0,"losses":0,"trades":0,"profit_factor":0.0},{"date":"02/12/2025","date_ts":1764633600000,"profit_abs":0.0,"wins":0,"draws":0,"losses":0,"trades":0,"profit_factor":0.0},{"date":"03/12/2025","date_ts":1764720000000,"profit_abs":0.0,"wins":0,"draws":0,"losses":0,"trades":0,"profit_factor":0.0},{"date":"04/12/2025","date_ts":1764806400000,"profit_abs":0.0,"wins":0,"draws":0,"losses":0,"trades":0,"profit_factor":0.0},{"date":"05/12/2025","date_ts":1764892800000,"profit_abs":0.0,"wins":0,"draws":0,"losses":0,"trades":0,"profit_factor":0.0},{"date":"06/12/2025","date_ts":1764979200000,"profit_abs":0.0,"wins":0,"draws":0,"losses":0,"trades":0,"profit_factor":0.0},{"date":"07/12/2025","date_ts":1765065600000,"profit_abs":0.0,"wins":0,"draws":0,"losses":0,"trades":0,"profit_factor":0.0},{"date":"08/12/2025","date_ts":1765152000000,"profit_abs":0.0,"wins":0,"draws":0,"losses":0,"trades":0,"profit_factor":0.0},{"date":"09/12/2025","date_ts":1765238400000,"profit_abs":0.0,"wins":0,"draws":0,"losses":0,"trades":0,"profit_factor":0.0},{"date":"10/12/2025","date_ts":1765324800000,"profit_abs":0.0,"wins":0,"draws":0,"losses":0,"trades":0,"profit_factor":0.0},{"date":"11/12/2025","date_ts":1765411200000,"profit_abs":0.0,"wins":0,"draws":0,"losses":0,"trades":0,"profit_factor":0.0},{"date":"12/12/2025","date_ts":1765497600000,"profit_abs":0.0,"wins":0,"draws":0,"losses":0,"trades":0,"profit_factor":0.0},{"date":"13/12/2025","date_ts":1765584000000,"profit_abs":0.0,"wins":0,"draws":0,"losses":0,"trades":0,"profit_factor":0.0},{"date":"14/12/2025","date_ts":1765670400000,"profit_abs":0.0,"wins":0,"draws":0,"losses":0,"trades":0,"profit_factor":0.0},{"date":"15/12/2025","date_ts":1765756800000,"profit_abs":0.0,"wins":0,"draws":0,"losses":0,"trades":0,"profit_factor":0.0},{"date":"16/12/2025","date_ts":1765843200000,"profit_abs":0.0,"wins":0,"draws":0,"losses":0,"trades":0,"profit_factor":0.0},{"date":"17/12/2025","date_ts":1765929600000,"profit_abs":-0.1426604,"wins":0,"draws":0,"losses":1,"trades":1,"profit_factor":0.0},{"date":"18/12/2025","date_ts":1766016000000,"profit_abs":0.0,"wins":0,"draws":0,"losses":0,"trades":0,"profit_factor":0.0},{"date":"19/12/2025","date_ts":1766102400000,"profit_abs":0.0,"wins":0,"draws":0,"losses":0,"trades":0,"profit_factor":0.0},{"date":"20/12/2025","date_ts":1766188800000,"profit_abs":0.0,"wins":0,"draws":0,"losses":0,"trades":0,"profit_factor":0.0},{"date":"21/12/2025","date_ts":1766275200000,"profit_abs":0.0,"wins":0,"draws":0,"losses":0,"trades":0,"profit_factor":0.0},{"date":"22/12/2025","date_ts":1766361600000,"profit_abs":0.0,"wins":0,"draws":0,"losses":0,"trades":0,"profit_factor":0.0},{"date":"23/12/2025","date_ts":1766448000000,"profit_abs":0.0,"wins":0,"draws":0,"losses":0,"trades":0,"profit_factor":0.0},{"date":"24/12/2025","date_ts":1766534400000,"profit_abs":0.0,"wins":0,"draws":0,"losses":0,"trades":0,"profit_factor":0.0},{"date":"25/12/2025","date_ts":1766620800000,"profit_abs":0.0,"wins":0,"draws":0,"losses":0,"trades":0,"profit_factor":0.0},{"date":"26/12/2025","date_ts":1766707200000,"profit_abs":0.0,"wins":0,"draws":0,"losses":0,"trades":0,"profit_factor":0.0},{"date":"27/12/2025","date_ts":1766793600000,"profit_abs":0.0,"wins":0,"draws":0,"losses":0,"trades":0,"profit_factor":0.0},{"date":"28/12/2025","date_ts":1766880000000,"profit_abs":0.0,"wins":0,"draws":0,"losses":0,"trades":0,"profit_factor":0.0},{"date":"29/12/2025","date_ts":1766966400000,"profit_abs":0.0,"wins":0,"draws":0,"losses":0,"trades":0,"profit_factor":0.0},{"date":"30/12/2025","date_ts":1767052800000,"profit_abs":0.0,"wins":0,"draws":0,"losses":0,"trades":0,"profit_factor":0.0},{"date":"31/12/2025","date_ts":1767139200000,"profit_abs":0.0,"wins":0,"draws":0,"losses":0,"trades":0,"profit_factor":0.0},{"date":"01/01/2026","date_ts":1767225600000,"profit_abs":0.0,"wins":0,"draws":0,"losses":0,"trades":0,"profit_factor":0.0},{"date":"02/01/2026","date_ts":1767312000000,"profit_abs":0.0,"wins":0,"draws":0,"losses":0,"trades":0,"profit_factor":0.0},{"date":"03/01/2026","date_ts":1767398400000,"profit_abs":0.0,"wins":0,"draws":0,"losses":0,"trades":0,"profit_factor":0.0},{"date":"04/01/2026","date_ts":1767484800000,"profit_abs":0.0,"wins":0,"draws":0,"losses":0,"trades":0,"profit_factor":0.0},{"date":"05/01/2026","date_ts":1767571200000,"profit_abs":0.0,"wins":0,"draws":0,"losses":0,"trades":0,"profit_factor":0.0},{"date":"06/01/2026","date_ts":1767657600000,"profit_abs":0.0,"wins":0,"draws":0,"losses":0,"trades":0,"profit_factor":0.0},{"date":"07/01/2026","date_ts":1767744000000,"profit_abs":0.0,"wins":0,"draws":0,"losses":0,"trades":0,"profit_factor":0.0},{"date":"08/01/2026","date_ts":1767830400000,"profit_abs":0.0,"wins":0,"draws":0,"losses":0,"trades":0,"profit_factor":0.0},{"date":"09/01/2026","date_ts":1767916800000,"profit_abs":0.0,"wins":0,"draws":0,"losses":0,"trades":0,"profit_factor":0.0},{"date":"10/01/2026","date_ts":1768003200000,"profit_abs":0.0,"wins":0,"draws":0,"losses":0,"trades":0,"profit_factor":0.0},{"date":"11/01/2026","date_ts":1768089600000,"profit_abs":0.0,"wins":0,"draws":0,"losses":0,"trades":0,"profit_factor":0.0},{"date":"12/01/2026","date_ts":1768176000000,"profit_abs":0.0,"wins":0,"draws":0,"losses":0,"trades":0,"profit_factor":0.0},{"date":"13/01/2026","date_ts":1768262400000,"profit_abs":0.0,"wins":0,"draws":0,"losses":0,"trades":0,"profit_factor":0.0},{"date":"14/01/2026","date_ts":1768348800000,"profit_abs":0.0,"wins":0,"draws":0,"losses":0,"trades":0,"profit_factor":0.0},{"date":"15/01/2026","date_ts":1768435200000,"profit_abs":0.0,"wins":0,"draws":0,"losses":0,"trades":0,"profit_factor":0.0},{"date":"16/01/2026","date_ts":1768521600000,"profit_abs":0.0,"wins":0,"draws":0,"losses":0,"trades":0,"profit_factor":0.0},{"date":"17/01/2026","date_ts":1768608000000,"profit_abs":0.0,"wins":0,"draws":0,"losses":0,"trades":0,"profit_factor":0.0},{"date":"18/01/2026","date_ts":1768694400000,"profit_abs":0.0,"wins":0,"draws":0,"losses":0,"trades":0,"profit_factor":0.0},{"date":"19/01/2026","date_ts":1768780800000,"profit_abs":0.0,"wins":0,"draws":0,"losses":0,"trades":0,"profit_factor":0.0},{"date":"20/01/2026","date_ts":1768867200000,"profit_abs":0.0,"wins":0,"draws":0,"losses":0,"trades":0,"profit_factor":0.0},{"date":"21/01/2026","date_ts":1768953600000,"profit_abs":0.0,"wins":0,"draws":0,"losses":0,"trades":0,"profit_factor":0.0},{"date":"22/01/2026","date_ts":1769040000000,"profit_abs":0.0,"wins":0,"draws":0,"losses":0,"trades":0,"profit_factor":0.0},{"date":"23/01/2026","date_ts":1769126400000,"profit_abs":0.0,"wins":0,"draws":0,"losses":0,"trades":0,"profit_factor":0.0},{"date":"24/01/2026","date_ts":1769212800000,"profit_abs":0.0,"wins":0,"draws":0,"losses":0,"trades":0,"profit_factor":0.0},{"date":"25/01/2026","date_ts":1769299200000,"profit_abs":0.0,"wins":0,"draws":0,"losses":0,"trades":0,"profit_factor":0.0},{"date":"26/01/2026","date_ts":1769385600000,"profit_abs":0.0,"wins":0,"draws":0,"losses":0,"trades":0,"profit_factor":0.0},{"date":"27/01/2026","date_ts":1769472000000,"profit_abs":0.0,"wins":0,"draws":0,"losses":0,"trades":0,"profit_factor":0.0},{"date":"28/01/2026","date_ts":1769558400000,"profit_abs":0.0,"wins":0,"draws":0,"losses":0,"trades":0,"profit_factor":0.0},{"date":"29/01/2026","date_ts":1769644800000,"profit_abs":0.0,"wins":0,"draws":0,"losses":0,"trades":0,"profit_factor":0.0},{"date":"30/01/2026","date_ts":1769731200000,"profit_abs":0.0,"wins":0,"draws":0,"losses":0,"trades":0,"profit_factor":0.0},{"date":"31/01/2026","date_ts":1769817600000,"profit_abs":-0.13753553,"wins":0,"draws":0,"losses":1,"trades":1,"profit_factor":0.0},{"date":"01/02/2026","date_ts":1769904000000,"profit_abs":0.0,"wins":0,"draws":0,"losses":0,"trades":0,"profit_factor":0.0},{"date":"02/02/2026","date_ts":1769990400000,"profit_abs":0.02357524,"wins":1,"draws":0,"losses":0,"trades":1,"profit_factor":0.0}],"week":[{"date":"24/11/2025","date_ts":1763942400000,"profit_abs":-0.13124864,"wins":0,"draws":0,"losses":1,"trades":1,"profit_factor":0.0},{"date":"01/12/2025","date_ts":1764547200000,"profit_abs":0.0,"wins":0,"draws":0,"losses":0,"trades":0,"profit_factor":0.0},{"date":"08/12/2025","date_ts":1765152000000,"profit_abs":0.0,"wins":0,"draws":0,"losses":0,"trades":0,"profit_factor":0.0},{"date":"15/12/2025","date_ts":1765756800000,"profit_abs":0.0,"wins":0,"draws":0,"losses":0,"trades":0,"profit_factor":0.0},{"date":"22/12/2025","date_ts":1766361600000,"profit_abs":-0.1426604,"wins":0,"draws":0,"losses":1,"trades":1,"profit_factor":0.0},{"date":"29/12/2025","date_ts":1766966400000,"profit_abs":0.0,"wins":0,"draws":0,"losses":0,"trades":0,"profit_factor":0.0},{"date":"05/01/2026","date_ts":1767571200000,"profit_abs":0.0,"wins":0,"draws":0,"losses":0,"trades":0,"profit_factor":0.0},{"date":"12/01/2026","date_ts":1768176000000,"profit_abs":0.0,"wins":0,"draws":0,"losses":0,"trades":0,"profit_factor":0.0},{"date":"19/01/2026","date_ts":1768780800000,"profit_abs":0.0,"wins":0,"draws":0,"losses":0,"trades":0,"profit_factor":0.0},{"date":"26/01/2026","date_ts":1769385600000,"profit_abs":0.0,"wins":0,"draws":0,"losses":0,"trades":0,"profit_factor":0.0},{"date":"02/02/2026","date_ts":1769990400000,"profit_abs":-0.11396029,"wins":1,"draws":0,"losses":1,"trades":2,"profit_factor":0.171412}],"month":[{"date":"30/11/2025","date_ts":1764460800000,"profit_abs":-0.13124864,"wins":0,"draws":0,"losses":1,"trades":1,"profit_factor":0.0},{"date":"31/12/2025","date_ts":1767139200000,"profit_abs":-0.1426604,"wins":0,"draws":0,"losses":1,"trades":1,"profit_factor":0.0},{"date":"31/01/2026","date_ts":1769817600000,"profit_abs":-0.13753553,"wins":0,"draws":0,"losses":1,"trades":1,"profit_factor":0.0},{"date":"28/02/2026","date_ts":1772236800000,"profit_abs":0.02357524,"wins":1,"draws":0,"losses":0,"trades":1,"profit_factor":0.0}],"year":[{"date":"31/12/2025","date_ts":1767139200000,"profit_abs":-0.27390904,"wins":0,"draws":0,"losses":2,"trades":2,"profit_factor":0.0},{"date":"31/12/2026","date_ts":1798675200000,"profit_abs":-0.11396029,"wins":1,"draws":0,"losses":1,"trades":2,"profit_factor":0.171412}],"weekday":[{"date":"Monday","date_ts":0,"profit_abs":0.02357524,"wins":1,"draws":0,"losses":0,"trades":1,"profit_factor":0.0},{"date":"Wednesday","date_ts":2,"profit_abs":-0.1426604,"wins":0,"draws":0,"losses":1,"trades":1,"profit_factor":0.0},{"date":"Friday","date_ts":4,"profit_abs":-0.13124864,"wins":0,"draws":0,"losses":1,"trades":1,"profit_factor":0.0},{"date":"Saturday","date_ts":5,"profit_abs":-0.13753553,"wins":0,"draws":0,"losses":1,"trades":1,"profit_factor":0.0}]},"backtest_best_day":0.017718027693577814,"backtest_worst_day":-0.10178394666324961,"backtest_best_day_abs":0.02357524,"backtest_worst_day_abs":-0.1426604,"winning_days":1,"draw_days":70,"losing_days":3,"daily_profit":[["2025-11-21",-0.13124864],["2025-11-22",0.0],["2025-11-23",0.0],["2025-11-24",0.0],["2025-11-25",0.0],["2025-11-26",0.0],["2025-11-27",0.0],["2025-11-28",0.0],["2025-11-29",0.0],["2025-11-30",0.0],["2025-12-01",0.0],["2025-12-02",0.0],["2025-12-03",0.0],["2025-12-04",0.0],["2025-12-05",0.0],["2025-12-06",0.0],["2025-12-07",0.0],["2025-12-08",0.0],["2025-12-09",0.0],["2025-12-10",0.0],["2025-12-11",0.0],["2025-12-12",0.0],["2025-12-13",0.0],["2025-12-14",0.0],["2025-12-15",0.0],["2025-12-16",0.0],["2025-12-17",-0.1426604],["2025-12-18",0.0],["2025-12-19",0.0],["2025-12-20",0.0],["2025-12-21",0.0],["2025-12-22",0.0],["2025-12-23",0.0],["2025-12-24",0.0],["2025-12-25",0.0],["2025-12-26",0.0],["2025-12-27",0.0],["2025-12-28",0.0],["2025-12-29",0.0],["2025-12-30",0.0],["2025-12-31",0.0],["2026-01-01",0.0],["2026-01-02",0.0],["2026-01-03",0.0],["2026-01-04",0.0],["2026-01-05",0.0],["2026-01-06",0.0],["2026-01-07",0.0],["2026-01-08",0.0],["2026-01-09",0.0],["2026-01-10",0.0],["2026-01-11",0.0],["2026-01-12",0.0],["2026-01-13",0.0],["2026-01-14",0.0],["2026-01-15",0.0],["2026-01-16",0.0],["2026-01-17",0.0],["2026-01-18",0.0],["2026-01-19",0.0],["2026-01-20",0.0],["2026-01-21",0.0],["2026-01-22",0.0],["2026-01-23",0.0],["2026-01-24",0.0],["2026-01-25",0.0],["2026-01-26",0.0],["2026-01-27",0.0],["2026-01-28",0.0],["2026-01-29",0.0],["2026-01-30",0.0],["2026-01-31",-0.13753553],["2026-02-01",0.0],["2026-02-02",0.02357524]],"wins":1,"losses":3,"draws":0,"winrate":0.25,"holding_avg":"22 days, 1:51:00","holding_avg_s":1907460.0,"winner_holding_min":"1d 06:40","winner_holding_min_s":110400.0,"winner_holding_max":"1d 06:40","winner_holding_max_s":110400.0,"winner_holding_avg":"1d 06:40","winner_holding_avg_s":110400.0,"loser_holding_min":"17d 01:20","loser_holding_min_s":1473600.0,"loser_holding_max":"43d 15:00","loser_holding_max_s":3769200.0,"loser_holding_avg":"29d 00:15","loser_holding_avg_s":2506500.0,"max_consecutive_wins":1,"max_consecutive_losses":3,"max_drawdown_account":0.00822889140000001,"max_relative_drawdown":0.00822889140000001,"max_drawdown_abs":0.41144457,"drawdown_start":"2025-11-21 07:20:00","drawdown_start_ts":1763709600000.0,"drawdown_end":"2026-01-31 08:40:00","drawdown_end_ts":1769848800000.0,"drawdown_duration":"71 days 01:20:00","drawdown_duration_s":6139200.0,"max_drawdown_low":-0.41144457,"max_drawdown_high":0.0,"csum_min":49.58855543,"csum_max":49.86875136}},"strategy_comparison":[{"key":"UniversalMACD","trades":4,"profit_mean":-0.07189147824772493,"profit_mean_pct":-7.19,"profit_total_abs":-0.38786933,"profit_total":-0.0077573866,"profit_total_pct":-0.78,"duration_avg":"22 days, 1:51:00","wins":1,"draws":0,"losses":3,"winrate":0.25,"cagr":-0.031089633848951692,"expectancy":-0.0969673325,"expectancy_ratio":-0.7070259731462734,"sortino":-17.64262263910104,"sharpe":-1.181077603504203,"calmar":-20.01142555654008,"sqn":-2.4092,"profit_factor":0.05729870247163549,"max_drawdown_account":0.00822889140000001,"max_drawdown_abs":"0.411"}]}