{"strategy":{"SwingHighToSky":{"trades":[{"pair":"DOGE/USDT","stake_amount":1.34082,"max_stake_amount":1.34082,"amount":9.0,"open_date":"2026-01-04 21:45:00+00:00","close_date":"2026-01-05 09:45:00+00:00","open_rate":0.14898,"close_rate":0.14675,"fee_open":0.001,"fee_close":0.001,"trade_duration":720,"profit_ratio":-0.016936547141943842,"profit_abs":-0.02273157,"exit_reason":"stop_loss","initial_stop_loss_abs":0.14675,"initial_stop_loss_ratio":-0.015,"stop_loss_abs":0.14675,"stop_loss_ratio":-0.015,"min_rate":0.14632,"max_rate":0.15248,"is_open":false,"enter_tag":"","leverage":1.0,"is_short":false,"open_timestamp":1767563100000,"close_timestamp":1767606300000,"orders":[{"amount":9.0,"safe_price":0.14898,"ft_order_side":"buy","order_filled_timestamp":1767563100000,"ft_is_entry":true,"ft_order_tag":"","cost":1.3421608199999997},{"amount":9.0,"safe_price":0.14675,"ft_order_side":"sell","order_filled_timestamp":1767606300000,"ft_is_entry":false,"ft_order_tag":"stop_loss","cost":1.3220707499999997}],"funding_fees":0.0,"weekday":0},{"pair":"DOGE/USDT","stake_amount":1.32219,"max_stake_amount":1.32219,"amount":9.0,"open_date":"2026-01-05 10:00:00+00:00","close_date":"2026-01-06 16:00:00+00:00","open_rate":0.14691,"close_rate":0.14471,"fee_open":0.001,"fee_close":0.001,"trade_duration":1800,"profit_ratio":-0.016943236465392888,"profit_abs":-0.02242458,"exit_reason":"stop_loss","initial_stop_loss_abs":0.14471,"initial_stop_loss_ratio":-0.015,"stop_loss_abs":0.14471,"stop_loss_ratio":-0.015,"min_rate":0.14459000000000002,"max_rate":0.15656,"is_open":false,"enter_tag":"","leverage":1.0,"is_short":false,"open_timestamp":1767607200000,"close_timestamp":1767715200000,"orders":[{"amount":9.0,"safe_price":0.14691,"ft_order_side":"buy","order_filled_timestamp":1767607200000,"ft_is_entry":true,"ft_order_tag":"","cost":1.32351219},{"amount":9.0,"safe_price":0.14471,"ft_order_side":"sell","order_filled_timestamp":1767715200000,"ft_is_entry":false,"ft_order_tag":"stop_loss","cost":1.3036923899999997}],"funding_fees":0.0,"weekday":1},{"pair":"DOGE/USDT","stake_amount":1.32723,"max_stake_amount":1.32723,"amount":9.0,"open_date":"2026-01-06 16:15:00+00:00","close_date":"2026-01-06 16:30:00+00:00","open_rate":0.14747,"close_rate":0.14526,"fee_open":0.001,"fee_close":0.001,"trade_duration":15,"profit_ratio":-0.01695415861008863,"profit_abs":-0.02252457,"exit_reason":"stop_loss","initial_stop_loss_abs":0.14526,"initial_stop_loss_ratio":-0.015,"stop_loss_abs":0.14526,"stop_loss_ratio":-0.015,"min_rate":0.1446,"max_rate":0.1477,"is_open":false,"enter_tag":"","leverage":1.0,"is_short":false,"open_timestamp":1767716100000,"close_timestamp":1767717000000,"orders":[{"amount":9.0,"safe_price":0.14747000000000002,"ft_order_side":"buy","order_filled_timestamp":1767716100000,"ft_is_entry":true,"ft_order_tag":"","cost":1.32855723},{"amount":9.0,"safe_price":0.14526,"ft_order_side":"sell","order_filled_timestamp":1767717000000,"ft_is_entry":false,"ft_order_tag":"stop_loss","cost":1.3086473399999998}],"funding_fees":0.0,"weekday":1},{"pair":"DOGE/USDT","stake_amount":1.30779,"max_stake_amount":1.30779,"amount":9.0,"open_date":"2026-01-06 16:45:00+00:00","close_date":"2026-01-08 06:15:00+00:00","open_rate":0.14531,"close_rate":0.14314,"fee_open":0.001,"fee_close":0.001,"trade_duration":2250,"profit_ratio":-0.01690175491015075,"profit_abs":-0.02212605,"exit_reason":"stop_loss","initial_stop_loss_abs":0.14314,"initial_stop_loss_ratio":-0.015,"stop_loss_abs":0.14314,"stop_loss_ratio":-0.015,"min_rate":0.14288,"max_rate":0.15405000000000002,"is_open":false,"enter_tag":"","leverage":1.0,"is_short":false,"open_timestamp":1767717900000,"close_timestamp":1767852900000,"orders":[{"amount":9.0,"safe_price":0.14531000000000002,"ft_order_side":"buy","order_filled_timestamp":1767717900000,"ft_is_entry":true,"ft_order_tag":"","cost":1.30909779},{"amount":9.0,"safe_price":0.14314,"ft_order_side":"sell","order_filled_timestamp":1767852900000,"ft_is_entry":false,"ft_order_tag":"stop_loss","cost":1.28954826}],"funding_fees":0.0,"weekday":3},{"pair":"DOGE/USDT","stake_amount":1.2933,"max_stake_amount":1.2933,"amount":9.0,"open_date":"2026-01-08 06:30:00+00:00","close_date":"2026-01-08 07:00:00+00:00","open_rate":0.1437,"close_rate":0.14155,"fee_open":0.001,"fee_close":0.001,"trade_duration":30,"profit_ratio":-0.016929834257600435,"profit_abs":-0.02191725,"exit_reason":"stop_loss","initial_stop_loss_abs":0.14155,"initial_stop_loss_ratio":-0.015,"stop_loss_abs":0.14155,"stop_loss_ratio":-0.015,"min_rate":0.14124,"max_rate":0.14432,"is_open":false,"enter_tag":"","leverage":1.0,"is_short":false,"open_timestamp":1767853800000,"close_timestamp":1767855600000,"orders":[{"amount":9.0,"safe_price":0.1437,"ft_order_side":"buy","order_filled_timestamp":1767853800000,"ft_is_entry":true,"ft_order_tag":"","cost":1.2945932999999998},{"amount":9.0,"safe_price":0.14155,"ft_order_side":"sell","order_filled_timestamp":1767855600000,"ft_is_entry":false,"ft_order_tag":"stop_loss","cost":1.27522395}],"funding_fees":0.0,"weekday":3},{"pair":"DOGE/USDT","stake_amount":1.28781,"max_stake_amount":1.28781,"amount":9.0,"open_date":"2026-01-08 07:15:00+00:00","close_date":"2026-01-08 11:15:00+00:00","open_rate":0.14309,"close_rate":0.14095,"fee_open":0.001,"fee_close":0.001,"trade_duration":240,"profit_ratio":-0.016923742970287103,"profit_abs":-0.02181636,"exit_reason":"stop_loss","initial_stop_loss_abs":0.14095,"initial_stop_loss_ratio":-0.015,"stop_loss_abs":0.14095,"stop_loss_ratio":-0.015,"min_rate":0.138,"max_rate":0.14491,"is_open":false,"enter_tag":"","leverage":1.0,"is_short":false,"open_timestamp":1767856500000,"close_timestamp":1767870900000,"orders":[{"amount":9.0,"safe_price":0.14309000000000002,"ft_order_side":"buy","order_filled_timestamp":1767856500000,"ft_is_entry":true,"ft_order_tag":"","cost":1.28909781},{"amount":9.0,"safe_price":0.14095,"ft_order_side":"sell","order_filled_timestamp":1767870900000,"ft_is_entry":false,"ft_order_tag":"stop_loss","cost":1.2698185499999997}],"funding_fees":0.0,"weekday":3},{"pair":"DOGE/USDT","stake_amount":1.408,"max_stake_amount":1.408,"amount":10.0,"open_date":"2026-01-08 11:30:00+00:00","close_date":"2026-01-08 14:15:00+00:00","open_rate":0.1408,"close_rate":0.13869,"fee_open":0.001,"fee_close":0.001,"trade_duration":165,"profit_ratio":-0.01695385580328762,"profit_abs":-0.0238949,"exit_reason":"stop_loss","initial_stop_loss_abs":0.13869,"initial_stop_loss_ratio":-0.015,"stop_loss_abs":0.13869,"stop_loss_ratio":-0.015,"min_rate":0.13855,"max_rate":0.14106000000000002,"is_open":false,"enter_tag":"","leverage":1.0,"is_short":false,"open_timestamp":1767871800000,"close_timestamp":1767881700000,"orders":[{"amount":10.0,"safe_price":0.1408,"ft_order_side":"buy","order_filled_timestamp":1767871800000,"ft_is_entry":true,"ft_order_tag":"","cost":1.409408},{"amount":10.0,"safe_price":0.13869,"ft_order_side":"sell","order_filled_timestamp":1767881700000,"ft_is_entry":false,"ft_order_tag":"stop_loss","cost":1.3882868999999998}],"funding_fees":0.0,"weekday":3},{"pair":"DOGE/USDT","stake_amount":1.4036,"max_stake_amount":1.4036,"amount":10.0,"open_date":"2026-01-09 08:45:00+00:00","close_date":"2026-01-09 15:00:00+00:00","open_rate":0.14036,"close_rate":0.13826,"fee_open":0.001,"fee_close":0.001,"trade_duration":375,"profit_ratio":-0.016929636336874866,"profit_abs":-0.0237862,"exit_reason":"stop_loss","initial_stop_loss_abs":0.13826,"initial_stop_loss_ratio":-0.015,"stop_loss_abs":0.13826,"stop_loss_ratio":-0.015,"min_rate":0.13825,"max_rate":0.14163,"is_open":false,"enter_tag":"","leverage":1.0,"is_short":false,"open_timestamp":1767948300000,"close_timestamp":1767970800000,"orders":[{"amount":10.0,"safe_price":0.14036,"ft_order_side":"buy","order_filled_timestamp":1767948300000,"ft_is_entry":true,"ft_order_tag":"","cost":1.4050036000000001},{"amount":10.0,"safe_price":0.13826,"ft_order_side":"sell","order_filled_timestamp":1767970800000,"ft_is_entry":false,"ft_order_tag":"stop_loss","cost":1.3839826}],"funding_fees":0.0,"weekday":4},{"pair":"DOGE/USDT","stake_amount":1.3919,"max_stake_amount":1.3919,"amount":10.0,"open_date":"2026-01-10 23:00:00+00:00","close_date":"2026-01-11 15:45:00+00:00","open_rate":0.13919,"close_rate":0.13711,"fee_open":0.001,"fee_close":0.001,"trade_duration":1005,"profit_ratio":-0.016911746921086674,"profit_abs":-0.023563,"exit_reason":"stop_loss","initial_stop_loss_abs":0.13711,"initial_stop_loss_ratio":-0.015,"stop_loss_abs":0.13711,"stop_loss_ratio":-0.015,"min_rate":0.13674,"max_rate":0.14120000000000002,"is_open":false,"enter_tag":"","leverage":1.0,"is_short":false,"open_timestamp":1768086000000,"close_timestamp":1768146300000,"orders":[{"amount":10.0,"safe_price":0.13919,"ft_order_side":"buy","order_filled_timestamp":1768086000000,"ft_is_entry":true,"ft_order_tag":"","cost":1.3932919},{"amount":10.0,"safe_price":0.13711,"ft_order_side":"sell","order_filled_timestamp":1768146300000,"ft_is_entry":false,"ft_order_tag":"stop_loss","cost":1.3724711}],"funding_fees":0.0,"weekday":6},{"pair":"DOGE/USDT","stake_amount":1.3817,"max_stake_amount":1.3817,"amount":10.0,"open_date":"2026-01-11 16:00:00+00:00","close_date":"2026-01-11 20:15:00+00:00","open_rate":0.13817,"close_rate":0.1361,"fee_open":0.001,"fee_close":0.001,"trade_duration":255,"profit_ratio":-0.016949613316407843,"profit_abs":-0.0234427,"exit_reason":"stop_loss","initial_stop_loss_abs":0.1361,"initial_stop_loss_ratio":-0.015,"stop_loss_abs":0.1361,"stop_loss_ratio":-0.015,"min_rate":0.13585,"max_rate":0.13997,"is_open":false,"enter_tag":"","leverage":1.0,"is_short":false,"open_timestamp":1768147200000,"close_timestamp":1768162500000,"orders":[{"amount":10.0,"safe_price":0.13817000000000002,"ft_order_side":"buy","order_filled_timestamp":1768147200000,"ft_is_entry":true,"ft_order_tag":"","cost":1.3830817},{"amount":10.0,"safe_price":0.1361,"ft_order_side":"sell","order_filled_timestamp":1768162500000,"ft_is_entry":false,"ft_order_tag":"stop_loss","cost":1.362361}],"funding_fees":0.0,"weekday":6},{"pair":"DOGE/USDT","stake_amount":1.3639,"max_stake_amount":1.3639,"amount":10.0,"open_date":"2026-01-11 20:30:00+00:00","close_date":"2026-01-18 23:15:00+00:00","open_rate":0.13639,"close_rate":0.13435,"fee_open":0.001,"fee_close":0.001,"trade_duration":10245,"profit_ratio":-0.016925225958146262,"profit_abs":-0.0231074,"exit_reason":"stop_loss","initial_stop_loss_abs":0.13435,"initial_stop_loss_ratio":-0.015,"stop_loss_abs":0.13435,"stop_loss_ratio":-0.015,"min_rate":0.13294,"max_rate":0.15133000000000002,"is_open":false,"enter_tag":"","leverage":1.0,"is_short":false,"open_timestamp":1768163400000,"close_timestamp":1768778100000,"orders":[{"amount":10.0,"safe_price":0.13639,"ft_order_side":"buy","order_filled_timestamp":1768163400000,"ft_is_entry":true,"ft_order_tag":"","cost":1.3652639},{"amount":10.0,"safe_price":0.13435,"ft_order_side":"sell","order_filled_timestamp":1768778100000,"ft_is_entry":false,"ft_order_tag":"stop_loss","cost":1.3448434999999999}],"funding_fees":0.0,"weekday":6},{"pair":"DOGE/USDT","stake_amount":1.3348,"max_stake_amount":1.3348,"amount":10.0,"open_date":"2026-01-18 23:30:00+00:00","close_date":"2026-01-18 23:45:00+00:00","open_rate":0.13348,"close_rate":0.13148,"fee_open":0.001,"fee_close":0.001,"trade_duration":15,"profit_ratio":-0.01695158302889798,"profit_abs":-0.0226496,"exit_reason":"stop_loss","initial_stop_loss_abs":0.13148,"initial_stop_loss_ratio":-0.015,"stop_loss_abs":0.13148,"stop_loss_ratio":-0.015,"min_rate":0.13133,"max_rate":0.13424,"is_open":false,"enter_tag":"","leverage":1.0,"is_short":false,"open_timestamp":1768779000000,"close_timestamp":1768779900000,"orders":[{"amount":10.0,"safe_price":0.13348000000000002,"ft_order_side":"buy","order_filled_timestamp":1768779000000,"ft_is_entry":true,"ft_order_tag":"","cost":1.3361348},{"amount":10.0,"safe_price":0.13148,"ft_order_side":"sell","order_filled_timestamp":1768779900000,"ft_is_entry":false,"ft_order_tag":"stop_loss","cost":1.3161148}],"funding_fees":0.0,"weekday":6},{"pair":"DOGE/USDT","stake_amount":1.3163,"max_stake_amount":1.3163,"amount":10.0,"open_date":"2026-01-19 00:00:00+00:00","close_date":"2026-01-19 00:00:00+00:00","open_rate":0.13163,"close_rate":0.12966,"fee_open":0.001,"fee_close":0.001,"trade_duration":0,"profit_ratio":-0.016934292631322182,"profit_abs":-0.0223129,"exit_reason":"stop_loss","initial_stop_loss_abs":0.12966,"initial_stop_loss_ratio":-0.015,"stop_loss_abs":0.12966,"stop_loss_ratio":-0.015,"min_rate":0.12,"max_rate":0.13163,"is_open":false,"enter_tag":"","leverage":1.0,"is_short":false,"open_timestamp":1768780800000,"close_timestamp":1768780800000,"orders":[{"amount":10.0,"safe_price":0.13163,"ft_order_side":"buy","order_filled_timestamp":1768780800000,"ft_is_entry":true,"ft_order_tag":"","cost":1.3176162999999999},{"amount":10.0,"safe_price":0.12966,"ft_order_side":"sell","order_filled_timestamp":1768780800000,"ft_is_entry":false,"ft_order_tag":"stop_loss","cost":1.2978965999999998}],"funding_fees":0.0,"weekday":0},{"pair":"DOGE/USDT","stake_amount":1.38919,"max_stake_amount":1.38919,"amount":11.0,"open_date":"2026-01-19 00:15:00+00:00","close_date":"2026-01-20 15:00:00+00:00","open_rate":0.12629,"close_rate":0.1244,"fee_open":0.001,"fee_close":0.001,"trade_duration":2325,"profit_ratio":-0.016933656255851203,"profit_abs":-0.02354759,"exit_reason":"stop_loss","initial_stop_loss_abs":0.1244,"initial_stop_loss_ratio":-0.015,"stop_loss_abs":0.1244,"stop_loss_ratio":-0.015,"min_rate":0.12417000000000002,"max_rate":0.13066,"is_open":false,"enter_tag":"","leverage":1.0,"is_short":false,"open_timestamp":1768781700000,"close_timestamp":1768921200000,"orders":[{"amount":11.0,"safe_price":0.12629,"ft_order_side":"buy","order_filled_timestamp":1768781700000,"ft_is_entry":true,"ft_order_tag":"","cost":1.39057919},{"amount":11.0,"safe_price":0.1244,"ft_order_side":"sell","order_filled_timestamp":1768921200000,"ft_is_entry":false,"ft_order_tag":"stop_loss","cost":1.3697683999999999}],"funding_fees":0.0,"weekday":1},{"pair":"DOGE/USDT","stake_amount":1.34365,"max_stake_amount":1.34365,"amount":11.0,"open_date":"2026-01-21 12:15:00+00:00","close_date":"2026-01-21 17:15:00+00:00","open_rate":0.12215,"close_rate":0.12032,"fee_open":0.001,"fee_close":0.001,"trade_duration":300,"profit_ratio":-0.016949648795739666,"profit_abs":-0.02279717,"exit_reason":"stop_loss","initial_stop_loss_abs":0.12032,"initial_stop_loss_ratio":-0.015,"stop_loss_abs":0.12032,"stop_loss_ratio":-0.015,"min_rate":0.12029000000000001,"max_rate":0.12663000000000002,"is_open":false,"enter_tag":"","leverage":1.0,"is_short":false,"open_timestamp":1768997700000,"close_timestamp":1769015700000,"orders":[{"amount":11.0,"safe_price":0.12215000000000001,"ft_order_side":"buy","order_filled_timestamp":1768997700000,"ft_is_entry":true,"ft_order_tag":"","cost":1.34499365},{"amount":11.0,"safe_price":0.12032,"ft_order_side":"sell","order_filled_timestamp":1769015700000,"ft_is_entry":false,"ft_order_tag":"stop_loss","cost":1.32484352}],"funding_fees":0.0,"weekday":2},{"pair":"DOGE/USDT","stake_amount":1.33738,"max_stake_amount":1.33738,"amount":11.0,"open_date":"2026-01-21 17:30:00+00:00","close_date":"2026-01-25 16:15:00+00:00","open_rate":0.12158,"close_rate":0.11976,"fee_open":0.001,"fee_close":0.001,"trade_duration":5685,"profit_ratio":-0.016937660135554523,"profit_abs":-0.02267474,"exit_reason":"stop_loss","initial_stop_loss_abs":0.11976,"initial_stop_loss_ratio":-0.015,"stop_loss_abs":0.11976,"stop_loss_ratio":-0.015,"min_rate":0.11969,"max_rate":0.12884,"is_open":false,"enter_tag":"","leverage":1.0,"is_short":false,"open_timestamp":1769016600000,"close_timestamp":1769357700000,"orders":[{"amount":11.0,"safe_price":0.12158000000000001,"ft_order_side":"buy","order_filled_timestamp":1769016600000,"ft_is_entry":true,"ft_order_tag":"","cost":1.3387173799999998},{"amount":11.0,"safe_price":0.11976,"ft_order_side":"sell","order_filled_timestamp":1769357700000,"ft_is_entry":false,"ft_order_tag":"stop_loss","cost":1.31867736}],"funding_fees":0.0,"weekday":6},{"pair":"DOGE/USDT","stake_amount":1.32715,"max_stake_amount":1.32715,"amount":11.0,"open_date":"2026-01-25 16:30:00+00:00","close_date":"2026-01-25 19:15:00+00:00","open_rate":0.12065,"close_rate":0.11885,"fee_open":0.001,"fee_close":0.001,"trade_duration":165,"profit_ratio":-0.01688738116421498,"profit_abs":-0.0224345,"exit_reason":"stop_loss","initial_stop_loss_abs":0.11885,"initial_stop_loss_ratio":-0.015,"stop_loss_abs":0.11885,"stop_loss_ratio":-0.015,"min_rate":0.11853000000000001,"max_rate":0.12124000000000001,"is_open":false,"enter_tag":"","leverage":1.0,"is_short":false,"open_timestamp":1769358600000,"close_timestamp":1769368500000,"orders":[{"amount":11.0,"safe_price":0.12065000000000001,"ft_order_side":"buy","order_filled_timestamp":1769358600000,"ft_is_entry":true,"ft_order_tag":"","cost":1.3284771499999999},{"amount":11.0,"safe_price":0.11885,"ft_order_side":"sell","order_filled_timestamp":1769368500000,"ft_is_entry":false,"ft_order_tag":"stop_loss","cost":1.3086573499999998}],"funding_fees":0.0,"weekday":6},{"pair":"DOGE/USDT","stake_amount":1.3057,"max_stake_amount":1.3057,"amount":11.0,"open_date":"2026-01-25 19:30:00+00:00","close_date":"2026-01-29 15:00:00+00:00","open_rate":0.1187,"close_rate":0.11692,"fee_open":0.001,"fee_close":0.001,"trade_duration":5490,"profit_ratio":-0.016963828084299862,"profit_abs":-0.02217182,"exit_reason":"stop_loss","initial_stop_loss_abs":0.11692,"initial_stop_loss_ratio":-0.015,"stop_loss_abs":0.11692,"stop_loss_ratio":-0.015,"min_rate":0.11577000000000001,"max_rate":0.12775,"is_open":false,"enter_tag":"","leverage":1.0,"is_short":false,"open_timestamp":1769369400000,"close_timestamp":1769698800000,"orders":[{"amount":11.0,"safe_price":0.1187,"ft_order_side":"buy","order_filled_timestamp":1769369400000,"ft_is_entry":true,"ft_order_tag":"","cost":1.3070057},{"amount":11.0,"safe_price":0.11692,"ft_order_side":"sell","order_filled_timestamp":1769698800000,"ft_is_entry":false,"ft_order_tag":"stop_loss","cost":1.2874061199999998}],"funding_fees":0.0,"weekday":3},{"pair":"DOGE/USDT","stake_amount":1.39428,"max_stake_amount":1.39428,"amount":12.0,"open_date":"2026-01-29 15:15:00+00:00","close_date":"2026-01-29 18:45:00+00:00","open_rate":0.11619,"close_rate":0.11445,"fee_open":0.001,"fee_close":0.001,"trade_duration":210,"profit_ratio":-0.016943552187549088,"profit_abs":-0.02364768,"exit_reason":"stop_loss","initial_stop_loss_abs":0.11445,"initial_stop_loss_ratio":-0.015,"stop_loss_abs":0.11445,"stop_loss_ratio":-0.015,"min_rate":0.1144,"max_rate":0.11881000000000001,"is_open":false,"enter_tag":"","leverage":1.0,"is_short":false,"open_timestamp":1769699700000,"close_timestamp":1769712300000,"orders":[{"amount":12.0,"safe_price":0.11619000000000002,"ft_order_side":"buy","order_filled_timestamp":1769699700000,"ft_is_entry":true,"ft_order_tag":"","cost":1.39567428},{"amount":12.0,"safe_price":0.11445,"ft_order_side":"sell","order_filled_timestamp":1769712300000,"ft_is_entry":false,"ft_order_tag":"stop_loss","cost":1.3747733999999998}],"funding_fees":0.0,"weekday":3},{"pair":"DOGE/USDT","stake_amount":1.37616,"max_stake_amount":1.37616,"amount":12.0,"open_date":"2026-01-29 19:00:00+00:00","close_date":"2026-01-30 01:30:00+00:00","open_rate":0.11468,"close_rate":0.11296,"fee_open":0.001,"fee_close":0.001,"trade_duration":390,"profit_ratio":-0.01696629146925624,"profit_abs":-0.02337168,"exit_reason":"stop_loss","initial_stop_loss_abs":0.11296,"initial_stop_loss_ratio":-0.015,"stop_loss_abs":0.11296,"stop_loss_ratio":-0.015,"min_rate":0.11217,"max_rate":0.11772,"is_open":false,"enter_tag":"","leverage":1.0,"is_short":false,"open_timestamp":1769713200000,"close_timestamp":1769736600000,"orders":[{"amount":12.0,"safe_price":0.11468,"ft_order_side":"buy","order_filled_timestamp":1769713200000,"ft_is_entry":true,"ft_order_tag":"","cost":1.3775361599999998},{"amount":12.0,"safe_price":0.11296,"ft_order_side":"sell","order_filled_timestamp":1769736600000,"ft_is_entry":false,"ft_order_tag":"stop_loss","cost":1.35687552}],"funding_fees":0.0,"weekday":4},{"pair":"DOGE/USDT","stake_amount":1.36392,"max_stake_amount":1.36392,"amount":12.0,"open_date":"2026-01-31 06:30:00+00:00","close_date":"2026-01-31 08:15:00+00:00","open_rate":0.11366,"close_rate":0.11196,"fee_open":0.001,"fee_close":0.001,"trade_duration":105,"profit_ratio":-0.01692500707105669,"profit_abs":-0.02310744,"exit_reason":"stop_loss","initial_stop_loss_abs":0.11196,"initial_stop_loss_ratio":-0.015,"stop_loss_abs":0.11196,"stop_loss_ratio":-0.015,"min_rate":0.11176000000000001,"max_rate":0.11405000000000001,"is_open":false,"enter_tag":"","leverage":1.0,"is_short":false,"open_timestamp":1769841000000,"close_timestamp":1769847300000,"orders":[{"amount":12.0,"safe_price":0.11366000000000001,"ft_order_side":"buy","order_filled_timestamp":1769841000000,"ft_is_entry":true,"ft_order_tag":"","cost":1.36528392},{"amount":12.0,"safe_price":0.11196,"ft_order_side":"sell","order_filled_timestamp":1769847300000,"ft_is_entry":false,"ft_order_tag":"stop_loss","cost":1.3448635199999999}],"funding_fees":0.0,"weekday":5},{"pair":"DOGE/USDT","stake_amount":1.3464,"max_stake_amount":1.3464,"amount":12.0,"open_date":"2026-01-31 08:30:00+00:00","close_date":"2026-01-31 08:30:00+00:00","open_rate":0.1122,"close_rate":0.11052,"fee_open":0.001,"fee_close":0.001,"trade_duration":0,"profit_ratio":-0.016941347422630846,"profit_abs":-0.02283264,"exit_reason":"stop_loss","initial_stop_loss_abs":0.11052,"initial_stop_loss_ratio":-0.015,"stop_loss_abs":0.11052,"stop_loss_ratio":-0.015,"min_rate":0.11032000000000002,"max_rate":0.11220000000000001,"is_open":false,"enter_tag":"","leverage":1.0,"is_short":false,"open_timestamp":1769848200000,"close_timestamp":1769848200000,"orders":[{"amount":12.0,"safe_price":0.11220000000000001,"ft_order_side":"buy","order_filled_timestamp":1769848200000,"ft_is_entry":true,"ft_order_tag":"","cost":1.3477464},{"amount":12.0,"safe_price":0.11052,"ft_order_side":"sell","order_filled_timestamp":1769848200000,"ft_is_entry":false,"ft_order_tag":"stop_loss","cost":1.3275662399999997}],"funding_fees":0.0,"weekday":5},{"pair":"DOGE/USDT","stake_amount":1.33272,"max_stake_amount":1.33272,"amount":12.0,"open_date":"2026-01-31 08:45:00+00:00","close_date":"2026-01-31 14:15:00+00:00","open_rate":0.11106,"close_rate":0.1094,"fee_open":0.001,"fee_close":0.001,"trade_duration":330,"profit_ratio":-0.016915013673522585,"profit_abs":-0.02256552,"exit_reason":"stop_loss","initial_stop_loss_abs":0.1094,"initial_stop_loss_ratio":-0.015,"stop_loss_abs":0.1094,"stop_loss_ratio":-0.015,"min_rate":0.1051,"max_rate":0.11269000000000001,"is_open":false,"enter_tag":"","leverage":1.0,"is_short":false,"open_timestamp":1769849100000,"close_timestamp":1769868900000,"orders":[{"amount":12.0,"safe_price":0.11106,"ft_order_side":"buy","order_filled_timestamp":1769849100000,"ft_is_entry":true,"ft_order_tag":"","cost":1.33405272},{"amount":12.0,"safe_price":0.1094,"ft_order_side":"sell","order_filled_timestamp":1769868900000,"ft_is_entry":false,"ft_order_tag":"stop_loss","cost":1.3141127999999997}],"funding_fees":0.0,"weekday":5},{"pair":"DOGE/USDT","stake_amount":1.39035,"max_stake_amount":1.39035,"amount":13.0,"open_date":"2026-01-31 14:30:00+00:00","close_date":"2026-01-31 16:45:00+00:00","open_rate":0.10695,"close_rate":0.10535,"fee_open":0.001,"fee_close":0.001,"trade_duration":135,"profit_ratio":-0.01692837316960739,"profit_abs":-0.0235599,"exit_reason":"stop_loss","initial_stop_loss_abs":0.10535,"initial_stop_loss_ratio":-0.015,"stop_loss_abs":0.10535,"stop_loss_ratio":-0.015,"min_rate":0.10469,"max_rate":0.1082,"is_open":false,"enter_tag":"","leverage":1.0,"is_short":false,"open_timestamp":1769869800000,"close_timestamp":1769877900000,"orders":[{"amount":13.0,"safe_price":0.10695,"ft_order_side":"buy","order_filled_timestamp":1769869800000,"ft_is_entry":true,"ft_order_tag":"","cost":1.3917403499999998},{"amount":13.0,"safe_price":0.10535,"ft_order_side":"sell","order_filled_timestamp":1769877900000,"ft_is_entry":false,"ft_order_tag":"stop_loss","cost":1.37091955}],"funding_fees":0.0,"weekday":5},{"pair":"DOGE/USDT","stake_amount":1.36903,"max_stake_amount":1.36903,"amount":13.0,"open_date":"2026-01-31 17:00:00+00:00","close_date":"2026-01-31 17:00:00+00:00","open_rate":0.10531,"close_rate":0.10374,"fee_open":0.001,"fee_close":0.001,"trade_duration":0,"profit_ratio":-0.01687658083062128,"profit_abs":-0.02312765,"exit_reason":"stop_loss","initial_stop_loss_abs":0.10374,"initial_stop_loss_ratio":-0.015,"stop_loss_abs":0.10374,"stop_loss_ratio":-0.015,"min_rate":0.099,"max_rate":0.10557000000000001,"is_open":false,"enter_tag":"","leverage":1.0,"is_short":false,"open_timestamp":1769878800000,"close_timestamp":1769878800000,"orders":[{"amount":13.0,"safe_price":0.10531000000000001,"ft_order_side":"buy","order_filled_timestamp":1769878800000,"ft_is_entry":true,"ft_order_tag":"","cost":1.37039903},{"amount":13.0,"safe_price":0.10374,"ft_order_side":"sell","order_filled_timestamp":1769878800000,"ft_is_entry":false,"ft_order_tag":"stop_loss","cost":1.3499686199999998}],"funding_fees":0.0,"weekday":5},{"pair":"DOGE/USDT","stake_amount":1.32158,"max_stake_amount":1.32158,"amount":13.0,"open_date":"2026-01-31 17:15:00+00:00","close_date":"2026-01-31 18:30:00+00:00","open_rate":0.10166,"close_rate":0.10014,"fee_open":0.001,"fee_close":0.001,"trade_duration":75,"profit_ratio":-0.016919928389532952,"profit_abs":-0.0223834,"exit_reason":"stop_loss","initial_stop_loss_abs":0.10014,"initial_stop_loss_ratio":-0.015,"stop_loss_abs":0.10014,"stop_loss_ratio":-0.015,"min_rate":0.09461000000000001,"max_rate":0.10282000000000001,"is_open":false,"enter_tag":"","leverage":1.0,"is_short":false,"open_timestamp":1769879700000,"close_timestamp":1769884200000,"orders":[{"amount":13.0,"safe_price":0.10166000000000001,"ft_order_side":"buy","order_filled_timestamp":1769879700000,"ft_is_entry":true,"ft_order_tag":"","cost":1.3229015800000001},{"amount":13.0,"safe_price":0.10014,"ft_order_side":"sell","order_filled_timestamp":1769884200000,"ft_is_entry":false,"ft_order_tag":"stop_loss","cost":1.30312182}],"funding_fees":0.0,"weekday":5},{"pair":"DOGE/USDT","stake_amount":1.31105,"max_stake_amount":1.31105,"amount":13.0,"open_date":"2026-01-31 18:45:00+00:00","close_date":"2026-02-01 11:00:00+00:00","open_rate":0.10085,"close_rate":0.10466,"fee_open":0.001,"fee_close":0.001,"trade_duration":975,"profit_ratio":0.0357053952492723,"profit_abs":0.04685837,"exit_reason":"force_exit","initial_stop_loss_abs":0.09934,"initial_stop_loss_ratio":-0.015,"stop_loss_abs":0.09934,"stop_loss_ratio":-0.015,"min_rate":0.09954,"max_rate":0.10657000000000001,"is_open":false,"enter_tag":"","leverage":1.0,"is_short":false,"open_timestamp":1769885100000,"close_timestamp":1769943600000,"orders":[{"amount":13.0,"safe_price":0.10085000000000001,"ft_order_side":"buy","order_filled_timestamp":1769885100000,"ft_is_entry":true,"ft_order_tag":"","cost":1.3123610499999998},{"amount":13.0,"safe_price":0.10466,"ft_order_side":"sell","order_filled_timestamp":1769943600000,"ft_is_entry":false,"ft_order_tag":"force_exit","cost":1.36194058}],"funding_fees":0.0,"weekday":6}],"locks":[],"best_pair":{"key":"BTC/USDT","trades":0,"profit_mean":0.0,"profit_mean_pct":0.0,"profit_total_abs":0.0,"profit_total":0.0,"profit_total_pct":0.0,"duration_avg":"0:00","wins":0,"draws":0,"losses":0,"winrate":0.0,"cagr":0.0,"expectancy":0.0,"expectancy_ratio":100.0,"sortino":0,"sharpe":0,"calmar":0,"sqn":0.0,"profit_factor":0.0,"max_drawdown_account":0.0,"max_drawdown_abs":0.0},"worst_pair":{"key":"DOGE/USDT","trades":27,"profit_mean":-0.014982522287098224,"profit_mean_pct":-1.5,"profit_total_abs":-0.54766044,"profit_total":-0.010953208800000001,"profit_total_pct":-1.1,"duration_avg":"20:33:00","wins":1,"draws":0,"losses":26,"winrate":0.037037037037037035,"cagr":-0.01674881408817963,"expectancy":-0.020283719999999998,"expectancy_ratio":-0.8870648180164392,"sortino":-74.77579355081795,"sharpe":-3.3354636100193384,"calmar":-7.394609533155966,"sqn":-7.8471,"profit_factor":0.07881730436754389,"max_drawdown_account":0.011890376199999934,"max_drawdown_abs":0.5945188100000001},"results_per_pair":[{"key":"BTC/USDT","trades":0,"profit_mean":0.0,"profit_mean_pct":0.0,"profit_total_abs":0.0,"profit_total":0.0,"profit_total_pct":0.0,"duration_avg":"0:00","wins":0,"draws":0,"losses":0,"winrate":0.0,"cagr":0.0,"expectancy":0.0,"expectancy_ratio":100.0,"sortino":0,"sharpe":0,"calmar":0,"sqn":0.0,"profit_factor":0.0,"max_drawdown_account":0.0,"max_drawdown_abs":0.0},{"key":"ETH/USDT","trades":0,"profit_mean":0.0,"profit_mean_pct":0.0,"profit_total_abs":0.0,"profit_total":0.0,"profit_total_pct":0.0,"duration_avg":"0:00","wins":0,"draws":0,"losses":0,"winrate":0.0,"cagr":0.0,"expectancy":0.0,"expectancy_ratio":100.0,"sortino":0,"sharpe":0,"calmar":0,"sqn":0.0,"profit_factor":0.0,"max_drawdown_account":0.0,"max_drawdown_abs":0.0},{"key":"BNB/USDT","trades":0,"profit_mean":0.0,"profit_mean_pct":0.0,"profit_total_abs":0.0,"profit_total":0.0,"profit_total_pct":0.0,"duration_avg":"0:00","wins":0,"draws":0,"losses":0,"winrate":0.0,"cagr":0.0,"expectancy":0.0,"expectancy_ratio":100.0,"sortino":0,"sharpe":0,"calmar":0,"sqn":0.0,"profit_factor":0.0,"max_drawdown_account":0.0,"max_drawdown_abs":0.0},{"key":"SOL/USDT","trades":0,"profit_mean":0.0,"profit_mean_pct":0.0,"profit_total_abs":0.0,"profit_total":0.0,"profit_total_pct":0.0,"duration_avg":"0:00","wins":0,"draws":0,"losses":0,"winrate":0.0,"cagr":0.0,"expectancy":0.0,"expectancy_ratio":100.0,"sortino":0,"sharpe":0,"calmar":0,"sqn":0.0,"profit_factor":0.0,"max_drawdown_account":0.0,"max_drawdown_abs":0.0},{"key":"ADA/USDT","trades":0,"profit_mean":0.0,"profit_mean_pct":0.0,"profit_total_abs":0.0,"profit_total":0.0,"profit_total_pct":0.0,"duration_avg":"0:00","wins":0,"draws":0,"losses":0,"winrate":0.0,"cagr":0.0,"expectancy":0.0,"expectancy_ratio":100.0,"sortino":0,"sharpe":0,"calmar":0,"sqn":0.0,"profit_factor":0.0,"max_drawdown_account":0.0,"max_drawdown_abs":0.0},{"key":"XRP/USDT","trades":0,"profit_mean":0.0,"profit_mean_pct":0.0,"profit_total_abs":0.0,"profit_total":0.0,"profit_total_pct":0.0,"duration_avg":"0:00","wins":0,"draws":0,"losses":0,"winrate":0.0,"cagr":0.0,"expectancy":0.0,"expectancy_ratio":100.0,"sortino":0,"sharpe":0,"calmar":0,"sqn":0.0,"profit_factor":0.0,"max_drawdown_account":0.0,"max_drawdown_abs":0.0},{"key":"DOT/USDT","trades":0,"profit_mean":0.0,"profit_mean_pct":0.0,"profit_total_abs":0.0,"profit_total":0.0,"profit_total_pct":0.0,"duration_avg":"0:00","wins":0,"draws":0,"losses":0,"winrate":0.0,"cagr":0.0,"expectancy":0.0,"expectancy_ratio":100.0,"sortino":0,"sharpe":0,"calmar":0,"sqn":0.0,"profit_factor":0.0,"max_drawdown_account":0.0,"max_drawdown_abs":0.0},{"key":"AVAX/USDT","trades":0,"profit_mean":0.0,"profit_mean_pct":0.0,"profit_total_abs":0.0,"profit_total":0.0,"profit_total_pct":0.0,"duration_avg":"0:00","wins":0,"draws":0,"losses":0,"winrate":0.0,"cagr":0.0,"expectancy":0.0,"expectancy_ratio":100.0,"sortino":0,"sharpe":0,"calmar":0,"sqn":0.0,"profit_factor":0.0,"max_drawdown_account":0.0,"max_drawdown_abs":0.0},{"key":"LINK/USDT","trades":0,"profit_mean":0.0,"profit_mean_pct":0.0,"profit_total_abs":0.0,"profit_total":0.0,"profit_total_pct":0.0,"duration_avg":"0:00","wins":0,"draws":0,"losses":0,"winrate":0.0,"cagr":0.0,"expectancy":0.0,"expectancy_ratio":100.0,"sortino":0,"sharpe":0,"calmar":0,"sqn":0.0,"profit_factor":0.0,"max_drawdown_account":0.0,"max_drawdown_abs":0.0},{"key":"LTC/USDT","trades":0,"profit_mean":0.0,"profit_mean_pct":0.0,"profit_total_abs":0.0,"profit_total":0.0,"profit_total_pct":0.0,"duration_avg":"0:00","wins":0,"draws":0,"losses":0,"winrate":0.0,"cagr":0.0,"expectancy":0.0,"expectancy_ratio":100.0,"sortino":0,"sharpe":0,"calmar":0,"sqn":0.0,"profit_factor":0.0,"max_drawdown_account":0.0,"max_drawdown_abs":0.0},{"key":"TRX/USDT","trades":0,"profit_mean":0.0,"profit_mean_pct":0.0,"profit_total_abs":0.0,"profit_total":0.0,"profit_total_pct":0.0,"duration_avg":"0:00","wins":0,"draws":0,"losses":0,"winrate":0.0,"cagr":0.0,"expectancy":0.0,"expectancy_ratio":100.0,"sortino":0,"sharpe":0,"calmar":0,"sqn":0.0,"profit_factor":0.0,"max_drawdown_account":0.0,"max_drawdown_abs":0.0},{"key":"UNI/USDT","trades":0,"profit_mean":0.0,"profit_mean_pct":0.0,"profit_total_abs":0.0,"profit_total":0.0,"profit_total_pct":0.0,"duration_avg":"0:00","wins":0,"draws":0,"losses":0,"winrate":0.0,"cagr":0.0,"expectancy":0.0,"expectancy_ratio":100.0,"sortino":0,"sharpe":0,"calmar":0,"sqn":0.0,"profit_factor":0.0,"max_drawdown_account":0.0,"max_drawdown_abs":0.0},{"key":"ATOM/USDT","trades":0,"profit_mean":0.0,"profit_mean_pct":0.0,"profit_total_abs":0.0,"profit_total":0.0,"profit_total_pct":0.0,"duration_avg":"0:00","wins":0,"draws":0,"losses":0,"winrate":0.0,"cagr":0.0,"expectancy":0.0,"expectancy_ratio":100.0,"sortino":0,"sharpe":0,"calmar":0,"sqn":0.0,"profit_factor":0.0,"max_drawdown_account":0.0,"max_drawdown_abs":0.0},{"key":"XLM/USDT","trades":0,"profit_mean":0.0,"profit_mean_pct":0.0,"profit_total_abs":0.0,"profit_total":0.0,"profit_total_pct":0.0,"duration_avg":"0:00","wins":0,"draws":0,"losses":0,"winrate":0.0,"cagr":0.0,"expectancy":0.0,"expectancy_ratio":100.0,"sortino":0,"sharpe":0,"calmar":0,"sqn":0.0,"profit_factor":0.0,"max_drawdown_account":0.0,"max_drawdown_abs":0.0},{"key":"ETC/USDT","trades":0,"profit_mean":0.0,"profit_mean_pct":0.0,"profit_total_abs":0.0,"profit_total":0.0,"profit_total_pct":0.0,"duration_avg":"0:00","wins":0,"draws":0,"losses":0,"winrate":0.0,"cagr":0.0,"expectancy":0.0,"expectancy_ratio":100.0,"sortino":0,"sharpe":0,"calmar":0,"sqn":0.0,"profit_factor":0.0,"max_drawdown_account":0.0,"max_drawdown_abs":0.0},{"key":"BCH/USDT","trades":0,"profit_mean":0.0,"profit_mean_pct":0.0,"profit_total_abs":0.0,"profit_total":0.0,"profit_total_pct":0.0,"duration_avg":"0:00","wins":0,"draws":0,"losses":0,"winrate":0.0,"cagr":0.0,"expectancy":0.0,"expectancy_ratio":100.0,"sortino":0,"sharpe":0,"calmar":0,"sqn":0.0,"profit_factor":0.0,"max_drawdown_account":0.0,"max_drawdown_abs":0.0},{"key":"NEAR/USDT","trades":0,"profit_mean":0.0,"profit_mean_pct":0.0,"profit_total_abs":0.0,"profit_total":0.0,"profit_total_pct":0.0,"duration_avg":"0:00","wins":0,"draws":0,"losses":0,"winrate":0.0,"cagr":0.0,"expectancy":0.0,"expectancy_ratio":100.0,"sortino":0,"sharpe":0,"calmar":0,"sqn":0.0,"profit_factor":0.0,"max_drawdown_account":0.0,"max_drawdown_abs":0.0},{"key":"FIL/USDT","trades":0,"profit_mean":0.0,"profit_mean_pct":0.0,"profit_total_abs":0.0,"profit_total":0.0,"profit_total_pct":0.0,"duration_avg":"0:00","wins":0,"draws":0,"losses":0,"winrate":0.0,"cagr":0.0,"expectancy":0.0,"expectancy_ratio":100.0,"sortino":0,"sharpe":0,"calmar":0,"sqn":0.0,"profit_factor":0.0,"max_drawdown_account":0.0,"max_drawdown_abs":0.0},{"key":"APT/USDT","trades":0,"profit_mean":0.0,"profit_mean_pct":0.0,"profit_total_abs":0.0,"profit_total":0.0,"profit_total_pct":0.0,"duration_avg":"0:00","wins":0,"draws":0,"losses":0,"winrate":0.0,"cagr":0.0,"expectancy":0.0,"expectancy_ratio":100.0,"sortino":0,"sharpe":0,"calmar":0,"sqn":0.0,"profit_factor":0.0,"max_drawdown_account":0.0,"max_drawdown_abs":0.0},{"key":"ARB/USDT","trades":0,"profit_mean":0.0,"profit_mean_pct":0.0,"profit_total_abs":0.0,"profit_total":0.0,"profit_total_pct":0.0,"duration_avg":"0:00","wins":0,"draws":0,"losses":0,"winrate":0.0,"cagr":0.0,"expectancy":0.0,"expectancy_ratio":100.0,"sortino":0,"sharpe":0,"calmar":0,"sqn":0.0,"profit_factor":0.0,"max_drawdown_account":0.0,"max_drawdown_abs":0.0},{"key":"OP/USDT","trades":0,"profit_mean":0.0,"profit_mean_pct":0.0,"profit_total_abs":0.0,"profit_total":0.0,"profit_total_pct":0.0,"duration_avg":"0:00","wins":0,"draws":0,"losses":0,"winrate":0.0,"cagr":0.0,"expectancy":0.0,"expectancy_ratio":100.0,"sortino":0,"sharpe":0,"calmar":0,"sqn":0.0,"profit_factor":0.0,"max_drawdown_account":0.0,"max_drawdown_abs":0.0},{"key":"ICP/USDT","trades":0,"profit_mean":0.0,"profit_mean_pct":0.0,"profit_total_abs":0.0,"profit_total":0.0,"profit_total_pct":0.0,"duration_avg":"0:00","wins":0,"draws":0,"losses":0,"winrate":0.0,"cagr":0.0,"expectancy":0.0,"expectancy_ratio":100.0,"sortino":0,"sharpe":0,"calmar":0,"sqn":0.0,"profit_factor":0.0,"max_drawdown_account":0.0,"max_drawdown_abs":0.0},{"key":"ALGO/USDT","trades":0,"profit_mean":0.0,"profit_mean_pct":0.0,"profit_total_abs":0.0,"profit_total":0.0,"profit_total_pct":0.0,"duration_avg":"0:00","wins":0,"draws":0,"losses":0,"winrate":0.0,"cagr":0.0,"expectancy":0.0,"expectancy_ratio":100.0,"sortino":0,"sharpe":0,"calmar":0,"sqn":0.0,"profit_factor":0.0,"max_drawdown_account":0.0,"max_drawdown_abs":0.0},{"key":"AAVE/USDT","trades":0,"profit_mean":0.0,"profit_mean_pct":0.0,"profit_total_abs":0.0,"profit_total":0.0,"profit_total_pct":0.0,"duration_avg":"0:00","wins":0,"draws":0,"losses":0,"winrate":0.0,"cagr":0.0,"expectancy":0.0,"expectancy_ratio":100.0,"sortino":0,"sharpe":0,"calmar":0,"sqn":0.0,"profit_factor":0.0,"max_drawdown_account":0.0,"max_drawdown_abs":0.0},{"key":"SAND/USDT","trades":0,"profit_mean":0.0,"profit_mean_pct":0.0,"profit_total_abs":0.0,"profit_total":0.0,"profit_total_pct":0.0,"duration_avg":"0:00","wins":0,"draws":0,"losses":0,"winrate":0.0,"cagr":0.0,"expectancy":0.0,"expectancy_ratio":100.0,"sortino":0,"sharpe":0,"calmar":0,"sqn":0.0,"profit_factor":0.0,"max_drawdown_account":0.0,"max_drawdown_abs":0.0},{"key":"MANA/USDT","trades":0,"profit_mean":0.0,"profit_mean_pct":0.0,"profit_total_abs":0.0,"profit_total":0.0,"profit_total_pct":0.0,"duration_avg":"0:00","wins":0,"draws":0,"losses":0,"winrate":0.0,"cagr":0.0,"expectancy":0.0,"expectancy_ratio":100.0,"sortino":0,"sharpe":0,"calmar":0,"sqn":0.0,"profit_factor":0.0,"max_drawdown_account":0.0,"max_drawdown_abs":0.0},{"key":"EGLD/USDT","trades":0,"profit_mean":0.0,"profit_mean_pct":0.0,"profit_total_abs":0.0,"profit_total":0.0,"profit_total_pct":0.0,"duration_avg":"0:00","wins":0,"draws":0,"losses":0,"winrate":0.0,"cagr":0.0,"expectancy":0.0,"expectancy_ratio":100.0,"sortino":0,"sharpe":0,"calmar":0,"sqn":0.0,"profit_factor":0.0,"max_drawdown_account":0.0,"max_drawdown_abs":0.0},{"key":"RUNE/USDT","trades":0,"profit_mean":0.0,"profit_mean_pct":0.0,"profit_total_abs":0.0,"profit_total":0.0,"profit_total_pct":0.0,"duration_avg":"0:00","wins":0,"draws":0,"losses":0,"winrate":0.0,"cagr":0.0,"expectancy":0.0,"expectancy_ratio":100.0,"sortino":0,"sharpe":0,"calmar":0,"sqn":0.0,"profit_factor":0.0,"max_drawdown_account":0.0,"max_drawdown_abs":0.0},{"key":"INJ/USDT","trades":0,"profit_mean":0.0,"profit_mean_pct":0.0,"profit_total_abs":0.0,"profit_total":0.0,"profit_total_pct":0.0,"duration_avg":"0:00","wins":0,"draws":0,"losses":0,"winrate":0.0,"cagr":0.0,"expectancy":0.0,"expectancy_ratio":100.0,"sortino":0,"sharpe":0,"calmar":0,"sqn":0.0,"profit_factor":0.0,"max_drawdown_account":0.0,"max_drawdown_abs":0.0},{"key":"GALA/USDT","trades":0,"profit_mean":0.0,"profit_mean_pct":0.0,"profit_total_abs":0.0,"profit_total":0.0,"profit_total_pct":0.0,"duration_avg":"0:00","wins":0,"draws":0,"losses":0,"winrate":0.0,"cagr":0.0,"expectancy":0.0,"expectancy_ratio":100.0,"sortino":0,"sharpe":0,"calmar":0,"sqn":0.0,"profit_factor":0.0,"max_drawdown_account":0.0,"max_drawdown_abs":0.0},{"key":"HBAR/USDT","trades":0,"profit_mean":0.0,"profit_mean_pct":0.0,"profit_total_abs":0.0,"profit_total":0.0,"profit_total_pct":0.0,"duration_avg":"0:00","wins":0,"draws":0,"losses":0,"winrate":0.0,"cagr":0.0,"expectancy":0.0,"expectancy_ratio":100.0,"sortino":0,"sharpe":0,"calmar":0,"sqn":0.0,"profit_factor":0.0,"max_drawdown_account":0.0,"max_drawdown_abs":0.0},{"key":"VET/USDT","trades":0,"profit_mean":0.0,"profit_mean_pct":0.0,"profit_total_abs":0.0,"profit_total":0.0,"profit_total_pct":0.0,"duration_avg":"0:00","wins":0,"draws":0,"losses":0,"winrate":0.0,"cagr":0.0,"expectancy":0.0,"expectancy_ratio":100.0,"sortino":0,"sharpe":0,"calmar":0,"sqn":0.0,"profit_factor":0.0,"max_drawdown_account":0.0,"max_drawdown_abs":0.0},{"key":"DOGE/USDT","trades":27,"profit_mean":-0.014982522287098224,"profit_mean_pct":-1.5,"profit_total_abs":-0.54766044,"profit_total":-0.010953208800000001,"profit_total_pct":-1.1,"duration_avg":"20:33:00","wins":1,"draws":0,"losses":26,"winrate":0.037037037037037035,"cagr":-0.01674881408817963,"expectancy":-0.020283719999999998,"expectancy_ratio":-0.8870648180164392,"sortino":-74.77579355081795,"sharpe":-3.3354636100193384,"calmar":-7.394609533155966,"sqn":-7.8471,"profit_factor":0.07881730436754389,"max_drawdown_account":0.011890376199999934,"max_drawdown_abs":0.5945188100000001},{"key":"TOTAL","trades":27,"profit_mean":-0.014982522287098224,"profit_mean_pct":-1.5,"profit_total_abs":-0.54766044,"profit_total":-0.010953208800000001,"profit_total_pct":-1.1,"duration_avg":"20:33:00","wins":1,"draws":0,"losses":26,"winrate":0.037037037037037035,"cagr":-0.01674881408817963,"expectancy":-0.020283719999999998,"expectancy_ratio":-0.8870648180164392,"sortino":-74.77579355081795,"sharpe":-3.3354636100193384,"calmar":-7.394609533155966,"sqn":-7.8471,"profit_factor":0.07881730436754389,"max_drawdown_account":0.011890376199999934,"max_drawdown_abs":0.5945188100000001}],"results_per_enter_tag":[{"key":"","trades":27,"profit_mean":-0.014982522287098224,"profit_mean_pct":-1.5,"profit_total_abs":-0.54766044,"profit_total":-0.010953208800000001,"profit_total_pct":-1.1,"duration_avg":"20:33:00","wins":1,"draws":0,"losses":26,"winrate":0.037037037037037035,"cagr":-0.01674881408817963,"expectancy":-0.020283719999999998,"expectancy_ratio":-0.8870648180164392,"sortino":-74.77579355081795,"sharpe":-3.3354636100193384,"calmar":-7.394609533155966,"sqn":-7.8471,"profit_factor":0.07881730436754389,"max_drawdown_account":0.011890376199999934,"max_drawdown_abs":0.5945188100000001},{"key":"TOTAL","trades":27,"profit_mean":-0.014982522287098224,"profit_mean_pct":-1.5,"profit_total_abs":-0.54766044,"profit_total":-0.010953208800000001,"profit_total_pct":-1.1,"duration_avg":"20:33:00","wins":1,"draws":0,"losses":26,"winrate":0.037037037037037035,"cagr":-0.01674881408817963,"expectancy":-0.020283719999999998,"expectancy_ratio":-0.8870648180164392,"sortino":-74.77579355081795,"sharpe":-3.3354636100193384,"calmar":-7.394609533155966,"sqn":-7.8471,"profit_factor":0.07881730436754389,"max_drawdown_account":0.011890376199999934,"max_drawdown_abs":0.5945188100000001}],"exit_reason_summary":[{"key":"force_exit","trades":1,"profit_mean":0.0357053952492723,"profit_mean_pct":3.57,"profit_total_abs":0.04685837,"profit_total":0.0009371674000000001,"profit_total_pct":0.09,"duration_avg":"16:15:00","wins":1,"draws":0,"losses":0,"winrate":1.0,"cagr":0.0014376118471739474,"expectancy":0.04685837,"expectancy_ratio":100.0,"sortino":-100,"sharpe":-100,"calmar":-100,"sqn":-100.0,"profit_factor":0.0,"max_drawdown_account":0.0,"max_drawdown_abs":0.0},{"key":"stop_loss","trades":26,"profit_mean":-0.016932057576958627,"profit_mean_pct":-1.69,"profit_total_abs":-0.5945188100000001,"profit_total":-0.011890376200000002,"profit_total_pct":-1.19,"duration_avg":"20:43:00","wins":0,"draws":0,"losses":26,"winrate":0.0,"cagr":-0.018177283338921102,"expectancy":-0.02286610807692308,"expectancy_ratio":-1.0,"sortino":-81.17368455285535,"sharpe":-81.17368455285535,"calmar":-8.027299653169289,"sqn":-194.4654,"profit_factor":0.0,"max_drawdown_account":0.011890376199999934,"max_drawdown_abs":0.5945188100000001},{"key":"TOTAL","trades":27,"profit_mean":-0.014982522287098224,"profit_mean_pct":-1.5,"profit_total_abs":-0.54766044,"profit_total":-0.010953208800000001,"profit_total_pct":-1.1,"duration_avg":"20:33:00","wins":1,"draws":0,"losses":26,"winrate":0.037037037037037035,"cagr":-0.01674881408817963,"expectancy":-0.020283719999999998,"expectancy_ratio":-0.8870648180164392,"sortino":-74.77579355081795,"sharpe":-3.3354636100193384,"calmar":-7.394609533155966,"sqn":-7.8471,"profit_factor":0.07881730436754389,"max_drawdown_account":0.011890376199999934,"max_drawdown_abs":0.5945188100000001}],"mix_tag_stats":[{"key":["","force_exit"],"trades":1,"profit_mean":0.0357053952492723,"profit_mean_pct":3.57,"profit_total_abs":0.04685837,"profit_total":0.0009371674000000001,"profit_total_pct":0.09,"duration_avg":"16:15:00","wins":1,"draws":0,"losses":0,"winrate":1.0,"cagr":0.0014376118471739474,"expectancy":0.04685837,"expectancy_ratio":100.0,"sortino":-100,"sharpe":-100,"calmar":-100,"sqn":-100.0,"profit_factor":0.0,"max_drawdown_account":0.0,"max_drawdown_abs":0.0},{"key":["","stop_loss"],"trades":26,"profit_mean":-0.016932057576958627,"profit_mean_pct":-1.69,"profit_total_abs":-0.5945188100000001,"profit_total":-0.011890376200000002,"profit_total_pct":-1.19,"duration_avg":"20:43:00","wins":0,"draws":0,"losses":26,"winrate":0.0,"cagr":-0.018177283338921102,"expectancy":-0.02286610807692308,"expectancy_ratio":-1.0,"sortino":-81.17368455285535,"sharpe":-81.17368455285535,"calmar":-8.027299653169289,"sqn":-194.4654,"profit_factor":0.0,"max_drawdown_account":0.011890376199999934,"max_drawdown_abs":0.5945188100000001},{"key":"TOTAL","trades":27,"profit_mean":-0.014982522287098224,"profit_mean_pct":-1.5,"profit_total_abs":-0.54766044,"profit_total":-0.010953208800000001,"profit_total_pct":-1.1,"duration_avg":"20:33:00","wins":1,"draws":0,"losses":26,"winrate":0.037037037037037035,"cagr":-0.01674881408817963,"expectancy":-0.020283719999999998,"expectancy_ratio":-0.8870648180164392,"sortino":-74.77579355081795,"sharpe":-3.3354636100193384,"calmar":-7.394609533155966,"sqn":-7.8471,"profit_factor":0.07881730436754389,"max_drawdown_account":0.011890376199999934,"max_drawdown_abs":0.5945188100000001}],"left_open_trades":[{"key":"DOGE/USDT","trades":1,"profit_mean":0.0357053952492723,"profit_mean_pct":3.57,"profit_total_abs":0.04685837,"profit_total":0.0009371674000000001,"profit_total_pct":0.09,"duration_avg":"16:15:00","wins":1,"draws":0,"losses":0,"winrate":1.0,"cagr":0.0014376118471739474,"expectancy":0.04685837,"expectancy_ratio":100.0,"sortino":-100,"sharpe":-100,"calmar":-100,"sqn":-100.0,"profit_factor":0.0,"max_drawdown_account":0.0,"max_drawdown_abs":0.0},{"key":"TOTAL","trades":1,"profit_mean":0.0357053952492723,"profit_mean_pct":3.57,"profit_total_abs":0.04685837,"profit_total":0.0009371674000000001,"profit_total_pct":0.09,"duration_avg":"16:15:00","wins":1,"draws":0,"losses":0,"winrate":1.0,"cagr":0.0014376118471739474,"expectancy":0.04685837,"expectancy_ratio":100.0,"sortino":-100,"sharpe":-100,"calmar":-100,"sqn":-100.0,"profit_factor":0.0,"max_drawdown_account":0.0,"max_drawdown_abs":0.0}],"total_trades":27,"trade_count_long":27,"trade_count_short":0,"total_volume":72.37274044,"avg_stake_amount":1.3477000000000001,"profit_mean":-0.014982522287098224,"profit_median":-0.016933656255851203,"profit_total":-0.010953208800000001,"profit_total_long":-0.010953208800000001,"profit_total_short":0.0,"profit_total_abs":-0.54766044,"profit_total_long_abs":-0.54766044,"profit_total_short_abs":0.0,"cagr":-0.01674881408817963,"expectancy":-0.020283719999999998,"expectancy_ratio":-0.8870648180164392,"sortino":-74.77579355081795,"sharpe":-3.3354636100193384,"calmar":-7.394609533155966,"sqn":-7.8471,"profit_factor":0.07881730436754389,"backtest_start":"2025-06-09 00:00:00","backtest_start_ts":1749427200000,"backtest_end":"2026-02-02 14:00:00","backtest_end_ts":1770040800000,"backtest_days":238,"backtest_run_start_ts":1770181286,"backtest_run_end_ts":1770181289,"trades_per_day":0.11,"market_change":-0.2248589141533941,"pairlist":["BTC/USDT","ETH/USDT","BNB/USDT","SOL/USDT","ADA/USDT","XRP/USDT","DOT/USDT","DOGE/USDT","AVAX/USDT","LINK/USDT","LTC/USDT","TRX/USDT","UNI/USDT","ATOM/USDT","XLM/USDT","ETC/USDT","BCH/USDT","NEAR/USDT","FIL/USDT","APT/USDT","ARB/USDT","OP/USDT","ICP/USDT","ALGO/USDT","AAVE/USDT","SAND/USDT","MANA/USDT","EGLD/USDT","RUNE/USDT","INJ/USDT","GALA/USDT","HBAR/USDT","VET/USDT"],"stake_amount":"unlimited","stake_currency":"USDT","stake_currency_decimals":3,"starting_balance":50,"dry_run_wallet":50,"final_balance":49.45233956,"rejected_signals":0,"timedout_entry_orders":0,"timedout_exit_orders":0,"canceled_trade_entries":0,"canceled_entry_orders":0,"replaced_entry_orders":0,"max_open_trades":33,"max_open_trades_setting":35,"timeframe":"15m","timeframe_detail":"","timerange":"20250609-20260204","enable_protections":false,"strategy_name":"SwingHighToSky","freqaimodel":"XGBoostRegressor","freqai_identifier":"qs_v9_scalp_5m1h_l2","stoploss":-0.015,"trailing_stop":false,"trailing_stop_positive":0.01,"trailing_stop_positive_offset":0.02,"trailing_only_offset_is_reached":false,"use_custom_stoploss":false,"minimal_roi":{},"use_exit_signal":true,"exit_profit_only":false,"exit_profit_offset":0.0,"ignore_roi_if_entry_signal":false,"trading_mode":"spot","margin_mode":"","periodic_breakdown":{"day":[{"date":"05/01/2026","date_ts":1767571200000,"profit_abs":-0.02273157,"wins":0,"draws":0,"losses":1,"trades":1,"profit_factor":0.0},{"date":"06/01/2026","date_ts":1767657600000,"profit_abs":-0.04494915,"wins":0,"draws":0,"losses":2,"trades":2,"profit_factor":0.0},{"date":"07/01/2026","date_ts":1767744000000,"profit_abs":0.0,"wins":0,"draws":0,"losses":0,"trades":0,"profit_factor":0.0},{"date":"08/01/2026","date_ts":1767830400000,"profit_abs":-0.08975456,"wins":0,"draws":0,"losses":4,"trades":4,"profit_factor":0.0},{"date":"09/01/2026","date_ts":1767916800000,"profit_abs":-0.0237862,"wins":0,"draws":0,"losses":1,"trades":1,"profit_factor":0.0},{"date":"10/01/2026","date_ts":1768003200000,"profit_abs":0.0,"wins":0,"draws":0,"losses":0,"trades":0,"profit_factor":0.0},{"date":"11/01/2026","date_ts":1768089600000,"profit_abs":-0.0470057,"wins":0,"draws":0,"losses":2,"trades":2,"profit_factor":0.0},{"date":"12/01/2026","date_ts":1768176000000,"profit_abs":0.0,"wins":0,"draws":0,"losses":0,"trades":0,"profit_factor":0.0},{"date":"13/01/2026","date_ts":1768262400000,"profit_abs":0.0,"wins":0,"draws":0,"losses":0,"trades":0,"profit_factor":0.0},{"date":"14/01/2026","date_ts":1768348800000,"profit_abs":0.0,"wins":0,"draws":0,"losses":0,"trades":0,"profit_factor":0.0},{"date":"15/01/2026","date_ts":1768435200000,"profit_abs":0.0,"wins":0,"draws":0,"losses":0,"trades":0,"profit_factor":0.0},{"date":"16/01/2026","date_ts":1768521600000,"profit_abs":0.0,"wins":0,"draws":0,"losses":0,"trades":0,"profit_factor":0.0},{"date":"17/01/2026","date_ts":1768608000000,"profit_abs":0.0,"wins":0,"draws":0,"losses":0,"trades":0,"profit_factor":0.0},{"date":"18/01/2026","date_ts":1768694400000,"profit_abs":-0.045757,"wins":0,"draws":0,"losses":2,"trades":2,"profit_factor":0.0},{"date":"19/01/2026","date_ts":1768780800000,"profit_abs":-0.0223129,"wins":0,"draws":0,"losses":1,"trades":1,"profit_factor":0.0},{"date":"20/01/2026","date_ts":1768867200000,"profit_abs":-0.02354759,"wins":0,"draws":0,"losses":1,"trades":1,"profit_factor":0.0},{"date":"21/01/2026","date_ts":1768953600000,"profit_abs":-0.02279717,"wins":0,"draws":0,"losses":1,"trades":1,"profit_factor":0.0},{"date":"22/01/2026","date_ts":1769040000000,"profit_abs":0.0,"wins":0,"draws":0,"losses":0,"trades":0,"profit_factor":0.0},{"date":"23/01/2026","date_ts":1769126400000,"profit_abs":0.0,"wins":0,"draws":0,"losses":0,"trades":0,"profit_factor":0.0},{"date":"24/01/2026","date_ts":1769212800000,"profit_abs":0.0,"wins":0,"draws":0,"losses":0,"trades":0,"profit_factor":0.0},{"date":"25/01/2026","date_ts":1769299200000,"profit_abs":-0.04510924,"wins":0,"draws":0,"losses":2,"trades":2,"profit_factor":0.0},{"date":"26/01/2026","date_ts":1769385600000,"profit_abs":0.0,"wins":0,"draws":0,"losses":0,"trades":0,"profit_factor":0.0},{"date":"27/01/2026","date_ts":1769472000000,"profit_abs":0.0,"wins":0,"draws":0,"losses":0,"trades":0,"profit_factor":0.0},{"date":"28/01/2026","date_ts":1769558400000,"profit_abs":0.0,"wins":0,"draws":0,"losses":0,"trades":0,"profit_factor":0.0},{"date":"29/01/2026","date_ts":1769644800000,"profit_abs":-0.0458195,"wins":0,"draws":0,"losses":2,"trades":2,"profit_factor":0.0},{"date":"30/01/2026","date_ts":1769731200000,"profit_abs":-0.02337168,"wins":0,"draws":0,"losses":1,"trades":1,"profit_factor":0.0},{"date":"31/01/2026","date_ts":1769817600000,"profit_abs":-0.13757655,"wins":0,"draws":0,"losses":6,"trades":6,"profit_factor":0.0},{"date":"01/02/2026","date_ts":1769904000000,"profit_abs":0.04685837,"wins":1,"draws":0,"losses":0,"trades":1,"profit_factor":0.0}],"week":[{"date":"05/01/2026","date_ts":1767571200000,"profit_abs":-0.02273157,"wins":0,"draws":0,"losses":1,"trades":1,"profit_factor":0.0},{"date":"12/01/2026","date_ts":1768176000000,"profit_abs":-0.20549561,"wins":0,"draws":0,"losses":9,"trades":9,"profit_factor":0.0},{"date":"19/01/2026","date_ts":1768780800000,"profit_abs":-0.0680699,"wins":0,"draws":0,"losses":3,"trades":3,"profit_factor":0.0},{"date":"26/01/2026","date_ts":1769385600000,"profit_abs":-0.091454,"wins":0,"draws":0,"losses":4,"trades":4,"profit_factor":0.0},{"date":"02/02/2026","date_ts":1769990400000,"profit_abs":-0.15990936,"wins":1,"draws":0,"losses":9,"trades":10,"profit_factor":0.22662323}],"month":[{"date":"31/01/2026","date_ts":1769817600000,"profit_abs":-0.59451881,"wins":0,"draws":0,"losses":26,"trades":26,"profit_factor":0.0},{"date":"28/02/2026","date_ts":1772236800000,"profit_abs":0.04685837,"wins":1,"draws":0,"losses":0,"trades":1,"profit_factor":0.0}],"year":[{"date":"31/12/2026","date_ts":1798675200000,"profit_abs":-0.54766044,"wins":1,"draws":0,"losses":26,"trades":27,"profit_factor":0.0788173}],"weekday":[{"date":"Monday","date_ts":0,"profit_abs":-0.04504447,"wins":0,"draws":0,"losses":2,"trades":2,"profit_factor":0.0},{"date":"Tuesday","date_ts":1,"profit_abs":-0.06849674,"wins":0,"draws":0,"losses":3,"trades":3,"profit_factor":0.0},{"date":"Wednesday","date_ts":2,"profit_abs":-0.02279717,"wins":0,"draws":0,"losses":1,"trades":1,"profit_factor":0.0},{"date":"Thursday","date_ts":3,"profit_abs":-0.13557406,"wins":0,"draws":0,"losses":6,"trades":6,"profit_factor":0.0},{"date":"Friday","date_ts":4,"profit_abs":-0.04715788,"wins":0,"draws":0,"losses":2,"trades":2,"profit_factor":0.0},{"date":"Saturday","date_ts":5,"profit_abs":-0.13757655,"wins":0,"draws":0,"losses":6,"trades":6,"profit_factor":0.0},{"date":"Sunday","date_ts":6,"profit_abs":-0.09101357,"wins":1,"draws":0,"losses":6,"trades":7,"profit_factor":0.33986879}]},"backtest_best_day":0.0357053952492723,"backtest_worst_day":-0.10150625055697174,"backtest_best_day_abs":0.04685837,"backtest_worst_day_abs":-0.13757655,"winning_days":1,"draw_days":14,"losing_days":13,"daily_profit":[["2026-01-05",-0.02273157],["2026-01-06",-0.04494915],["2026-01-07",0.0],["2026-01-08",-0.08975456],["2026-01-09",-0.0237862],["2026-01-10",0.0],["2026-01-11",-0.0470057],["2026-01-12",0.0],["2026-01-13",0.0],["2026-01-14",0.0],["2026-01-15",0.0],["2026-01-16",0.0],["2026-01-17",0.0],["2026-01-18",-0.045757],["2026-01-19",-0.0223129],["2026-01-20",-0.02354759],["2026-01-21",-0.02279717],["2026-01-22",0.0],["2026-01-23",0.0],["2026-01-24",0.0],["2026-01-25",-0.04510924],["2026-01-26",0.0],["2026-01-27",0.0],["2026-01-28",0.0],["2026-01-29",-0.0458195],["2026-01-30",-0.02337168],["2026-01-31",-0.13757655],["2026-02-01",0.04685837]],"wins":1,"losses":26,"draws":0,"winrate":0.037037037037037035,"holding_avg":"20:33:00","holding_avg_s":73980.0,"winner_holding_min":"0d 16:15","winner_holding_min_s":58500.0,"winner_holding_max":"0d 16:15","winner_holding_max_s":58500.0,"winner_holding_avg":"0d 16:15","winner_holding_avg_s":58500.0,"loser_holding_min":"0d 00:00","loser_holding_min_s":0.0,"loser_holding_max":"7d 02:45","loser_holding_max_s":614700.0,"loser_holding_avg":"0d 20:43","loser_holding_avg_s":74580.0,"max_consecutive_wins":1,"max_consecutive_losses":26,"max_drawdown_account":0.011890376199999934,"max_relative_drawdown":0.011890376199999934,"max_drawdown_abs":0.5945188100000001,"drawdown_start":"2026-01-05 09:45:00","drawdown_start_ts":1767606300000.0,"drawdown_end":"2026-01-31 18:30:00","drawdown_end_ts":1769884200000.0,"drawdown_duration":"26 days 08:45:00","drawdown_duration_s":2277900.0,"max_drawdown_low":-0.5945188100000001,"max_drawdown_high":0.0,"csum_min":49.40548119,"csum_max":49.97726843}},"strategy_comparison":[{"key":"SwingHighToSky","trades":27,"profit_mean":-0.014982522287098224,"profit_mean_pct":-1.5,"profit_total_abs":-0.54766044,"profit_total":-0.010953208800000001,"profit_total_pct":-1.1,"duration_avg":"20:33:00","wins":1,"draws":0,"losses":26,"winrate":0.037037037037037035,"cagr":-0.01674881408817963,"expectancy":-0.020283719999999998,"expectancy_ratio":-0.8870648180164392,"sortino":-74.77579355081795,"sharpe":-3.3354636100193384,"calmar":-7.394609533155966,"sqn":-7.8471,"profit_factor":0.07881730436754389,"max_drawdown_account":0.011890376199999934,"max_drawdown_abs":"0.595"}]}