{"strategy":{"AIStrategy":{"trades":[{"pair":"DOGE/USDT","stake_amount":9.80492,"max_stake_amount":9.80492,"amount":68.0,"open_date":"2026-01-15 13:05:00+00:00","close_date":"2026-01-16 10:20:00+00:00","open_rate":0.14419,"close_rate":0.13911,"fee_open":0.001,"fee_close":0.001,"trade_duration":1275,"profit_ratio":-0.03715890185132158,"profit_abs":-0.3647044,"exit_reason":"exit_signal","initial_stop_loss_abs":0.09445,"initial_stop_loss_ratio":-0.345,"stop_loss_abs":0.09445,"stop_loss_ratio":-0.345,"min_rate":0.13844,"max_rate":0.14499,"is_open":false,"enter_tag":"","leverage":1.0,"is_short":false,"open_timestamp":1768482300000,"close_timestamp":1768558800000,"orders":[{"amount":68.0,"safe_price":0.14419,"ft_order_side":"buy","order_filled_timestamp":1768482300000,"ft_is_entry":true,"ft_order_tag":"","cost":9.81472492},{"amount":68.0,"safe_price":0.13911,"ft_order_side":"sell","order_filled_timestamp":1768558800000,"ft_is_entry":false,"ft_order_tag":"exit_signal","cost":9.46893948}],"funding_fees":0.0,"weekday":4},{"pair":"XRP/USDT","stake_amount":9.7773,"max_stake_amount":9.7773,"amount":4.6,"open_date":"2026-01-15 13:50:00+00:00","close_date":"2026-01-16 10:25:00+00:00","open_rate":2.1255,"close_rate":2.0641,"fee_open":0.001,"fee_close":0.001,"trade_duration":1235,"profit_ratio":-0.03082760570410535,"profit_abs":-0.30171216,"exit_reason":"exit_signal","initial_stop_loss_abs":1.3923,"initial_stop_loss_ratio":-0.345,"stop_loss_abs":1.3923,"stop_loss_ratio":-0.345,"min_rate":2.0532,"max_rate":2.1325,"is_open":false,"enter_tag":"","leverage":1.0,"is_short":false,"open_timestamp":1768485000000,"close_timestamp":1768559100000,"orders":[{"amount":4.6,"safe_price":2.1255,"ft_order_side":"buy","order_filled_timestamp":1768485000000,"ft_is_entry":true,"ft_order_tag":"","cost":9.7870773},{"amount":4.6,"safe_price":2.0641,"ft_order_side":"sell","order_filled_timestamp":1768559100000,"ft_is_entry":false,"ft_order_tag":"exit_signal","cost":9.504354859999998}],"funding_fees":0.0,"weekday":4},{"pair":"ETH/USDT","stake_amount":9.809714,"max_stake_amount":9.809714,"amount":0.0029,"open_date":"2026-01-15 13:50:00+00:00","close_date":"2026-01-16 10:45:00+00:00","open_rate":3382.66,"close_rate":3299.34,"fee_open":0.001,"fee_close":0.001,"trade_duration":1255,"profit_ratio":-0.026580291224092254,"profit_abs":-0.2610058,"exit_reason":"exit_signal","initial_stop_loss_abs":2215.6423,"initial_stop_loss_ratio":-0.345,"stop_loss_abs":2215.6423,"stop_loss_ratio":-0.345,"min_rate":3273.72,"max_rate":3383.01,"is_open":false,"enter_tag":"","leverage":1.0,"is_short":false,"open_timestamp":1768485000000,"close_timestamp":1768560300000,"orders":[{"amount":0.0029,"safe_price":3382.66,"ft_order_side":"buy","order_filled_timestamp":1768485000000,"ft_is_entry":true,"ft_order_tag":"","cost":9.819523713999999},{"amount":0.0029,"safe_price":3299.34,"ft_order_side":"sell","order_filled_timestamp":1768560300000,"ft_is_entry":false,"ft_order_tag":"exit_signal","cost":9.577654085999999}],"funding_fees":0.0,"weekday":4},{"pair":"DOT/USDT","stake_amount":9.89674,"max_stake_amount":9.89674,"amount":4.46,"open_date":"2026-01-15 12:55:00+00:00","close_date":"2026-01-16 11:20:00+00:00","open_rate":2.219,"close_rate":2.125,"fee_open":0.001,"fee_close":0.001,"trade_duration":1345,"profit_ratio":-0.04427478785297623,"profit_abs":-0.43861424,"exit_reason":"exit_signal","initial_stop_loss_abs":1.454,"initial_stop_loss_ratio":-0.345,"stop_loss_abs":1.454,"stop_loss_ratio":-0.345,"min_rate":2.097,"max_rate":2.238,"is_open":false,"enter_tag":"","leverage":1.0,"is_short":false,"open_timestamp":1768481700000,"close_timestamp":1768562400000,"orders":[{"amount":4.46,"safe_price":2.219,"ft_order_side":"buy","order_filled_timestamp":1768481700000,"ft_is_entry":true,"ft_order_tag":"","cost":9.906636739999998},{"amount":4.46,"safe_price":2.125,"ft_order_side":"sell","order_filled_timestamp":1768562400000,"ft_is_entry":false,"ft_order_tag":"exit_signal","cost":9.486977499999998}],"funding_fees":0.0,"weekday":4},{"pair":"XRP/USDT","stake_amount":9.43828,"max_stake_amount":9.43828,"amount":4.6,"open_date":"2026-01-16 18:35:00+00:00","close_date":"2026-01-17 01:15:00+00:00","open_rate":2.0518,"close_rate":2.0646,"fee_open":0.001,"fee_close":0.001,"trade_duration":400,"profit_ratio":0.004227958414526306,"profit_abs":0.03994456,"exit_reason":"exit_signal","initial_stop_loss_abs":1.344,"initial_stop_loss_ratio":-0.345,"stop_loss_abs":1.344,"stop_loss_ratio":-0.345,"min_rate":2.043,"max_rate":2.0798,"is_open":false,"enter_tag":"","leverage":1.0,"is_short":false,"open_timestamp":1768588500000,"close_timestamp":1768612500000,"orders":[{"amount":4.6,"safe_price":2.0518,"ft_order_side":"buy","order_filled_timestamp":1768588500000,"ft_is_entry":true,"ft_order_tag":"","cost":9.447718279999998},{"amount":4.6,"safe_price":2.0646,"ft_order_side":"sell","order_filled_timestamp":1768612500000,"ft_is_entry":false,"ft_order_tag":"exit_signal","cost":9.506657159999998}],"funding_fees":0.0,"weekday":5},{"pair":"DOT/USDT","stake_amount":9.61605,"max_stake_amount":9.61605,"amount":4.59,"open_date":"2026-01-16 19:50:00+00:00","close_date":"2026-01-17 02:45:00+00:00","open_rate":2.095,"close_rate":2.122,"fee_open":0.001,"fee_close":0.001,"trade_duration":415,"profit_ratio":0.010864076257871008,"profit_abs":0.10457397,"exit_reason":"exit_signal","initial_stop_loss_abs":1.373,"initial_stop_loss_ratio":-0.345,"stop_loss_abs":1.373,"stop_loss_ratio":-0.345,"min_rate":2.085,"max_rate":2.138,"is_open":false,"enter_tag":"","leverage":1.0,"is_short":false,"open_timestamp":1768593000000,"close_timestamp":1768617900000,"orders":[{"amount":4.59,"safe_price":2.095,"ft_order_side":"buy","order_filled_timestamp":1768593000000,"ft_is_entry":true,"ft_order_tag":"","cost":9.62566605},{"amount":4.59,"safe_price":2.122,"ft_order_side":"sell","order_filled_timestamp":1768617900000,"ft_is_entry":false,"ft_order_tag":"exit_signal","cost":9.749719979999998}],"funding_fees":0.0,"weekday":5},{"pair":"DOGE/USDT","stake_amount":9.5928,"max_stake_amount":9.5928,"amount":70.0,"open_date":"2026-01-16 18:25:00+00:00","close_date":"2026-01-17 02:50:00+00:00","open_rate":0.13704,"close_rate":0.13742000000000001,"fee_open":0.001,"fee_close":0.001,"trade_duration":505,"profit_ratio":0.0007693707343444645,"profit_abs":0.0073878,"exit_reason":"exit_signal","initial_stop_loss_abs":0.08977,"initial_stop_loss_ratio":-0.345,"stop_loss_abs":0.08977,"stop_loss_ratio":-0.345,"min_rate":0.13627,"max_rate":0.13859000000000002,"is_open":false,"enter_tag":"","leverage":1.0,"is_short":false,"open_timestamp":1768587900000,"close_timestamp":1768618200000,"orders":[{"amount":70.0,"safe_price":0.13704000000000002,"ft_order_side":"buy","order_filled_timestamp":1768587900000,"ft_is_entry":true,"ft_order_tag":"","cost":9.6023928},{"amount":70.0,"safe_price":0.13742000000000001,"ft_order_side":"sell","order_filled_timestamp":1768618200000,"ft_is_entry":false,"ft_order_tag":"exit_signal","cost":9.629019399999999}],"funding_fees":0.0,"weekday":5},{"pair":"ETH/USDT","stake_amount":9.522527,"max_stake_amount":9.522527,"amount":0.0029,"open_date":"2026-01-16 20:40:00+00:00","close_date":"2026-01-17 04:15:00+00:00","open_rate":3283.63,"close_rate":3287.91,"fee_open":0.001,"fee_close":0.001,"trade_duration":455,"profit_ratio":-0.000697171157281168,"profit_abs":-0.00664547,"exit_reason":"exit_signal","initial_stop_loss_abs":2150.77765,"initial_stop_loss_ratio":-0.345,"stop_loss_abs":2150.77765,"stop_loss_ratio":-0.345,"min_rate":3283.0,"max_rate":3299.89,"is_open":false,"enter_tag":"","leverage":1.0,"is_short":false,"open_timestamp":1768596000000,"close_timestamp":1768623300000,"orders":[{"amount":0.0029,"safe_price":3283.63,"ft_order_side":"buy","order_filled_timestamp":1768596000000,"ft_is_entry":true,"ft_order_tag":"","cost":9.532049527},{"amount":0.0029,"safe_price":3287.91,"ft_order_side":"sell","order_filled_timestamp":1768623300000,"ft_is_entry":false,"ft_order_tag":"exit_signal","cost":9.544473938999998}],"funding_fees":0.0,"weekday":5},{"pair":"DOT/USDT","stake_amount":9.64179,"max_stake_amount":9.64179,"amount":4.47,"open_date":"2026-01-17 07:30:00+00:00","close_date":"2026-01-17 13:05:00+00:00","open_rate":2.157,"close_rate":2.209,"fee_open":0.001,"fee_close":0.001,"trade_duration":335,"profit_ratio":0.022061387847201477,"profit_abs":0.21292398,"exit_reason":"exit_signal","initial_stop_loss_abs":1.413,"initial_stop_loss_ratio":-0.345,"stop_loss_abs":1.413,"stop_loss_ratio":-0.345,"min_rate":2.152,"max_rate":2.235,"is_open":false,"enter_tag":"","leverage":1.0,"is_short":false,"open_timestamp":1768635000000,"close_timestamp":1768655100000,"orders":[{"amount":4.47,"safe_price":2.157,"ft_order_side":"buy","order_filled_timestamp":1768635000000,"ft_is_entry":true,"ft_order_tag":"","cost":9.651431789999998},{"amount":4.47,"safe_price":2.209,"ft_order_side":"sell","order_filled_timestamp":1768655100000,"ft_is_entry":false,"ft_order_tag":"exit_signal","cost":9.884104229999998}],"funding_fees":0.0,"weekday":5},{"pair":"DOGE/USDT","stake_amount":9.639,"max_stake_amount":9.639,"amount":70.0,"open_date":"2026-01-17 11:40:00+00:00","close_date":"2026-01-17 13:35:00+00:00","open_rate":0.1377,"close_rate":0.13765000000000002,"fee_open":0.001,"fee_close":0.001,"trade_duration":115,"profit_ratio":-0.0023603847133258893,"profit_abs":-0.0227745,"exit_reason":"exit_signal","initial_stop_loss_abs":0.0902,"initial_stop_loss_ratio":-0.345,"stop_loss_abs":0.0902,"stop_loss_ratio":-0.345,"min_rate":0.1374,"max_rate":0.13792000000000001,"is_open":false,"enter_tag":"","leverage":1.0,"is_short":false,"open_timestamp":1768650000000,"close_timestamp":1768656900000,"orders":[{"amount":70.0,"safe_price":0.13770000000000002,"ft_order_side":"buy","order_filled_timestamp":1768650000000,"ft_is_entry":true,"ft_order_tag":"","cost":9.648639},{"amount":70.0,"safe_price":0.13765000000000002,"ft_order_side":"sell","order_filled_timestamp":1768656900000,"ft_is_entry":false,"ft_order_tag":"exit_signal","cost":9.6451355}],"funding_fees":0.0,"weekday":5},{"pair":"ETH/USDT","stake_amount":9.557182,"max_stake_amount":9.557182,"amount":0.0029,"open_date":"2026-01-17 08:40:00+00:00","close_date":"2026-01-17 18:30:00+00:00","open_rate":3295.58,"close_rate":3319.22,"fee_open":0.001,"fee_close":0.001,"trade_duration":590,"profit_ratio":0.0051609100092219915,"profit_abs":0.04937308,"exit_reason":"exit_signal","initial_stop_loss_abs":2158.6049,"initial_stop_loss_ratio":-0.345,"stop_loss_abs":2158.6049,"stop_loss_ratio":-0.345,"min_rate":3292.45,"max_rate":3330.26,"is_open":false,"enter_tag":"","leverage":1.0,"is_short":false,"open_timestamp":1768639200000,"close_timestamp":1768674600000,"orders":[{"amount":0.0029,"safe_price":3295.58,"ft_order_side":"buy","order_filled_timestamp":1768639200000,"ft_is_entry":true,"ft_order_tag":"","cost":9.566739181999997},{"amount":0.0029,"safe_price":3319.22,"ft_order_side":"sell","order_filled_timestamp":1768674600000,"ft_is_entry":false,"ft_order_tag":"exit_signal","cost":9.635363737999997}],"funding_fees":0.0,"weekday":5},{"pair":"DOGE/USDT","stake_amount":9.6502,"max_stake_amount":9.6502,"amount":70.0,"open_date":"2026-01-17 14:25:00+00:00","close_date":"2026-01-17 18:50:00+00:00","open_rate":0.13786,"close_rate":0.13862000000000002,"fee_open":0.001,"fee_close":0.001,"trade_duration":265,"profit_ratio":0.003503822450580031,"profit_abs":0.0338464,"exit_reason":"exit_signal","initial_stop_loss_abs":0.0903,"initial_stop_loss_ratio":-0.345,"stop_loss_abs":0.0903,"stop_loss_ratio":-0.345,"min_rate":0.1378,"max_rate":0.14003000000000002,"is_open":false,"enter_tag":"","leverage":1.0,"is_short":false,"open_timestamp":1768659900000,"close_timestamp":1768675800000,"orders":[{"amount":70.0,"safe_price":0.13786,"ft_order_side":"buy","order_filled_timestamp":1768659900000,"ft_is_entry":true,"ft_order_tag":"","cost":9.6598502},{"amount":70.0,"safe_price":0.13862000000000002,"ft_order_side":"sell","order_filled_timestamp":1768675800000,"ft_is_entry":false,"ft_order_tag":"exit_signal","cost":9.713103400000001}],"funding_fees":0.0,"weekday":5},{"pair":"XRP/USDT","stake_amount":9.54132,"max_stake_amount":9.54132,"amount":4.6,"open_date":"2026-01-17 15:00:00+00:00","close_date":"2026-01-17 19:30:00+00:00","open_rate":2.0742,"close_rate":2.0744,"fee_open":0.001,"fee_close":0.001,"trade_duration":270,"profit_ratio":-0.0019017719335914303,"profit_abs":-0.01816356,"exit_reason":"exit_signal","initial_stop_loss_abs":1.3587,"initial_stop_loss_ratio":-0.345,"stop_loss_abs":1.3587,"stop_loss_ratio":-0.345,"min_rate":2.0679,"max_rate":2.0834,"is_open":false,"enter_tag":"","leverage":1.0,"is_short":false,"open_timestamp":1768662000000,"close_timestamp":1768678200000,"orders":[{"amount":4.6,"safe_price":2.0742,"ft_order_side":"buy","order_filled_timestamp":1768662000000,"ft_is_entry":true,"ft_order_tag":"","cost":9.550861319999997},{"amount":4.6,"safe_price":2.0744,"ft_order_side":"sell","order_filled_timestamp":1768678200000,"ft_is_entry":false,"ft_order_tag":"exit_signal","cost":9.551782239999996}],"funding_fees":0.0,"weekday":5},{"pair":"ETH/USDT","stake_amount":9.687798,"max_stake_amount":9.687798,"amount":0.0029,"open_date":"2026-01-18 14:20:00+00:00","close_date":"2026-01-18 20:55:00+00:00","open_rate":3340.62,"close_rate":3341.72,"fee_open":0.001,"fee_close":0.001,"trade_duration":395,"profit_ratio":-0.0016693801194675388,"profit_abs":-0.01618879,"exit_reason":"exit_signal","initial_stop_loss_abs":2188.1061,"initial_stop_loss_ratio":-0.345,"stop_loss_abs":2188.1061,"stop_loss_ratio":-0.345,"min_rate":3319.02,"max_rate":3368.82,"is_open":false,"enter_tag":"","leverage":1.0,"is_short":false,"open_timestamp":1768746000000,"close_timestamp":1768769700000,"orders":[{"amount":0.0029,"safe_price":3340.62,"ft_order_side":"buy","order_filled_timestamp":1768746000000,"ft_is_entry":true,"ft_order_tag":"","cost":9.697485797999997},{"amount":0.0029,"safe_price":3341.72,"ft_order_side":"sell","order_filled_timestamp":1768769700000,"ft_is_entry":false,"ft_order_tag":"exit_signal","cost":9.700678987999998}],"funding_fees":0.0,"weekday":6},{"pair":"XRP/USDT","stake_amount":9.68952,"max_stake_amount":9.68952,"amount":4.7,"open_date":"2026-01-18 19:00:00+00:00","close_date":"2026-01-18 23:15:00+00:00","open_rate":2.0616,"close_rate":2.0429,"fee_open":0.001,"fee_close":0.001,"trade_duration":255,"profit_ratio":-0.011050503629083374,"profit_abs":-0.10718115,"exit_reason":"exit_signal","initial_stop_loss_abs":1.3504,"initial_stop_loss_ratio":-0.345,"stop_loss_abs":1.3504,"stop_loss_ratio":-0.345,"min_rate":2.0398,"max_rate":2.0644,"is_open":false,"enter_tag":"","leverage":1.0,"is_short":false,"open_timestamp":1768762800000,"close_timestamp":1768778100000,"orders":[{"amount":4.7,"safe_price":2.0616,"ft_order_side":"buy","order_filled_timestamp":1768762800000,"ft_is_entry":true,"ft_order_tag":"","cost":9.699209519999998},{"amount":4.7,"safe_price":2.0429,"ft_order_side":"sell","order_filled_timestamp":1768778100000,"ft_is_entry":false,"ft_order_tag":"exit_signal","cost":9.611231629999999}],"funding_fees":0.0,"weekday":6},{"pair":"DOT/USDT","stake_amount":9.69696,"max_stake_amount":9.69696,"amount":4.44,"open_date":"2026-01-18 19:10:00+00:00","close_date":"2026-01-18 23:15:00+00:00","open_rate":2.184,"close_rate":2.158,"fee_open":0.001,"fee_close":0.001,"trade_duration":245,"profit_ratio":-0.01387897816469245,"profit_abs":-0.13471848,"exit_reason":"exit_signal","initial_stop_loss_abs":1.431,"initial_stop_loss_ratio":-0.345,"stop_loss_abs":1.431,"stop_loss_ratio":-0.345,"min_rate":2.155,"max_rate":2.198,"is_open":false,"enter_tag":"","leverage":1.0,"is_short":false,"open_timestamp":1768763400000,"close_timestamp":1768778100000,"orders":[{"amount":4.44,"safe_price":2.184,"ft_order_side":"buy","order_filled_timestamp":1768763400000,"ft_is_entry":true,"ft_order_tag":"","cost":9.706656960000002},{"amount":4.44,"safe_price":2.158,"ft_order_side":"sell","order_filled_timestamp":1768778100000,"ft_is_entry":false,"ft_order_tag":"exit_signal","cost":9.59110152}],"funding_fees":0.0,"weekday":6},{"pair":"DOGE/USDT","stake_amount":9.6432,"max_stake_amount":9.6432,"amount":70.0,"open_date":"2026-01-18 22:55:00+00:00","close_date":"2026-01-18 23:15:00+00:00","open_rate":0.13776,"close_rate":0.13602,"fee_open":0.001,"fee_close":0.001,"trade_duration":20,"profit_ratio":-0.01460342793095406,"profit_abs":-0.1409646,"exit_reason":"exit_signal","initial_stop_loss_abs":0.09024,"initial_stop_loss_ratio":-0.345,"stop_loss_abs":0.09024,"stop_loss_ratio":-0.345,"min_rate":0.13568000000000002,"max_rate":0.13782,"is_open":false,"enter_tag":"","leverage":1.0,"is_short":false,"open_timestamp":1768776900000,"close_timestamp":1768778100000,"orders":[{"amount":70.0,"safe_price":0.13776000000000002,"ft_order_side":"buy","order_filled_timestamp":1768776900000,"ft_is_entry":true,"ft_order_tag":"","cost":9.652843200000001},{"amount":70.0,"safe_price":0.13602,"ft_order_side":"sell","order_filled_timestamp":1768778100000,"ft_is_entry":false,"ft_order_tag":"exit_signal","cost":9.530921399999999}],"funding_fees":0.0,"weekday":6},{"pair":"XRP/USDT","stake_amount":9.60528,"max_stake_amount":9.60528,"amount":4.8,"open_date":"2026-01-19 16:35:00+00:00","close_date":"2026-01-19 20:30:00+00:00","open_rate":2.0011,"close_rate":2.0101,"fee_open":0.001,"fee_close":0.001,"trade_duration":235,"profit_ratio":0.0024905382958453773,"profit_abs":0.02394624,"exit_reason":"exit_signal","initial_stop_loss_abs":1.3108,"initial_stop_loss_ratio":-0.345,"stop_loss_abs":1.3108,"stop_loss_ratio":-0.345,"min_rate":1.9989,"max_rate":2.0299,"is_open":false,"enter_tag":"","leverage":1.0,"is_short":false,"open_timestamp":1768840500000,"close_timestamp":1768854600000,"orders":[{"amount":4.8,"safe_price":2.0011,"ft_order_side":"buy","order_filled_timestamp":1768840500000,"ft_is_entry":true,"ft_order_tag":"","cost":9.61488528},{"amount":4.8,"safe_price":2.0101,"ft_order_side":"sell","order_filled_timestamp":1768854600000,"ft_is_entry":false,"ft_order_tag":"exit_signal","cost":9.658128479999998}],"funding_fees":0.0,"weekday":0},{"pair":"DOGE/USDT","stake_amount":9.53342,"max_stake_amount":9.53342,"amount":74.0,"open_date":"2026-01-19 17:35:00+00:00","close_date":"2026-01-19 21:45:00+00:00","open_rate":0.12883,"close_rate":0.12973,"fee_open":0.001,"fee_close":0.001,"trade_duration":250,"profit_ratio":0.00497399053635955,"profit_abs":0.04746656,"exit_reason":"exit_signal","initial_stop_loss_abs":0.08439,"initial_stop_loss_ratio":-0.345,"stop_loss_abs":0.08439,"stop_loss_ratio":-0.345,"min_rate":0.12881,"max_rate":0.13066,"is_open":false,"enter_tag":"","leverage":1.0,"is_short":false,"open_timestamp":1768844100000,"close_timestamp":1768859100000,"orders":[{"amount":74.0,"safe_price":0.12883,"ft_order_side":"buy","order_filled_timestamp":1768844100000,"ft_is_entry":true,"ft_order_tag":"","cost":9.542953419999998},{"amount":74.0,"safe_price":0.12973,"ft_order_side":"sell","order_filled_timestamp":1768859100000,"ft_is_entry":false,"ft_order_tag":"exit_signal","cost":9.60962002}],"funding_fees":0.0,"weekday":0},{"pair":"DOT/USDT","stake_amount":9.61272,"max_stake_amount":9.61272,"amount":4.68,"open_date":"2026-01-19 19:20:00+00:00","close_date":"2026-01-19 21:50:00+00:00","open_rate":2.054,"close_rate":2.021,"fee_open":0.001,"fee_close":0.001,"trade_duration":150,"profit_ratio":-0.018032113942532638,"profit_abs":-0.173511,"exit_reason":"exit_signal","initial_stop_loss_abs":1.346,"initial_stop_loss_ratio":-0.345,"stop_loss_abs":1.346,"stop_loss_ratio":-0.345,"min_rate":2.021,"max_rate":2.064,"is_open":false,"enter_tag":"","leverage":1.0,"is_short":false,"open_timestamp":1768850400000,"close_timestamp":1768859400000,"orders":[{"amount":4.68,"safe_price":2.054,"ft_order_side":"buy","order_filled_timestamp":1768850400000,"ft_is_entry":true,"ft_order_tag":"","cost":9.62233272},{"amount":4.68,"safe_price":2.021,"ft_order_side":"sell","order_filled_timestamp":1768859400000,"ft_is_entry":false,"ft_order_tag":"exit_signal","cost":9.467738279999997}],"funding_fees":0.0,"weekday":0},{"pair":"DOT/USDT","stake_amount":9.60885,"max_stake_amount":9.60885,"amount":4.89,"open_date":"2026-01-21 14:50:00+00:00","close_date":"2026-01-21 17:00:00+00:00","open_rate":1.965,"close_rate":1.895,"fee_open":0.001,"fee_close":0.001,"trade_duration":130,"profit_ratio":-0.037550236023518466,"profit_abs":-0.3611754,"exit_reason":"exit_signal","initial_stop_loss_abs":1.288,"initial_stop_loss_ratio":-0.345,"stop_loss_abs":1.288,"stop_loss_ratio":-0.345,"min_rate":1.8900000000000001,"max_rate":1.98,"is_open":false,"enter_tag":"","leverage":1.0,"is_short":false,"open_timestamp":1769007000000,"close_timestamp":1769014800000,"orders":[{"amount":4.89,"safe_price":1.9649999999999999,"ft_order_side":"buy","order_filled_timestamp":1769007000000,"ft_is_entry":true,"ft_order_tag":"","cost":9.618458849999998},{"amount":4.89,"safe_price":1.895,"ft_order_side":"sell","order_filled_timestamp":1769014800000,"ft_is_entry":false,"ft_order_tag":"exit_signal","cost":9.275816549999998}],"funding_fees":0.0,"weekday":2},{"pair":"XRP/USDT","stake_amount":9.4423,"max_stake_amount":9.4423,"amount":4.9,"open_date":"2026-01-21 14:30:00+00:00","close_date":"2026-01-21 17:10:00+00:00","open_rate":1.927,"close_rate":1.8871,"fee_open":0.001,"fee_close":0.001,"trade_duration":160,"profit_ratio":-0.022662392096746017,"profit_abs":-0.21419909,"exit_reason":"exit_signal","initial_stop_loss_abs":1.2622,"initial_stop_loss_ratio":-0.345,"stop_loss_abs":1.2622,"stop_loss_ratio":-0.345,"min_rate":1.875,"max_rate":1.9609,"is_open":false,"enter_tag":"","leverage":1.0,"is_short":false,"open_timestamp":1769005800000,"close_timestamp":1769015400000,"orders":[{"amount":4.9,"safe_price":1.927,"ft_order_side":"buy","order_filled_timestamp":1769005800000,"ft_is_entry":true,"ft_order_tag":"","cost":9.4517423},{"amount":4.9,"safe_price":1.8871,"ft_order_side":"sell","order_filled_timestamp":1769015400000,"ft_is_entry":false,"ft_order_tag":"exit_signal","cost":9.25603679}],"funding_fees":0.0,"weekday":2},{"pair":"XRP/USDT","stake_amount":9.48528,"max_stake_amount":9.48528,"amount":4.8,"open_date":"2026-01-21 19:50:00+00:00","close_date":"2026-01-21 23:55:00+00:00","open_rate":1.9761,"close_rate":1.9439000000000002,"fee_open":0.001,"fee_close":0.001,"trade_duration":245,"profit_ratio":-0.01826016703806289,"profit_abs":-0.173376,"exit_reason":"exit_signal","initial_stop_loss_abs":1.2944,"initial_stop_loss_ratio":-0.345,"stop_loss_abs":1.2944,"stop_loss_ratio":-0.345,"min_rate":1.9393,"max_rate":1.9907,"is_open":false,"enter_tag":"","leverage":1.0,"is_short":false,"open_timestamp":1769025000000,"close_timestamp":1769039700000,"orders":[{"amount":4.8,"safe_price":1.9761000000000002,"ft_order_side":"buy","order_filled_timestamp":1769025000000,"ft_is_entry":true,"ft_order_tag":"","cost":9.494765280000001},{"amount":4.8,"safe_price":1.9439000000000002,"ft_order_side":"sell","order_filled_timestamp":1769039700000,"ft_is_entry":false,"ft_order_tag":"exit_signal","cost":9.34005072}],"funding_fees":0.0,"weekday":2},{"pair":"DOT/USDT","stake_amount":9.47941,"max_stake_amount":9.47941,"amount":4.79,"open_date":"2026-01-21 20:15:00+00:00","close_date":"2026-01-22 00:05:00+00:00","open_rate":1.979,"close_rate":1.96,"fee_open":0.001,"fee_close":0.001,"trade_duration":230,"profit_ratio":-0.011579628052594198,"profit_abs":-0.10987781,"exit_reason":"exit_signal","initial_stop_loss_abs":1.297,"initial_stop_loss_ratio":-0.345,"stop_loss_abs":1.297,"stop_loss_ratio":-0.345,"min_rate":1.941,"max_rate":2.0,"is_open":false,"enter_tag":"","leverage":1.0,"is_short":false,"open_timestamp":1769026500000,"close_timestamp":1769040300000,"orders":[{"amount":4.79,"safe_price":1.979,"ft_order_side":"buy","order_filled_timestamp":1769026500000,"ft_is_entry":true,"ft_order_tag":"","cost":9.488889409999999},{"amount":4.79,"safe_price":1.96,"ft_order_side":"sell","order_filled_timestamp":1769040300000,"ft_is_entry":false,"ft_order_tag":"exit_signal","cost":9.3977884}],"funding_fees":0.0,"weekday":3},{"pair":"DOGE/USDT","stake_amount":9.44314,"max_stake_amount":9.44314,"amount":74.0,"open_date":"2026-01-21 20:05:00+00:00","close_date":"2026-01-22 00:35:00+00:00","open_rate":0.12761,"close_rate":0.12705000000000002,"fee_open":0.001,"fee_close":0.001,"trade_duration":270,"profit_ratio":-0.006377604841675055,"profit_abs":-0.06028484,"exit_reason":"exit_signal","initial_stop_loss_abs":0.08359,"initial_stop_loss_ratio":-0.345,"stop_loss_abs":0.08359,"stop_loss_ratio":-0.345,"min_rate":0.12624000000000002,"max_rate":0.12884,"is_open":false,"enter_tag":"","leverage":1.0,"is_short":false,"open_timestamp":1769025900000,"close_timestamp":1769042100000,"orders":[{"amount":74.0,"safe_price":0.12761,"ft_order_side":"buy","order_filled_timestamp":1769025900000,"ft_is_entry":true,"ft_order_tag":"","cost":9.452583139999998},{"amount":74.0,"safe_price":0.12705000000000002,"ft_order_side":"sell","order_filled_timestamp":1769042100000,"ft_is_entry":false,"ft_order_tag":"exit_signal","cost":9.411101700000001}],"funding_fees":0.0,"weekday":3},{"pair":"XRP/USDT","stake_amount":9.40359,"max_stake_amount":9.40359,"amount":4.9,"open_date":"2026-01-26 14:45:00+00:00","close_date":"2026-01-26 17:10:00+00:00","open_rate":1.9191,"close_rate":1.9113,"fee_open":0.001,"fee_close":0.001,"trade_duration":145,"profit_ratio":-0.006054286498244604,"profit_abs":-0.05698896,"exit_reason":"exit_signal","initial_stop_loss_abs":1.2571,"initial_stop_loss_ratio":-0.345,"stop_loss_abs":1.2571,"stop_loss_ratio":-0.345,"min_rate":1.9046,"max_rate":1.9460000000000002,"is_open":false,"enter_tag":"","leverage":1.0,"is_short":false,"open_timestamp":1769438700000,"close_timestamp":1769447400000,"orders":[{"amount":4.9,"safe_price":1.9191,"ft_order_side":"buy","order_filled_timestamp":1769438700000,"ft_is_entry":true,"ft_order_tag":"","cost":9.412993590000001},{"amount":4.9,"safe_price":1.9113,"ft_order_side":"sell","order_filled_timestamp":1769447400000,"ft_is_entry":false,"ft_order_tag":"exit_signal","cost":9.37473537}],"funding_fees":0.0,"weekday":0},{"pair":"DOGE/USDT","stake_amount":9.37275,"max_stake_amount":9.37275,"amount":75.0,"open_date":"2026-01-27 17:00:00+00:00","close_date":"2026-01-27 17:45:00+00:00","open_rate":0.12497,"close_rate":0.12188000000000002,"fee_open":0.001,"fee_close":0.001,"trade_duration":45,"profit_ratio":-0.026674533756233364,"profit_abs":-0.25026375,"exit_reason":"exit_signal","initial_stop_loss_abs":0.08186,"initial_stop_loss_ratio":-0.345,"stop_loss_abs":0.08186,"stop_loss_ratio":-0.345,"min_rate":0.12178000000000001,"max_rate":0.12499,"is_open":false,"enter_tag":"","leverage":1.0,"is_short":false,"open_timestamp":1769533200000,"close_timestamp":1769535900000,"orders":[{"amount":75.0,"safe_price":0.12497000000000001,"ft_order_side":"buy","order_filled_timestamp":1769533200000,"ft_is_entry":true,"ft_order_tag":"","cost":9.38212275},{"amount":75.0,"safe_price":0.12188000000000002,"ft_order_side":"sell","order_filled_timestamp":1769535900000,"ft_is_entry":false,"ft_order_tag":"exit_signal","cost":9.150141000000001}],"funding_fees":0.0,"weekday":1},{"pair":"ETH/USDT","stake_amount":9.211247,"max_stake_amount":9.211247,"amount":0.0031,"open_date":"2026-01-27 19:35:00+00:00","close_date":"2026-01-28 00:40:00+00:00","open_rate":2971.37,"close_rate":3017.28,"fee_open":0.001,"fee_close":0.001,"trade_duration":305,"profit_ratio":0.013421912087749623,"profit_abs":0.12375618,"exit_reason":"exit_signal","initial_stop_loss_abs":1946.24735,"initial_stop_loss_ratio":-0.345,"stop_loss_abs":1946.24735,"stop_loss_ratio":-0.345,"min_rate":2971.37,"max_rate":3035.08,"is_open":false,"enter_tag":"","leverage":1.0,"is_short":false,"open_timestamp":1769542500000,"close_timestamp":1769560800000,"orders":[{"amount":0.0031,"safe_price":2971.37,"ft_order_side":"buy","order_filled_timestamp":1769542500000,"ft_is_entry":true,"ft_order_tag":"","cost":9.220458247},{"amount":0.0031,"safe_price":3017.28,"ft_order_side":"sell","order_filled_timestamp":1769560800000,"ft_is_entry":false,"ft_order_tag":"exit_signal","cost":9.362921567999999}],"funding_fees":0.0,"weekday":2},{"pair":"DOGE/USDT","stake_amount":9.34125,"max_stake_amount":9.34125,"amount":75.0,"open_date":"2026-01-27 19:20:00+00:00","close_date":"2026-01-28 00:50:00+00:00","open_rate":0.12455,"close_rate":0.12577000000000002,"fee_open":0.001,"fee_close":0.001,"trade_duration":330,"profit_ratio":0.007777689993667512,"profit_abs":0.072726,"exit_reason":"exit_signal","initial_stop_loss_abs":0.08159,"initial_stop_loss_ratio":-0.345,"stop_loss_abs":0.08159,"stop_loss_ratio":-0.345,"min_rate":0.12389000000000001,"max_rate":0.12666000000000002,"is_open":false,"enter_tag":"","leverage":1.0,"is_short":false,"open_timestamp":1769541600000,"close_timestamp":1769561400000,"orders":[{"amount":75.0,"safe_price":0.12455000000000001,"ft_order_side":"buy","order_filled_timestamp":1769541600000,"ft_is_entry":true,"ft_order_tag":"","cost":9.350591249999999},{"amount":75.0,"safe_price":0.12577000000000002,"ft_order_side":"sell","order_filled_timestamp":1769561400000,"ft_is_entry":false,"ft_order_tag":"exit_signal","cost":9.44218275}],"funding_fees":0.0,"weekday":2},{"pair":"DOT/USDT","stake_amount":9.38928,"max_stake_amount":9.38928,"amount":4.96,"open_date":"2026-01-28 11:55:00+00:00","close_date":"2026-01-28 14:15:00+00:00","open_rate":1.893,"close_rate":1.865,"fee_open":0.001,"fee_close":0.001,"trade_duration":140,"profit_ratio":-0.016759785381021512,"profit_abs":-0.15751968,"exit_reason":"exit_signal","initial_stop_loss_abs":1.24,"initial_stop_loss_ratio":-0.345,"stop_loss_abs":1.24,"stop_loss_ratio":-0.345,"min_rate":1.8559999999999999,"max_rate":1.896,"is_open":false,"enter_tag":"","leverage":1.0,"is_short":false,"open_timestamp":1769601300000,"close_timestamp":1769609700000,"orders":[{"amount":4.96,"safe_price":1.893,"ft_order_side":"buy","order_filled_timestamp":1769601300000,"ft_is_entry":true,"ft_order_tag":"","cost":9.398669279999998},{"amount":4.96,"safe_price":1.865,"ft_order_side":"sell","order_filled_timestamp":1769609700000,"ft_is_entry":false,"ft_order_tag":"exit_signal","cost":9.259650399999998}],"funding_fees":0.0,"weekday":2},{"pair":"XRP/USDT","stake_amount":9.27408,"max_stake_amount":9.27408,"amount":4.8,"open_date":"2026-01-28 10:00:00+00:00","close_date":"2026-01-28 14:20:00+00:00","open_rate":1.9321,"close_rate":1.9189,"fee_open":0.001,"fee_close":0.001,"trade_duration":260,"profit_ratio":-0.008816296275537514,"profit_abs":-0.0818448,"exit_reason":"exit_signal","initial_stop_loss_abs":1.2656,"initial_stop_loss_ratio":-0.345,"stop_loss_abs":1.2656,"stop_loss_ratio":-0.345,"min_rate":1.9174,"max_rate":1.9427,"is_open":false,"enter_tag":"","leverage":1.0,"is_short":false,"open_timestamp":1769594400000,"close_timestamp":1769610000000,"orders":[{"amount":4.8,"safe_price":1.9321000000000002,"ft_order_side":"buy","order_filled_timestamp":1769594400000,"ft_is_entry":true,"ft_order_tag":"","cost":9.283354079999999},{"amount":4.8,"safe_price":1.9189,"ft_order_side":"sell","order_filled_timestamp":1769610000000,"ft_is_entry":false,"ft_order_tag":"exit_signal","cost":9.219930719999999}],"funding_fees":0.0,"weekday":2}],"locks":[],"best_pair":{"key":"ETH/USDT","trades":5,"profit_mean":-0.0020728040807738686,"profit_mean_pct":-0.21,"profit_total_abs":-0.1107108,"profit_total":-0.0022142159999999998,"profit_total_pct":-0.22,"duration_avg":"10:00:00","wins":2,"draws":0,"losses":3,"winrate":0.4,"cagr":-0.04647842812548375,"expectancy":-0.022142159999999987,"expectancy_ratio":-0.23402785357359346,"sortino":-1.0568927467199893,"sharpe":-0.9614490911730089,"calmar":-46.48557329912602,"sqn":-0.3422,"profit_factor":0.6099535773773441,"max_drawdown_account":0.005353025400000036,"max_drawdown_abs":0.26765127},"worst_pair":{"key":"DOT/USDT","trades":8,"profit_mean":-0.013643758164032875,"profit_mean_pct":-1.36,"profit_total_abs":-1.05791866,"profit_total":-0.021158373199999997,"profit_total_pct":-2.12,"duration_avg":"6:14:00","wins":2,"draws":0,"losses":6,"winrate":0.25,"cagr":-0.3681843025045872,"expectancy":-0.1322398325,"expectancy_ratio":-0.5768717559692695,"sortino":-9.566266618695341,"sharpe":-5.904616836057719,"calmar":-112.38219514436953,"sqn":-1.7376,"profit_factor":0.23083765870764061,"max_drawdown_account":0.021158373199999973,"max_drawdown_abs":1.05791866},"results_per_pair":[{"key":"ETH/USDT","trades":5,"profit_mean":-0.0020728040807738686,"profit_mean_pct":-0.21,"profit_total_abs":-0.1107108,"profit_total":-0.0022142159999999998,"profit_total_pct":-0.22,"duration_avg":"10:00:00","wins":2,"draws":0,"losses":3,"winrate":0.4,"cagr":-0.04647842812548375,"expectancy":-0.022142159999999987,"expectancy_ratio":-0.23402785357359346,"sortino":-1.0568927467199893,"sharpe":-0.9614490911730089,"calmar":-46.48557329912602,"sqn":-0.3422,"profit_factor":0.6099535773773441,"max_drawdown_account":0.005353025400000036,"max_drawdown_abs":0.26765127},{"key":"DOGE/USDT","trades":9,"profit_mean":-0.007794442153173153,"profit_mean_pct":-0.78,"profit_total_abs":-0.6775653300000001,"profit_total":-0.013551306600000002,"profit_total_pct":-1.36,"duration_avg":"5:42:00","wins":4,"draws":0,"losses":5,"winrate":0.4444444444444444,"cagr":-0.2539360242898786,"expectancy":-0.07528503666666668,"expectancy_ratio":-0.44866356646262706,"sortino":-6.06233834832584,"sharpe":-5.423714693180607,"calmar":-101.48894981782442,"sqn":-1.5167,"profit_factor":0.1924055803672714,"max_drawdown_account":0.015005826600000063,"max_drawdown_abs":0.7502913299999999},{"key":"XRP/USDT","trades":9,"profit_mean":-0.010317169607222168,"profit_mean_pct":-1.03,"profit_total_abs":-0.88957492,"profit_total":-0.0177914984,"profit_total_pct":-1.78,"duration_avg":"5:56:00","wins":2,"draws":0,"losses":7,"winrate":0.2222222222222222,"cagr":-0.3198438733826654,"expectancy":-0.09884165777777779,"expectancy_ratio":-0.7256596539668405,"sortino":-10.901972069901753,"sharpe":-9.346131114741622,"calmar":-112.38219514436928,"sqn":-2.6136,"profit_factor":0.06700901632834791,"max_drawdown_account":0.017791498400000022,"max_drawdown_abs":0.88957492},{"key":"DOT/USDT","trades":8,"profit_mean":-0.013643758164032875,"profit_mean_pct":-1.36,"profit_total_abs":-1.05791866,"profit_total":-0.021158373199999997,"profit_total_pct":-2.12,"duration_avg":"6:14:00","wins":2,"draws":0,"losses":6,"winrate":0.25,"cagr":-0.3681843025045872,"expectancy":-0.1322398325,"expectancy_ratio":-0.5768717559692695,"sortino":-9.566266618695341,"sharpe":-5.904616836057719,"calmar":-112.38219514436953,"sqn":-1.7376,"profit_factor":0.23083765870764061,"max_drawdown_account":0.021158373199999973,"max_drawdown_abs":1.05791866},{"key":"TOTAL","trades":31,"profit_mean":-0.009113502953538397,"profit_mean_pct":-0.91,"profit_total_abs":-2.73576971,"profit_total":-0.0547153942,"profit_total_pct":-5.47,"duration_avg":"6:36:00","wins":10,"draws":0,"losses":21,"winrate":0.3225806451612903,"cagr":-0.7012455845806358,"expectancy":-0.0882506358064516,"expectancy_ratio":-0.5369109648766441,"sortino":-25.00620298308346,"sharpe":-20.058635227356707,"calmar":-112.38219514436943,"sqn":-3.1536,"profit_factor":0.2074171470868587,"max_drawdown_account":0.05471539419999999,"max_drawdown_abs":2.735769710000001}],"results_per_enter_tag":[{"key":"","trades":31,"profit_mean":-0.009113502953538397,"profit_mean_pct":-0.91,"profit_total_abs":-2.73576971,"profit_total":-0.0547153942,"profit_total_pct":-5.47,"duration_avg":"6:36:00","wins":10,"draws":0,"losses":21,"winrate":0.3225806451612903,"cagr":-0.7012455845806358,"expectancy":-0.0882506358064516,"expectancy_ratio":-0.5369109648766441,"sortino":-25.00620298308346,"sharpe":-20.058635227356707,"calmar":-112.38219514436943,"sqn":-3.1536,"profit_factor":0.2074171470868587,"max_drawdown_account":0.05471539419999999,"max_drawdown_abs":2.735769710000001},{"key":"TOTAL","trades":31,"profit_mean":-0.009113502953538397,"profit_mean_pct":-0.91,"profit_total_abs":-2.73576971,"profit_total":-0.0547153942,"profit_total_pct":-5.47,"duration_avg":"6:36:00","wins":10,"draws":0,"losses":21,"winrate":0.3225806451612903,"cagr":-0.7012455845806358,"expectancy":-0.0882506358064516,"expectancy_ratio":-0.5369109648766441,"sortino":-25.00620298308346,"sharpe":-20.058635227356707,"calmar":-112.38219514436943,"sqn":-3.1536,"profit_factor":0.2074171470868587,"max_drawdown_account":0.05471539419999999,"max_drawdown_abs":2.735769710000001}],"exit_reason_summary":[{"key":"exit_signal","trades":31,"profit_mean":-0.009113502953538397,"profit_mean_pct":-0.91,"profit_total_abs":-2.73576971,"profit_total":-0.0547153942,"profit_total_pct":-5.47,"duration_avg":"6:36:00","wins":10,"draws":0,"losses":21,"winrate":0.3225806451612903,"cagr":-0.7012455845806358,"expectancy":-0.0882506358064516,"expectancy_ratio":-0.5369109648766441,"sortino":-25.00620298308346,"sharpe":-20.058635227356707,"calmar":-112.38219514436943,"sqn":-3.1536,"profit_factor":0.2074171470868587,"max_drawdown_account":0.05471539419999999,"max_drawdown_abs":2.735769710000001},{"key":"TOTAL","trades":31,"profit_mean":-0.009113502953538397,"profit_mean_pct":-0.91,"profit_total_abs":-2.73576971,"profit_total":-0.0547153942,"profit_total_pct":-5.47,"duration_avg":"6:36:00","wins":10,"draws":0,"losses":21,"winrate":0.3225806451612903,"cagr":-0.7012455845806358,"expectancy":-0.0882506358064516,"expectancy_ratio":-0.5369109648766441,"sortino":-25.00620298308346,"sharpe":-20.058635227356707,"calmar":-112.38219514436943,"sqn":-3.1536,"profit_factor":0.2074171470868587,"max_drawdown_account":0.05471539419999999,"max_drawdown_abs":2.735769710000001}],"mix_tag_stats":[{"key":["","exit_signal"],"trades":31,"profit_mean":-0.009113502953538397,"profit_mean_pct":-0.91,"profit_total_abs":-2.73576971,"profit_total":-0.0547153942,"profit_total_pct":-5.47,"duration_avg":"6:36:00","wins":10,"draws":0,"losses":21,"winrate":0.3225806451612903,"cagr":-0.7012455845806358,"expectancy":-0.0882506358064516,"expectancy_ratio":-0.5369109648766441,"sortino":-25.00620298308346,"sharpe":-20.058635227356707,"calmar":-112.38219514436943,"sqn":-3.1536,"profit_factor":0.2074171470868587,"max_drawdown_account":0.05471539419999999,"max_drawdown_abs":2.735769710000001},{"key":"TOTAL","trades":31,"profit_mean":-0.009113502953538397,"profit_mean_pct":-0.91,"profit_total_abs":-2.73576971,"profit_total":-0.0547153942,"profit_total_pct":-5.47,"duration_avg":"6:36:00","wins":10,"draws":0,"losses":21,"winrate":0.3225806451612903,"cagr":-0.7012455845806358,"expectancy":-0.0882506358064516,"expectancy_ratio":-0.5369109648766441,"sortino":-25.00620298308346,"sharpe":-20.058635227356707,"calmar":-112.38219514436943,"sqn":-3.1536,"profit_factor":0.2074171470868587,"max_drawdown_account":0.05471539419999999,"max_drawdown_abs":2.735769710000001}],"left_open_trades":[{"key":"TOTAL","trades":0,"profit_mean":0.0,"profit_mean_pct":0.0,"profit_total_abs":0.0,"profit_total":0.0,"profit_total_pct":0.0,"duration_avg":"0:00","wins":0,"draws":0,"losses":0,"winrate":0.0,"cagr":0.0,"expectancy":0.0,"expectancy_ratio":100.0,"sortino":0,"sharpe":0,"calmar":0,"sqn":0.0,"profit_factor":0.0,"max_drawdown_account":0.0,"max_drawdown_abs":0.0}],"total_trades":31,"trade_count_long":31,"trade_count_short":0,"total_volume":591.261367697,"avg_stake_amount":9.561545096774195,"profit_mean":-0.009113502953538397,"profit_median":-0.006377604841675055,"profit_total":-0.0547153942,"profit_total_long":-0.0547153942,"profit_total_short":0.0,"profit_total_abs":-2.73576971,"profit_total_long_abs":-2.73576971,"profit_total_short_abs":0.0,"cagr":-0.7012455845806358,"expectancy":-0.0882506358064516,"expectancy_ratio":-0.5369109648766441,"sortino":-25.00620298308346,"sharpe":-20.058635227356707,"calmar":-112.38219514436943,"sqn":-3.1536,"profit_factor":0.2074171470868587,"backtest_start":"2026-01-15 00:00:00","backtest_start_ts":1768435200000,"backtest_end":"2026-02-01 00:00:00","backtest_end_ts":1769904000000,"backtest_days":17,"backtest_run_start_ts":1769939991,"backtest_run_end_ts":1769939992,"trades_per_day":1.82,"market_change":-0.27059841839377446,"pairlist":["ETH/USDT","DOT/USDT","DOGE/USDT","XRP/USDT"],"stake_amount":"unlimited","stake_currency":"USDT","stake_currency_decimals":3,"starting_balance":50,"dry_run_wallet":50,"final_balance":47.26423029,"rejected_signals":0,"timedout_entry_orders":0,"timedout_exit_orders":0,"canceled_trade_entries":0,"canceled_entry_orders":0,"replaced_entry_orders":0,"max_open_trades":4,"max_open_trades_setting":5,"timeframe":"5m","timeframe_detail":"","timerange":"20260115-20260201","enable_protections":false,"strategy_name":"AIStrategy","freqaimodel":"XGBoostRegressor","freqai_identifier":"qs_v9_scalp_5m1h_l2","stoploss":-0.345,"trailing_stop":false,"trailing_stop_positive":null,"trailing_stop_positive_offset":0.0,"trailing_only_offset_is_reached":false,"use_custom_stoploss":false,"minimal_roi":{"0":0.523,"1553":0.123,"2332":0.076,"3169":0},"use_exit_signal":true,"exit_profit_only":false,"exit_profit_offset":0.0,"ignore_roi_if_entry_signal":false,"trading_mode":"spot","margin_mode":"","periodic_breakdown":{"day":[{"date":"16/01/2026","date_ts":1768521600000,"profit_abs":-1.3660366,"wins":0,"draws":0,"losses":4,"trades":4,"profit_factor":0.0},{"date":"17/01/2026","date_ts":1768608000000,"profit_abs":0.40046626,"wins":6,"draws":0,"losses":3,"trades":9,"profit_factor":9.41606875},{"date":"18/01/2026","date_ts":1768694400000,"profit_abs":-0.39905302,"wins":0,"draws":0,"losses":4,"trades":4,"profit_factor":0.0},{"date":"19/01/2026","date_ts":1768780800000,"profit_abs":-0.1020982,"wins":2,"draws":0,"losses":1,"trades":3,"profit_factor":0.41157506},{"date":"20/01/2026","date_ts":1768867200000,"profit_abs":0.0,"wins":0,"draws":0,"losses":0,"trades":0,"profit_factor":0.0},{"date":"21/01/2026","date_ts":1768953600000,"profit_abs":-0.74875049,"wins":0,"draws":0,"losses":3,"trades":3,"profit_factor":0.0},{"date":"22/01/2026","date_ts":1769040000000,"profit_abs":-0.17016265,"wins":0,"draws":0,"losses":2,"trades":2,"profit_factor":0.0},{"date":"23/01/2026","date_ts":1769126400000,"profit_abs":0.0,"wins":0,"draws":0,"losses":0,"trades":0,"profit_factor":0.0},{"date":"24/01/2026","date_ts":1769212800000,"profit_abs":0.0,"wins":0,"draws":0,"losses":0,"trades":0,"profit_factor":0.0},{"date":"25/01/2026","date_ts":1769299200000,"profit_abs":0.0,"wins":0,"draws":0,"losses":0,"trades":0,"profit_factor":0.0},{"date":"26/01/2026","date_ts":1769385600000,"profit_abs":-0.05698896,"wins":0,"draws":0,"losses":1,"trades":1,"profit_factor":0.0},{"date":"27/01/2026","date_ts":1769472000000,"profit_abs":-0.25026375,"wins":0,"draws":0,"losses":1,"trades":1,"profit_factor":0.0},{"date":"28/01/2026","date_ts":1769558400000,"profit_abs":-0.0428823,"wins":2,"draws":0,"losses":2,"trades":4,"profit_factor":0.82084936}],"week":[{"date":"19/01/2026","date_ts":1768780800000,"profit_abs":-1.46672156,"wins":8,"draws":0,"losses":12,"trades":20,"profit_factor":0.26153798},{"date":"26/01/2026","date_ts":1769385600000,"profit_abs":-0.9759021,"wins":0,"draws":0,"losses":6,"trades":6,"profit_factor":0.0},{"date":"02/02/2026","date_ts":1769990400000,"profit_abs":-0.29314605,"wins":2,"draws":0,"losses":3,"trades":5,"profit_factor":0.4012885}],"month":[{"date":"31/01/2026","date_ts":1769817600000,"profit_abs":-2.73576971,"wins":10,"draws":0,"losses":21,"trades":31,"profit_factor":0.20741715}],"year":[{"date":"31/12/2026","date_ts":1798675200000,"profit_abs":-2.73576971,"wins":10,"draws":0,"losses":21,"trades":31,"profit_factor":0.20741715}],"weekday":[{"date":"Monday","date_ts":0,"profit_abs":-0.15908716,"wins":2,"draws":0,"losses":2,"trades":4,"profit_factor":0.30981697},{"date":"Tuesday","date_ts":1,"profit_abs":-0.25026375,"wins":0,"draws":0,"losses":1,"trades":1,"profit_factor":0.0},{"date":"Wednesday","date_ts":2,"profit_abs":-0.79163279,"wins":2,"draws":0,"losses":5,"trades":7,"profit_factor":0.19884546},{"date":"Thursday","date_ts":3,"profit_abs":-0.17016265,"wins":0,"draws":0,"losses":2,"trades":2,"profit_factor":0.0},{"date":"Friday","date_ts":4,"profit_abs":-1.3660366,"wins":0,"draws":0,"losses":4,"trades":4,"profit_factor":0.0},{"date":"Saturday","date_ts":5,"profit_abs":0.40046626,"wins":6,"draws":0,"losses":3,"trades":9,"profit_factor":9.41606875},{"date":"Sunday","date_ts":6,"profit_abs":-0.39905302,"wins":0,"draws":0,"losses":4,"trades":4,"profit_factor":0.0}]},"backtest_best_day":0.04162819790954679,"backtest_worst_day":-0.1388415866324954,"backtest_best_day_abs":0.40046626,"backtest_worst_day_abs":-1.3660366,"winning_days":1,"draw_days":4,"losing_days":8,"daily_profit":[["2026-01-16",-1.3660366],["2026-01-17",0.40046626],["2026-01-18",-0.39905302],["2026-01-19",-0.1020982],["2026-01-20",0.0],["2026-01-21",-0.74875049],["2026-01-22",-0.17016265],["2026-01-23",0.0],["2026-01-24",0.0],["2026-01-25",0.0],["2026-01-26",-0.05698896],["2026-01-27",-0.25026375],["2026-01-28",-0.0428823]],"wins":10,"losses":21,"draws":0,"winrate":0.3225806451612903,"holding_avg":"6:36:00","holding_avg_s":23760.0,"winner_holding_min":"0d 03:55","winner_holding_min_s":14100.0,"winner_holding_max":"0d 09:50","winner_holding_max_s":35400.0,"winner_holding_avg":"0d 06:03","winner_holding_avg_s":21780.0,"loser_holding_min":"0d 00:20","loser_holding_min_s":1200.0,"loser_holding_max":"0d 22:25","loser_holding_max_s":80700.0,"loser_holding_avg":"0d 06:51","loser_holding_avg_s":24660.0,"max_consecutive_wins":3,"max_consecutive_losses":8,"max_drawdown_account":0.05471539419999999,"max_relative_drawdown":0.05471539419999999,"max_drawdown_abs":2.735769710000001,"drawdown_start":"2026-01-16 10:20:00","drawdown_start_ts":1768558800000.0,"drawdown_end":"2026-01-28 14:20:00","drawdown_end_ts":1769610000000.0,"drawdown_duration":"12 days 04:00:00","drawdown_duration_s":1051200.0,"max_drawdown_low":-2.735769710000001,"max_drawdown_high":0.0,"csum_min":47.26423029,"csum_max":49.6352956}},"strategy_comparison":[{"key":"AIStrategy","trades":31,"profit_mean":-0.009113502953538397,"profit_mean_pct":-0.91,"profit_total_abs":-2.73576971,"profit_total":-0.0547153942,"profit_total_pct":-5.47,"duration_avg":"6:36:00","wins":10,"draws":0,"losses":21,"winrate":0.3225806451612903,"cagr":-0.7012455845806358,"expectancy":-0.0882506358064516,"expectancy_ratio":-0.5369109648766441,"sortino":-25.00620298308346,"sharpe":-20.058635227356707,"calmar":-112.38219514436943,"sqn":-3.1536,"profit_factor":0.2074171470868587,"max_drawdown_account":0.05471539419999999,"max_drawdown_abs":"2.736"}]}