{"strategy":{"MultiMa":{"trades":[{"pair":"XRP/USDT","stake_amount":24.56226,"max_stake_amount":24.56226,"amount":12.2,"open_date":"2026-01-03 14:15:00+00:00","close_date":"2026-01-06 09:15:00+00:00","open_rate":2.0133,"close_rate":2.3382,"fee_open":0.001,"fee_close":0.001,"trade_duration":4020,"profit_ratio":0.15905641073276297,"profit_abs":3.9106917,"exit_reason":"exit_signal","initial_stop_loss_abs":1.812,"initial_stop_loss_ratio":-0.1,"stop_loss_abs":1.812,"stop_loss_ratio":-0.1,"min_rate":1.9964,"max_rate":2.4172000000000002,"is_open":false,"enter_tag":"","leverage":1.0,"is_short":false,"open_timestamp":1767449700000,"close_timestamp":1767690900000,"orders":[{"amount":12.2,"safe_price":2.0133,"ft_order_side":"buy","order_filled_timestamp":1767449700000,"ft_is_entry":true,"ft_order_tag":"","cost":24.586822259999995},{"amount":12.2,"safe_price":2.3382,"ft_order_side":"sell","order_filled_timestamp":1767690900000,"ft_is_entry":false,"ft_order_tag":"exit_signal","cost":28.554566039999994}],"funding_fees":0.0,"weekday":1},{"pair":"ATOM/USDT","stake_amount":24.7308,"max_stake_amount":24.7308,"amount":11.14,"open_date":"2026-01-03 13:15:00+00:00","close_date":"2026-01-06 10:15:00+00:00","open_rate":2.22,"close_rate":2.383,"fee_open":0.001,"fee_close":0.001,"trade_duration":4140,"profit_ratio":0.07127872127872129,"profit_abs":1.76454258,"exit_reason":"exit_signal","initial_stop_loss_abs":1.999,"initial_stop_loss_ratio":-0.1,"stop_loss_abs":1.999,"stop_loss_ratio":-0.1,"min_rate":2.208,"max_rate":2.407,"is_open":false,"enter_tag":"","leverage":1.0,"is_short":false,"open_timestamp":1767446100000,"close_timestamp":1767694500000,"orders":[{"amount":11.14,"safe_price":2.22,"ft_order_side":"buy","order_filled_timestamp":1767446100000,"ft_is_entry":true,"ft_order_tag":"","cost":24.7555308},{"amount":11.14,"safe_price":2.383,"ft_order_side":"sell","order_filled_timestamp":1767694500000,"ft_is_entry":false,"ft_order_tag":"exit_signal","cost":26.57316662}],"funding_fees":0.0,"weekday":1},{"pair":"ATOM/USDT","stake_amount":27.54102,"max_stake_amount":27.54102,"amount":11.39,"open_date":"2026-01-06 11:45:00+00:00","close_date":"2026-01-06 19:30:00+00:00","open_rate":2.418,"close_rate":2.416,"fee_open":0.001,"fee_close":0.001,"trade_duration":465,"profit_ratio":-0.0028234792502782576,"profit_abs":-0.07783926,"exit_reason":"exit_signal","initial_stop_loss_abs":2.177,"initial_stop_loss_ratio":-0.1,"stop_loss_abs":2.177,"stop_loss_ratio":-0.1,"min_rate":2.375,"max_rate":2.55,"is_open":false,"enter_tag":"","leverage":1.0,"is_short":false,"open_timestamp":1767699900000,"close_timestamp":1767727800000,"orders":[{"amount":11.39,"safe_price":2.418,"ft_order_side":"buy","order_filled_timestamp":1767699900000,"ft_is_entry":true,"ft_order_tag":"","cost":27.56856102},{"amount":11.39,"safe_price":2.416,"ft_order_side":"sell","order_filled_timestamp":1767727800000,"ft_is_entry":false,"ft_order_tag":"exit_signal","cost":27.545758239999998}],"funding_fees":0.0,"weekday":1},{"pair":"ATOM/USDT","stake_amount":27.5058,"max_stake_amount":27.5058,"amount":11.1,"open_date":"2026-01-06 22:30:00+00:00","close_date":"2026-01-07 03:15:00+00:00","open_rate":2.478,"close_rate":2.461,"fee_open":0.001,"fee_close":0.001,"trade_duration":285,"profit_ratio":-0.008844666229654123,"profit_abs":-0.2435229,"exit_reason":"exit_signal","initial_stop_loss_abs":2.231,"initial_stop_loss_ratio":-0.1,"stop_loss_abs":2.231,"stop_loss_ratio":-0.1,"min_rate":2.449,"max_rate":2.549,"is_open":false,"enter_tag":"","leverage":1.0,"is_short":false,"open_timestamp":1767738600000,"close_timestamp":1767755700000,"orders":[{"amount":11.1,"safe_price":2.478,"ft_order_side":"buy","order_filled_timestamp":1767738600000,"ft_is_entry":true,"ft_order_tag":"","cost":27.533305799999997},{"amount":11.1,"safe_price":2.461,"ft_order_side":"sell","order_filled_timestamp":1767755700000,"ft_is_entry":false,"ft_order_tag":"exit_signal","cost":27.344417099999994}],"funding_fees":0.0,"weekday":2},{"pair":"XRP/USDT","stake_amount":27.285,"max_stake_amount":27.285,"amount":12.5,"open_date":"2026-01-08 02:15:00+00:00","close_date":"2026-01-08 08:30:00+00:00","open_rate":2.1828,"close_rate":2.1313,"fee_open":0.001,"fee_close":0.001,"trade_duration":375,"profit_ratio":-0.025544411608182913,"profit_abs":-0.69767625,"exit_reason":"exit_signal","initial_stop_loss_abs":1.9646,"initial_stop_loss_ratio":-0.1,"stop_loss_abs":1.9646,"stop_loss_ratio":-0.1,"min_rate":2.0976,"max_rate":2.1925,"is_open":false,"enter_tag":"","leverage":1.0,"is_short":false,"open_timestamp":1767838500000,"close_timestamp":1767861000000,"orders":[{"amount":12.5,"safe_price":2.1828,"ft_order_side":"buy","order_filled_timestamp":1767838500000,"ft_is_entry":true,"ft_order_tag":"","cost":27.312284999999992},{"amount":12.5,"safe_price":2.1313,"ft_order_side":"sell","order_filled_timestamp":1767861000000,"ft_is_entry":false,"ft_order_tag":"exit_signal","cost":26.667891249999997}],"funding_fees":0.0,"weekday":3},{"pair":"ATOM/USDT","stake_amount":27.3861,"max_stake_amount":27.3861,"amount":11.27,"open_date":"2026-01-08 05:45:00+00:00","close_date":"2026-01-08 09:45:00+00:00","open_rate":2.43,"close_rate":2.424,"fee_open":0.001,"fee_close":0.001,"trade_duration":240,"profit_ratio":-0.004462204462204462,"profit_abs":-0.12232458,"exit_reason":"exit_signal","initial_stop_loss_abs":2.188,"initial_stop_loss_ratio":-0.1,"stop_loss_abs":2.188,"stop_loss_ratio":-0.1,"min_rate":2.395,"max_rate":2.449,"is_open":false,"enter_tag":"","leverage":1.0,"is_short":false,"open_timestamp":1767851100000,"close_timestamp":1767865500000,"orders":[{"amount":11.27,"safe_price":2.43,"ft_order_side":"buy","order_filled_timestamp":1767851100000,"ft_is_entry":true,"ft_order_tag":"","cost":27.413486099999997},{"amount":11.27,"safe_price":2.424,"ft_order_side":"sell","order_filled_timestamp":1767865500000,"ft_is_entry":false,"ft_order_tag":"exit_signal","cost":27.345798479999996}],"funding_fees":0.0,"weekday":3},{"pair":"ATOM/USDT","stake_amount":26.972,"max_stake_amount":26.972,"amount":11.0,"open_date":"2026-01-09 07:30:00+00:00","close_date":"2026-01-10 10:30:00+00:00","open_rate":2.452,"close_rate":2.608,"fee_open":0.001,"fee_close":0.001,"trade_duration":1620,"profit_ratio":0.06149641549315285,"profit_abs":1.66034,"exit_reason":"exit_signal","initial_stop_loss_abs":2.207,"initial_stop_loss_ratio":-0.1,"stop_loss_abs":2.207,"stop_loss_ratio":-0.1,"min_rate":2.432,"max_rate":2.6710000000000003,"is_open":false,"enter_tag":"","leverage":1.0,"is_short":false,"open_timestamp":1767943800000,"close_timestamp":1768041000000,"orders":[{"amount":11.0,"safe_price":2.452,"ft_order_side":"buy","order_filled_timestamp":1767943800000,"ft_is_entry":true,"ft_order_tag":"","cost":26.998972},{"amount":11.0,"safe_price":2.608,"ft_order_side":"sell","order_filled_timestamp":1768041000000,"ft_is_entry":false,"ft_order_tag":"exit_signal","cost":28.716687999999998}],"funding_fees":0.0,"weekday":5},{"pair":"XRP/USDT","stake_amount":26.815,"max_stake_amount":26.815,"amount":12.5,"open_date":"2026-01-09 15:30:00+00:00","close_date":"2026-01-10 13:00:00+00:00","open_rate":2.1452,"close_rate":2.1012,"fee_open":0.001,"fee_close":0.001,"trade_duration":1290,"profit_ratio":-0.022467929236528898,"profit_abs":-0.60308,"exit_reason":"exit_signal","initial_stop_loss_abs":1.9307,"initial_stop_loss_ratio":-0.1,"stop_loss_abs":1.9307,"stop_loss_ratio":-0.1,"min_rate":2.0759,"max_rate":2.1622,"is_open":false,"enter_tag":"","leverage":1.0,"is_short":false,"open_timestamp":1767972600000,"close_timestamp":1768050000000,"orders":[{"amount":12.5,"safe_price":2.1452,"ft_order_side":"buy","order_filled_timestamp":1767972600000,"ft_is_entry":true,"ft_order_tag":"","cost":26.841814999999997},{"amount":12.5,"safe_price":2.1012,"ft_order_side":"sell","order_filled_timestamp":1768050000000,"ft_is_entry":false,"ft_order_tag":"exit_signal","cost":26.291265}],"funding_fees":0.0,"weekday":5},{"pair":"XRP/USDT","stake_amount":27.44843,"max_stake_amount":27.44843,"amount":13.1,"open_date":"2026-01-11 04:00:00+00:00","close_date":"2026-01-11 05:30:00+00:00","open_rate":2.0953,"close_rate":2.0903,"fee_open":0.001,"fee_close":0.001,"trade_duration":90,"profit_ratio":-0.004379527311804313,"profit_abs":-0.12033136,"exit_reason":"exit_signal","initial_stop_loss_abs":1.8858,"initial_stop_loss_ratio":-0.1,"stop_loss_abs":1.8858,"stop_loss_ratio":-0.1,"min_rate":2.0895,"max_rate":2.0954,"is_open":false,"enter_tag":"","leverage":1.0,"is_short":false,"open_timestamp":1768104000000,"close_timestamp":1768109400000,"orders":[{"amount":13.1,"safe_price":2.0953,"ft_order_side":"buy","order_filled_timestamp":1768104000000,"ft_is_entry":true,"ft_order_tag":"","cost":27.475878429999995},{"amount":13.1,"safe_price":2.0903,"ft_order_side":"sell","order_filled_timestamp":1768109400000,"ft_is_entry":false,"ft_order_tag":"exit_signal","cost":27.410312929999996}],"funding_fees":0.0,"weekday":6},{"pair":"XRP/USDT","stake_amount":27.3325,"max_stake_amount":27.3325,"amount":13.0,"open_date":"2026-01-11 12:30:00+00:00","close_date":"2026-01-11 17:30:00+00:00","open_rate":2.1025,"close_rate":2.0924,"fee_open":0.001,"fee_close":0.001,"trade_duration":300,"profit_ratio":-0.006792208980080561,"profit_abs":-0.1858337,"exit_reason":"exit_signal","initial_stop_loss_abs":1.8923,"initial_stop_loss_ratio":-0.1,"stop_loss_abs":1.8923,"stop_loss_ratio":-0.1,"min_rate":2.0839,"max_rate":2.11,"is_open":false,"enter_tag":"","leverage":1.0,"is_short":false,"open_timestamp":1768134600000,"close_timestamp":1768152600000,"orders":[{"amount":13.0,"safe_price":2.1025,"ft_order_side":"buy","order_filled_timestamp":1768134600000,"ft_is_entry":true,"ft_order_tag":"","cost":27.359832499999996},{"amount":13.0,"safe_price":2.0924,"ft_order_side":"sell","order_filled_timestamp":1768152600000,"ft_is_entry":false,"ft_order_tag":"exit_signal","cost":27.228401199999997}],"funding_fees":0.0,"weekday":6},{"pair":"XRP/USDT","stake_amount":27.26196,"max_stake_amount":27.26196,"amount":13.2,"open_date":"2026-01-13 10:30:00+00:00","close_date":"2026-01-14 08:45:00+00:00","open_rate":2.0653,"close_rate":2.1457,"fee_open":0.001,"fee_close":0.001,"trade_duration":1335,"profit_ratio":0.03685318700086531,"profit_abs":1.0056948,"exit_reason":"exit_signal","initial_stop_loss_abs":1.8588,"initial_stop_loss_ratio":-0.1,"stop_loss_abs":1.8588,"stop_loss_ratio":-0.1,"min_rate":2.056,"max_rate":2.1924,"is_open":false,"enter_tag":"","leverage":1.0,"is_short":false,"open_timestamp":1768300200000,"close_timestamp":1768380300000,"orders":[{"amount":13.2,"safe_price":2.0653,"ft_order_side":"buy","order_filled_timestamp":1768300200000,"ft_is_entry":true,"ft_order_tag":"","cost":27.28922196},{"amount":13.2,"safe_price":2.1457,"ft_order_side":"sell","order_filled_timestamp":1768380300000,"ft_is_entry":false,"ft_order_tag":"exit_signal","cost":28.351563239999997}],"funding_fees":0.0,"weekday":2},{"pair":"XRP/USDT","stake_amount":27.7646,"max_stake_amount":27.7646,"amount":14.5,"open_date":"2026-01-27 03:00:00+00:00","close_date":"2026-01-27 05:30:00+00:00","open_rate":1.9148,"close_rate":1.9022000000000001,"fee_open":0.001,"fee_close":0.001,"trade_duration":150,"profit_ratio":-0.008565176206705348,"profit_abs":-0.2380465,"exit_reason":"exit_signal","initial_stop_loss_abs":1.7234,"initial_stop_loss_ratio":-0.1,"stop_loss_abs":1.7234,"stop_loss_ratio":-0.1,"min_rate":1.9015,"max_rate":1.9179,"is_open":false,"enter_tag":"","leverage":1.0,"is_short":false,"open_timestamp":1769482800000,"close_timestamp":1769491800000,"orders":[{"amount":14.5,"safe_price":1.9148,"ft_order_side":"buy","order_filled_timestamp":1769482800000,"ft_is_entry":true,"ft_order_tag":"","cost":27.7923646},{"amount":14.5,"safe_price":1.9022000000000001,"ft_order_side":"sell","order_filled_timestamp":1769491800000,"ft_is_entry":false,"ft_order_tag":"exit_signal","cost":27.6094819}],"funding_fees":0.0,"weekday":1},{"pair":"XRP/USDT","stake_amount":27.68688,"max_stake_amount":27.68688,"amount":14.4,"open_date":"2026-01-27 21:15:00+00:00","close_date":"2026-01-28 03:30:00+00:00","open_rate":1.9227,"close_rate":1.9003,"fee_open":0.001,"fee_close":0.001,"trade_duration":375,"profit_ratio":-0.013625008163937793,"profit_abs":-0.3776112,"exit_reason":"exit_signal","initial_stop_loss_abs":1.7305,"initial_stop_loss_ratio":-0.1,"stop_loss_abs":1.7305,"stop_loss_ratio":-0.1,"min_rate":1.8944,"max_rate":1.9264999999999999,"is_open":false,"enter_tag":"","leverage":1.0,"is_short":false,"open_timestamp":1769548500000,"close_timestamp":1769571000000,"orders":[{"amount":14.4,"safe_price":1.9227,"ft_order_side":"buy","order_filled_timestamp":1769548500000,"ft_is_entry":true,"ft_order_tag":"","cost":27.71456688},{"amount":14.4,"safe_price":1.9003,"ft_order_side":"sell","order_filled_timestamp":1769571000000,"ft_is_entry":false,"ft_order_tag":"exit_signal","cost":27.39168432}],"funding_fees":0.0,"weekday":2},{"pair":"XRP/USDT","stake_amount":27.47173,"max_stake_amount":27.47173,"amount":14.3,"open_date":"2026-01-28 07:15:00+00:00","close_date":"2026-01-28 16:15:00+00:00","open_rate":1.9211,"close_rate":1.905,"fee_open":0.001,"fee_close":0.001,"trade_duration":540,"profit_ratio":-0.010361872784443187,"profit_abs":-0.28494323,"exit_reason":"exit_signal","initial_stop_loss_abs":1.729,"initial_stop_loss_ratio":-0.1,"stop_loss_abs":1.729,"stop_loss_ratio":-0.1,"min_rate":1.9016000000000002,"max_rate":1.9427,"is_open":false,"enter_tag":"","leverage":1.0,"is_short":false,"open_timestamp":1769584500000,"close_timestamp":1769616900000,"orders":[{"amount":14.3,"safe_price":1.9211,"ft_order_side":"buy","order_filled_timestamp":1769584500000,"ft_is_entry":true,"ft_order_tag":"","cost":27.49920173},{"amount":14.3,"safe_price":1.905,"ft_order_side":"sell","order_filled_timestamp":1769616900000,"ft_is_entry":false,"ft_order_tag":"exit_signal","cost":27.268741499999997}],"funding_fees":0.0,"weekday":2}],"locks":[],"best_pair":{"key":"ATOM/USDT","trades":5,"profit_mean":0.023328957365947457,"profit_mean_pct":2.33,"profit_total_abs":2.98119584,"profit_total":0.059623916799999996,"profit_total_pct":5.96,"duration_avg":"22:30:00","wins":2,"draws":0,"losses":3,"winrate":0.4,"cagr":0.977614321885883,"expectancy":0.5962391680000001,"expectancy_ratio":4.031487404829814,"sortino":26.241185296582767,"sharpe":2.011072661968721,"calmar":428.7075892074327,"sqn":1.3053,"profit_factor":7.719145674716356,"max_drawdown_account":0.008571248153391813,"max_drawdown_abs":0.44368673999999997},"worst_pair":{"key":"XRP/USDT","trades":9,"profit_mean":0.011574829271327254,"profit_mean_pct":1.16,"profit_total_abs":2.40886426,"profit_total":0.0481772852,"profit_total_pct":4.82,"duration_avg":"15:42:00","wins":2,"draws":0,"losses":7,"winrate":0.2222222222222222,"cagr":0.7402138896561283,"expectancy":0.2676515844444443,"expectancy_ratio":0.7471762607820818,"sortino":7.400590937888591,"sharpe":1.0852899607734436,"calmar":99.61101286054304,"sqn":0.5534,"profit_factor":1.9606551924341056,"max_drawdown_account":0.029807098728061844,"max_drawdown_abs":1.6069213099999997},"results_per_pair":[{"key":"ATOM/USDT","trades":5,"profit_mean":0.023328957365947457,"profit_mean_pct":2.33,"profit_total_abs":2.98119584,"profit_total":0.059623916799999996,"profit_total_pct":5.96,"duration_avg":"22:30:00","wins":2,"draws":0,"losses":3,"winrate":0.4,"cagr":0.977614321885883,"expectancy":0.5962391680000001,"expectancy_ratio":4.031487404829814,"sortino":26.241185296582767,"sharpe":2.011072661968721,"calmar":428.7075892074327,"sqn":1.3053,"profit_factor":7.719145674716356,"max_drawdown_account":0.008571248153391813,"max_drawdown_abs":0.44368673999999997},{"key":"XRP/USDT","trades":9,"profit_mean":0.011574829271327254,"profit_mean_pct":1.16,"profit_total_abs":2.40886426,"profit_total":0.0481772852,"profit_total_pct":4.82,"duration_avg":"15:42:00","wins":2,"draws":0,"losses":7,"winrate":0.2222222222222222,"cagr":0.7402138896561283,"expectancy":0.2676515844444443,"expectancy_ratio":0.7471762607820818,"sortino":7.400590937888591,"sharpe":1.0852899607734436,"calmar":99.61101286054304,"sqn":0.5534,"profit_factor":1.9606551924341056,"max_drawdown_account":0.029807098728061844,"max_drawdown_abs":1.6069213099999997},{"key":"TOTAL","trades":14,"profit_mean":0.015772732162263037,"profit_mean_pct":1.58,"profit_total_abs":5.390060100000001,"profit_total":0.10780120200000003,"profit_total_pct":10.78,"duration_avg":"18:08:00","wins":4,"draws":0,"losses":10,"winrate":0.2857142857142857,"cagr":2.338122083628279,"expectancy":0.38500429285714277,"expectancy_ratio":1.3045646562689126,"sortino":16.836267746479944,"sharpe":2.689295207767573,"calmar":324.07580537326317,"sqn":1.1238,"profit_factor":2.8263905187764777,"max_drawdown_account":0.02050037157023702,"max_drawdown_abs":1.1413629900000002}],"results_per_enter_tag":[{"key":"","trades":14,"profit_mean":0.015772732162263037,"profit_mean_pct":1.58,"profit_total_abs":5.390060100000001,"profit_total":0.10780120200000003,"profit_total_pct":10.78,"duration_avg":"18:08:00","wins":4,"draws":0,"losses":10,"winrate":0.2857142857142857,"cagr":2.338122083628279,"expectancy":0.38500429285714277,"expectancy_ratio":1.3045646562689126,"sortino":16.836267746479944,"sharpe":2.689295207767573,"calmar":324.07580537326317,"sqn":1.1238,"profit_factor":2.8263905187764777,"max_drawdown_account":0.02050037157023702,"max_drawdown_abs":1.1413629900000002},{"key":"TOTAL","trades":14,"profit_mean":0.015772732162263037,"profit_mean_pct":1.58,"profit_total_abs":5.390060100000001,"profit_total":0.10780120200000003,"profit_total_pct":10.78,"duration_avg":"18:08:00","wins":4,"draws":0,"losses":10,"winrate":0.2857142857142857,"cagr":2.338122083628279,"expectancy":0.38500429285714277,"expectancy_ratio":1.3045646562689126,"sortino":16.836267746479944,"sharpe":2.689295207767573,"calmar":324.07580537326317,"sqn":1.1238,"profit_factor":2.8263905187764777,"max_drawdown_account":0.02050037157023702,"max_drawdown_abs":1.1413629900000002}],"exit_reason_summary":[{"key":"exit_signal","trades":14,"profit_mean":0.015772732162263037,"profit_mean_pct":1.58,"profit_total_abs":5.390060100000001,"profit_total":0.10780120200000003,"profit_total_pct":10.78,"duration_avg":"18:08:00","wins":4,"draws":0,"losses":10,"winrate":0.2857142857142857,"cagr":2.338122083628279,"expectancy":0.38500429285714277,"expectancy_ratio":1.3045646562689126,"sortino":16.836267746479944,"sharpe":2.689295207767573,"calmar":324.07580537326317,"sqn":1.1238,"profit_factor":2.8263905187764777,"max_drawdown_account":0.02050037157023702,"max_drawdown_abs":1.1413629900000002},{"key":"TOTAL","trades":14,"profit_mean":0.015772732162263037,"profit_mean_pct":1.58,"profit_total_abs":5.390060100000001,"profit_total":0.10780120200000003,"profit_total_pct":10.78,"duration_avg":"18:08:00","wins":4,"draws":0,"losses":10,"winrate":0.2857142857142857,"cagr":2.338122083628279,"expectancy":0.38500429285714277,"expectancy_ratio":1.3045646562689126,"sortino":16.836267746479944,"sharpe":2.689295207767573,"calmar":324.07580537326317,"sqn":1.1238,"profit_factor":2.8263905187764777,"max_drawdown_account":0.02050037157023702,"max_drawdown_abs":1.1413629900000002}],"mix_tag_stats":[{"key":["","exit_signal"],"trades":14,"profit_mean":0.015772732162263037,"profit_mean_pct":1.58,"profit_total_abs":5.390060100000001,"profit_total":0.10780120200000003,"profit_total_pct":10.78,"duration_avg":"18:08:00","wins":4,"draws":0,"losses":10,"winrate":0.2857142857142857,"cagr":2.338122083628279,"expectancy":0.38500429285714277,"expectancy_ratio":1.3045646562689126,"sortino":16.836267746479944,"sharpe":2.689295207767573,"calmar":324.07580537326317,"sqn":1.1238,"profit_factor":2.8263905187764777,"max_drawdown_account":0.02050037157023702,"max_drawdown_abs":1.1413629900000002},{"key":"TOTAL","trades":14,"profit_mean":0.015772732162263037,"profit_mean_pct":1.58,"profit_total_abs":5.390060100000001,"profit_total":0.10780120200000003,"profit_total_pct":10.78,"duration_avg":"18:08:00","wins":4,"draws":0,"losses":10,"winrate":0.2857142857142857,"cagr":2.338122083628279,"expectancy":0.38500429285714277,"expectancy_ratio":1.3045646562689126,"sortino":16.836267746479944,"sharpe":2.689295207767573,"calmar":324.07580537326317,"sqn":1.1238,"profit_factor":2.8263905187764777,"max_drawdown_account":0.02050037157023702,"max_drawdown_abs":1.1413629900000002}],"left_open_trades":[{"key":"TOTAL","trades":0,"profit_mean":0.0,"profit_mean_pct":0.0,"profit_total_abs":0.0,"profit_total":0.0,"profit_total_pct":0.0,"duration_avg":"0:00","wins":0,"draws":0,"losses":0,"winrate":0.0,"cagr":0.0,"expectancy":0.0,"expectancy_ratio":100.0,"sortino":0,"sharpe":0,"calmar":0,"sqn":0.0,"profit_factor":0.0,"max_drawdown_account":0.0,"max_drawdown_abs":0.0}],"total_trades":14,"trade_count_long":14,"trade_count_short":0,"total_volume":762.4415799,"avg_stake_amount":26.983148571428565,"profit_mean":0.015772732162263037,"profit_median":-0.005627206721142511,"profit_total":0.10780120200000003,"profit_total_long":0.10780120200000003,"profit_total_short":0.0,"profit_total_abs":5.390060100000001,"profit_total_long_abs":5.390060100000001,"profit_total_short_abs":0.0,"cagr":2.338122083628279,"expectancy":0.38500429285714277,"expectancy_ratio":1.3045646562689126,"sortino":16.836267746479944,"sharpe":2.689295207767573,"calmar":324.07580537326317,"sqn":1.1238,"profit_factor":2.8263905187764777,"backtest_start":"2026-01-02 00:00:00","backtest_start_ts":1767312000000,"backtest_end":"2026-02-02 00:00:00","backtest_end_ts":1769990400000,"backtest_days":31,"backtest_run_start_ts":1770041914,"backtest_run_end_ts":1770041914,"trades_per_day":0.45,"market_change":-0.10994027900102787,"pairlist":["ATOM/USDT","XRP/USDT"],"stake_amount":"unlimited","stake_currency":"USDT","stake_currency_decimals":3,"starting_balance":50,"dry_run_wallet":50,"final_balance":55.3900601,"rejected_signals":0,"timedout_entry_orders":0,"timedout_exit_orders":0,"canceled_trade_entries":0,"canceled_entry_orders":0,"replaced_entry_orders":0,"max_open_trades":2,"max_open_trades_setting":2,"timeframe":"15m","timeframe_detail":"","timerange":"20251104-20260202","enable_protections":false,"strategy_name":"MultiMa","freqaimodel":"XGBoostRegressor","freqai_identifier":"qs_v9_scalp_5m1h_l2","stoploss":-0.1,"trailing_stop":false,"trailing_stop_positive":0.01,"trailing_stop_positive_offset":0.02,"trailing_only_offset_is_reached":false,"use_custom_stoploss":false,"minimal_roi":{},"use_exit_signal":true,"exit_profit_only":false,"exit_profit_offset":0.0,"ignore_roi_if_entry_signal":false,"trading_mode":"spot","margin_mode":"","periodic_breakdown":{"day":[{"date":"06/01/2026","date_ts":1767657600000,"profit_abs":5.59739502,"wins":2,"draws":0,"losses":1,"trades":3,"profit_factor":72.90966384},{"date":"07/01/2026","date_ts":1767744000000,"profit_abs":-0.2435229,"wins":0,"draws":0,"losses":1,"trades":1,"profit_factor":0.0},{"date":"08/01/2026","date_ts":1767830400000,"profit_abs":-0.82000083,"wins":0,"draws":0,"losses":2,"trades":2,"profit_factor":0.0},{"date":"09/01/2026","date_ts":1767916800000,"profit_abs":0.0,"wins":0,"draws":0,"losses":0,"trades":0,"profit_factor":0.0},{"date":"10/01/2026","date_ts":1768003200000,"profit_abs":1.05726,"wins":1,"draws":0,"losses":1,"trades":2,"profit_factor":2.75310075},{"date":"11/01/2026","date_ts":1768089600000,"profit_abs":-0.30616506,"wins":0,"draws":0,"losses":2,"trades":2,"profit_factor":0.0},{"date":"12/01/2026","date_ts":1768176000000,"profit_abs":0.0,"wins":0,"draws":0,"losses":0,"trades":0,"profit_factor":0.0},{"date":"13/01/2026","date_ts":1768262400000,"profit_abs":0.0,"wins":0,"draws":0,"losses":0,"trades":0,"profit_factor":0.0},{"date":"14/01/2026","date_ts":1768348800000,"profit_abs":1.0056948,"wins":1,"draws":0,"losses":0,"trades":1,"profit_factor":0.0},{"date":"15/01/2026","date_ts":1768435200000,"profit_abs":0.0,"wins":0,"draws":0,"losses":0,"trades":0,"profit_factor":0.0},{"date":"16/01/2026","date_ts":1768521600000,"profit_abs":0.0,"wins":0,"draws":0,"losses":0,"trades":0,"profit_factor":0.0},{"date":"17/01/2026","date_ts":1768608000000,"profit_abs":0.0,"wins":0,"draws":0,"losses":0,"trades":0,"profit_factor":0.0},{"date":"18/01/2026","date_ts":1768694400000,"profit_abs":0.0,"wins":0,"draws":0,"losses":0,"trades":0,"profit_factor":0.0},{"date":"19/01/2026","date_ts":1768780800000,"profit_abs":0.0,"wins":0,"draws":0,"losses":0,"trades":0,"profit_factor":0.0},{"date":"20/01/2026","date_ts":1768867200000,"profit_abs":0.0,"wins":0,"draws":0,"losses":0,"trades":0,"profit_factor":0.0},{"date":"21/01/2026","date_ts":1768953600000,"profit_abs":0.0,"wins":0,"draws":0,"losses":0,"trades":0,"profit_factor":0.0},{"date":"22/01/2026","date_ts":1769040000000,"profit_abs":0.0,"wins":0,"draws":0,"losses":0,"trades":0,"profit_factor":0.0},{"date":"23/01/2026","date_ts":1769126400000,"profit_abs":0.0,"wins":0,"draws":0,"losses":0,"trades":0,"profit_factor":0.0},{"date":"24/01/2026","date_ts":1769212800000,"profit_abs":0.0,"wins":0,"draws":0,"losses":0,"trades":0,"profit_factor":0.0},{"date":"25/01/2026","date_ts":1769299200000,"profit_abs":0.0,"wins":0,"draws":0,"losses":0,"trades":0,"profit_factor":0.0},{"date":"26/01/2026","date_ts":1769385600000,"profit_abs":0.0,"wins":0,"draws":0,"losses":0,"trades":0,"profit_factor":0.0},{"date":"27/01/2026","date_ts":1769472000000,"profit_abs":-0.2380465,"wins":0,"draws":0,"losses":1,"trades":1,"profit_factor":0.0},{"date":"28/01/2026","date_ts":1769558400000,"profit_abs":-0.66255443,"wins":0,"draws":0,"losses":2,"trades":2,"profit_factor":0.0}],"week":[{"date":"12/01/2026","date_ts":1768176000000,"profit_abs":5.28496623,"wins":3,"draws":0,"losses":7,"trades":10,"profit_factor":3.57726786},{"date":"19/01/2026","date_ts":1768780800000,"profit_abs":1.0056948,"wins":1,"draws":0,"losses":0,"trades":1,"profit_factor":0.0},{"date":"26/01/2026","date_ts":1769385600000,"profit_abs":0.0,"wins":0,"draws":0,"losses":0,"trades":0,"profit_factor":0.0},{"date":"02/02/2026","date_ts":1769990400000,"profit_abs":-0.90060093,"wins":0,"draws":0,"losses":3,"trades":3,"profit_factor":0.0}],"month":[{"date":"31/01/2026","date_ts":1769817600000,"profit_abs":5.3900601,"wins":4,"draws":0,"losses":10,"trades":14,"profit_factor":2.82639052}],"year":[{"date":"31/12/2026","date_ts":1798675200000,"profit_abs":5.3900601,"wins":4,"draws":0,"losses":10,"trades":14,"profit_factor":2.82639052}],"weekday":[{"date":"Tuesday","date_ts":1,"profit_abs":5.35934852,"wins":2,"draws":0,"losses":2,"trades":4,"profit_factor":17.96609724},{"date":"Wednesday","date_ts":2,"profit_abs":0.09961747,"wins":1,"draws":0,"losses":3,"trades":4,"profit_factor":1.10994367},{"date":"Thursday","date_ts":3,"profit_abs":-0.82000083,"wins":0,"draws":0,"losses":2,"trades":2,"profit_factor":0.0},{"date":"Saturday","date_ts":5,"profit_abs":1.05726,"wins":1,"draws":0,"losses":1,"trades":2,"profit_factor":2.75310075},{"date":"Sunday","date_ts":6,"profit_abs":-0.30616506,"wins":0,"draws":0,"losses":2,"trades":2,"profit_factor":0.0}]},"backtest_best_day":0.227511652761206,"backtest_worst_day":-0.030006616070387376,"backtest_best_day_abs":5.59739502,"backtest_worst_day_abs":-0.82000083,"winning_days":3,"draw_days":15,"losing_days":5,"daily_profit":[["2026-01-06",5.59739502],["2026-01-07",-0.2435229],["2026-01-08",-0.82000083],["2026-01-09",0.0],["2026-01-10",1.05726],["2026-01-11",-0.30616506],["2026-01-12",0.0],["2026-01-13",0.0],["2026-01-14",1.0056948],["2026-01-15",0.0],["2026-01-16",0.0],["2026-01-17",0.0],["2026-01-18",0.0],["2026-01-19",0.0],["2026-01-20",0.0],["2026-01-21",0.0],["2026-01-22",0.0],["2026-01-23",0.0],["2026-01-24",0.0],["2026-01-25",0.0],["2026-01-26",0.0],["2026-01-27",-0.2380465],["2026-01-28",-0.66255443]],"wins":4,"losses":10,"draws":0,"winrate":0.2857142857142857,"holding_avg":"18:08:00","holding_avg_s":65280.0,"winner_holding_min":"0d 22:15","winner_holding_min_s":80100.0,"winner_holding_max":"2d 21:00","winner_holding_max_s":248400.0,"winner_holding_avg":"1d 22:19","winner_holding_avg_s":166740.0,"loser_holding_min":"0d 01:30","loser_holding_min_s":5400.0,"loser_holding_max":"0d 21:30","loser_holding_max_s":77400.0,"loser_holding_avg":"0d 06:51","loser_holding_avg_s":24660.0,"max_consecutive_wins":2,"max_consecutive_losses":4,"max_drawdown_account":0.02050037157023702,"max_relative_drawdown":0.02050037157023702,"max_drawdown_abs":1.1413629900000002,"drawdown_start":"2026-01-06 10:15:00","drawdown_start_ts":1767694500000.0,"drawdown_end":"2026-01-08 09:45:00","drawdown_end_ts":1767865500000.0,"drawdown_duration":"1 days 23:30:00","drawdown_duration_s":171000.0,"max_drawdown_low":4.5338712899999996,"max_drawdown_high":5.67523428,"csum_min":53.9106917,"csum_max":56.290661029999995}},"strategy_comparison":[{"key":"MultiMa","trades":14,"profit_mean":0.015772732162263037,"profit_mean_pct":1.58,"profit_total_abs":5.390060100000001,"profit_total":0.10780120200000003,"profit_total_pct":10.78,"duration_avg":"18:08:00","wins":4,"draws":0,"losses":10,"winrate":0.2857142857142857,"cagr":2.338122083628279,"expectancy":0.38500429285714277,"expectancy_ratio":1.3045646562689126,"sortino":16.836267746479944,"sharpe":2.689295207767573,"calmar":324.07580537326317,"sqn":1.1238,"profit_factor":2.8263905187764777,"max_drawdown_account":0.02050037157023702,"max_drawdown_abs":"1.141"}]}